t,phase,motif,requested,observed,fatigue,hull,liveCombat,pending,totalSpawns
0,quiet,voyage,0.08,0,0,100,0,1,0
10,quiet,voyage,0.08,0,0,100,0,1,0
20,quiet,voyage,0.08,0,0,100,0,1,0
30,quiet,voyage,0.08,0,0,100,0,1,0
40,quiet,voyage,0.08,0,0,100,0,1,0
50,quiet,voyage,0.08,0,0,100,0,2,0
60,quiet,voyage,0.08,0,0,100,0,2,0
70,opportunity,voyage,0.188,0,0,100,0,2,0
80,opportunity,voyage,0.23,0,0,100,0,2,0
90,opportunity,voyage,0.23,0,0,100,0,3,0
100,opportunity,voyage,0.23,0,0,100,0,2,1
110,opportunity,voyage,0.23,0,0,100,0,2,1
120,opportunity,voyage,0.23,0,0,100,0,2,1
130,opportunity,voyage,0.23,0,0,100,0,2,1
140,peak,voyage,0.284,0.195,0.006149,100,1,2,2
150,peak,voyage,0.464,0.430292,0.027043,100,1,2,2
160,peak,voyage,0.594151,0.430292,0.04874,100,1,2,2
170,peak,voyage,0.597558,0.3915,0.07035,100,0,2,2
180,peak,voyage,0.595241,0.37575,0.08966,100,0,3,2
190,aftermath,voyage,0.14502,0.12375,0.009679,100,0,3,2
200,aftermath,voyage,0.1,0,0,100,0,3,2
210,aftermath,voyage,0.1,0,0,100,0,3,2
220,aftermath,voyage,0.1,0,0,100,0,3,2
230,aftermath,voyage,0.1,0,0,100,0,4,2
240,aftermath,voyage,0.1,0,0,100,0,4,2
250,aftermath,voyage,0.1,0,0,100,0,4,2
260,aftermath,voyage,0.1,0,0,100,0,4,2
270,aftermath,voyage,0.1,0,0,100,0,5,2
280,quiet,hunt,0.08,0,0,100,0,4,3
290,quiet,hunt,0.08,0,0,100,0,4,3
300,quiet,hunt,0.08,0,0,100,0,4,3
310,quiet,hunt,0.08,0,0,100,0,4,3
320,quiet,hunt,0.08,0,0,100,0,5,3
330,peak,hunt,0.248,0.065,0.00205,100,1,4,4
340,peak,hunt,0.428,0.422417,0.022795,100,1,4,4
350,peak,hunt,0.600674,0.438167,0.044385,100,1,4,4
360,peak,hunt,0.597998,0.438167,0.066686,100,1,5,4
370,peak,hunt,0.601673,0.37575,0.08606,100,0,5,4
380,aftermath,hunt,0.25101,0.17975,0.027945,100,0,5,4
390,aftermath,hunt,0.1,0,0,100,0,5,4
400,aftermath,hunt,0.1,0,0,100,0,5,4
410,aftermath,hunt,0.1,0,0,100,0,6,4
420,aftermath,hunt,0.1,0,0,100,0,6,4
430,aftermath,hunt,0.1,0,0,100,0,6,4
440,aftermath,hunt,0.1,0,0,100,0,6,4
450,aftermath,hunt,0.1,0,0,100,0,7,4
460,aftermath,hunt,0.1,0,0,100,0,6,5
470,quiet,discovery,0.08,0,0,100,0,6,5
480,quiet,discovery,0.08,0,0,100,0,6,5
490,quiet,discovery,0.08,0,0,100,0,6,5
500,quiet,discovery,0.08,0,0,100,0,7,5
510,quiet,discovery,0.08,0,0,100,0,7,5
520,quiet,discovery,0.08,0,0,100,0,7,5
530,quiet,discovery,0.08,0,0,100,0,7,5
540,quiet,discovery,0.08,0,0,100,0,8,5
550,quiet,discovery,0.08,0,0,100,0,7,6
560,opportunity,discovery,0.224,0,0,100,0,7,6
570,opportunity,discovery,0.23,0,0,100,0,7,6
580,opportunity,discovery,0.23,0,0,100,0,7,6
590,opportunity,discovery,0.23,0,0,100,0,7,7
600,opportunity,discovery,0.23,0,0,100,0,7,7
610,opportunity,discovery,0.23,0,0,100,0,7,7
620,opportunity,discovery,0.23,0,0,100,0,7,7
630,opportunity,discovery,0.23,0,0,100,0,8,7
640,opportunity,discovery,0.23,0,0,100,0,8,7
650,opportunity,discovery,0.23,0,0,100,0,8,7
660,opportunity,discovery,0.23,0,0,100,0,8,7
670,opportunity,discovery,0.23,0,0,100,0,8,7
680,opportunity,discovery,0.23,0,0,100,0,9,7
690,opportunity,discovery,0.23,0,0,100,0,9,7
700,opportunity,discovery,0.23,0,0,100,0,9,7
710,build,discovery,0.284,0,0,100,0,9,7
720,build,discovery,0.464,0,0,100,0,10,7
730,build,discovery,0.497,0,0,100,0,10,7
740,build,discovery,0.497,0,0,100,0,10,7
750,build,discovery,0.497,0,0,100,0,10,7
760,build,discovery,0.497,0,0,100,0,10,7
770,build,discovery,0.497,0,0,100,0,11,7
780,build,discovery,0.497,0,0,100,1,10,8
790,peak,discovery,0.63457,0.414542,0.020248,100,1,9,9
800,peak,discovery,0.632039,0.430292,0.041342,100,1,9,9
810,peak,discovery,0.629418,0.438167,0.063188,100,1,10,9
820,peak,discovery,0.633068,0.37575,0.082769,100,0,10,9
830,aftermath,discovery,0.332186,0.20775,0.035568,100,0,10,9
840,aftermath,discovery,0.1,0,0,100,0,10,9
850,aftermath,discovery,0.1,0,0,100,0,10,9
860,aftermath,discovery,0.1,0,0,100,0,11,9
870,aftermath,discovery,0.1,0,0,100,0,11,9
880,aftermath,discovery,0.1,0,0,100,0,11,9
890,aftermath,discovery,0.1,0,0,100,0,11,9
900,aftermath,discovery,0.1,0,0,100,0,12,9
910,aftermath,discovery,0.1,0,0,100,0,11,10
920,aftermath,discovery,0.1,0,0,100,0,11,10
930,aftermath,discovery,0.1,0,0,100,0,11,10
940,aftermath,discovery,0.1,0,0,100,0,11,10
950,quiet,hunt,0.08,0,0,100,0,11,11
960,quiet,hunt,0.08,0,0,100,0,11,11
970,quiet,hunt,0.08,0,0,100,0,11,11
980,quiet,hunt,0.08,0,0,100,0,11,11
990,quiet,hunt,0.08,0,0,100,0,12,11
1000,peak,hunt,0.26,0.414542,0.018248,100,1,11,12
1010,peak,hunt,0.44,0.430292,0.039342,100,1,11,12
1020,peak,hunt,0.62,0.438167,0.061188,100,1,11,12
1030,peak,hunt,0.639274,0.37575,0.081049,100,0,11,12
1040,aftermath,hunt,0.388172,0.23575,0.044781,100,0,12,12
1050,aftermath,hunt,0.1,0,0,100,0,12,12
1060,aftermath,hunt,0.1,0,0,100,0,12,12
1070,aftermath,hunt,0.1,0,0,100,0,12,12
1080,aftermath,hunt,0.1,0,0,100,0,13,12
1090,aftermath,hunt,0.1,0,0,100,0,13,12
1100,aftermath,hunt,0.1,0,0,100,0,13,12
1110,aftermath,hunt,0.1,0,0,100,0,13,12
1120,aftermath,hunt,0.1,0,0,100,0,13,12
1130,aftermath,hunt,0.1,0,0,100,0,14,12
1140,aftermath,hunt,0.1,0,0,100,0,14,12
1150,quiet,voyage,0.08,0,0,100,0,14,12
1160,quiet,voyage,0.08,0,0,100,0,14,12
1170,quiet,voyage,0.08,0,0,100,0,15,12
1180,quiet,voyage,0.08,0,0,100,0,15,12
1190,quiet,voyage,0.08,0,0,100,0,15,12
1200,quiet,voyage,0.08,0,0,100,0,15,12
1210,opportunity,voyage,0.152,0,0,100,0,15,12
1220,opportunity,voyage,0.23,0,0,100,0,16,12
1230,opportunity,voyage,0.23,0,0,100,0,16,12
1240,opportunity,voyage,0.23,0,0,100,0,16,12
1250,opportunity,voyage,0.23,0,0,100,0,16,12
1260,opportunity,voyage,0.23,0,0,100,0,17,12
1270,opportunity,voyage,0.23,0,0,100,0,17,12
1280,opportunity,voyage,0.23,0,0,100,0,17,12
1290,opportunity,voyage,0.23,0,0,100,0,17,12
1300,opportunity,voyage,0.23,0,0,100,0,17,12
1310,opportunity,voyage,0.23,0,0,100,0,18,12
1320,opportunity,voyage,0.23,0,0,100,0,18,12
1330,peak,voyage,0.392,0.325,0.010248,100,1,17,13
1340,peak,voyage,0.572,0.430292,0.031342,100,1,17,13
1350,peak,voyage,0.667618,0.438167,0.053188,100,1,18,13
1360,peak,voyage,0.671074,0.383625,0.074382,100,0,18,13
1370,aftermath,voyage,0.619031,0.355625,0.082321,100,0,18,13
1380,aftermath,voyage,0.119031,0.075625,0,100,0,18,13
1390,aftermath,voyage,0.1,0,0,100,0,18,13
1400,aftermath,voyage,0.1,0,0,100,0,18,14
1410,aftermath,voyage,0.1,0,0,100,0,18,14
1420,aftermath,voyage,0.1,0,0,100,0,18,14
1430,aftermath,voyage,0.1,0,0,100,0,18,14
1440,aftermath,voyage,0.1,0,0,100,0,19,14
1450,aftermath,voyage,0.1,0,0,100,0,18,15
1460,aftermath,voyage,0.1,0,0,100,0,18,15
1470,aftermath,voyage,0.1,0,0,100,0,18,15
1480,aftermath,voyage,0.1,0,0,100,0,18,15
1490,quiet,hunt,0.08,0,0,100,0,18,16
1500,recovery,hunt,0.03,0.065,0.003473,100,0,18,16
1510,recovery,hunt,0.025438,0.633,0.038019,100,0,18,16
1520,recovery,hunt,0.03,0.409,0,100,0,18,16
1530,recovery,hunt,0.03,0.245,0,100,0,19,16
1540,recovery,hunt,0.03,0,0,100,0,18,17
1550,recovery,hunt,0.03,0,0,100,0,18,17
1560,recovery,hunt,0.03,0,0,100,0,18,17
1570,recovery,hunt,0.03,0,0,100,0,18,17
1580,recovery,hunt,0.03,0,0,100,0,18,18
1590,aftermath,hunt,0.048,0,0,100,0,18,18
1600,aftermath,hunt,0.1,0,0,100,0,18,18
1610,aftermath,hunt,0.1,0,0,100,0,18,18
1620,aftermath,hunt,0.1,0,0,100,0,19,18
1630,aftermath,hunt,0.1,0,0,100,0,19,18
1640,aftermath,hunt,0.1,0,0,100,0,19,18
1650,aftermath,hunt,0.1,0,0,100,0,19,18
1660,aftermath,hunt,0.1,0,0,100,0,19,18
1670,aftermath,hunt,0.1,0,0,100,0,20,18
1680,aftermath,hunt,0.1,0,0,100,0,20,18
1690,aftermath,hunt,0.1,0,0,100,0,20,18
1700,suspended:docked,hunt,,0,0,100,0,20,18
1710,suspended:docked,hunt,,0,0,100,0,20,18
1720,suspended:docked,hunt,,0,0,100,0,20,18
1730,suspended:docked,hunt,,0,0,100,0,20,18
1740,aftermath,hunt,0.08,0,0,100,0,20,18
1750,quiet,discovery,0.08,0,0,100,0,20,18
1760,quiet,discovery,0.08,0,0,100,0,20,18
1770,quiet,discovery,0.08,0,0,100,0,20,18
1780,quiet,discovery,0.08,0,0,100,0,20,18
1790,quiet,discovery,0.08,0,0,100,0,20,18
1800,quiet,discovery,0.08,0,0,100,0,20,18
1810,quiet,discovery,0.08,0,0,100,0,20,18
1820,quiet,discovery,0.08,0,0,100,0,20,18
1830,opportunity,discovery,0.116,0,0,100,1,19,19
1840,peak,discovery,0.296,0.414542,0.020248,100,1,19,19
1850,peak,discovery,0.476,0.430292,0.041342,100,1,19,20
1860,peak,discovery,0.622418,0.438167,0.063188,100,1,19,20
1870,peak,discovery,0.626068,0.37575,0.082769,100,0,19,20
1880,aftermath,discovery,0.325186,0.20775,0.035568,100,0,19,20
1890,aftermath,discovery,0.1,0,0,100,0,20,20
1900,aftermath,discovery,0.1,0,0,100,0,20,20
1910,aftermath,discovery,0.1,0,0,100,0,20,20
1920,aftermath,discovery,0.1,0,0,100,0,20,20
1930,aftermath,discovery,0.1,0,0,100,0,20,20
1940,aftermath,discovery,0.1,0,0,100,0,20,20
1950,aftermath,discovery,0.1,0,0,100,0,20,20
1960,aftermath,discovery,0.1,0,0,100,0,20,20
1970,aftermath,discovery,0.1,0,0,100,0,20,20
1980,quiet,hunt,0.08,0,0,100,0,20,20
1990,quiet,hunt,0.08,0,0,100,0,20,20
2000,quiet,hunt,0.08,0,0,100,0,20,20
2010,quiet,hunt,0.08,0,0,100,0,20,20
2020,quiet,hunt,0.08,0,0,100,0,20,20
2030,opportunity,hunt,0.116,0,0,100,1,19,21
2040,peak,hunt,0.296,0.422417,0.020398,100,1,19,21
2050,peak,hunt,0.476,0.430292,0.04164,100,1,19,21
2060,peak,hunt,0.628358,0.438167,0.063684,100,1,19,21
2070,peak,hunt,0.632008,0.37575,0.083266,100,0,20,21
2080,aftermath,hunt,0.331127,0.20775,0.036065,100,0,19,22
2090,aftermath,hunt,0.1,0,0,100,0,19,22
2100,aftermath,hunt,0.1,0,0,100,0,19,22
2110,aftermath,hunt,0.1,0,0,100,0,19,22
2120,aftermath,hunt,0.1,0,0,100,0,20,22
2130,aftermath,hunt,0.1,0,0,100,0,20,22
2140,aftermath,hunt,0.1,0,0,100,0,20,22
2150,aftermath,hunt,0.1,0,0,100,0,20,22
2160,aftermath,hunt,0.1,0,0,100,0,20,22
2170,quiet,voyage,0.08,0,0,100,0,20,22
2180,quiet,voyage,0.08,0,0,100,0,20,22
2190,quiet,voyage,0.08,0,0,100,0,20,22
2200,quiet,voyage,0.08,0,0,100,0,20,22
2210,quiet,voyage,0.08,0,0,100,0,20,22
2220,quiet,voyage,0.08,0,0,100,0,20,22
2230,quiet,voyage,0.08,0,0,100,0,20,22
2240,opportunity,voyage,0.206,0,0,100,0,20,22
2250,opportunity,voyage,0.23,0,0,100,0,20,22
2260,opportunity,voyage,0.23,0,0,100,0,20,22
2270,opportunity,voyage,0.23,0,0,100,0,20,22
2280,opportunity,voyage,0.23,0,0,100,0,20,22
2290,opportunity,voyage,0.23,0,0,100,0,20,22
2300,opportunity,voyage,0.23,0,0,100,0,20,22
2310,opportunity,voyage,0.23,0,0,100,0,20,22
2320,opportunity,voyage,0.23,0,0,100,0,20,22
2330,opportunity,voyage,0.23,0,0,100,0,20,22
2340,opportunity,voyage,0.23,0,0,100,0,20,22
2350,build,voyage,0.266,0,0,100,0,20,22
2360,peak,voyage,0.446,0.422417,0.018596,100,1,19,23
2370,peak,voyage,0.626,0.438167,0.039988,100,1,19,23
2380,peak,voyage,0.634543,0.430292,0.062139,100,1,19,23
2390,peak,voyage,0.638152,0.383625,0.082068,100,0,19,24
2400,aftermath,voyage,0.38702,0.243625,0.046042,100,0,19,24
2410,aftermath,voyage,0.1,0,0,100,0,19,24
2420,aftermath,voyage,0.1,0,0,100,0,19,24
2430,aftermath,voyage,0.1,0,0,100,0,20,24
2440,aftermath,voyage,0.1,0,0,100,0,20,24
2450,aftermath,voyage,0.1,0,0,100,0,20,24
2460,aftermath,voyage,0.1,0,0,100,0,20,24
2470,aftermath,voyage,0.1,0,0,100,0,20,24
2480,aftermath,voyage,0.1,0,0,100,0,20,24
2490,quiet,hunt,0.08,0,0,100,0,20,24
2500,quiet,hunt,0.08,0,0,100,0,20,24
2510,quiet,hunt,0.08,0,0,100,0,20,24
2520,quiet,hunt,0.08,0,0,100,0,20,24
2530,quiet,hunt,0.08,0,0,100,0,20,24
2540,peak,hunt,0.188,0.325,0.010149,100,1,19,25
2550,peak,hunt,0.368,0.430292,0.031043,100,1,19,25
2560,peak,hunt,0.548,0.430292,0.05274,100,1,19,25
2570,peak,hunt,0.670159,0.383625,0.073678,100,0,20,25
2580,aftermath,hunt,0.618122,0.355625,0.081557,100,0,20,25
2590,aftermath,hunt,0.118122,0.075625,0,100,0,20,25
2600,aftermath,hunt,0.1,0,0,100,0,20,25
2610,aftermath,hunt,0.1,0,0,100,0,20,25
2620,aftermath,hunt,0.1,0,0,100,0,20,25
2630,aftermath,hunt,0.1,0,0,100,0,20,25
2640,aftermath,hunt,0.1,0,0,100,0,20,25
2650,aftermath,hunt,0.1,0,0,100,0,20,25
2660,aftermath,hunt,0.1,0,0,100,0,20,25
2670,aftermath,hunt,0.1,0,0,100,0,20,25
2680,aftermath,hunt,0.1,0,0,100,0,20,25
2690,quiet,discovery,0.08,0,0,100,0,20,25
2700,quiet,discovery,0.08,0,0,100,0,20,25
2710,quiet,discovery,0.08,0,0,100,0,20,25
2720,quiet,discovery,0.08,0,0,100,0,20,25
2730,quiet,discovery,0.08,0,0,100,0,20,25
2740,quiet,discovery,0.08,0,0,100,0,20,25
2750,quiet,discovery,0.08,0,0,100,0,20,25
2760,quiet,discovery,0.08,0,0,100,0,20,25
2770,quiet,discovery,0.08,0,0,100,0,20,25
2780,peak,discovery,0.26,0.422417,0.018596,100,1,19,26
2790,peak,discovery,0.44,0.438167,0.039988,100,1,20,26
2800,peak,discovery,0.62,0.430292,0.062139,100,1,20,26
2810,peak,discovery,0.675152,0.383625,0.082068,100,0,20,26
2820,aftermath,discovery,0.42402,0.243625,0.046042,100,0,20,26
2830,aftermath,discovery,0.1,0,0,100,0,20,26
2840,aftermath,discovery,0.1,0,0,100,0,20,26
2850,aftermath,discovery,0.1,0,0,100,0,20,26
2860,aftermath,discovery,0.1,0,0,100,0,20,26
2870,aftermath,discovery,0.1,0,0,100,0,20,26
2880,aftermath,discovery,0.1,0,0,100,0,20,26
2890,aftermath,discovery,0.1,0,0,100,0,20,26
2900,aftermath,discovery,0.1,0,0,100,0,20,26
2910,aftermath,discovery,0.1,0,0,100,0,20,26
2920,aftermath,discovery,0.1,0,0,100,0,20,26
2930,aftermath,discovery,0.1,0,0,100,0,20,26
2940,quiet,hunt,0.08,0,0,100,0,20,26
2950,quiet,hunt,0.08,0,0,100,0,20,26
2960,quiet,hunt,0.08,0,0,100,0,20,26
2970,quiet,hunt,0.08,0,0,100,0,20,26
2980,quiet,hunt,0.08,0,0,100,0,20,26
2990,opportunity,hunt,0.23,0,0,100,0,20,26
3000,opportunity,hunt,0.23,0,0,100,0,0,26
3010,opportunity,hunt,0.23,0,0,100,0,0,26
3020,opportunity,hunt,0.23,0,0,100,0,0,26
3030,opportunity,hunt,0.23,0,0,100,0,0,26
3040,opportunity,hunt,0.23,0,0,100,0,0,26
3050,opportunity,hunt,0.23,0,0,100,0,0,26
3060,opportunity,hunt,0.23,0,0,100,0,0,26
3070,build,hunt,0.302,0,0,100,0,0,26
3080,build,hunt,0.482,0,0,100,0,0,26
3090,build,hunt,0.57,0,0,100,0,0,26
3100,build,hunt,0.57,0,0,100,0,0,26
3110,build,hunt,0.57,0,0,100,0,0,26
3120,build,hunt,0.57,0,0,100,0,0,26
3130,build,hunt,0.57,0,0,100,0,0,26
3140,build,hunt,0.57,0,0,100,0,0,26
3150,build,hunt,0.57,0,0,100,0,0,26
3160,build,hunt,0.57,0,0,100,0,0,26
3170,build,hunt,0.57,0,0,100,0,0,26
3180,build,hunt,0.57,0,0,100,0,0,26
3190,build,hunt,0.57,0,0,100,0,0,26
3200,build,hunt,0.57,0,0,100,0,0,26
3210,build,hunt,0.57,0,0,100,0,0,26
3220,opportunity,hunt,0.23,0,0,100,0,0,26
3230,opportunity,hunt,0.23,0,0,100,0,0,26
3240,opportunity,hunt,0.23,0,0,100,0,0,26
3250,opportunity,hunt,0.23,0,0,100,0,0,26
3260,opportunity,hunt,0.23,0,0,100,0,0,26
3270,opportunity,hunt,0.23,0,0,100,0,0,26
3280,opportunity,hunt,0.23,0,0,100,0,0,26
3290,opportunity,hunt,0.23,0,0,100,0,0,26
3300,build,hunt,0.302,0,0,100,0,0,26
3310,build,hunt,0.482,0,0,100,0,0,26
3320,build,hunt,0.57,0,0,100,0,0,26
3330,build,hunt,0.57,0,0,100,0,0,26
3340,build,hunt,0.57,0,0,100,0,0,26
3350,build,hunt,0.57,0,0,100,0,0,26
3360,build,hunt,0.57,0,0,100,0,0,26
3370,build,hunt,0.57,0,0,100,0,0,26
3380,peak,hunt,0.624,0.195,0.006149,100,1,0,27
3390,peak,hunt,0.7,0.430292,0.027043,100,1,0,27
3400,peak,hunt,0.7,0.430292,0.04874,100,1,0,27
3410,peak,hunt,0.7,0.3915,0.07035,100,0,0,27
3420,peak,hunt,0.7,0.37575,0.08966,100,0,1,27
3430,aftermath,hunt,0.25,0.12375,0.009679,100,0,1,27
3440,aftermath,hunt,0.1,0,0,100,0,1,27
3450,aftermath,hunt,0.1,0,0,100,0,1,27
3460,aftermath,hunt,0.1,0,0,100,0,1,27
3470,aftermath,hunt,0.1,0,0,100,0,2,27
3480,aftermath,hunt,0.1,0,0,100,0,2,27
3490,aftermath,hunt,0.1,0,0,100,0,2,27
3500,suspended:docked,hunt,,0,0,100,0,2,27
3510,suspended:docked,hunt,,0,0,100,0,3,27
3520,suspended:docked,hunt,,0,0,100,0,3,27
3530,suspended:docked,hunt,,0,0,100,0,3,27
3540,aftermath,hunt,0.08,0,0,100,0,3,27
3550,aftermath,hunt,0.08,0,0,100,0,3,27
3560,aftermath,hunt,0.1,0,0,100,0,3,28
3570,aftermath,hunt,0.1,0,0,100,0,3,28
3580,quiet,voyage,0.08,0,0,100,0,3,28
3590,quiet,voyage,0.08,0,0,100,0,3,28
3600,quiet,voyage,0.08,0,0,100,0,4,28
3610,quiet,voyage,0.08,0,0,100,0,3,29
3620,quiet,voyage,0.08,0,0,100,0,3,29
3630,quiet,voyage,0.08,0,0,100,0,3,29
3640,quiet,voyage,0.08,0,0,100,0,3,29
3650,opportunity,voyage,0.188,0,0,100,0,3,30
3660,peak,voyage,0.356,0.422417,0.014397,100,1,2,31
3670,peak,voyage,0.536,0.430292,0.03564,100,1,2,31
3680,peak,voyage,0.659078,0.438167,0.057684,100,1,2,31
3690,peak,voyage,0.662587,0.383625,0.078442,100,0,3,31
3700,aftermath,voyage,0.511,0.299625,0.064393,100,0,3,31
3710,aftermath,voyage,0.1,0.019625,0,100,0,3,31
3720,aftermath,voyage,0.1,0,0,100,0,3,31
3730,aftermath,voyage,0.1,0,0,100,0,3,31
3740,aftermath,voyage,0.1,0,0,100,0,4,31
3750,aftermath,voyage,0.1,0,0,100,0,4,31
3760,aftermath,voyage,0.1,0,0,100,0,4,31
3770,aftermath,voyage,0.1,0,0,100,0,4,31
3780,aftermath,voyage,0.1,0,0,100,0,5,31
3790,quiet,hunt,0.08,0,0,100,0,4,32
3800,quiet,hunt,0.08,0,0,100,0,4,32
3810,quiet,hunt,0.08,0,0,100,0,4,32
3820,quiet,hunt,0.08,0,0,100,0,4,32
3830,quiet,hunt,0.08,0,0,100,0,5,32
3840,opportunity,hunt,0.152,0,0,100,0,5,32
3850,opportunity,hunt,0.23,0,0,100,0,5,32
3860,opportunity,hunt,0.23,0,0,100,0,5,32
3870,opportunity,hunt,0.23,0,0,100,0,6,32
3880,opportunity,hunt,0.23,0,0,100,0,6,32
3890,opportunity,hunt,0.23,0,0,100,0,6,32
3900,opportunity,hunt,0.23,0,0,100,0,6,32
3910,opportunity,hunt,0.23,0,0,100,0,6,32
3920,opportunity,hunt,0.23,0,0,100,0,7,32
3930,peak,hunt,0.392,0.26,0.00805,100,1,6,33
3940,peak,hunt,0.572,0.422417,0.028795,100,1,6,33
3950,peak,hunt,0.665954,0.438167,0.050385,100,1,6,33
3960,peak,hunt,0.669376,0.383625,0.071866,100,0,7,33
3970,peak,hunt,0.667122,0.367875,0.090653,100,0,6,34
3980,aftermath,hunt,0.167122,0.087875,0,100,0,6,34
3990,aftermath,hunt,0.1,0,0,100,0,6,34
4000,aftermath,hunt,0.1,0,0,100,0,6,34
4010,aftermath,hunt,0.1,0,0,100,0,6,35
4020,aftermath,hunt,0.1,0,0,100,0,6,35
4030,aftermath,hunt,0.1,0,0,100,0,6,35
4040,aftermath,hunt,0.1,0,0,100,0,6,35
4050,aftermath,hunt,0.1,0,0,100,0,7,35
4060,aftermath,hunt,0.1,0,0,100,0,6,36
4070,quiet,discovery,0.08,0,0,100,0,6,36
4080,quiet,discovery,0.08,0,0,100,0,6,36
4090,quiet,discovery,0.08,0,0,100,0,6,36
4100,quiet,discovery,0.08,0,0,100,0,6,37
4110,quiet,discovery,0.08,0,0,100,0,6,37
4120,quiet,discovery,0.08,0,0,100,0,6,37
4130,quiet,discovery,0.08,0,0,100,0,6,37
4140,quiet,discovery,0.08,0,0,100,0,7,37
4150,opportunity,discovery,0.098,0,0,100,0,7,37
4160,peak,discovery,0.278,0.325,0.010149,100,1,6,38
4170,peak,discovery,0.458,0.430292,0.031043,100,1,6,38
4180,peak,discovery,0.638,0.430292,0.05274,100,1,6,38
4190,peak,discovery,0.675159,0.383625,0.073678,100,0,6,39
4200,aftermath,discovery,0.623122,0.355625,0.081557,100,0,6,39
4210,aftermath,discovery,0.123122,0.075625,0,100,0,6,39
4220,aftermath,discovery,0.1,0,0,100,0,6,39
4230,aftermath,discovery,0.1,0,0,100,0,7,39
4240,aftermath,discovery,0.1,0,0,100,0,6,40
4250,aftermath,discovery,0.1,0,0,100,0,6,40
4260,aftermath,discovery,0.1,0,0,100,0,6,40
4270,aftermath,discovery,0.1,0,0,100,0,6,40
4280,aftermath,discovery,0.1,0,0,100,0,7,40
4290,aftermath,discovery,0.1,0,0,100,0,7,40
4300,aftermath,discovery,0.1,0,0,100,0,7,40
4310,quiet,hunt,0.08,0,0,100,0,7,40
4320,quiet,hunt,0.08,0,0,100,0,8,40
4330,quiet,hunt,0.08,0,0,100,0,8,40
4340,quiet,hunt,0.08,0,0,100,0,8,40
4350,quiet,hunt,0.08,0,0,100,0,8,40
4360,peak,hunt,0.206,0.26,0.008,100,1,7,41
4370,peak,hunt,0.386,0.422417,0.028596,100,1,7,42
4380,peak,hunt,0.566,0.438167,0.049988,100,1,7,42
4390,peak,hunt,0.7,0.383625,0.07137,100,0,7,42
4400,peak,hunt,0.7,0.37575,0.090198,100,0,7,42
4410,aftermath,hunt,0.2,0.09575,0,100,0,8,42
4420,aftermath,hunt,0.1,0,0,100,0,8,42
4430,aftermath,hunt,0.1,0,0,100,0,8,42
4440,aftermath,hunt,0.1,0,0,100,0,8,42
4450,aftermath,hunt,0.1,0,0,100,0,8,42
4460,aftermath,hunt,0.1,0,0,100,0,8,43
4470,aftermath,hunt,0.1,0,0,100,0,8,43
4480,aftermath,hunt,0.1,0,0,100,0,8,43
4490,aftermath,hunt,0.1,0,0,100,0,8,43
4500,aftermath,hunt,0.1,0,0,100,0,9,43
4510,quiet,voyage,0.08,0,0,100,0,9,43
4520,quiet,voyage,0.08,0,0,100,0,9,43
4530,quiet,voyage,0.08,0,0,100,0,9,43
4540,quiet,voyage,0.08,0,0,100,0,9,43
4550,quiet,voyage,0.08,0,0,100,0,10,43
4560,quiet,voyage,0.08,0,0,100,0,10,43
4570,quiet,voyage,0.08,0,0,100,0,10,43
4580,opportunity,voyage,0.23,0,0,100,0,10,43
4590,opportunity,voyage,0.23,0,0,100,0,11,43
4600,opportunity,voyage,0.23,0,0,100,0,11,43
4610,opportunity,voyage,0.23,0,0,100,0,11,43
4620,opportunity,voyage,0.23,0,0,100,0,11,43
4630,opportunity,voyage,0.23,0,0,100,0,11,43
4640,opportunity,voyage,0.23,0,0,100,0,11,44
4650,opportunity,voyage,0.23,0,0,100,0,11,44
4660,opportunity,voyage,0.23,0,0,100,0,11,44
4670,opportunity,voyage,0.23,0,0,100,0,11,44
4680,opportunity,voyage,0.23,0,0,100,0,12,44
4690,build,voyage,0.302,0,0,100,0,11,45
4700,peak,voyage,0.482,0.39,0.012149,100,1,10,46
4710,peak,voyage,0.662,0.430292,0.033043,100,1,10,46
4720,peak,voyage,0.7,0.430292,0.05474,100,1,10,46
4730,peak,voyage,0.7,0.383625,0.075412,100,0,11,46
4740,aftermath,voyage,0.6,0.327625,0.072302,100,0,11,46
4750,aftermath,voyage,0.1,0.047625,0,100,0,11,46
4760,aftermath,voyage,0.1,0,0,100,0,11,46
4770,aftermath,voyage,0.1,0,0,100,0,12,46
4780,aftermath,voyage,0.1,0,0,100,0,11,47
4790,aftermath,voyage,0.1,0,0,100,0,11,47
4800,aftermath,voyage,0.1,0,0,100,0,11,47
4810,aftermath,voyage,0.1,0,0,100,0,11,47
4820,aftermath,voyage,0.1,0,0,100,0,11,48
4830,aftermath,voyage,0.1,0,0,100,0,11,48
4840,quiet,hunt,0.08,0,0,100,0,11,48
4850,quiet,hunt,0.08,0,0,100,0,11,48
4860,quiet,hunt,0.08,0,0,100,0,12,48
4870,quiet,hunt,0.08,0,0,100,0,11,49
4880,quiet,hunt,0.08,0,0,100,0,11,49
4890,opportunity,hunt,0.098,0,0,100,1,10,50
4900,peak,hunt,0.278,0.414542,0.020248,100,1,10,50
4910,peak,hunt,0.458,0.430292,0.041342,100,1,10,51
4920,peak,hunt,0.638,0.438167,0.063188,100,1,10,51
4930,peak,hunt,0.7,0.37575,0.082769,100,0,10,51
4940,aftermath,hunt,0.4,0.20775,0.035568,100,0,10,51
4950,aftermath,hunt,0.1,0,0,100,0,11,51
4960,aftermath,hunt,0.1,0,0,100,0,11,51
4970,aftermath,hunt,0.1,0,0,100,0,11,51
4980,aftermath,hunt,0.1,0,0,100,0,11,51
4990,aftermath,hunt,0.1,0,0,100,0,11,51
5000,aftermath,hunt,0.1,0,0,100,0,11,52
5010,aftermath,hunt,0.1,0,0,100,0,11,52
5020,aftermath,hunt,0.1,0,0,100,0,11,52
5030,aftermath,hunt,0.1,0,0,100,0,11,52
5040,aftermath,hunt,0.1,0,0,100,0,12,52
5050,aftermath,hunt,0.1,0,0,100,0,11,53
5060,quiet,discovery,0.08,0,0,100,0,11,53
5070,quiet,discovery,0.08,0,0,100,0,11,53
5080,quiet,discovery,0.08,0,0,100,0,11,53
5090,quiet,discovery,0.08,0,0,100,0,11,54
5100,recovery,discovery,0.03,0.065,0.003473,100,0,11,54
5110,recovery,discovery,0.025438,0.633,0.038019,100,0,11,54
5120,recovery,discovery,0.03,0.409,0,100,0,11,54
5130,recovery,discovery,0.03,0.245,0,100,0,12,54
5140,recovery,discovery,0.03,0,0,100,0,11,55
5150,recovery,discovery,0.03,0,0,100,0,11,55
5160,recovery,discovery,0.03,0,0,100,0,11,55
5170,recovery,discovery,0.03,0,0,100,0,11,55
5180,recovery,discovery,0.03,0,0,100,0,11,56
5190,aftermath,discovery,0.048,0,0,100,0,11,56
5200,aftermath,discovery,0.1,0,0,100,0,11,56
5210,aftermath,discovery,0.1,0,0,100,0,11,56
5220,aftermath,discovery,0.1,0,0,100,0,12,56
5230,aftermath,discovery,0.1,0,0,100,0,12,56
5240,aftermath,discovery,0.1,0,0,100,0,12,56
5250,aftermath,discovery,0.1,0,0,100,0,12,56
5260,aftermath,discovery,0.1,0,0,100,0,12,56
5270,aftermath,discovery,0.1,0,0,100,0,13,56
5280,aftermath,discovery,0.1,0,0,100,0,13,56
5290,aftermath,discovery,0.1,0,0,100,0,13,56
5300,suspended:docked,discovery,,0,0,100,0,13,56
5310,suspended:docked,discovery,,0,0,100,0,14,56
5320,suspended:docked,discovery,,0,0,100,0,14,56
5330,suspended:docked,discovery,,0,0,100,0,14,56
5340,aftermath,discovery,0.08,0,0,100,0,14,56
5350,aftermath,discovery,0.08,0,0,100,0,14,56
5360,quiet,hunt,0.08,0,0,100,0,14,57
5370,quiet,hunt,0.08,0,0,100,0,14,57
5380,quiet,hunt,0.08,0,0,100,0,13,58
5390,quiet,hunt,0.08,0,0,100,0,13,58
5400,quiet,hunt,0.08,0,0,100,0,14,58
5410,opportunity,hunt,0.206,0,0,100,0,14,58
5420,opportunity,hunt,0.23,0,0,100,0,14,58
5430,opportunity,hunt,0.23,0,0,100,0,14,58
5440,opportunity,hunt,0.23,0,0,100,0,14,58
5450,opportunity,hunt,0.23,0,0,100,0,15,58
5460,opportunity,hunt,0.23,0,0,100,0,15,58
5470,opportunity,hunt,0.23,0,0,100,0,15,58
5480,opportunity,hunt,0.23,0,0,100,0,15,58
5490,build,hunt,0.266,0,0,100,0,16,58
5500,build,hunt,0.446,0,0,100,0,16,58
5510,build,hunt,0.61,0,0,100,0,16,58
5520,build,hunt,0.56,0,0,100,0,16,58
5530,build,hunt,0.56,0,0,100,0,16,58
5540,build,hunt,0.56,0,0,100,0,17,58
5550,build,hunt,0.56,0,0,100,0,17,58
5560,build,hunt,0.56,0,0,100,0,17,58
5570,build,hunt,0.56,0,0,100,0,17,58
5580,build,hunt,0.56,0,0,100,1,17,59
5590,peak,hunt,0.69757,0.414542,0.020248,100,1,17,59
5600,peak,hunt,0.695039,0.430292,0.041342,100,1,16,60
5610,peak,hunt,0.692417,0.438167,0.063188,100,1,16,60
5620,peak,hunt,0.690068,0.37575,0.082769,100,0,15,61
5630,aftermath,hunt,0.389186,0.20775,0.035568,100,0,16,61
5640,aftermath,hunt,0.1,0,0,100,0,16,61
5650,aftermath,hunt,0.1,0,0,100,0,16,61
5660,aftermath,hunt,0.1,0,0,100,0,16,61
5670,aftermath,hunt,0.1,0,0,100,0,17,61
5680,aftermath,hunt,0.1,0,0,100,0,16,62
5690,aftermath,hunt,0.1,0,0,100,0,16,62
5700,aftermath,hunt,0.1,0,0,100,0,16,62
5710,aftermath,hunt,0.1,0,0,100,0,16,62
5720,quiet,voyage,0.08,0,0,100,0,16,63
5730,quiet,voyage,0.08,0,0,100,0,16,63
5740,quiet,voyage,0.08,0,0,100,0,16,63
5750,quiet,voyage,0.08,0,0,100,0,16,63
5760,quiet,voyage,0.08,0,0,100,0,17,63
5770,quiet,voyage,0.08,0,0,100,0,17,63
5780,quiet,voyage,0.08,0,0,100,0,17,63
5790,peak,voyage,0.206,0.39,0.01205,100,1,16,64
5800,peak,voyage,0.386,0.422417,0.032795,100,1,16,64
5810,peak,voyage,0.566,0.438167,0.054385,100,1,17,64
5820,peak,voyage,0.69096,0.383625,0.075337,100,0,17,64
5830,aftermath,voyage,0.589151,0.327625,0.072227,100,0,17,64
5840,aftermath,voyage,0.1,0.047625,0,100,0,17,64
5850,aftermath,voyage,0.1,0,0,100,0,18,64
5860,aftermath,voyage,0.1,0,0,100,0,18,64
5870,aftermath,voyage,0.1,0,0,100,0,18,64
5880,aftermath,voyage,0.1,0,0,100,0,18,64
5890,aftermath,voyage,0.1,0,0,100,0,18,64
5900,aftermath,voyage,0.1,0,0,100,0,18,65
5910,aftermath,voyage,0.1,0,0,100,0,18,65
5920,quiet,hunt,0.08,0,0,100,0,18,65
5930,quiet,hunt,0.08,0,0,100,0,18,65
5940,quiet,hunt,0.08,0,0,100,0,19,65
5950,quiet,hunt,0.08,0,0,100,0,19,65
5960,quiet,hunt,0.08,0,0,100,0,19,65
5970,opportunity,hunt,0.134,0,0,100,0,19,65
5980,opportunity,hunt,0.23,0,0,100,0,19,65
5990,opportunity,hunt,0.23,0,0,100,0,20,65
6000,opportunity,hunt,0.23,0,0,100,0,20,65
6010,opportunity,hunt,0.23,0,0,100,0,20,65
6020,opportunity,hunt,0.23,0,0,100,0,20,65
6030,opportunity,hunt,0.23,0,0,100,0,20,65
6040,opportunity,hunt,0.23,0,0,100,0,20,65
6050,opportunity,hunt,0.23,0,0,100,0,20,65
6060,peak,hunt,0.374,0.422417,0.014397,100,1,19,66
6070,peak,hunt,0.554,0.430292,0.03564,100,1,19,66
6080,peak,hunt,0.693078,0.438167,0.057684,100,1,20,66
6090,peak,hunt,0.690587,0.383625,0.078442,100,0,19,67
6100,aftermath,hunt,0.539,0.299625,0.064393,100,0,19,67
6110,aftermath,hunt,0.1,0.019625,0,100,0,19,67
6120,aftermath,hunt,0.1,0,0,100,0,20,67
6130,aftermath,hunt,0.1,0,0,100,0,20,67
6140,aftermath,hunt,0.1,0,0,100,0,20,67
6150,aftermath,hunt,0.1,0,0,100,0,20,67
6160,aftermath,hunt,0.1,0,0,100,0,20,67
6170,aftermath,hunt,0.1,0,0,100,0,20,67
6180,aftermath,hunt,0.1,0,0,100,0,20,67
6190,aftermath,hunt,0.1,0,0,100,0,20,67
6200,quiet,discovery,0.08,0,0,100,0,20,67
6210,quiet,discovery,0.08,0,0,100,0,20,67
6220,quiet,discovery,0.08,0,0,100,0,20,67
6230,quiet,discovery,0.08,0,0,100,0,20,67
6240,quiet,discovery,0.08,0,0,100,0,20,67
6250,quiet,discovery,0.08,0,0,100,0,20,67
6260,quiet,discovery,0.08,0,0,100,0,20,67
6270,quiet,discovery,0.08,0,0,100,0,20,67
6280,peak,discovery,0.152,0.13,0.004,100,1,19,68
6290,peak,discovery,0.332,0.422417,0.024596,100,1,19,68
6300,peak,discovery,0.512,0.438167,0.045988,100,1,20,68
6310,peak,discovery,0.692,0.418042,0.067886,100,0,19,69
6320,peak,discovery,0.7,0.37575,0.086773,100,0,19,69
6330,aftermath,discovery,0.3,0.15175,0.017714,100,0,19,69
6340,aftermath,discovery,0.1,0,0,100,0,19,69
6350,aftermath,discovery,0.1,0,0,100,0,19,70
6360,aftermath,discovery,0.1,0,0,100,0,19,70
6370,aftermath,discovery,0.1,0,0,100,0,19,70
6380,aftermath,discovery,0.1,0,0,100,0,19,70
6390,aftermath,discovery,0.1,0,0,100,0,20,70
6400,aftermath,discovery,0.1,0,0,100,0,19,71
6410,aftermath,discovery,0.1,0,0,100,0,19,71
6420,aftermath,discovery,0.1,0,0,100,0,19,71
6430,aftermath,discovery,0.1,0,0,100,0,19,71
6440,quiet,hunt,0.08,0,0,100,0,19,72
6450,quiet,hunt,0.08,0,0,100,0,19,72
6460,quiet,hunt,0.08,0,0,100,0,19,72
6470,quiet,hunt,0.08,0,0,100,0,19,72
6480,quiet,hunt,0.08,0,0,100,0,20,72
6490,opportunity,hunt,0.116,0,0,100,1,19,73
6500,peak,hunt,0.296,0.422417,0.020596,100,1,19,73
6510,peak,hunt,0.476,0.438167,0.041988,100,1,19,73
6520,peak,hunt,0.656,0.430292,0.064139,100,1,19,73
6530,peak,hunt,0.7,0.37575,0.083341,100,0,20,73
6540,aftermath,hunt,0.4,0.20775,0.03614,100,0,20,73
6550,aftermath,hunt,0.1,0,0,100,0,20,73
6560,aftermath,hunt,0.1,0,0,100,0,20,73
6570,aftermath,hunt,0.1,0,0,100,0,20,73
6580,aftermath,hunt,0.1,0,0,100,0,20,73
6590,aftermath,hunt,0.1,0,0,100,0,20,73
6600,aftermath,hunt,0.1,0,0,100,0,20,73
6610,aftermath,hunt,0.1,0,0,100,0,20,73
6620,aftermath,hunt,0.1,0,0,100,0,20,73
6630,aftermath,hunt,0.1,0,0,100,0,20,73
6640,aftermath,hunt,0.1,0,0,100,0,20,73
6650,quiet,voyage,0.08,0,0,100,0,20,73
6660,quiet,voyage,0.08,0,0,100,0,20,73
6670,quiet,voyage,0.08,0,0,100,0,20,73
6680,quiet,voyage,0.08,0,0,100,0,20,73
6690,quiet,voyage,0.08,0,0,100,0,20,73
6700,quiet,voyage,0.08,0,0,100,0,20,73
6710,opportunity,voyage,0.17,0,0,100,0,20,73
6720,opportunity,voyage,0.23,0,0,100,0,20,73
6730,opportunity,voyage,0.23,0,0,100,0,20,73
6740,opportunity,voyage,0.23,0,0,100,0,20,73
6750,opportunity,voyage,0.23,0,0,100,0,20,73
6760,opportunity,voyage,0.23,0,0,100,0,20,73
6770,opportunity,voyage,0.23,0,0,100,0,20,73
6780,opportunity,voyage,0.23,0,0,100,0,20,73
6790,opportunity,voyage,0.23,0,0,100,0,20,73
6800,opportunity,voyage,0.23,0,0,100,0,20,73
6810,opportunity,voyage,0.23,0,0,100,0,20,73
6820,opportunity,voyage,0.23,0,0,100,0,20,73
6830,peak,voyage,0.41,0.325,0.010149,100,1,19,74
6840,peak,voyage,0.59,0.430292,0.031043,100,1,20,74
6850,peak,voyage,0.7,0.430292,0.05274,100,1,20,74
6860,peak,voyage,0.7,0.383625,0.073678,100,0,20,74
6870,aftermath,voyage,0.65,0.355625,0.081557,100,0,20,74
6880,aftermath,voyage,0.15,0.075625,0,100,0,20,74
6890,aftermath,voyage,0.1,0,0,100,0,20,74
6900,aftermath,voyage,0.1,0,0,100,0,20,74
6910,aftermath,voyage,0.1,0,0,100,0,20,74
6920,aftermath,voyage,0.1,0,0,100,0,20,74
6930,aftermath,voyage,0.1,0,0,100,0,20,74
6940,aftermath,voyage,0.1,0,0,100,0,20,74
6950,aftermath,voyage,0.1,0,0,100,0,20,74
6960,aftermath,voyage,0.1,0,0,100,0,20,74
6970,aftermath,voyage,0.1,0,0,100,0,20,74
6980,aftermath,voyage,0.1,0,0,100,0,20,74
6990,quiet,hunt,0.08,0,0,100,0,20,74
7000,quiet,hunt,0.08,0,0,100,0,20,74
7010,quiet,hunt,0.08,0,0,100,0,20,74
7020,quiet,hunt,0.08,0,0,100,0,20,74
7030,quiet,hunt,0.08,0,0,100,0,20,74
7040,peak,hunt,0.224,0.414542,0.014149,100,1,19,75
7050,peak,hunt,0.404,0.430292,0.035043,100,1,19,75
7060,peak,hunt,0.584,0.430292,0.05674,100,1,19,75
7070,peak,hunt,0.7,0.383625,0.077143,100,0,19,76
7080,aftermath,hunt,0.55,0.299625,0.063047,100,0,19,76
7090,aftermath,hunt,0.1,0.019625,0,100,0,19,76
7100,suspended:docked,hunt,,0,0,100,0,19,76
7110,suspended:docked,hunt,,0,0,100,0,20,76
7120,suspended:docked,hunt,,0,0,100,0,20,76
7130,suspended:docked,hunt,,0,0,100,0,20,76
7140,aftermath,hunt,0.08,0,0,100,0,20,76
7150,aftermath,hunt,0.08,0,0,100,0,20,76
7160,aftermath,hunt,0.1,0,0,100,0,20,76
7170,aftermath,hunt,0.1,0,0,100,0,20,76
7180,aftermath,hunt,0.1,0,0,100,0,20,76
7190,aftermath,hunt,0.1,0,0,100,0,20,76
7200,aftermath,hunt,0.1,0,0,100,0,20,76
7210,aftermath,hunt,0.1,0,0,100,0,20,76
7220,aftermath,hunt,0.1,0,0,100,0,20,76
7230,aftermath,hunt,0.1,0,0,100,0,20,76
7240,quiet,discovery,0.08,0,0,100,0,20,76
7250,quiet,discovery,0.08,0,0,100,0,20,76
7260,quiet,discovery,0.08,0,0,100,0,20,76
7270,quiet,discovery,0.08,0,0,100,0,20,76
7280,quiet,discovery,0.08,0,0,100,0,20,76
7290,quiet,discovery,0.08,0,0,100,0,20,76
7300,quiet,discovery,0.08,0,0,100,0,20,76
7310,quiet,discovery,0.08,0,0,100,0,20,76
7320,quiet,discovery,0.08,0,0,100,0,20,76
7330,peak,discovery,0.26,0.414542,0.018248,100,1,19,77
7340,peak,discovery,0.44,0.430292,0.039342,100,1,20,77
7350,peak,discovery,0.62,0.438167,0.061188,100,1,20,77
7360,peak,discovery,0.690274,0.37575,0.081049,100,0,20,77
7370,aftermath,discovery,0.439172,0.23575,0.044781,100,0,20,77
7380,aftermath,discovery,0.1,0,0,100,0,20,77
7390,aftermath,discovery,0.1,0,0,100,0,20,77
7400,aftermath,discovery,0.1,0,0,100,0,20,77
7410,aftermath,discovery,0.1,0,0,100,0,20,77
7420,aftermath,discovery,0.1,0,0,100,0,20,77
7430,aftermath,discovery,0.1,0,0,100,0,20,77
7440,aftermath,discovery,0.1,0,0,100,0,20,77
7450,aftermath,discovery,0.1,0,0,100,0,20,77
7460,aftermath,discovery,0.1,0,0,100,0,20,77
7470,quiet,hunt,0.08,0,0,100,0,20,77
7480,quiet,hunt,0.08,0,0,100,0,20,77
7490,quiet,hunt,0.08,0,0,100,0,20,77
7500,quiet,hunt,0.08,0,0,100,0,20,77
7510,quiet,hunt,0.08,0,0,100,0,20,77
7520,opportunity,hunt,0.098,0,0,100,0,20,77
7530,opportunity,hunt,0.23,0,0,100,0,20,77
7540,opportunity,hunt,0.23,0,0,100,0,20,77
7550,opportunity,hunt,0.23,0,0,100,0,20,77
7560,opportunity,hunt,0.23,0,0,100,0,20,77
7570,opportunity,hunt,0.23,0,0,100,0,20,77
7580,opportunity,hunt,0.23,0,0,100,0,20,77
7590,opportunity,hunt,0.23,0,0,100,0,20,77
7600,opportunity,hunt,0.23,0,0,100,0,20,77
7610,peak,hunt,0.338,0.325,0.010149,100,1,19,78
7620,peak,hunt,0.518,0.430292,0.031043,100,1,19,78
7630,peak,hunt,0.693671,0.430292,0.05274,100,1,19,78
7640,peak,hunt,0.691159,0.383625,0.073678,100,0,19,78
7650,aftermath,hunt,0.639122,0.355625,0.081557,100,0,20,78
7660,aftermath,hunt,0.139122,0.075625,0,100,0,20,78
7670,aftermath,hunt,0.1,0,0,100,0,20,78
7680,aftermath,hunt,0.1,0,0,100,0,20,78
7690,aftermath,hunt,0.1,0,0,100,0,20,78
7700,aftermath,hunt,0.1,0,0,100,0,20,78
7710,aftermath,hunt,0.1,0,0,100,0,20,78
7720,aftermath,hunt,0.1,0,0,100,0,20,78
7730,aftermath,hunt,0.1,0,0,100,0,20,78
7740,aftermath,hunt,0.1,0,0,100,0,20,78
7750,quiet,voyage,0.08,0,0,100,0,20,78
7760,quiet,voyage,0.08,0,0,100,0,20,78
7770,quiet,voyage,0.08,0,0,100,0,20,78
7780,quiet,voyage,0.08,0,0,100,0,20,78
7790,quiet,voyage,0.08,0,0,100,0,20,78
7800,quiet,voyage,0.08,0,0,100,0,20,78
7810,opportunity,voyage,0.116,0,0,100,0,20,78
7820,opportunity,voyage,0.23,0,0,100,0,20,78
7830,opportunity,voyage,0.23,0,0,100,0,20,78
7840,opportunity,voyage,0.23,0,0,100,0,20,78
7850,opportunity,voyage,0.23,0,0,100,0,20,78
7860,opportunity,voyage,0.23,0,0,100,0,20,78
7870,opportunity,voyage,0.23,0,0,100,0,20,78
7880,opportunity,voyage,0.23,0,0,100,0,20,78
7890,opportunity,voyage,0.23,0,0,100,0,20,78
7900,opportunity,voyage,0.23,0,0,100,0,20,78
7910,opportunity,voyage,0.23,0,0,100,0,20,78
7920,opportunity,voyage,0.23,0,0,100,0,20,78
7930,build,voyage,0.356,0,0,100,0,20,78
7940,build,voyage,0.536,0,0,100,0,20,78
7950,build,voyage,0.56,0,0,100,0,20,78
7960,build,voyage,0.578,0,0,100,0,20,78
7970,build,voyage,0.585,0,0,100,0,20,78
7980,build,voyage,0.585,0,0,100,1,19,79
7990,peak,voyage,0.7,0.414542,0.020248,100,1,19,79
8000,peak,voyage,0.7,0.430292,0.041342,100,1,19,79
8010,peak,voyage,0.7,0.438167,0.063188,100,1,20,79
8020,peak,voyage,0.7,0.37575,0.082769,100,0,20,79
8030,aftermath,voyage,0.4,0.20775,0.035568,100,0,20,79
8040,aftermath,voyage,0.1,0,0,100,0,20,79
8050,aftermath,voyage,0.1,0,0,100,0,20,79
8060,aftermath,voyage,0.1,0,0,100,0,20,79
8070,aftermath,voyage,0.1,0,0,100,0,20,79
8080,aftermath,voyage,0.1,0,0,100,0,20,79
8090,aftermath,voyage,0.1,0,0,100,0,20,79
8100,aftermath,voyage,0.1,0,0,100,0,20,79
8110,aftermath,voyage,0.1,0,0,100,0,20,79
8120,aftermath,voyage,0.1,0,0,100,0,20,79
8130,quiet,hunt,0.08,0,0,100,0,20,79
8140,quiet,hunt,0.08,0,0,100,0,20,79
8150,quiet,hunt,0.08,0,0,100,0,20,79
8160,quiet,hunt,0.08,0,0,100,0,20,79
8170,quiet,hunt,0.08,0,0,100,0,20,79
8180,peak,hunt,0.17,0.26,0.008149,100,1,19,80
8190,peak,hunt,0.35,0.430292,0.029043,100,1,20,80
8200,peak,hunt,0.53,0.430292,0.05074,100,1,20,80
8210,peak,hunt,0.7,0.383625,0.071941,100,0,20,80
8220,peak,hunt,0.7,0.367875,0.090728,100,0,20,80
8230,aftermath,hunt,0.2,0.087875,0,100,0,20,80
8240,aftermath,hunt,0.1,0,0,100,0,20,80
8250,aftermath,hunt,0.1,0,0,100,0,20,80
8260,aftermath,hunt,0.1,0,0,100,0,20,80
8270,aftermath,hunt,0.1,0,0,100,0,20,80
8280,aftermath,hunt,0.1,0,0,100,0,20,80
8290,aftermath,hunt,0.1,0,0,100,0,20,80
8300,aftermath,hunt,0.1,0,0,100,0,20,80
8310,aftermath,hunt,0.1,0,0,100,0,20,80
8320,aftermath,hunt,0.1,0,0,100,0,20,80
8330,quiet,discovery,0.08,0,0,100,0,20,80
8340,quiet,discovery,0.08,0,0,100,0,20,80
8350,quiet,discovery,0.08,0,0,100,0,20,80
8360,quiet,discovery,0.08,0,0,100,0,20,80
8370,quiet,discovery,0.08,0,0,100,0,20,80
8380,quiet,discovery,0.08,0,0,100,0,20,80
8390,quiet,discovery,0.08,0,0,100,0,20,80
8400,quiet,discovery,0.08,0,0,100,0,20,80
8410,quiet,discovery,0.08,0,0,100,0,20,80
8420,opportunity,discovery,0.23,0,0,100,0,20,80
8430,opportunity,discovery,0.23,0,0,100,0,20,80
8440,opportunity,discovery,0.23,0,0,100,0,20,80
8450,opportunity,discovery,0.23,0,0,100,0,20,80
8460,opportunity,discovery,0.23,0,0,100,0,20,80
8470,opportunity,discovery,0.23,0,0,100,0,20,80
8480,opportunity,discovery,0.23,0,0,100,0,20,80
8490,opportunity,discovery,0.23,0,0,100,0,20,80
8500,opportunity,discovery,0.23,0,0,100,0,20,80
8510,opportunity,discovery,0.23,0,0,100,0,20,80
8520,opportunity,discovery,0.23,0,0,100,0,20,80
8530,opportunity,discovery,0.23,0,0,100,0,20,80
8540,opportunity,discovery,0.23,0,0,100,0,20,80
8550,opportunity,discovery,0.23,0,0,100,0,20,80
8560,opportunity,discovery,0.23,0,0,100,0,20,80
8570,build,discovery,0.302,0,0,100,0,20,80
8580,build,discovery,0.482,0,0,100,0,20,80
8590,peak,discovery,0.662,0.414542,0.018248,100,1,19,81
8600,peak,discovery,0.7,0.430292,0.039342,100,1,19,82
8610,peak,discovery,0.7,0.438167,0.061188,100,1,19,82
8620,peak,discovery,0.7,0.37575,0.081049,100,0,19,82
8630,aftermath,discovery,0.45,0.23575,0.044781,100,0,19,82
8640,aftermath,discovery,0.1,0,0,100,0,20,82
8650,aftermath,discovery,0.1,0,0,100,0,20,82
8660,aftermath,discovery,0.1,0,0,100,0,20,82
8670,aftermath,discovery,0.1,0,0,100,0,20,82
8680,aftermath,discovery,0.1,0,0,100,0,20,82
8690,aftermath,discovery,0.1,0,0,100,0,20,82
8700,recovery,discovery,0.05,0.065,0.003473,100,0,20,82
8710,recovery,discovery,0.025438,0.633,0.038019,100,0,20,82
8720,recovery,discovery,0.03,0.409,0,100,0,20,82
8730,recovery,discovery,0.03,0.245,0,100,0,20,82
8740,recovery,discovery,0.03,0,0,100,0,20,82
8750,recovery,discovery,0.03,0,0,100,0,20,82
8760,recovery,discovery,0.03,0,0,100,0,20,82
8770,recovery,discovery,0.03,0,0,100,0,20,82
8780,recovery,discovery,0.03,0,0,100,0,20,82
8790,aftermath,discovery,0.048,0,0,100,0,20,82
8800,aftermath,discovery,0.1,0,0,100,0,20,82
8810,aftermath,discovery,0.1,0,0,100,0,20,82
8820,aftermath,discovery,0.1,0,0,100,0,20,82
8830,aftermath,discovery,0.1,0,0,100,0,20,82
8840,aftermath,discovery,0.1,0,0,100,0,20,82
8850,aftermath,discovery,0.1,0,0,100,0,20,82
8860,aftermath,discovery,0.1,0,0,100,0,20,82
8870,aftermath,discovery,0.1,0,0,100,0,20,82
8880,aftermath,discovery,0.1,0,0,100,0,20,82
8890,aftermath,discovery,0.1,0,0,100,0,20,82
8900,suspended:docked,discovery,,0,0,100,0,20,82
8910,suspended:docked,discovery,,0,0,100,0,20,82
8920,suspended:docked,discovery,,0,0,100,0,20,82
8930,suspended:docked,discovery,,0,0,100,0,20,82
8940,aftermath,discovery,0.08,0,0,100,0,20,82
8950,aftermath,discovery,0.08,0,0,100,0,20,82
8960,quiet,hunt,0.08,0,0,100,0,20,82
8970,quiet,hunt,0.08,0,0,100,0,20,82
8980,quiet,hunt,0.08,0,0,100,0,20,82
8990,quiet,hunt,0.08,0,0,100,0,20,82
9000,quiet,hunt,0.08,0,0,100,0,20,82
9010,peak,hunt,0.206,0.39,0.012248,100,1,19,83
9020,peak,hunt,0.386,0.430292,0.033342,100,1,19,83
9030,peak,hunt,0.566,0.438167,0.055187,100,1,19,83
9040,peak,hunt,0.7,0.37575,0.075867,100,0,19,83
9050,aftermath,hunt,0.6,0.31975,0.072419,100,0,19,84
9060,aftermath,hunt,0.1,0.03975,0,100,0,19,84
9070,aftermath,hunt,0.1,0,0,100,0,19,84
9080,aftermath,hunt,0.1,0,0,100,0,19,84
9090,aftermath,hunt,0.1,0,0,100,0,20,84
9100,aftermath,hunt,0.1,0,0,100,0,20,84
9110,aftermath,hunt,0.1,0,0,100,0,20,84
9120,aftermath,hunt,0.1,0,0,100,0,20,84
9130,aftermath,hunt,0.1,0,0,100,0,20,84
9140,aftermath,hunt,0.1,0,0,100,0,20,84
9150,aftermath,hunt,0.1,0,0,100,0,20,84
9160,aftermath,hunt,0.1,0,0,100,0,20,84
9170,quiet,voyage,0.08,0,0,100,0,20,84
9180,quiet,voyage,0.08,0,0,100,0,20,84
9190,quiet,voyage,0.08,0,0,100,0,20,84
9200,quiet,voyage,0.08,0,0,100,0,20,84
9210,quiet,voyage,0.08,0,0,100,0,20,84
9220,quiet,voyage,0.08,0,0,100,0,20,84
9230,quiet,voyage,0.08,0,0,100,0,20,84
9240,peak,voyage,0.242,0.422417,0.016397,100,1,19,85
9250,peak,voyage,0.422,0.430292,0.03764,100,1,19,85
9260,peak,voyage,0.602,0.438167,0.059684,100,1,19,85
9270,peak,voyage,0.690421,0.37575,0.079821,100,0,20,85
9280,aftermath,voyage,0.489097,0.26375,0.054491,100,0,20,85
9290,aftermath,voyage,0.1,0,0,100,0,20,85
9300,aftermath,voyage,0.1,0,0,100,0,20,85
9310,aftermath,voyage,0.1,0,0,100,0,20,85
9320,aftermath,voyage,0.1,0,0,100,0,20,85
9330,aftermath,voyage,0.1,0,0,100,0,20,85
9340,aftermath,voyage,0.1,0,0,100,0,20,85
9350,aftermath,voyage,0.1,0,0,100,0,20,85
9360,aftermath,voyage,0.1,0,0,100,0,20,85
9370,quiet,hunt,0.08,0,0,100,0,20,85
9380,quiet,hunt,0.08,0,0,100,0,20,85
9390,quiet,hunt,0.08,0,0,100,0,20,85
9400,quiet,hunt,0.08,0,0,100,0,20,85
9410,quiet,hunt,0.08,0,0,100,0,20,85
9420,opportunity,hunt,0.17,0,0,100,0,20,85
9430,opportunity,hunt,0.23,0,0,100,0,20,85
9440,opportunity,hunt,0.23,0,0,100,0,20,85
9450,opportunity,hunt,0.23,0,0,100,0,20,85
9460,opportunity,hunt,0.23,0,0,100,0,20,85
9470,opportunity,hunt,0.23,0,0,100,0,20,85
9480,opportunity,hunt,0.23,0,0,100,0,20,85
9490,opportunity,hunt,0.23,0,0,100,0,20,85
9500,opportunity,hunt,0.23,0,0,100,0,20,85
9510,peak,hunt,0.41,0.39,0.01205,100,1,19,86
9520,peak,hunt,0.59,0.422417,0.032795,100,1,19,86
9530,peak,hunt,0.693474,0.438167,0.054385,100,1,19,86
9540,peak,hunt,0.69096,0.383625,0.075337,100,0,20,86
9550,aftermath,hunt,0.589151,0.327625,0.072227,100,0,19,87
9560,aftermath,hunt,0.1,0.047625,0,100,0,19,87
9570,aftermath,hunt,0.1,0,0,100,0,19,87
9580,aftermath,hunt,0.1,0,0,100,0,19,87
9590,aftermath,hunt,0.1,0,0,100,0,20,87
9600,aftermath,hunt,0.1,0,0,100,0,20,87
9610,aftermath,hunt,0.1,0,0,100,0,20,87
9620,aftermath,hunt,0.1,0,0,100,0,20,87
9630,aftermath,hunt,0.1,0,0,100,0,20,87
9640,aftermath,hunt,0.1,0,0,100,0,20,87
9650,quiet,discovery,0.08,0,0,100,0,20,87
9660,quiet,discovery,0.08,0,0,100,0,20,87
9670,quiet,discovery,0.08,0,0,100,0,20,87
9680,quiet,discovery,0.08,0,0,100,0,20,87
9690,quiet,discovery,0.08,0,0,100,0,20,87
9700,quiet,discovery,0.08,0,0,100,0,20,87
9710,quiet,discovery,0.08,0,0,100,0,20,87
9720,quiet,discovery,0.08,0,0,100,0,20,87
9730,opportunity,discovery,0.134,0,0,100,1,19,88
9740,peak,discovery,0.314,0.422417,0.020596,100,1,19,88
9750,peak,discovery,0.494,0.438167,0.041988,100,1,19,88
9760,peak,discovery,0.674,0.430292,0.064139,100,1,19,88
9770,peak,discovery,0.689999,0.37575,0.083341,100,0,20,88
9780,aftermath,discovery,0.389118,0.20775,0.03614,100,0,20,88
9790,aftermath,discovery,0.1,0,0,100,0,20,88
9800,aftermath,discovery,0.1,0,0,100,0,20,88
9810,aftermath,discovery,0.1,0,0,100,0,20,88
9820,aftermath,discovery,0.1,0,0,100,0,20,88
9830,aftermath,discovery,0.1,0,0,100,0,20,88
9840,aftermath,discovery,0.1,0,0,100,0,20,88
9850,aftermath,discovery,0.1,0,0,100,0,20,88
9860,aftermath,discovery,0.1,0,0,100,0,20,88
9870,aftermath,discovery,0.1,0,0,100,0,20,88
9880,quiet,hunt,0.08,0,0,100,0,20,88
9890,quiet,hunt,0.08,0,0,100,0,20,88
9900,quiet,hunt,0.08,0,0,100,0,20,88
9910,quiet,hunt,0.08,0,0,100,0,20,88
9920,quiet,hunt,0.08,0,0,100,0,20,88
9930,peak,hunt,0.116,0.065,0.00205,100,1,19,89
9940,peak,hunt,0.296,0.422417,0.022795,100,1,19,89
9950,peak,hunt,0.476,0.438167,0.044385,100,1,19,90
9960,peak,hunt,0.656,0.438167,0.066686,100,1,19,90
9970,peak,hunt,0.7,0.37575,0.08606,100,0,19,90
9980,aftermath,hunt,0.35,0.17975,0.027945,100,0,19,90
9990,aftermath,hunt,0.1,0,0,100,0,20,90
10000,aftermath,hunt,0.1,0,0,100,0,20,90
10010,aftermath,hunt,0.1,0,0,100,0,20,90
10020,aftermath,hunt,0.1,0,0,100,0,20,90
10030,aftermath,hunt,0.1,0,0,100,0,20,90
10040,aftermath,hunt,0.1,0,0,100,0,20,90
10050,aftermath,hunt,0.1,0,0,100,0,20,90
10060,aftermath,hunt,0.1,0,0,100,0,20,90
10070,aftermath,hunt,0.1,0,0,100,0,20,90
10080,quiet,voyage,0.08,0,0,100,0,20,90
10090,quiet,voyage,0.08,0,0,100,0,20,90
10100,quiet,voyage,0.08,0,0,100,0,20,90
10110,quiet,voyage,0.08,0,0,100,0,20,90
10120,quiet,voyage,0.08,0,0,100,0,20,90
10130,quiet,voyage,0.08,0,0,100,0,20,90
10140,quiet,voyage,0.08,0,0,100,0,20,90
10150,opportunity,voyage,0.188,0,0,100,0,20,90
10160,opportunity,voyage,0.23,0,0,100,0,20,90
10170,opportunity,voyage,0.23,0,0,100,0,20,90
10180,opportunity,voyage,0.23,0,0,100,0,20,90
10190,opportunity,voyage,0.23,0,0,100,0,20,90
10200,opportunity,voyage,0.23,0,0,100,0,0,90
10210,opportunity,voyage,0.23,0,0,100,0,0,90
10220,opportunity,voyage,0.23,0,0,100,0,0,90
10230,opportunity,voyage,0.23,0,0,100,0,0,90
10240,opportunity,voyage,0.23,0,0,100,0,0,90
10250,opportunity,voyage,0.23,0,0,100,0,0,90
10260,build,voyage,0.248,0,0,100,0,0,90
10270,build,voyage,0.428,0,0,100,0,0,90
10280,build,voyage,0.585,0,0,100,0,0,90
10290,build,voyage,0.585,0,0,100,0,0,90
10300,build,voyage,0.585,0,0,100,0,0,90
10310,build,voyage,0.585,0,0,100,0,0,90
10320,build,voyage,0.585,0,0,100,0,0,90
10330,build,voyage,0.585,0,0,100,0,0,90
10340,build,voyage,0.585,0,0,100,0,0,90
10350,build,voyage,0.585,0,0,100,0,0,90
10360,build,voyage,0.585,0,0,100,0,0,90
10370,build,voyage,0.585,0,0,100,0,0,90
10380,opportunity,voyage,0.285,0,0,100,0,0,90
10390,opportunity,voyage,0.23,0,0,100,0,0,90
10400,opportunity,voyage,0.23,0,0,100,0,0,90
10410,opportunity,voyage,0.23,0,0,100,0,0,90
10420,opportunity,voyage,0.23,0,0,100,0,0,90
10430,opportunity,voyage,0.23,0,0,100,0,0,90
10440,opportunity,voyage,0.23,0,0,100,0,0,90
10450,opportunity,voyage,0.23,0,0,100,0,0,90
10460,opportunity,voyage,0.23,0,0,100,0,0,90
10470,opportunity,voyage,0.23,0,0,100,0,0,90
10480,opportunity,voyage,0.23,0,0,100,0,0,90
10490,build,voyage,0.248,0,0,100,0,0,90
10500,build,voyage,0.428,0,0,100,0,0,90
10510,build,voyage,0.608,0,0,100,0,0,90
10520,build,voyage,0.61,0,0,100,0,0,90
10530,build,voyage,0.61,0,0,100,0,0,90
10540,build,voyage,0.61,0,0,100,0,0,90
10550,build,voyage,0.61,0,0,100,0,0,90
10560,build,voyage,0.61,0,0,100,0,0,90
10570,build,voyage,0.61,0,0,100,0,0,90
10580,peak,voyage,0.664,0.195,0.006149,100,1,0,91
10590,peak,voyage,0.7,0.430292,0.027043,100,1,0,91
10600,peak,voyage,0.7,0.430292,0.04874,100,1,0,91
10610,peak,voyage,0.7,0.3915,0.07035,100,0,0,91
10620,peak,voyage,0.7,0.37575,0.08966,100,0,1,91
10630,aftermath,voyage,0.25,0.12375,0.009679,100,0,0,92
10640,aftermath,voyage,0.1,0,0,100,0,0,92
10650,aftermath,voyage,0.1,0,0,100,0,0,92
10660,aftermath,voyage,0.1,0,0,100,0,0,92
10670,aftermath,voyage,0.1,0,0,100,0,0,93
10680,aftermath,voyage,0.1,0,0,100,0,0,93
10690,aftermath,voyage,0.1,0,0,100,0,0,93
10700,suspended:docked,voyage,,0,0,100,0,0,93
10710,suspended:docked,voyage,,0,0,100,0,1,93
10720,suspended:docked,voyage,,0,0,100,0,1,93
10730,suspended:docked,voyage,,0,0,100,0,1,93
10740,aftermath,voyage,0.08,0,0,100,0,1,93
10750,aftermath,voyage,0.08,0,0,100,0,1,93
10760,aftermath,voyage,0.1,0,0,100,0,1,94
10770,aftermath,voyage,0.1,0,0,100,0,1,94
10780,quiet,hunt,0.08,0,0,100,0,0,95
10790,quiet,hunt,0.08,0,0,100,0,0,95
10800,quiet,hunt,0.08,0,0,100,0,1,95
10810,quiet,hunt,0.08,0,0,100,0,1,95
10820,quiet,hunt,0.08,0,0,100,0,1,95
10830,opportunity,hunt,0.188,0,0,100,0,1,95
10840,opportunity,hunt,0.23,0,0,100,0,1,95
10850,peak,hunt,0.338,0.39,0.012149,100,1,1,96
10860,peak,hunt,0.518,0.430292,0.033043,100,1,1,96
10870,peak,hunt,0.698,0.430292,0.05474,100,1,1,96
10880,peak,hunt,0.7,0.383625,0.075412,100,0,1,96
10890,aftermath,hunt,0.6,0.327625,0.072302,100,0,2,96
10900,aftermath,hunt,0.1,0.047625,0,100,0,1,97
10910,aftermath,hunt,0.1,0,0,100,0,1,97
10920,aftermath,hunt,0.1,0,0,100,0,1,97
10930,aftermath,hunt,0.1,0,0,100,0,1,97
10940,aftermath,hunt,0.1,0,0,100,0,1,98
10950,aftermath,hunt,0.1,0,0,100,0,1,98
10960,aftermath,hunt,0.1,0,0,100,0,1,98
10970,aftermath,hunt,0.1,0,0,100,0,1,98
10980,aftermath,hunt,0.1,0,0,100,0,2,98
10990,aftermath,hunt,0.1,0,0,100,0,2,98
11000,aftermath,hunt,0.1,0,0,100,0,2,98
11010,quiet,discovery,0.08,0,0,100,0,2,98
11020,quiet,discovery,0.08,0,0,100,0,2,98
11030,quiet,discovery,0.08,0,0,100,0,3,98
11040,quiet,discovery,0.08,0,0,100,0,3,98
11050,quiet,discovery,0.08,0,0,100,0,3,98
11060,quiet,discovery,0.08,0,0,100,0,3,98
11070,quiet,discovery,0.08,0,0,100,0,4,98
11080,quiet,discovery,0.08,0,0,100,0,4,98
11090,quiet,discovery,0.08,0,0,100,0,4,98
11100,opportunity,discovery,0.23,0,0,100,0,4,98
11110,opportunity,discovery,0.23,0,0,100,0,4,98
11120,opportunity,discovery,0.23,0,0,100,0,5,98
11130,opportunity,discovery,0.23,0,0,100,0,5,98
11140,opportunity,discovery,0.23,0,0,100,0,5,98
11150,opportunity,discovery,0.23,0,0,100,0,5,98
11160,opportunity,discovery,0.23,0,0,100,0,6,98
11170,opportunity,discovery,0.23,0,0,100,0,6,98
11180,opportunity,discovery,0.23,0,0,100,1,5,99
11190,peak,discovery,0.41,0.422417,0.020398,100,1,5,99
11200,peak,discovery,0.59,0.430292,0.04164,100,1,5,99
11210,peak,discovery,0.692358,0.438167,0.063684,100,1,6,99
11220,peak,discovery,0.690008,0.37575,0.083266,100,0,6,99
11230,aftermath,discovery,0.389127,0.20775,0.036065,100,0,6,99
11240,aftermath,discovery,0.1,0,0,100,0,6,99
11250,aftermath,discovery,0.1,0,0,100,0,7,99
11260,aftermath,discovery,0.1,0,0,100,0,6,100
11270,aftermath,discovery,0.1,0,0,100,0,6,100
11280,aftermath,discovery,0.1,0,0,100,0,6,100
11290,aftermath,discovery,0.1,0,0,100,0,6,100
11300,aftermath,discovery,0.1,0,0,100,0,6,101
11310,aftermath,discovery,0.1,0,0,100,0,6,101
11320,aftermath,discovery,0.1,0,0,100,0,6,101
11330,quiet,hunt,0.08,0,0,100,0,6,101
11340,quiet,hunt,0.08,0,0,100,0,7,101
11350,quiet,hunt,0.08,0,0,100,0,7,101
11360,quiet,hunt,0.08,0,0,100,0,7,101
11370,quiet,hunt,0.08,0,0,100,0,7,101
11380,opportunity,hunt,0.116,0,0,100,0,7,101
11390,opportunity,hunt,0.23,0,0,100,0,8,101
11400,opportunity,hunt,0.23,0,0,100,0,8,101
11410,opportunity,hunt,0.23,0,0,100,0,8,101
11420,opportunity,hunt,0.23,0,0,100,0,8,101
11430,opportunity,hunt,0.23,0,0,100,0,9,101
11440,opportunity,hunt,0.23,0,0,100,0,9,101
11450,peak,hunt,0.284,0.195,0.006149,100,1,8,102
11460,peak,hunt,0.464,0.430292,0.027043,100,1,8,102
11470,peak,hunt,0.644,0.430292,0.04874,100,1,8,102
11480,peak,hunt,0.691558,0.3915,0.07035,100,0,8,103
11490,peak,hunt,0.689241,0.37575,0.08966,100,0,8,103
11500,aftermath,hunt,0.23902,0.12375,0.009679,100,0,8,103
11510,aftermath,hunt,0.1,0,0,100,0,8,103
11520,aftermath,hunt,0.1,0,0,100,0,9,103
11530,aftermath,hunt,0.1,0,0,100,0,8,104
11540,aftermath,hunt,0.1,0,0,100,0,8,104
11550,aftermath,hunt,0.1,0,0,100,0,8,104
11560,aftermath,hunt,0.1,0,0,100,0,8,104
11570,aftermath,hunt,0.1,0,0,100,0,9,104
11580,aftermath,hunt,0.1,0,0,100,0,9,104
11590,quiet,voyage,0.08,0,0,100,0,9,104
11600,quiet,voyage,0.08,0,0,100,0,9,104
11610,quiet,voyage,0.08,0,0,100,0,10,104
11620,quiet,voyage,0.08,0,0,100,0,10,104
11630,quiet,voyage,0.08,0,0,100,0,10,104
11640,quiet,voyage,0.08,0,0,100,0,10,104
11650,quiet,voyage,0.08,0,0,100,0,10,104
11660,opportunity,voyage,0.23,0,0,100,0,11,104
11670,opportunity,voyage,0.23,0,0,100,0,11,104
11680,opportunity,voyage,0.23,0,0,100,0,11,104
11690,opportunity,voyage,0.23,0,0,100,0,11,104
11700,opportunity,voyage,0.23,0,0,100,0,12,104
11710,opportunity,voyage,0.23,0,0,100,0,12,104
11720,opportunity,voyage,0.23,0,0,100,0,12,104
11730,opportunity,voyage,0.23,0,0,100,0,12,104
11740,opportunity,voyage,0.23,0,0,100,0,12,104
11750,opportunity,voyage,0.23,0,0,100,0,12,105
11760,opportunity,voyage,0.23,0,0,100,0,12,105
11770,peak,voyage,0.32,0.13,0.004,100,1,11,106
11780,peak,voyage,0.5,0.422417,0.024596,100,1,11,106
11790,peak,voyage,0.68,0.438167,0.045988,100,1,12,106
11800,peak,voyage,0.7,0.418042,0.067886,100,0,12,106
11810,peak,voyage,0.7,0.37575,0.086773,100,0,12,106
11820,aftermath,voyage,0.3,0.15175,0.017714,100,0,12,106
11830,aftermath,voyage,0.1,0,0,100,0,12,106
11840,aftermath,voyage,0.1,0,0,100,0,13,106
11850,aftermath,voyage,0.1,0,0,100,0,13,106
11860,aftermath,voyage,0.1,0,0,100,0,13,106
11870,aftermath,voyage,0.1,0,0,100,0,13,106
11880,aftermath,voyage,0.1,0,0,100,0,14,106
11890,aftermath,voyage,0.1,0,0,100,0,14,106
11900,aftermath,voyage,0.1,0,0,100,0,14,106
11910,aftermath,voyage,0.1,0,0,100,0,14,106
11920,quiet,hunt,0.08,0,0,100,0,14,106
11930,quiet,hunt,0.08,0,0,100,0,15,106
11940,quiet,hunt,0.08,0,0,100,0,15,106
11950,quiet,hunt,0.08,0,0,100,0,15,106
11960,quiet,hunt,0.08,0,0,100,0,15,106
11970,peak,hunt,0.206,0.39,0.01205,100,1,15,107
11980,peak,hunt,0.386,0.422417,0.032795,100,1,15,107
11990,peak,hunt,0.566,0.438167,0.054385,100,1,15,107
12000,peak,hunt,0.7,0.383625,0.075337,100,0,15,107
12010,aftermath,hunt,0.6,0.327625,0.072227,100,0,15,107
12020,aftermath,hunt,0.1,0.047625,0,100,0,16,107
12030,aftermath,hunt,0.1,0,0,100,0,16,107
12040,aftermath,hunt,0.1,0,0,100,0,16,107
12050,aftermath,hunt,0.1,0,0,100,0,16,107
12060,aftermath,hunt,0.1,0,0,100,0,17,107
12070,aftermath,hunt,0.1,0,0,100,0,16,108
12080,aftermath,hunt,0.1,0,0,100,0,16,108
12090,aftermath,hunt,0.1,0,0,100,0,16,108
12100,aftermath,hunt,0.1,0,0,100,0,16,108
12110,aftermath,hunt,0.1,0,0,100,0,16,109
12120,quiet,discovery,0.08,0,0,100,0,16,109
12130,quiet,discovery,0.08,0,0,100,0,16,109
12140,quiet,discovery,0.08,0,0,100,0,16,109
12150,quiet,discovery,0.08,0,0,100,0,17,109
12160,quiet,discovery,0.08,0,0,100,0,16,110
12170,quiet,discovery,0.08,0,0,100,0,16,110
12180,quiet,discovery,0.08,0,0,100,0,16,110
12190,quiet,discovery,0.08,0,0,100,0,16,110
12200,opportunity,discovery,0.098,0,0,100,0,17,110
12210,peak,discovery,0.278,0.39,0.01205,100,1,16,111
12220,peak,discovery,0.458,0.422417,0.032795,100,1,16,111
12230,peak,discovery,0.638,0.438167,0.054385,100,1,16,111
12240,peak,discovery,0.7,0.383625,0.075337,100,0,17,111
12250,aftermath,discovery,0.6,0.327625,0.072227,100,0,17,111
12260,aftermath,discovery,0.1,0.047625,0,100,0,17,111
12270,aftermath,discovery,0.1,0,0,100,0,17,111
12280,aftermath,discovery,0.1,0,0,100,0,17,111
12290,aftermath,discovery,0.1,0,0,100,0,17,112
12300,recovery,discovery,0.05,0.065,0.003473,100,0,17,112
12310,recovery,discovery,0.025438,0.633,0.038019,100,0,17,112
12320,recovery,discovery,0.03,0.409,0,100,0,17,112
12330,recovery,discovery,0.03,0.245,0,100,0,18,112
12340,recovery,discovery,0.03,0,0,100,0,18,112
12350,recovery,discovery,0.03,0,0,100,0,18,112
12360,recovery,discovery,0.03,0,0,100,0,18,112
12370,recovery,discovery,0.03,0,0,100,0,18,112
12380,recovery,discovery,0.03,0,0,100,0,19,112
12390,aftermath,discovery,0.048,0,0,100,0,19,112
12400,aftermath,discovery,0.1,0,0,100,0,19,112
12410,aftermath,discovery,0.1,0,0,100,0,19,112
12420,aftermath,discovery,0.1,0,0,100,0,20,112
12430,aftermath,discovery,0.1,0,0,100,0,20,112
12440,aftermath,discovery,0.1,0,0,100,0,20,112
12450,aftermath,discovery,0.1,0,0,100,0,20,112
12460,aftermath,discovery,0.1,0,0,100,0,20,112
12470,aftermath,discovery,0.1,0,0,100,0,20,112
12480,aftermath,discovery,0.1,0,0,100,0,20,112
12490,aftermath,discovery,0.1,0,0,100,0,20,112
12500,suspended:docked,discovery,,0,0,100,0,20,112
12510,suspended:docked,discovery,,0,0,100,0,20,112
12520,suspended:docked,discovery,,0,0,100,0,20,112
12530,suspended:docked,discovery,,0,0,100,0,20,112
12540,aftermath,discovery,0.08,0,0,100,0,20,112
12550,aftermath,discovery,0.08,0,0,100,0,20,112
12560,quiet,hunt,0.08,0,0,100,0,20,112
12570,quiet,hunt,0.08,0,0,100,0,20,112
12580,quiet,hunt,0.08,0,0,100,0,20,112
12590,quiet,hunt,0.08,0,0,100,0,20,112
12600,quiet,hunt,0.08,0,0,100,0,20,112
12610,opportunity,hunt,0.206,0,0,100,0,20,112
12620,opportunity,hunt,0.23,0,0,100,0,20,112
12630,opportunity,hunt,0.23,0,0,100,0,20,112
12640,opportunity,hunt,0.23,0,0,100,0,20,112
12650,opportunity,hunt,0.23,0,0,100,0,20,112
12660,opportunity,hunt,0.23,0,0,100,0,20,112
12670,opportunity,hunt,0.23,0,0,100,0,20,112
12680,opportunity,hunt,0.23,0,0,100,0,20,112
12690,build,hunt,0.266,0,0,100,0,20,112
12700,build,hunt,0.446,0,0,100,0,20,112
12710,build,hunt,0.61,0,0,100,0,20,112
12720,build,hunt,0.61,0,0,100,0,20,112
12730,build,hunt,0.61,0,0,100,0,20,112
12740,build,hunt,0.61,0,0,100,0,20,112
12750,build,hunt,0.61,0,0,100,0,20,112
12760,build,hunt,0.61,0,0,100,0,20,112
12770,build,hunt,0.61,0,0,100,0,20,112
12780,build,hunt,0.61,0,0,100,1,19,113
12790,peak,hunt,0.7,0.414542,0.020248,100,1,19,113
12800,peak,hunt,0.7,0.430292,0.041342,100,1,19,113
12810,peak,hunt,0.7,0.438167,0.063188,100,1,19,113
12820,peak,hunt,0.7,0.37575,0.082769,100,0,19,113
12830,aftermath,hunt,0.4,0.20775,0.035568,100,0,19,114
12840,aftermath,hunt,0.1,0,0,100,0,19,114
12850,aftermath,hunt,0.1,0,0,100,0,19,114
12860,aftermath,hunt,0.1,0,0,100,0,19,114
12870,aftermath,hunt,0.1,0,0,100,0,20,114
12880,aftermath,hunt,0.1,0,0,100,0,20,114
12890,aftermath,hunt,0.1,0,0,100,0,20,114
12900,aftermath,hunt,0.1,0,0,100,0,20,114
12910,aftermath,hunt,0.1,0,0,100,0,20,114
12920,aftermath,hunt,0.1,0,0,100,0,20,114
12930,aftermath,hunt,0.1,0,0,100,0,20,114
12940,aftermath,hunt,0.1,0,0,100,0,20,114
12950,quiet,voyage,0.08,0,0,100,0,20,114
12960,quiet,voyage,0.08,0,0,100,0,20,114
12970,quiet,voyage,0.08,0,0,100,0,20,114
12980,quiet,voyage,0.08,0,0,100,0,20,114
12990,quiet,voyage,0.08,0,0,100,0,20,114
13000,quiet,voyage,0.08,0,0,100,0,20,114
13010,peak,voyage,0.134,0.13,0.004,100,1,19,115
13020,peak,voyage,0.314,0.422417,0.024398,100,1,19,115
13030,peak,voyage,0.494,0.430292,0.04564,100,1,19,115
13040,peak,voyage,0.674,0.418042,0.067431,100,0,19,115
13050,peak,voyage,0.689596,0.37575,0.086698,100,0,20,115
13060,aftermath,voyage,0.289156,0.15175,0.017639,100,0,20,115
13070,aftermath,voyage,0.1,0,0,100,0,20,115
13080,aftermath,voyage,0.1,0,0,100,0,20,115
13090,aftermath,voyage,0.1,0,0,100,0,20,115
13100,aftermath,voyage,0.1,0,0,100,0,20,115
13110,aftermath,voyage,0.1,0,0,100,0,20,115
13120,aftermath,voyage,0.1,0,0,100,0,20,115
13130,aftermath,voyage,0.1,0,0,100,0,20,115
13140,aftermath,voyage,0.1,0,0,100,0,20,115
13150,quiet,hunt,0.08,0,0,100,0,20,115
13160,quiet,hunt,0.08,0,0,100,0,20,115
13170,quiet,hunt,0.08,0,0,100,0,20,115
13180,quiet,hunt,0.08,0,0,100,0,20,115
13190,quiet,hunt,0.08,0,0,100,0,20,115
13200,opportunity,hunt,0.23,0,0,100,0,20,115
13210,opportunity,hunt,0.23,0,0,100,0,20,115
13220,opportunity,hunt,0.23,0,0,100,0,20,115
13230,opportunity,hunt,0.23,0,0,100,0,20,115
13240,opportunity,hunt,0.23,0,0,100,0,20,115
13250,opportunity,hunt,0.23,0,0,100,0,20,115
13260,opportunity,hunt,0.23,0,0,100,0,20,115
13270,opportunity,hunt,0.23,0,0,100,0,20,115
13280,build,hunt,0.302,0,0,100,0,20,115
13290,peak,hunt,0.482,0.26,0.00805,100,1,19,116
13300,peak,hunt,0.662,0.422417,0.028795,100,1,19,116
13310,peak,hunt,0.693954,0.438167,0.050385,100,1,19,116
13320,peak,hunt,0.691376,0.383625,0.071866,100,0,20,116
13330,peak,hunt,0.689122,0.367875,0.090653,100,0,20,116
13340,aftermath,hunt,0.189122,0.087875,0,100,0,20,116
13350,aftermath,hunt,0.1,0,0,100,0,20,116
13360,aftermath,hunt,0.1,0,0,100,0,20,116
13370,aftermath,hunt,0.1,0,0,100,0,20,116
13380,aftermath,hunt,0.1,0,0,100,0,20,116
13390,aftermath,hunt,0.1,0,0,100,0,20,116
13400,aftermath,hunt,0.1,0,0,100,0,20,116
13410,aftermath,hunt,0.1,0,0,100,0,20,116
13420,aftermath,hunt,0.1,0,0,100,0,20,116
13430,quiet,discovery,0.08,0,0,100,0,20,116
13440,quiet,discovery,0.08,0,0,100,0,20,116
13450,quiet,discovery,0.08,0,0,100,0,20,116
13460,quiet,discovery,0.08,0,0,100,0,20,116
13470,quiet,discovery,0.08,0,0,100,0,20,116
13480,quiet,discovery,0.08,0,0,100,0,20,116
13490,quiet,discovery,0.08,0,0,100,0,20,116
13500,quiet,discovery,0.08,0,0,100,0,20,116
13510,opportunity,discovery,0.098,0,0,100,1,19,117
13520,peak,discovery,0.278,0.422417,0.020596,100,1,19,117
13530,peak,discovery,0.458,0.438167,0.041988,100,1,19,117
13540,peak,discovery,0.638,0.430292,0.064139,100,1,19,117
13550,peak,discovery,0.7,0.37575,0.083341,100,0,20,117
13560,aftermath,discovery,0.4,0.20775,0.03614,100,0,20,117
13570,aftermath,discovery,0.1,0,0,100,0,20,117
13580,aftermath,discovery,0.1,0,0,100,0,20,117
13590,aftermath,discovery,0.1,0,0,100,0,20,117
13600,aftermath,discovery,0.1,0,0,100,0,20,117
13610,aftermath,discovery,0.1,0,0,100,0,20,117
13620,aftermath,discovery,0.1,0,0,100,0,20,117
13630,aftermath,discovery,0.1,0,0,100,0,20,117
13640,aftermath,discovery,0.1,0,0,100,0,20,117
13650,aftermath,discovery,0.1,0,0,100,0,20,117
13660,aftermath,discovery,0.1,0,0,100,0,20,117
13670,aftermath,discovery,0.1,0,0,100,0,20,117
13680,quiet,hunt,0.08,0,0,100,0,20,117
13690,quiet,hunt,0.08,0,0,100,0,20,117
13700,quiet,hunt,0.08,0,0,100,0,20,117
13710,quiet,hunt,0.08,0,0,100,0,20,117
13720,quiet,hunt,0.08,0,0,100,0,20,117
13730,peak,hunt,0.26,0.422417,0.018596,100,1,20,118
13740,peak,hunt,0.44,0.438167,0.039988,100,1,20,118
13750,peak,hunt,0.62,0.430292,0.062139,100,1,19,119
13760,peak,hunt,0.7,0.383625,0.082068,100,0,19,119
13770,aftermath,hunt,0.45,0.243625,0.046042,100,0,20,119
13780,aftermath,hunt,0.1,0,0,100,0,20,119
13790,aftermath,hunt,0.1,0,0,100,0,20,119
13800,aftermath,hunt,0.1,0,0,100,0,20,119
13810,aftermath,hunt,0.1,0,0,100,0,20,119
13820,aftermath,hunt,0.1,0,0,100,0,20,119
13830,aftermath,hunt,0.1,0,0,100,0,20,119
13840,aftermath,hunt,0.1,0,0,100,0,20,119
13850,aftermath,hunt,0.1,0,0,100,0,20,119
13860,aftermath,hunt,0.1,0,0,100,0,20,119
13870,aftermath,hunt,0.1,0,0,100,0,20,119
13880,quiet,discovery,0.08,0,0,100,0,20,119
13890,quiet,discovery,0.08,0,0,100,0,20,119
13900,quiet,discovery,0.08,0,0,100,0,20,119
13910,quiet,discovery,0.08,0,0,100,0,20,119
13920,quiet,discovery,0.08,0,0,100,0,20,119
13930,quiet,discovery,0.08,0,0,100,0,20,119
13940,quiet,discovery,0.08,0,0,100,0,20,119
13950,quiet,discovery,0.08,0,0,100,0,20,119
13960,opportunity,discovery,0.152,0,0,100,0,20,119
13970,opportunity,discovery,0.23,0,0,100,0,20,119
13980,opportunity,discovery,0.23,0,0,100,0,20,119
13990,opportunity,discovery,0.23,0,0,100,0,20,119
14000,opportunity,discovery,0.23,0,0,100,0,20,119
14010,opportunity,discovery,0.23,0,0,100,0,20,119
14020,opportunity,discovery,0.23,0,0,100,0,20,119
14030,opportunity,discovery,0.23,0,0,100,0,20,119
14040,opportunity,discovery,0.23,0,0,100,0,20,119
14050,opportunity,discovery,0.23,0,0,100,0,20,119
14060,opportunity,discovery,0.23,0,0,100,0,20,119
14070,opportunity,discovery,0.23,0,0,100,0,20,119
14080,opportunity,discovery,0.23,0,0,100,0,20,119
14090,opportunity,discovery,0.23,0,0,100,0,20,119
14100,opportunity,discovery,0.23,0,0,100,0,20,119
14110,opportunity,discovery,0.23,0,0,100,0,20,119
14120,peak,discovery,0.392,0.39,0.012149,100,1,19,120
14130,peak,discovery,0.572,0.430292,0.033043,100,1,20,120
14140,peak,discovery,0.7,0.430292,0.05474,100,1,20,120
14150,peak,discovery,0.7,0.383625,0.075412,100,0,20,120
14160,aftermath,discovery,0.6,0.327625,0.072302,100,0,20,120
14170,aftermath,discovery,0.1,0.047625,0,100,0,20,120
14180,aftermath,discovery,0.1,0,0,100,0,20,120
14190,aftermath,discovery,0.1,0,0,100,0,20,120
14200,aftermath,discovery,0.1,0,0,100,0,20,120
14210,aftermath,discovery,0.1,0,0,100,0,20,120
14220,aftermath,discovery,0.1,0,0,100,0,20,120
14230,aftermath,discovery,0.1,0,0,100,0,20,120
14240,aftermath,discovery,0.1,0,0,100,0,20,120
14250,aftermath,discovery,0.1,0,0,100,0,20,120
14260,aftermath,discovery,0.1,0,0,100,0,20,120
14270,aftermath,discovery,0.1,0,0,100,0,20,120
14280,aftermath,discovery,0.1,0,0,100,0,20,120
14290,quiet,hunt,0.08,0,0,100,0,20,120
14300,suspended:docked,hunt,,0,0,100,0,20,120
14310,suspended:docked,hunt,,0,0,100,0,20,120
14320,suspended:docked,hunt,,0,0,100,0,20,120
14330,suspended:docked,hunt,,0,0,100,0,20,120
14340,quiet,hunt,0.08,0,0,100,0,20,120
14350,quiet,hunt,0.08,0,0,100,0,20,120
14360,quiet,hunt,0.08,0,0,100,0,20,120
14370,quiet,hunt,0.08,0,0,100,0,20,120
14380,peak,hunt,0.152,0.195,0.006,100,1,19,121
14390,peak,hunt,0.332,0.422417,0.026596,100,1,19,121
14400,peak,hunt,0.512,0.438167,0.047988,100,1,20,121
14410,peak,hunt,0.692,0.390042,0.069629,100,0,20,121
14420,peak,hunt,0.7,0.37575,0.088486,100,0,20,121
14430,aftermath,hunt,0.25,0.12375,0.008502,100,0,20,121
14440,aftermath,hunt,0.1,0,0,100,0,20,121
14450,aftermath,hunt,0.1,0,0,100,0,20,121
14460,aftermath,hunt,0.1,0,0,100,0,20,121
14470,aftermath,hunt,0.1,0,0,100,0,20,121
14480,aftermath,hunt,0.1,0,0,100,0,20,121
14490,aftermath,hunt,0.1,0,0,100,0,20,121
14500,aftermath,hunt,0.1,0,0,100,0,20,121
14510,aftermath,hunt,0.1,0,0,100,0,20,121
14520,aftermath,hunt,0.1,0,0,100,0,20,121
14530,aftermath,hunt,0.1,0,0,100,0,20,121
14540,quiet,discovery,0.08,0,0,100,0,20,121
14550,quiet,discovery,0.08,0,0,100,0,20,121
14560,quiet,discovery,0.08,0,0,100,0,20,121
14570,quiet,discovery,0.08,0,0,100,0,20,121
14580,quiet,discovery,0.08,0,0,100,0,20,121
14590,quiet,discovery,0.08,0,0,100,0,20,121
14600,quiet,discovery,0.08,0,0,100,0,20,121
14610,quiet,discovery,0.08,0,0,100,0,20,121
14620,quiet,discovery,0.08,0,0,100,0,20,121
14630,opportunity,discovery,0.188,0,0,100,0,20,121
14640,opportunity,discovery,0.23,0,0,100,0,20,121
14650,opportunity,discovery,0.23,0,0,100,0,20,121
14660,opportunity,discovery,0.23,0,0,100,0,20,121
14670,opportunity,discovery,0.23,0,0,100,0,20,121
14680,opportunity,discovery,0.23,0,0,100,0,20,121
14690,opportunity,discovery,0.23,0,0,100,0,20,121
14700,opportunity,discovery,0.23,0,0,100,0,20,121
14710,opportunity,discovery,0.23,0,0,100,0,20,121
14720,peak,discovery,0.32,0.325,0.010149,100,1,19,122
14730,peak,discovery,0.5,0.430292,0.031043,100,1,19,122
14740,peak,discovery,0.68,0.430292,0.05274,100,1,19,122
14750,peak,discovery,0.691159,0.383625,0.073678,100,0,19,122
14760,aftermath,discovery,0.639122,0.355625,0.081557,100,0,20,122
14770,aftermath,discovery,0.139122,0.075625,0,100,0,20,122
14780,aftermath,discovery,0.1,0,0,100,0,20,122
14790,aftermath,discovery,0.1,0,0,100,0,20,122
14800,aftermath,discovery,0.1,0,0,100,0,20,122
14810,aftermath,discovery,0.1,0,0,100,0,20,122
14820,aftermath,discovery,0.1,0,0,100,0,20,122
14830,aftermath,discovery,0.1,0,0,100,0,20,122
14840,aftermath,discovery,0.1,0,0,100,0,20,122
14850,aftermath,discovery,0.1,0,0,100,0,20,122
14860,aftermath,discovery,0.1,0,0,100,0,20,122
14870,quiet,hunt,0.08,0,0,100,0,20,122
14880,quiet,hunt,0.08,0,0,100,0,20,122
14890,quiet,hunt,0.08,0,0,100,0,20,122
14900,quiet,hunt,0.08,0,0,100,0,20,122
14910,quiet,hunt,0.08,0,0,100,0,20,122
14920,opportunity,hunt,0.206,0,0,100,0,20,122
14930,opportunity,hunt,0.23,0,0,100,0,20,122
14940,opportunity,hunt,0.23,0,0,100,0,20,122
14950,opportunity,hunt,0.23,0,0,100,0,20,122
14960,opportunity,hunt,0.23,0,0,100,0,20,122
14970,opportunity,hunt,0.23,0,0,100,0,20,122
14980,peak,hunt,0.266,0.13,0.004,100,1,19,123
14990,peak,hunt,0.446,0.422417,0.024596,100,1,20,123
15000,peak,hunt,0.626,0.438167,0.045988,100,1,20,123
15010,peak,hunt,0.691854,0.418042,0.067886,100,0,20,123
15020,peak,hunt,0.689587,0.37575,0.086773,100,0,20,123
15030,aftermath,hunt,0.289147,0.15175,0.017714,100,0,20,123
15040,aftermath,hunt,0.1,0,0,100,0,20,123
15050,aftermath,hunt,0.1,0,0,100,0,20,123
15060,aftermath,hunt,0.1,0,0,100,0,20,123
15070,aftermath,hunt,0.1,0,0,100,0,20,123
15080,aftermath,hunt,0.1,0,0,100,0,20,123
15090,aftermath,hunt,0.1,0,0,100,0,20,123
15100,aftermath,hunt,0.1,0,0,100,0,20,123
15110,aftermath,hunt,0.1,0,0,100,0,20,123
15120,quiet,discovery,0.08,0,0,100,0,20,123
15130,quiet,discovery,0.08,0,0,100,0,20,123
15140,quiet,discovery,0.08,0,0,100,0,20,123
15150,quiet,discovery,0.08,0,0,100,0,20,123
15160,quiet,discovery,0.08,0,0,100,0,20,123
15170,quiet,discovery,0.08,0,0,100,0,20,123
15180,quiet,discovery,0.08,0,0,100,0,20,123
15190,quiet,discovery,0.08,0,0,100,0,20,123
15200,quiet,discovery,0.08,0,0,100,0,20,123
15210,opportunity,discovery,0.23,0,0,100,0,20,123
15220,opportunity,discovery,0.23,0,0,100,0,20,123
15230,opportunity,discovery,0.23,0,0,100,0,20,123
15240,opportunity,discovery,0.23,0,0,100,0,20,123
15250,opportunity,discovery,0.23,0,0,100,0,20,123
15260,opportunity,discovery,0.23,0,0,100,0,20,123
15270,opportunity,discovery,0.23,0,0,100,0,20,123
15280,opportunity,discovery,0.23,0,0,100,0,20,123
15290,opportunity,discovery,0.23,0,0,100,0,20,123
15300,opportunity,discovery,0.23,0,0,100,0,20,123
15310,opportunity,discovery,0.23,0,0,100,0,20,123
15320,peak,discovery,0.302,0.26,0.008149,100,1,19,124
15330,peak,discovery,0.482,0.430292,0.029043,100,1,19,124
15340,peak,discovery,0.662,0.430292,0.05074,100,1,19,124
15350,peak,discovery,0.7,0.383625,0.071941,100,0,20,124
15360,peak,discovery,0.7,0.367875,0.090728,100,0,20,124
15370,aftermath,discovery,0.2,0.087875,0,100,0,20,124
15380,aftermath,discovery,0.1,0,0,100,0,20,124
15390,aftermath,discovery,0.1,0,0,100,0,20,124
15400,aftermath,discovery,0.1,0,0,100,0,20,124
15410,aftermath,discovery,0.1,0,0,100,0,20,124
15420,aftermath,discovery,0.1,0,0,100,0,20,124
15430,aftermath,discovery,0.1,0,0,100,0,20,124
15440,aftermath,discovery,0.1,0,0,100,0,20,124
15450,aftermath,discovery,0.1,0,0,100,0,20,124
15460,aftermath,discovery,0.1,0,0,100,0,20,124
15470,aftermath,discovery,0.1,0,0,100,0,20,124
15480,quiet,hunt,0.08,0,0,100,0,20,124
15490,quiet,hunt,0.08,0,0,100,0,20,124
15500,quiet,hunt,0.08,0,0,100,0,20,124
15510,quiet,hunt,0.08,0,0,100,0,20,124
15520,quiet,hunt,0.08,0,0,100,0,20,124
15530,opportunity,hunt,0.152,0,0,100,0,20,124
15540,opportunity,hunt,0.23,0,0,100,0,20,124
15550,opportunity,hunt,0.23,0,0,100,0,20,124
15560,opportunity,hunt,0.23,0,0,100,0,20,124
15570,opportunity,hunt,0.23,0,0,100,0,20,124
15580,peak,hunt,0.248,0.065,0.002,100,1,19,125
15590,peak,hunt,0.428,0.422417,0.022596,100,1,19,125
15600,peak,hunt,0.608,0.438167,0.043988,100,1,19,125
15610,peak,hunt,0.7,0.430292,0.066139,100,1,19,125
15620,peak,hunt,0.7,0.37575,0.085059,100,0,20,125
15630,aftermath,hunt,0.35,0.17975,0.026927,100,0,19,126
15640,aftermath,hunt,0.1,0,0,100,0,19,126
15650,aftermath,hunt,0.1,0,0,100,0,19,126
15660,aftermath,hunt,0.1,0,0,100,0,20,126
15670,aftermath,hunt,0.1,0,0,100,0,20,126
15680,aftermath,hunt,0.1,0,0,100,0,20,126
15690,aftermath,hunt,0.1,0,0,100,0,20,126
15700,aftermath,hunt,0.1,0,0,100,0,20,126
15710,aftermath,hunt,0.1,0,0,100,0,20,126
15720,aftermath,hunt,0.1,0,0,100,0,20,126
15730,quiet,voyage,0.08,0,0,100,0,20,126
15740,quiet,voyage,0.08,0,0,100,0,20,126
15750,quiet,voyage,0.08,0,0,100,0,20,126
15760,quiet,voyage,0.08,0,0,100,0,20,126
15770,quiet,voyage,0.08,0,0,100,0,20,126
15780,quiet,voyage,0.08,0,0,100,0,20,126
15790,quiet,voyage,0.08,0,0,100,0,20,126
15800,opportunity,voyage,0.188,0,0,100,0,20,126
15810,opportunity,voyage,0.23,0,0,100,0,20,126
15820,opportunity,voyage,0.23,0,0,100,0,20,126
15830,opportunity,voyage,0.23,0,0,100,0,20,126
15840,opportunity,voyage,0.23,0,0,100,0,20,126
15850,opportunity,voyage,0.23,0,0,100,0,20,126
15860,opportunity,voyage,0.23,0,0,100,0,20,126
15870,opportunity,voyage,0.23,0,0,100,0,20,126
15880,opportunity,voyage,0.23,0,0,100,0,20,126
15890,opportunity,voyage,0.23,0,0,100,0,20,126
15900,recovery,voyage,0.18,0.065,0.003473,100,0,20,126
15910,recovery,voyage,0.025438,0.633,0.038019,100,0,20,126
15920,recovery,voyage,0.03,0.409,0,100,0,20,126
15930,recovery,voyage,0.03,0.245,0,100,0,20,126
15940,recovery,voyage,0.03,0,0,100,0,20,126
15950,recovery,voyage,0.03,0,0,100,0,20,126
15960,recovery,voyage,0.03,0,0,100,0,20,126
15970,recovery,voyage,0.03,0,0,100,0,20,126
15980,recovery,voyage,0.03,0,0,100,0,20,126
15990,aftermath,voyage,0.048,0,0,100,0,20,126
16000,aftermath,voyage,0.1,0,0,100,0,20,126
16010,aftermath,voyage,0.1,0,0,100,0,20,126
16020,aftermath,voyage,0.1,0,0,100,0,20,126
16030,aftermath,voyage,0.1,0,0,100,0,20,126
16040,aftermath,voyage,0.1,0,0,100,0,20,126
16050,aftermath,voyage,0.1,0,0,100,0,20,126
16060,aftermath,voyage,0.1,0,0,100,0,20,126
16070,aftermath,voyage,0.1,0,0,100,0,20,126
16080,aftermath,voyage,0.1,0,0,100,0,20,126
16090,aftermath,voyage,0.1,0,0,100,0,20,126
16100,suspended:docked,hunt,,0,0,100,0,20,126
16110,suspended:docked,hunt,,0,0,100,0,20,126
16120,suspended:docked,hunt,,0,0,100,0,20,126
16130,suspended:docked,hunt,,0,0,100,0,20,126
16140,quiet,hunt,0.08,0,0,100,0,20,126
16150,quiet,hunt,0.08,0,0,100,0,20,126
16160,quiet,hunt,0.08,0,0,100,0,20,126
16170,quiet,hunt,0.08,0,0,100,0,20,126
16180,quiet,hunt,0.08,0,0,100,0,20,126
16190,peak,hunt,0.116,0.065,0.002,100,1,19,127
16200,peak,hunt,0.296,0.422417,0.022398,100,1,20,127
16210,peak,hunt,0.476,0.430292,0.04364,100,1,19,128
16220,peak,hunt,0.656,0.438167,0.065684,100,1,19,128
16230,peak,hunt,0.7,0.37575,0.084984,100,0,19,128
16240,aftermath,hunt,0.35,0.17975,0.026852,100,0,19,128
16250,aftermath,hunt,0.1,0,0,100,0,19,129
16260,aftermath,hunt,0.1,0,0,100,0,19,129
16270,aftermath,hunt,0.1,0,0,100,0,19,129
16280,aftermath,hunt,0.1,0,0,100,0,19,129
16290,aftermath,hunt,0.1,0,0,100,0,20,129
16300,aftermath,hunt,0.1,0,0,100,0,19,130
16310,aftermath,hunt,0.1,0,0,100,0,19,130
16320,aftermath,hunt,0.1,0,0,100,0,19,130
16330,aftermath,hunt,0.1,0,0,100,0,19,130
16340,aftermath,hunt,0.1,0,0,100,0,20,130
16350,aftermath,hunt,0.1,0,0,100,0,20,130
16360,quiet,discovery,0.08,0,0,100,0,20,130
16370,quiet,discovery,0.08,0,0,100,0,20,130
16380,quiet,discovery,0.08,0,0,100,0,20,130
16390,quiet,discovery,0.08,0,0,100,0,20,130
16400,quiet,discovery,0.08,0,0,100,0,20,130
16410,quiet,discovery,0.08,0,0,100,0,20,130
16420,quiet,discovery,0.08,0,0,100,0,20,130
16430,quiet,discovery,0.08,0,0,100,0,20,130
16440,peak,discovery,0.152,0.195,0.00605,100,1,19,131
16450,peak,discovery,0.332,0.422417,0.026795,100,1,19,131
16460,peak,discovery,0.512,0.438167,0.048385,100,1,19,131
16470,peak,discovery,0.692,0.390042,0.070126,100,0,20,131
16480,peak,discovery,0.7,0.367875,0.08894,100,0,20,131
16490,aftermath,discovery,0.25,0.115875,0.008914,100,0,20,131
16500,aftermath,discovery,0.1,0,0,100,0,20,131
16510,aftermath,discovery,0.1,0,0,100,0,20,131
16520,aftermath,discovery,0.1,0,0,100,0,20,131
16530,aftermath,discovery,0.1,0,0,100,0,20,131
16540,aftermath,discovery,0.1,0,0,100,0,20,131
16550,aftermath,discovery,0.1,0,0,100,0,20,131
16560,aftermath,discovery,0.1,0,0,100,0,20,131
16570,aftermath,discovery,0.1,0,0,100,0,20,131
16580,aftermath,discovery,0.1,0,0,100,0,20,131
16590,aftermath,discovery,0.1,0,0,100,0,20,131
16600,aftermath,discovery,0.1,0,0,100,0,20,131
16610,quiet,hunt,0.08,0,0,100,0,20,131
16620,quiet,hunt,0.08,0,0,100,0,20,131
16630,quiet,hunt,0.08,0,0,100,0,20,131
16640,quiet,hunt,0.08,0,0,100,0,20,131
16650,quiet,hunt,0.08,0,0,100,0,20,131
16660,opportunity,hunt,0.098,0,0,100,0,20,131
16670,opportunity,hunt,0.23,0,0,100,0,20,131
16680,opportunity,hunt,0.23,0,0,100,0,20,131
16690,opportunity,hunt,0.23,0,0,100,0,20,131
16700,opportunity,hunt,0.23,0,0,100,0,20,131
16710,opportunity,hunt,0.23,0,0,100,0,20,131
16720,opportunity,hunt,0.23,0,0,100,0,20,131
16730,opportunity,hunt,0.23,0,0,100,0,20,131
16740,opportunity,hunt,0.23,0,0,100,0,20,131
16750,peak,hunt,0.338,0.325,0.010248,100,1,19,132
16760,peak,hunt,0.518,0.430292,0.031342,100,1,19,132
16770,peak,hunt,0.693618,0.438167,0.053188,100,1,19,132
16780,peak,hunt,0.691074,0.383625,0.074382,100,0,19,132
16790,aftermath,hunt,0.639031,0.355625,0.082321,100,0,20,132
16800,aftermath,hunt,0.139031,0.075625,0,100,0,20,132
16810,aftermath,hunt,0.1,0,0,100,0,20,132
16820,aftermath,hunt,0.1,0,0,100,0,20,132
16830,aftermath,hunt,0.1,0,0,100,0,20,132
16840,aftermath,hunt,0.1,0,0,100,0,20,132
16850,aftermath,hunt,0.1,0,0,100,0,20,132
16860,aftermath,hunt,0.1,0,0,100,0,20,132
16870,aftermath,hunt,0.1,0,0,100,0,20,132
16880,aftermath,hunt,0.1,0,0,100,0,20,132
16890,quiet,discovery,0.08,0,0,100,0,20,132
16900,quiet,discovery,0.08,0,0,100,0,20,132
16910,quiet,discovery,0.08,0,0,100,0,20,132
16920,quiet,discovery,0.08,0,0,100,0,20,132
16930,quiet,discovery,0.08,0,0,100,0,20,132
16940,quiet,discovery,0.08,0,0,100,0,20,132
16950,quiet,discovery,0.08,0,0,100,0,20,132
16960,quiet,discovery,0.08,0,0,100,0,20,132
16970,peak,discovery,0.116,0.065,0.002,100,1,19,133
16980,peak,discovery,0.296,0.422417,0.022398,100,1,19,133
16990,peak,discovery,0.476,0.430292,0.04364,100,1,19,133
17000,peak,discovery,0.656,0.438167,0.065684,100,1,19,133
17010,peak,discovery,0.689802,0.37575,0.084984,100,0,20,133
17020,aftermath,discovery,0.339141,0.17975,0.026852,100,0,20,133
17030,aftermath,discovery,0.1,0,0,100,0,20,133
17040,aftermath,discovery,0.1,0,0,100,0,20,133
17050,aftermath,discovery,0.1,0,0,100,0,20,133
17060,aftermath,discovery,0.1,0,0,100,0,20,133
17070,aftermath,discovery,0.1,0,0,100,0,20,133
17080,aftermath,discovery,0.1,0,0,100,0,20,133
17090,aftermath,discovery,0.1,0,0,100,0,20,133
17100,aftermath,discovery,0.1,0,0,100,0,20,133
17110,aftermath,discovery,0.1,0,0,100,0,20,133
17120,quiet,hunt,0.08,0,0,100,0,20,133
17130,quiet,hunt,0.08,0,0,100,0,20,133
17140,quiet,hunt,0.08,0,0,100,0,20,133
17150,quiet,hunt,0.08,0,0,100,0,20,133
17160,quiet,hunt,0.08,0,0,100,0,20,133
17170,opportunity,hunt,0.134,0,0,100,0,20,133
17180,peak,hunt,0.314,0.422417,0.018596,100,1,19,134
17190,peak,hunt,0.494,0.438167,0.039988,100,1,20,134
17200,peak,hunt,0.674,0.430292,0.062139,100,1,19,135
17210,peak,hunt,0.7,0.383625,0.082068,100,0,19,135
17220,aftermath,hunt,0.45,0.243625,0.046042,100,0,19,135
17230,aftermath,hunt,0.1,0,0,100,0,19,135
17240,aftermath,hunt,0.1,0,0,100,0,20,135
17250,aftermath,hunt,0.1,0,0,100,0,20,135
17260,aftermath,hunt,0.1,0,0,100,0,20,135
17270,aftermath,hunt,0.1,0,0,100,0,20,135
17280,aftermath,hunt,0.1,0,0,100,0,20,135
17290,aftermath,hunt,0.1,0,0,100,0,20,135
17300,aftermath,hunt,0.1,0,0,100,0,20,135
17310,aftermath,hunt,0.1,0,0,100,0,20,135
17320,aftermath,hunt,0.1,0,0,100,0,20,135
17330,quiet,discovery,0.08,0,0,100,0,20,135
17340,quiet,discovery,0.08,0,0,100,0,20,135
17350,quiet,discovery,0.08,0,0,100,0,20,135
17360,quiet,discovery,0.08,0,0,100,0,20,135
17370,quiet,discovery,0.08,0,0,100,0,20,135
17380,quiet,discovery,0.08,0,0,100,0,20,135
17390,quiet,discovery,0.08,0,0,100,0,20,135
17400,quiet,discovery,0.08,0,0,100,0,0,135
17410,opportunity,discovery,0.152,0,0,100,0,0,135
17420,opportunity,discovery,0.23,0,0,100,0,0,135
17430,opportunity,discovery,0.23,0,0,100,0,0,135
17440,opportunity,discovery,0.23,0,0,100,0,0,135
17450,opportunity,discovery,0.23,0,0,100,0,0,135
17460,opportunity,discovery,0.23,0,0,100,0,0,135
17470,opportunity,discovery,0.23,0,0,100,0,0,135
17480,opportunity,discovery,0.23,0,0,100,0,0,135
17490,opportunity,discovery,0.23,0,0,100,0,0,135
17500,opportunity,discovery,0.23,0,0,100,0,0,135
17510,opportunity,discovery,0.23,0,0,100,0,0,135
17520,opportunity,discovery,0.23,0,0,100,0,0,135
17530,opportunity,discovery,0.23,0,0,100,0,0,135
17540,opportunity,discovery,0.23,0,0,100,0,0,135
17550,opportunity,discovery,0.23,0,0,100,0,0,135
17560,opportunity,discovery,0.23,0,0,100,0,0,135
17570,build,discovery,0.392,0,0,100,0,0,135
17580,build,discovery,0.572,0,0,100,0,0,135
17590,build,discovery,0.585,0,0,100,0,0,135
17600,build,discovery,0.585,0,0,100,0,0,135
17610,build,discovery,0.585,0,0,100,0,0,135
17620,build,discovery,0.585,0,0,100,0,0,135
17630,build,discovery,0.585,0,0,100,0,0,135
17640,build,discovery,0.585,0,0,100,0,0,135
17650,build,discovery,0.585,0,0,100,0,0,135
17660,opportunity,discovery,0.385,0,0,100,0,0,135
17670,opportunity,discovery,0.23,0,0,100,0,0,135
17680,opportunity,discovery,0.23,0,0,100,0,0,135
17690,opportunity,discovery,0.23,0,0,100,0,0,135
17700,opportunity,discovery,0.23,0,0,100,0,0,135
17710,opportunity,discovery,0.23,0,0,100,0,0,135
17720,opportunity,discovery,0.23,0,0,100,0,0,135
17730,opportunity,discovery,0.23,0,0,100,0,0,135
17740,opportunity,discovery,0.23,0,0,100,0,0,135
17750,opportunity,discovery,0.23,0,0,100,0,0,135
17760,opportunity,discovery,0.23,0,0,100,0,0,135
17770,opportunity,discovery,0.23,0,0,100,0,0,135
17780,peak,discovery,0.284,0.195,0.006149,100,1,0,136
17790,peak,discovery,0.464,0.430292,0.027043,100,1,0,136
17800,peak,discovery,0.644,0.430292,0.04874,100,1,0,136
17810,peak,discovery,0.7,0.3915,0.07035,100,0,0,136
17820,peak,discovery,0.7,0.37575,0.08966,100,0,1,136
17830,aftermath,discovery,0.25,0.12375,0.009679,100,0,1,136
17840,aftermath,discovery,0.1,0,0,100,0,1,136
17850,aftermath,discovery,0.1,0,0,100,0,1,136
17860,aftermath,discovery,0.1,0,0,100,0,1,136
17870,aftermath,discovery,0.1,0,0,100,0,1,137
17880,aftermath,discovery,0.1,0,0,100,0,1,137
17890,aftermath,discovery,0.1,0,0,100,0,1,137
17900,suspended:docked,discovery,,0,0,100,0,1,137
17910,suspended:docked,discovery,,0,0,100,0,2,137
17920,suspended:docked,discovery,,0,0,100,0,2,137
17930,suspended:docked,discovery,,0,0,100,0,2,137
17940,aftermath,discovery,0.08,0,0,100,0,2,137
17950,aftermath,discovery,0.08,0,0,100,0,2,137
17960,aftermath,discovery,0.1,0,0,100,0,3,137
17970,aftermath,discovery,0.1,0,0,100,0,3,137
17980,aftermath,discovery,0.1,0,0,100,0,3,137
17990,quiet,hunt,0.08,0,0,100,0,3,137
18000,quiet,hunt,0.08,0,0,100,0,4,137
18010,quiet,hunt,0.08,0,0,100,0,3,138
18020,quiet,hunt,0.08,0,0,100,0,3,138
18030,quiet,hunt,0.08,0,0,100,0,3,138
18040,opportunity,hunt,0.098,0,0,100,0,3,138
18050,opportunity,hunt,0.23,0,0,100,0,3,139
18060,peak,hunt,0.248,0.065,0.00205,100,1,2,140
18070,peak,hunt,0.428,0.422417,0.022795,100,1,2,140
18080,peak,hunt,0.608,0.438167,0.044385,100,1,2,140
18090,peak,hunt,0.7,0.438167,0.066686,100,1,3,140
18100,peak,hunt,0.7,0.37575,0.08606,100,0,2,141
18110,aftermath,hunt,0.35,0.17975,0.027945,100,0,2,141
18120,aftermath,hunt,0.1,0,0,100,0,2,141
18130,aftermath,hunt,0.1,0,0,100,0,2,141
18140,aftermath,hunt,0.1,0,0,100,0,2,142
18150,aftermath,hunt,0.1,0,0,100,0,2,142
18160,aftermath,hunt,0.1,0,0,100,0,2,142
18170,aftermath,hunt,0.1,0,0,100,0,2,142
18180,aftermath,hunt,0.1,0,0,100,0,3,142
18190,aftermath,hunt,0.1,0,0,100,0,2,143
18200,aftermath,hunt,0.1,0,0,100,0,2,143
18210,aftermath,hunt,0.1,0,0,100,0,2,143
18220,aftermath,hunt,0.1,0,0,100,0,2,143
18230,quiet,voyage,0.08,0,0,100,0,3,143
18240,quiet,voyage,0.08,0,0,100,0,3,143
18250,quiet,voyage,0.08,0,0,100,0,3,143
18260,quiet,voyage,0.08,0,0,100,0,3,143
18270,quiet,voyage,0.08,0,0,100,0,4,143
18280,quiet,voyage,0.08,0,0,100,0,4,143
18290,opportunity,voyage,0.152,0,0,100,0,4,143
18300,opportunity,voyage,0.23,0,0,100,0,4,143
18310,opportunity,voyage,0.23,0,0,100,0,4,143
18320,opportunity,voyage,0.23,0,0,100,0,4,144
18330,opportunity,voyage,0.23,0,0,100,0,4,144
18340,opportunity,voyage,0.23,0,0,100,0,4,144
18350,opportunity,voyage,0.23,0,0,100,0,4,144
18360,opportunity,voyage,0.23,0,0,100,0,5,144
18370,opportunity,voyage,0.23,0,0,100,0,4,145
18380,peak,voyage,0.266,0.13,0.004,100,1,3,146
18390,peak,voyage,0.446,0.422417,0.024398,100,1,3,146
18400,peak,voyage,0.626,0.430292,0.04564,100,1,3,146
18410,peak,voyage,0.691908,0.418042,0.067431,100,0,4,146
18420,peak,voyage,0.689596,0.37575,0.086698,100,0,4,146
18430,aftermath,voyage,0.289156,0.15175,0.017639,100,0,4,146
18440,aftermath,voyage,0.1,0,0,100,0,4,146
18450,aftermath,voyage,0.1,0,0,100,0,5,146
18460,aftermath,voyage,0.1,0,0,100,0,4,147
18470,aftermath,voyage,0.1,0,0,100,0,4,147
18480,aftermath,voyage,0.1,0,0,100,0,4,147
18490,aftermath,voyage,0.1,0,0,100,0,4,147
18500,aftermath,voyage,0.1,0,0,100,0,5,147
18510,aftermath,voyage,0.1,0,0,100,0,5,147
18520,quiet,hunt,0.08,0,0,100,0,5,147
18530,quiet,hunt,0.08,0,0,100,0,5,147
18540,quiet,hunt,0.08,0,0,100,0,6,147
18550,quiet,hunt,0.08,0,0,100,0,5,148
18560,quiet,hunt,0.08,0,0,100,0,5,148
18570,opportunity,hunt,0.23,0,0,100,0,5,148
18580,opportunity,hunt,0.23,0,0,100,0,5,148
18590,opportunity,hunt,0.23,0,0,100,0,6,148
18600,opportunity,hunt,0.23,0,0,100,0,6,148
18610,opportunity,hunt,0.23,0,0,100,0,6,148
18620,opportunity,hunt,0.23,0,0,100,0,6,148
18630,opportunity,hunt,0.23,0,0,100,0,7,148
18640,opportunity,hunt,0.23,0,0,100,0,6,149
18650,peak,hunt,0.302,0.195,0.006149,100,1,5,150
18660,peak,hunt,0.482,0.430292,0.027043,100,1,5,150
18670,peak,hunt,0.662,0.430292,0.04874,100,1,5,150
18680,peak,hunt,0.691558,0.3915,0.07035,100,0,5,151
18690,peak,hunt,0.689241,0.37575,0.08966,100,0,5,151
18700,aftermath,hunt,0.23902,0.12375,0.009679,100,0,5,151
18710,aftermath,hunt,0.1,0,0,100,0,5,151
18720,aftermath,hunt,0.1,0,0,100,0,6,151
18730,aftermath,hunt,0.1,0,0,100,0,6,151
18740,aftermath,hunt,0.1,0,0,100,0,6,151
18750,aftermath,hunt,0.1,0,0,100,0,6,151
18760,aftermath,hunt,0.1,0,0,100,0,6,151
18770,aftermath,hunt,0.1,0,0,100,0,7,151
18780,aftermath,hunt,0.1,0,0,100,0,7,151
18790,quiet,discovery,0.08,0,0,100,0,7,151
18800,quiet,discovery,0.08,0,0,100,0,7,151
18810,quiet,discovery,0.08,0,0,100,0,8,151
18820,quiet,discovery,0.08,0,0,100,0,7,152
18830,quiet,discovery,0.08,0,0,100,0,7,152
18840,quiet,discovery,0.08,0,0,100,0,7,152
18850,quiet,discovery,0.08,0,0,100,0,7,152
18860,quiet,discovery,0.08,0,0,100,0,7,153
18870,quiet,discovery,0.08,0,0,100,0,7,153
18880,opportunity,discovery,0.23,0,0,100,0,7,153
18890,peak,discovery,0.374,0.414542,0.016149,100,1,6,154
18900,peak,discovery,0.554,0.430292,0.037043,100,1,7,154
18910,peak,discovery,0.692951,0.430292,0.05874,100,1,6,155
18920,peak,discovery,0.690536,0.383625,0.07887,100,0,6,155
18930,aftermath,discovery,0.489181,0.271625,0.053792,100,0,6,155
18940,aftermath,discovery,0.1,0,0,100,0,6,155
18950,aftermath,discovery,0.1,0,0,100,0,6,156
18960,aftermath,discovery,0.1,0,0,100,0,6,156
18970,aftermath,discovery,0.1,0,0,100,0,6,156
18980,aftermath,discovery,0.1,0,0,100,0,6,156
18990,aftermath,discovery,0.1,0,0,100,0,7,156
19000,aftermath,discovery,0.1,0,0,100,0,6,157
19010,aftermath,discovery,0.1,0,0,100,0,6,157
19020,aftermath,discovery,0.1,0,0,100,0,6,157
19030,aftermath,discovery,0.1,0,0,100,0,6,157
19040,quiet,hunt,0.08,0,0,100,0,7,157
19050,quiet,hunt,0.08,0,0,100,0,7,157
19060,quiet,hunt,0.08,0,0,100,0,7,157
19070,quiet,hunt,0.08,0,0,100,0,7,157
19080,quiet,hunt,0.08,0,0,100,0,8,157
19090,opportunity,hunt,0.23,0,0,100,0,8,157
19100,opportunity,hunt,0.23,0,0,100,1,7,158
19110,peak,hunt,0.41,0.422417,0.020398,100,1,7,158
19120,peak,hunt,0.59,0.430292,0.04164,100,1,7,158
19130,peak,hunt,0.7,0.438167,0.063684,100,1,8,158
19140,peak,hunt,0.7,0.37575,0.083266,100,0,8,158
19150,aftermath,hunt,0.4,0.20775,0.036065,100,0,8,158
19160,aftermath,hunt,0.1,0,0,100,0,8,158
19170,aftermath,hunt,0.1,0,0,100,0,9,158
19180,aftermath,hunt,0.1,0,0,100,0,9,158
19190,aftermath,hunt,0.1,0,0,100,0,9,158
19200,aftermath,hunt,0.1,0,0,100,0,9,158
19210,aftermath,hunt,0.1,0,0,100,0,9,158
19220,aftermath,hunt,0.1,0,0,100,0,10,158
19230,aftermath,hunt,0.1,0,0,100,0,10,158
19240,aftermath,hunt,0.1,0,0,100,0,10,158
19250,aftermath,hunt,0.1,0,0,100,0,10,158
19260,quiet,voyage,0.08,0,0,100,0,11,158
19270,quiet,voyage,0.08,0,0,100,0,11,158
19280,quiet,voyage,0.08,0,0,100,0,11,158
19290,quiet,voyage,0.08,0,0,100,0,11,158
19300,quiet,voyage,0.08,0,0,100,0,11,158
19310,quiet,voyage,0.08,0,0,100,0,12,158
19320,opportunity,voyage,0.17,0,0,100,0,12,158
19330,opportunity,voyage,0.23,0,0,100,0,12,158
19340,opportunity,voyage,0.23,0,0,100,0,12,158
19350,opportunity,voyage,0.23,0,0,100,0,13,158
19360,opportunity,voyage,0.23,0,0,100,0,13,158
19370,opportunity,voyage,0.23,0,0,100,0,13,158
19380,opportunity,voyage,0.23,0,0,100,0,13,158
19390,opportunity,voyage,0.23,0,0,100,0,13,158
19400,opportunity,voyage,0.23,0,0,100,0,13,159
19410,opportunity,voyage,0.23,0,0,100,0,13,159
19420,opportunity,voyage,0.23,0,0,100,0,13,159
19430,opportunity,voyage,0.23,0,0,100,0,13,159
19440,peak,voyage,0.41,0.26,0.00805,100,1,13,160
19450,peak,voyage,0.59,0.422417,0.028795,100,1,13,160
19460,peak,voyage,0.7,0.438167,0.050385,100,1,13,160
19470,peak,voyage,0.7,0.383625,0.071866,100,0,13,160
19480,peak,voyage,0.7,0.367875,0.090653,100,0,13,160
19490,aftermath,voyage,0.2,0.087875,0,100,0,14,160
19500,recovery,voyage,0.05,0.065,0.003473,100,0,14,160
19510,recovery,voyage,0.025438,0.633,0.038019,100,0,14,160
19520,recovery,voyage,0.03,0.409,0,100,0,14,160
19530,recovery,voyage,0.03,0.245,0,100,0,15,160
19540,recovery,voyage,0.03,0,0,100,0,15,160
19550,recovery,voyage,0.03,0,0,100,0,15,160
19560,recovery,voyage,0.03,0,0,100,0,15,160
19570,recovery,voyage,0.03,0,0,100,0,15,160
19580,recovery,voyage,0.03,0,0,100,0,16,160
19590,aftermath,voyage,0.048,0,0,100,0,16,160
19600,aftermath,voyage,0.1,0,0,100,0,16,160
19610,aftermath,voyage,0.1,0,0,100,0,16,160
19620,aftermath,voyage,0.1,0,0,100,0,17,160
19630,aftermath,voyage,0.1,0,0,100,0,16,161
19640,aftermath,voyage,0.1,0,0,100,0,16,161
19650,aftermath,voyage,0.1,0,0,100,0,16,161
19660,aftermath,voyage,0.1,0,0,100,0,16,161
19670,aftermath,voyage,0.1,0,0,100,0,17,161
19680,aftermath,voyage,0.1,0,0,100,0,17,161
19690,quiet,hunt,0.08,0,0,100,0,17,161
19700,suspended:docked,hunt,,0,0,100,0,17,161
19710,suspended:docked,hunt,,0,0,100,0,18,161
19720,suspended:docked,hunt,,0,0,100,0,18,161
19730,suspended:docked,hunt,,0,0,100,0,18,161
19740,quiet,hunt,0.08,0,0,100,0,18,161
19750,quiet,hunt,0.08,0,0,100,0,18,161
19760,quiet,hunt,0.08,0,0,100,0,18,162
19770,quiet,hunt,0.08,0,0,100,0,18,162
19780,peak,hunt,0.152,0.065,0.002,100,1,17,163
19790,peak,hunt,0.332,0.422417,0.022596,100,1,17,163
19800,peak,hunt,0.512,0.438167,0.043988,100,1,18,163
19810,peak,hunt,0.692,0.430292,0.066139,100,1,18,163
19820,peak,hunt,0.7,0.37575,0.085059,100,0,18,163
19830,aftermath,hunt,0.35,0.17975,0.026927,100,0,18,163
19840,aftermath,hunt,0.1,0,0,100,0,18,163
19850,aftermath,hunt,0.1,0,0,100,0,19,163
19860,aftermath,hunt,0.1,0,0,100,0,19,163
19870,aftermath,hunt,0.1,0,0,100,0,19,163
19880,aftermath,hunt,0.1,0,0,100,0,19,163
19890,aftermath,hunt,0.1,0,0,100,0,20,163
19900,aftermath,hunt,0.1,0,0,100,0,20,163
19910,aftermath,hunt,0.1,0,0,100,0,20,163
19920,aftermath,hunt,0.1,0,0,100,0,20,163
19930,aftermath,hunt,0.1,0,0,100,0,20,163
19940,aftermath,hunt,0.1,0,0,100,0,20,163
19950,quiet,discovery,0.08,0,0,100,0,20,163
19960,quiet,discovery,0.08,0,0,100,0,20,163
19970,quiet,discovery,0.08,0,0,100,0,20,163
19980,quiet,discovery,0.08,0,0,100,0,20,163
19990,quiet,discovery,0.08,0,0,100,0,20,163
20000,quiet,discovery,0.08,0,0,100,0,19,164
20010,quiet,discovery,0.08,0,0,100,0,19,164
20020,quiet,discovery,0.08,0,0,100,0,19,164
20030,opportunity,discovery,0.152,0,0,100,0,19,165
20040,peak,discovery,0.332,0.422417,0.014397,100,1,18,166
20050,peak,discovery,0.512,0.430292,0.03564,100,1,17,167
20060,peak,discovery,0.692,0.438167,0.057684,100,1,17,167
20070,peak,discovery,0.7,0.383625,0.078442,100,0,18,167
20080,aftermath,discovery,0.55,0.299625,0.064393,100,0,17,168
20090,aftermath,discovery,0.1,0.019625,0,100,0,17,168
20100,aftermath,discovery,0.1,0,0,100,0,17,168
20110,aftermath,discovery,0.1,0,0,100,0,17,168
20120,aftermath,discovery,0.1,0,0,100,0,17,169
20130,aftermath,discovery,0.1,0,0,100,0,17,169
20140,aftermath,discovery,0.1,0,0,100,0,17,169
20150,aftermath,discovery,0.1,0,0,100,0,17,169
20160,aftermath,discovery,0.1,0,0,100,0,18,169
20170,aftermath,discovery,0.1,0,0,100,0,17,170
20180,aftermath,discovery,0.1,0,0,100,0,17,170
20190,aftermath,discovery,0.1,0,0,100,0,17,170
20200,aftermath,discovery,0.1,0,0,100,0,17,170
20210,quiet,hunt,0.08,0,0,100,0,18,170
20220,quiet,hunt,0.08,0,0,100,0,18,170
20230,quiet,hunt,0.08,0,0,100,0,18,170
20240,quiet,hunt,0.08,0,0,100,0,18,170
20250,quiet,hunt,0.08,0,0,100,0,19,170
20260,opportunity,hunt,0.17,0,0,100,0,19,170
20270,opportunity,hunt,0.23,0,0,100,0,19,170
20280,opportunity,hunt,0.23,0,0,100,0,19,170
20290,opportunity,hunt,0.23,0,0,100,0,19,170
20300,opportunity,hunt,0.23,0,0,100,0,20,170
20310,opportunity,hunt,0.23,0,0,100,0,19,171
20320,opportunity,hunt,0.23,0,0,100,0,19,171
20330,opportunity,hunt,0.23,0,0,100,0,19,171
20340,opportunity,hunt,0.23,0,0,100,0,20,171
20350,peak,hunt,0.41,0.414542,0.014248,100,1,19,172
20360,peak,hunt,0.59,0.430292,0.035342,100,1,19,172
20370,peak,hunt,0.693138,0.438167,0.057187,100,1,19,172
20380,peak,hunt,0.690688,0.37575,0.077597,100,0,19,172
20390,aftermath,hunt,0.539142,0.29175,0.063207,100,0,20,172
20400,aftermath,hunt,0.1,0.01175,0,100,0,20,172
20410,aftermath,hunt,0.1,0,0,100,0,20,172
20420,aftermath,hunt,0.1,0,0,100,0,20,172
20430,aftermath,hunt,0.1,0,0,100,0,20,172
20440,aftermath,hunt,0.1,0,0,100,0,20,172
20450,aftermath,hunt,0.1,0,0,100,0,20,172
20460,aftermath,hunt,0.1,0,0,100,0,20,172
20470,aftermath,hunt,0.1,0,0,100,0,20,172
20480,aftermath,hunt,0.1,0,0,100,0,20,172
20490,quiet,discovery,0.08,0,0,100,0,20,172
20500,quiet,discovery,0.08,0,0,100,0,20,172
20510,quiet,discovery,0.08,0,0,100,0,20,172
20520,quiet,discovery,0.08,0,0,100,0,20,172
20530,quiet,discovery,0.08,0,0,100,0,20,172
20540,quiet,discovery,0.08,0,0,100,0,20,172
20550,quiet,discovery,0.08,0,0,100,0,20,172
20560,quiet,discovery,0.08,0,0,100,0,20,172
20570,peak,discovery,0.152,0.065,0.002,100,1,19,173
20580,peak,discovery,0.332,0.422417,0.022398,100,1,19,173
20590,peak,discovery,0.512,0.430292,0.04364,100,1,19,173
20600,peak,discovery,0.692,0.438167,0.065684,100,1,19,173
20610,peak,discovery,0.689802,0.37575,0.084984,100,0,20,173
20620,aftermath,discovery,0.339141,0.17975,0.026852,100,0,19,174
20630,aftermath,discovery,0.1,0,0,100,0,19,174
20640,aftermath,discovery,0.1,0,0,100,0,19,174
20650,aftermath,discovery,0.1,0,0,100,0,19,174
20660,aftermath,discovery,0.1,0,0,100,0,20,174
20670,aftermath,discovery,0.1,0,0,100,0,20,174
20680,aftermath,discovery,0.1,0,0,100,0,20,174
20690,aftermath,discovery,0.1,0,0,100,0,20,174
20700,aftermath,discovery,0.1,0,0,100,0,20,174
20710,aftermath,discovery,0.1,0,0,100,0,20,174
20720,quiet,hunt,0.08,0,0,100,0,20,174
20730,quiet,hunt,0.08,0,0,100,0,20,174
20740,quiet,hunt,0.08,0,0,100,0,20,174
20750,quiet,hunt,0.08,0,0,100,0,20,174
20760,quiet,hunt,0.08,0,0,100,0,20,174
20770,peak,hunt,0.134,0.13,0.004,100,1,19,175
20780,peak,hunt,0.314,0.422417,0.024596,100,1,19,175
20790,peak,hunt,0.494,0.438167,0.045988,100,1,20,175
20800,peak,hunt,0.674,0.418042,0.067886,100,0,20,175
20810,peak,hunt,0.689587,0.37575,0.086773,100,0,20,175
20820,aftermath,hunt,0.289147,0.15175,0.017714,100,0,20,175
20830,aftermath,hunt,0.1,0,0,100,0,20,175
20840,aftermath,hunt,0.1,0,0,100,0,20,175
20850,aftermath,hunt,0.1,0,0,100,0,20,175
20860,aftermath,hunt,0.1,0,0,100,0,20,175
20870,aftermath,hunt,0.1,0,0,100,0,20,175
20880,aftermath,hunt,0.1,0,0,100,0,20,175
20890,aftermath,hunt,0.1,0,0,100,0,20,175
20900,aftermath,hunt,0.1,0,0,100,0,20,175
20910,quiet,voyage,0.08,0,0,100,0,20,175
20920,quiet,voyage,0.08,0,0,100,0,20,175
20930,quiet,voyage,0.08,0,0,100,0,20,175
20940,quiet,voyage,0.08,0,0,100,0,20,175
20950,quiet,voyage,0.08,0,0,100,0,20,175
20960,quiet,voyage,0.08,0,0,100,0,20,175
20970,quiet,voyage,0.08,0,0,100,0,20,175
20980,opportunity,voyage,0.23,0,0,100,0,20,175
20990,opportunity,voyage,0.23,0,0,100,0,20,175
21000,opportunity,voyage,0.23,0,0,100,0,20,175
21010,opportunity,voyage,0.23,0,0,100,0,20,175
21020,opportunity,voyage,0.23,0,0,100,0,20,175
21030,opportunity,voyage,0.23,0,0,100,0,20,175
21040,opportunity,voyage,0.23,0,0,100,0,20,175
21050,opportunity,voyage,0.23,0,0,100,0,20,175
21060,opportunity,voyage,0.23,0,0,100,0,20,175
21070,opportunity,voyage,0.23,0,0,100,0,20,175
21080,opportunity,voyage,0.23,0,0,100,0,20,175
21090,peak,voyage,0.302,0.195,0.00605,100,1,19,176
21100,peak,voyage,0.482,0.422417,0.026795,100,1,19,176
21110,peak,voyage,0.662,0.438167,0.048385,100,1,19,177
21120,peak,voyage,0.7,0.390042,0.070126,100,0,19,177
21130,peak,voyage,0.7,0.367875,0.08894,100,0,19,177
21140,aftermath,voyage,0.25,0.115875,0.008914,100,0,19,177
21150,aftermath,voyage,0.1,0,0,100,0,20,177
21160,aftermath,voyage,0.1,0,0,100,0,20,177
21170,aftermath,voyage,0.1,0,0,100,0,20,177
21180,aftermath,voyage,0.1,0,0,100,0,20,177
21190,aftermath,voyage,0.1,0,0,100,0,20,177
21200,aftermath,voyage,0.1,0,0,100,0,20,177
21210,aftermath,voyage,0.1,0,0,100,0,20,177
21220,aftermath,voyage,0.1,0,0,100,0,20,177
21230,aftermath,voyage,0.1,0,0,100,0,20,177
21240,quiet,hunt,0.08,0,0,100,0,20,177
21250,quiet,hunt,0.08,0,0,100,0,20,177
21260,quiet,hunt,0.08,0,0,100,0,20,177
21270,quiet,hunt,0.08,0,0,100,0,20,177
21280,quiet,hunt,0.08,0,0,100,0,20,177
21290,peak,hunt,0.224,0.414542,0.014149,100,1,20,178
21300,peak,hunt,0.404,0.430292,0.035043,100,1,20,178
21310,peak,hunt,0.584,0.430292,0.05674,100,1,20,178
21320,peak,hunt,0.7,0.383625,0.077143,100,0,20,178
21330,aftermath,hunt,0.55,0.299625,0.063047,100,0,20,178
21340,aftermath,hunt,0.1,0.019625,0,100,0,20,178
21350,aftermath,hunt,0.1,0,0,100,0,20,178
21360,aftermath,hunt,0.1,0,0,100,0,20,178
21370,aftermath,hunt,0.1,0,0,100,0,20,178
21380,aftermath,hunt,0.1,0,0,100,0,20,178
21390,aftermath,hunt,0.1,0,0,100,0,20,178
21400,aftermath,hunt,0.1,0,0,100,0,20,178
21410,aftermath,hunt,0.1,0,0,100,0,20,178
21420,aftermath,hunt,0.1,0,0,100,0,20,178
21430,aftermath,hunt,0.1,0,0,100,0,20,178
21440,quiet,discovery,0.08,0,0,100,0,20,178
21450,quiet,discovery,0.08,0,0,100,0,20,178
21460,quiet,discovery,0.08,0,0,100,0,20,178
21470,quiet,discovery,0.08,0,0,100,0,20,178
21480,quiet,discovery,0.08,0,0,100,0,20,178
21490,quiet,discovery,0.08,0,0,100,0,20,178
21500,suspended:docked,discovery,,0,0,100,0,20,178
21510,suspended:docked,discovery,,0,0,100,0,20,178
21520,suspended:docked,discovery,,0,0,100,0,20,178
21530,suspended:docked,discovery,,0,0,100,0,20,178
21540,quiet,discovery,0.08,0,0,100,0,20,178
21550,quiet,discovery,0.08,0,0,100,0,20,178
21560,opportunity,discovery,0.116,0,0,100,0,20,178
21570,peak,discovery,0.296,0.422417,0.018397,100,1,19,179
21580,peak,discovery,0.476,0.430292,0.03964,100,1,19,179
21590,peak,discovery,0.656,0.438167,0.061684,100,1,19,179
21600,peak,discovery,0.7,0.37575,0.081546,100,0,20,179
21610,aftermath,discovery,0.45,0.23575,0.045278,100,0,20,179
21620,aftermath,discovery,0.1,0,0,100,0,20,179
21630,aftermath,discovery,0.1,0,0,100,0,20,179
21640,aftermath,discovery,0.1,0,0,100,0,20,179
21650,aftermath,discovery,0.1,0,0,100,0,20,179
21660,aftermath,discovery,0.1,0,0,100,0,20,179
21670,aftermath,discovery,0.1,0,0,100,0,20,179
21680,aftermath,discovery,0.1,0,0,100,0,20,179
21690,aftermath,discovery,0.1,0,0,100,0,20,179
21700,aftermath,discovery,0.1,0,0,100,0,20,179
21710,aftermath,discovery,0.1,0,0,100,0,20,179
21720,aftermath,discovery,0.1,0,0,100,0,20,179
21730,aftermath,discovery,0.1,0,0,100,0,20,179
21740,quiet,hunt,0.08,0,0,100,0,20,179
21750,quiet,hunt,0.08,0,0,100,0,20,179
21760,quiet,hunt,0.08,0,0,100,0,20,179
21770,quiet,hunt,0.08,0,0,100,0,20,179
21780,quiet,hunt,0.08,0,0,100,0,20,179
21790,opportunity,hunt,0.206,0,0,100,0,20,179
21800,opportunity,hunt,0.23,0,0,100,0,20,179
21810,opportunity,hunt,0.23,0,0,100,0,20,179
21820,opportunity,hunt,0.23,0,0,100,0,20,179
21830,opportunity,hunt,0.23,0,0,100,0,20,179
21840,opportunity,hunt,0.23,0,0,100,0,20,179
21850,opportunity,hunt,0.23,0,0,100,0,20,179
21860,opportunity,hunt,0.23,0,0,100,0,20,179
21870,peak,hunt,0.266,0.065,0.00205,100,1,20,180
21880,peak,hunt,0.446,0.422417,0.022795,100,1,20,180
21890,peak,hunt,0.626,0.438167,0.044385,100,1,19,181
21900,peak,hunt,0.7,0.438167,0.066686,100,1,19,181
21910,peak,hunt,0.7,0.37575,0.08606,100,0,19,181
21920,aftermath,hunt,0.35,0.17975,0.027945,100,0,20,181
21930,aftermath,hunt,0.1,0,0,100,0,20,181
21940,aftermath,hunt,0.1,0,0,100,0,20,181
21950,aftermath,hunt,0.1,0,0,100,0,20,181
21960,aftermath,hunt,0.1,0,0,100,0,20,181
21970,aftermath,hunt,0.1,0,0,100,0,20,181
21980,aftermath,hunt,0.1,0,0,100,0,20,181
21990,aftermath,hunt,0.1,0,0,100,0,20,181
22000,aftermath,hunt,0.1,0,0,100,0,20,181
22010,aftermath,hunt,0.1,0,0,100,0,20,181
22020,aftermath,hunt,0.1,0,0,100,0,20,181
22030,aftermath,hunt,0.1,0,0,100,0,20,181
22040,quiet,voyage,0.08,0,0,100,0,20,181
22050,quiet,voyage,0.08,0,0,100,0,20,181
22060,quiet,voyage,0.08,0,0,100,0,20,181
22070,quiet,voyage,0.08,0,0,100,0,20,181
22080,quiet,voyage,0.08,0,0,100,0,20,181
22090,quiet,voyage,0.08,0,0,100,0,20,181
22100,peak,voyage,0.152,0.13,0.004,100,1,19,182
22110,peak,voyage,0.332,0.422417,0.024398,100,1,19,182
22120,peak,voyage,0.512,0.430292,0.04564,100,1,19,182
22130,peak,voyage,0.691908,0.418042,0.067431,100,0,19,182
22140,peak,voyage,0.689596,0.37575,0.086698,100,0,20,182
22150,aftermath,voyage,0.289156,0.15175,0.017639,100,0,20,182
22160,aftermath,voyage,0.1,0,0,100,0,20,182
22170,aftermath,voyage,0.1,0,0,100,0,20,182
22180,aftermath,voyage,0.1,0,0,100,0,20,182
22190,aftermath,voyage,0.1,0,0,100,0,20,182
22200,aftermath,voyage,0.1,0,0,100,0,20,182
22210,aftermath,voyage,0.1,0,0,100,0,20,182
22220,aftermath,voyage,0.1,0,0,100,0,20,182
22230,aftermath,voyage,0.1,0,0,100,0,20,182
22240,quiet,hunt,0.08,0,0,100,0,20,182
22250,quiet,hunt,0.08,0,0,100,0,20,182
22260,quiet,hunt,0.08,0,0,100,0,20,182
22270,quiet,hunt,0.08,0,0,100,0,20,182
22280,quiet,hunt,0.08,0,0,100,0,20,182
22290,opportunity,hunt,0.23,0,0,100,0,20,182
22300,opportunity,hunt,0.23,0,0,100,0,20,182
22310,opportunity,hunt,0.23,0,0,100,0,20,182
22320,opportunity,hunt,0.23,0,0,100,0,20,182
22330,opportunity,hunt,0.23,0,0,100,0,20,182
22340,opportunity,hunt,0.23,0,0,100,0,20,182
22350,opportunity,hunt,0.23,0,0,100,0,20,182
22360,opportunity,hunt,0.23,0,0,100,0,20,182
22370,build,hunt,0.302,0,0,100,0,20,182
22380,build,hunt,0.482,0,0,100,0,20,182
22390,peak,hunt,0.662,0.414542,0.018248,100,1,19,183
22400,peak,hunt,0.695279,0.430292,0.039342,100,1,19,183
22410,peak,hunt,0.692657,0.438167,0.061188,100,1,20,183
22420,peak,hunt,0.690274,0.37575,0.081049,100,0,20,183
22430,aftermath,hunt,0.439172,0.23575,0.044781,100,0,20,183
22440,aftermath,hunt,0.1,0,0,100,0,20,183
22450,aftermath,hunt,0.1,0,0,100,0,20,183
22460,aftermath,hunt,0.1,0,0,100,0,20,183
22470,aftermath,hunt,0.1,0,0,100,0,20,183
22480,aftermath,hunt,0.1,0,0,100,0,20,183
22490,aftermath,hunt,0.1,0,0,100,0,20,183
22500,aftermath,hunt,0.1,0,0,100,0,20,183
22510,aftermath,hunt,0.1,0,0,100,0,20,183
22520,quiet,discovery,0.08,0,0,100,0,20,183
22530,quiet,discovery,0.08,0,0,100,0,20,183
22540,quiet,discovery,0.08,0,0,100,0,20,183
22550,quiet,discovery,0.08,0,0,100,0,20,183
22560,quiet,discovery,0.08,0,0,100,0,20,183
22570,quiet,discovery,0.08,0,0,100,0,20,183
22580,quiet,discovery,0.08,0,0,100,0,20,183
22590,quiet,discovery,0.08,0,0,100,0,20,183
22600,quiet,discovery,0.08,0,0,100,0,20,183
22610,opportunity,discovery,0.188,0,0,100,0,20,183
22620,opportunity,discovery,0.23,0,0,100,0,20,183
22630,opportunity,discovery,0.23,0,0,100,0,20,183
22640,opportunity,discovery,0.23,0,0,100,0,20,183
22650,opportunity,discovery,0.23,0,0,100,0,20,183
22660,opportunity,discovery,0.23,0,0,100,0,20,183
22670,opportunity,discovery,0.23,0,0,100,0,20,183
22680,opportunity,discovery,0.23,0,0,100,0,20,183
22690,opportunity,discovery,0.23,0,0,100,0,20,183
22700,peak,discovery,0.248,0.065,0.002,100,1,19,184
22710,peak,discovery,0.428,0.422417,0.022398,100,1,19,184
22720,peak,discovery,0.608,0.430292,0.04364,100,1,19,184
22730,peak,discovery,0.7,0.438167,0.065684,100,1,19,185
22740,peak,discovery,0.7,0.37575,0.084984,100,0,19,185
22750,aftermath,discovery,0.35,0.17975,0.026852,100,0,19,185
22760,aftermath,discovery,0.1,0,0,100,0,19,185
22770,aftermath,discovery,0.1,0,0,100,0,20,185
22780,aftermath,discovery,0.1,0,0,100,0,20,185
22790,aftermath,discovery,0.1,0,0,100,0,20,185
22800,aftermath,discovery,0.1,0,0,100,0,20,185
22810,aftermath,discovery,0.1,0,0,100,0,20,185
22820,aftermath,discovery,0.1,0,0,100,0,20,185
22830,aftermath,discovery,0.1,0,0,100,0,20,185
22840,aftermath,discovery,0.1,0,0,100,0,20,185
22850,aftermath,discovery,0.1,0,0,100,0,20,185
22860,quiet,hunt,0.08,0,0,100,0,20,185
22870,quiet,hunt,0.08,0,0,100,0,20,185
22880,quiet,hunt,0.08,0,0,100,0,20,185
22890,quiet,hunt,0.08,0,0,100,0,20,185
22900,quiet,hunt,0.08,0,0,100,0,20,185
22910,opportunity,hunt,0.098,0,0,100,0,20,185
22920,opportunity,hunt,0.23,0,0,100,0,20,185
22930,opportunity,hunt,0.23,0,0,100,0,20,185
22940,opportunity,hunt,0.23,0,0,100,0,20,185
22950,opportunity,hunt,0.23,0,0,100,0,20,185
22960,opportunity,hunt,0.23,0,0,100,0,20,185
22970,opportunity,hunt,0.23,0,0,100,0,20,185
22980,opportunity,hunt,0.23,0,0,100,0,20,185
22990,peak,hunt,0.374,0.414542,0.016248,100,1,19,186
23000,peak,hunt,0.554,0.430292,0.037342,100,1,19,187
23010,peak,hunt,0.7,0.438167,0.059188,100,1,19,187
23020,peak,hunt,0.7,0.37575,0.079325,100,0,19,187
23030,aftermath,hunt,0.5,0.26375,0.053994,100,0,19,187
23040,aftermath,hunt,0.1,0,0,100,0,20,187
23050,aftermath,hunt,0.1,0,0,100,0,20,187
23060,aftermath,hunt,0.1,0,0,100,0,20,187
23070,aftermath,hunt,0.1,0,0,100,0,20,187
23080,aftermath,hunt,0.1,0,0,100,0,20,187
23090,aftermath,hunt,0.1,0,0,100,0,20,187
23100,recovery,hunt,0.05,0.065,0.003473,100,0,20,187
23110,recovery,hunt,0.025438,0.633,0.038019,100,0,20,187
23120,recovery,hunt,0.03,0.409,0,100,0,20,187
23130,recovery,hunt,0.03,0.245,0,100,0,20,187
23140,recovery,hunt,0.03,0,0,100,0,20,187
23150,recovery,hunt,0.03,0,0,100,0,20,187
23160,recovery,hunt,0.03,0,0,100,0,20,187
23170,recovery,hunt,0.03,0,0,100,0,20,187
23180,recovery,hunt,0.03,0,0,100,0,20,187
23190,aftermath,hunt,0.048,0,0,100,0,20,187
23200,aftermath,hunt,0.1,0,0,100,0,20,187
23210,aftermath,hunt,0.1,0,0,100,0,20,187
23220,aftermath,hunt,0.1,0,0,100,0,20,187
23230,aftermath,hunt,0.1,0,0,100,0,20,187
23240,aftermath,hunt,0.1,0,0,100,0,20,187
23250,aftermath,hunt,0.1,0,0,100,0,20,187
23260,aftermath,hunt,0.1,0,0,100,0,20,187
23270,aftermath,hunt,0.1,0,0,100,0,20,187
23280,aftermath,hunt,0.1,0,0,100,0,20,187
23290,aftermath,hunt,0.1,0,0,100,0,20,187
23300,suspended:docked,voyage,,0,0,100,0,20,187
23310,suspended:docked,voyage,,0,0,100,0,20,187
23320,suspended:docked,voyage,,0,0,100,0,20,187
23330,suspended:docked,voyage,,0,0,100,0,20,187
23340,quiet,voyage,0.08,0,0,100,0,20,187
23350,quiet,voyage,0.08,0,0,100,0,20,187
23360,quiet,voyage,0.08,0,0,100,0,20,187
23370,quiet,voyage,0.08,0,0,100,0,20,187
23380,quiet,voyage,0.08,0,0,100,0,20,187
23390,quiet,voyage,0.08,0,0,100,0,20,187
23400,opportunity,voyage,0.152,0,0,100,0,20,187
23410,peak,voyage,0.332,0.414542,0.018248,100,1,19,188
23420,peak,voyage,0.512,0.430292,0.039342,100,1,19,188
23430,peak,voyage,0.692,0.438167,0.061188,100,1,19,188
23440,peak,voyage,0.7,0.37575,0.081049,100,0,19,188
23450,aftermath,voyage,0.45,0.23575,0.044781,100,0,20,188
23460,aftermath,voyage,0.1,0,0,100,0,20,188
23470,aftermath,voyage,0.1,0,0,100,0,20,188
23480,aftermath,voyage,0.1,0,0,100,0,20,188
23490,aftermath,voyage,0.1,0,0,100,0,20,188
23500,aftermath,voyage,0.1,0,0,100,0,20,188
23510,aftermath,voyage,0.1,0,0,100,0,20,188
23520,aftermath,voyage,0.1,0,0,100,0,20,188
23530,aftermath,voyage,0.1,0,0,100,0,20,188
23540,aftermath,voyage,0.1,0,0,100,0,20,188
23550,aftermath,voyage,0.1,0,0,100,0,20,188
23560,quiet,hunt,0.08,0,0,100,0,20,188
23570,quiet,hunt,0.08,0,0,100,0,20,188
23580,quiet,hunt,0.08,0,0,100,0,20,188
23590,quiet,hunt,0.08,0,0,100,0,20,188
23600,quiet,hunt,0.08,0,0,100,0,20,188
23610,opportunity,hunt,0.116,0,0,100,0,20,188
23620,peak,hunt,0.296,0.39,0.012248,100,1,19,189
23630,peak,hunt,0.476,0.430292,0.033342,100,1,20,189
23640,peak,hunt,0.656,0.438167,0.055187,100,1,19,190
23650,peak,hunt,0.7,0.37575,0.075867,100,0,19,190
23660,aftermath,hunt,0.6,0.31975,0.072419,100,0,19,190
23670,aftermath,hunt,0.1,0.03975,0,100,0,20,190
23680,aftermath,hunt,0.1,0,0,100,0,19,191
23690,aftermath,hunt,0.1,0,0,100,0,19,191
23700,aftermath,hunt,0.1,0,0,100,0,19,191
23710,aftermath,hunt,0.1,0,0,100,0,19,191
23720,aftermath,hunt,0.1,0,0,100,0,20,191
23730,aftermath,hunt,0.1,0,0,100,0,20,191
23740,aftermath,hunt,0.1,0,0,100,0,20,191
23750,aftermath,hunt,0.1,0,0,100,0,20,191
23760,aftermath,hunt,0.1,0,0,100,0,20,191
23770,aftermath,hunt,0.1,0,0,100,0,20,191
23780,quiet,discovery,0.08,0,0,100,0,20,191
23790,quiet,discovery,0.08,0,0,100,0,20,191
23800,quiet,discovery,0.08,0,0,100,0,20,191
23810,quiet,discovery,0.08,0,0,100,0,20,191
23820,quiet,discovery,0.08,0,0,100,0,20,191
23830,quiet,discovery,0.08,0,0,100,0,20,191
23840,quiet,discovery,0.08,0,0,100,0,20,191
23850,quiet,discovery,0.08,0,0,100,0,20,191
23860,quiet,discovery,0.08,0,0,100,0,20,191
23870,opportunity,discovery,0.23,0,0,100,0,20,191
23880,opportunity,discovery,0.23,0,0,100,0,20,191
23890,opportunity,discovery,0.23,0,0,100,0,20,191
23900,opportunity,discovery,0.23,0,0,100,0,20,191
23910,opportunity,discovery,0.23,0,0,100,0,20,191
23920,opportunity,discovery,0.23,0,0,100,0,20,191
23930,opportunity,discovery,0.23,0,0,100,0,20,191
23940,opportunity,discovery,0.23,0,0,100,0,20,191
23950,opportunity,discovery,0.23,0,0,100,0,20,191
23960,opportunity,discovery,0.23,0,0,100,0,20,191
23970,opportunity,discovery,0.23,0,0,100,0,20,191
23980,opportunity,discovery,0.23,0,0,100,0,20,191
23990,opportunity,discovery,0.23,0,0,100,0,20,191
24000,opportunity,discovery,0.23,0,0,100,0,20,191
24010,peak,discovery,0.374,0.414542,0.016248,100,1,19,192
24020,peak,discovery,0.554,0.430292,0.037342,100,1,19,192
24030,peak,discovery,0.692898,0.438167,0.059188,100,1,20,192
24040,peak,discovery,0.690481,0.37575,0.079325,100,0,20,192
24050,aftermath,discovery,0.489157,0.26375,0.053994,100,0,20,192
24060,aftermath,discovery,0.1,0,0,100,0,20,192
24070,aftermath,discovery,0.1,0,0,100,0,20,192
24080,aftermath,discovery,0.1,0,0,100,0,20,192
24090,aftermath,discovery,0.1,0,0,100,0,20,192
24100,aftermath,discovery,0.1,0,0,100,0,20,192
24110,aftermath,discovery,0.1,0,0,100,0,20,192
24120,aftermath,discovery,0.1,0,0,100,0,20,192
24130,aftermath,discovery,0.1,0,0,100,0,20,192
24140,aftermath,discovery,0.1,0,0,100,0,20,192
24150,aftermath,discovery,0.1,0,0,100,0,20,192
24160,quiet,hunt,0.08,0,0,100,0,20,192
24170,quiet,hunt,0.08,0,0,100,0,20,192
24180,quiet,hunt,0.08,0,0,100,0,20,192
24190,quiet,hunt,0.08,0,0,100,0,20,192
24200,quiet,hunt,0.08,0,0,100,0,20,192
24210,opportunity,hunt,0.23,0,0,100,0,20,192
24220,opportunity,hunt,0.23,0,0,100,0,20,192
24230,peak,hunt,0.356,0.414542,0.014149,100,1,19,193
24240,peak,hunt,0.536,0.430292,0.035043,100,1,19,193
24250,peak,hunt,0.693191,0.430292,0.05674,100,1,19,193
24260,peak,hunt,0.690743,0.383625,0.077143,100,0,20,193
24270,aftermath,hunt,0.539162,0.299625,0.063047,100,0,20,193
24280,aftermath,hunt,0.1,0.019625,0,100,0,20,193
24290,aftermath,hunt,0.1,0,0,100,0,20,193
24300,aftermath,hunt,0.1,0,0,100,0,20,193
24310,aftermath,hunt,0.1,0,0,100,0,20,193
24320,aftermath,hunt,0.1,0,0,100,0,20,193
24330,aftermath,hunt,0.1,0,0,100,0,20,193
24340,aftermath,hunt,0.1,0,0,100,0,20,193
24350,aftermath,hunt,0.1,0,0,100,0,20,193
24360,aftermath,hunt,0.1,0,0,100,0,20,193
24370,quiet,voyage,0.08,0,0,100,0,20,193
24380,quiet,voyage,0.08,0,0,100,0,20,193
24390,quiet,voyage,0.08,0,0,100,0,20,193
24400,quiet,voyage,0.08,0,0,100,0,20,193
24410,quiet,voyage,0.08,0,0,100,0,20,193
24420,quiet,voyage,0.08,0,0,100,0,20,193
24430,opportunity,voyage,0.152,0,0,100,0,20,193
24440,opportunity,voyage,0.23,0,0,100,0,20,193
24450,opportunity,voyage,0.23,0,0,100,0,20,193
24460,opportunity,voyage,0.23,0,0,100,0,20,193
24470,opportunity,voyage,0.23,0,0,100,0,20,193
24480,opportunity,voyage,0.23,0,0,100,0,20,193
24490,opportunity,voyage,0.23,0,0,100,0,20,193
24500,opportunity,voyage,0.23,0,0,100,0,20,193
24510,opportunity,voyage,0.23,0,0,100,0,20,193
24520,opportunity,voyage,0.23,0,0,100,0,20,193
24530,opportunity,voyage,0.23,0,0,100,0,20,193
24540,opportunity,voyage,0.23,0,0,100,0,20,193
24550,peak,voyage,0.392,0.414542,0.016248,100,1,19,194
24560,peak,voyage,0.572,0.430292,0.037342,100,1,19,194
24570,peak,voyage,0.7,0.438167,0.059188,100,1,20,194
24580,peak,voyage,0.7,0.37575,0.079325,100,0,19,195
24590,aftermath,voyage,0.5,0.26375,0.053994,100,0,19,195
24600,aftermath,voyage,0.1,0,0,100,0,0,195
24610,aftermath,voyage,0.1,0,0,100,0,0,195
24620,aftermath,voyage,0.1,0,0,100,0,0,195
24630,aftermath,voyage,0.1,0,0,100,0,0,195
24640,aftermath,voyage,0.1,0,0,100,0,0,195
24650,aftermath,voyage,0.1,0,0,100,0,0,195
24660,aftermath,voyage,0.1,0,0,100,0,0,195
24670,aftermath,voyage,0.1,0,0,100,0,0,195
24680,aftermath,voyage,0.1,0,0,100,0,0,195
24690,quiet,hunt,0.08,0,0,100,0,0,195
24700,quiet,hunt,0.08,0,0,100,0,0,195
24710,quiet,hunt,0.08,0,0,100,0,0,195
24720,quiet,hunt,0.08,0,0,100,0,0,195
24730,quiet,hunt,0.08,0,0,100,0,0,195
24740,opportunity,hunt,0.134,0,0,100,0,0,195
24750,opportunity,hunt,0.23,0,0,100,0,0,195
24760,opportunity,hunt,0.23,0,0,100,0,0,195
24770,opportunity,hunt,0.23,0,0,100,0,0,195
24780,opportunity,hunt,0.23,0,0,100,0,0,195
24790,opportunity,hunt,0.23,0,0,100,0,0,195
24800,opportunity,hunt,0.23,0,0,100,0,0,195
24810,opportunity,hunt,0.23,0,0,100,0,0,195
24820,opportunity,hunt,0.23,0,0,100,0,0,195
24830,build,hunt,0.374,0,0,100,0,0,195
24840,build,hunt,0.554,0,0,100,0,0,195
24850,build,hunt,0.585,0,0,100,0,0,195
24860,build,hunt,0.585,0,0,100,0,0,195
24870,build,hunt,0.585,0,0,100,0,0,195
24880,build,hunt,0.585,0,0,100,0,0,195
24890,build,hunt,0.585,0,0,100,0,0,195
24900,build,hunt,0.585,0,0,100,0,0,195
24910,build,hunt,0.585,0,0,100,0,0,195
24920,build,hunt,0.585,0,0,100,0,0,195
24930,build,hunt,0.585,0,0,100,0,0,195
24940,build,hunt,0.585,0,0,100,0,0,195
24950,build,hunt,0.585,0,0,100,0,0,195
24960,opportunity,hunt,0.435,0,0,100,0,0,195
24970,opportunity,hunt,0.23,0,0,100,0,0,195
24980,peak,hunt,0.284,0.195,0.006149,100,1,0,196
24990,peak,hunt,0.464,0.430292,0.027043,100,1,0,196
25000,peak,hunt,0.644,0.430292,0.04874,100,1,0,196
25010,peak,hunt,0.7,0.3915,0.07035,100,0,0,196
25020,peak,hunt,0.7,0.37575,0.08966,100,0,1,196
25030,aftermath,hunt,0.25,0.12375,0.009679,100,0,0,197
25040,aftermath,hunt,0.1,0,0,100,0,0,197
25050,aftermath,hunt,0.1,0,0,100,0,0,197
25060,aftermath,hunt,0.1,0,0,100,0,0,197
25070,aftermath,hunt,0.1,0,0,100,0,1,197
25080,aftermath,hunt,0.1,0,0,100,0,1,197
25090,aftermath,hunt,0.1,0,0,100,0,1,197
25100,suspended:docked,hunt,,0,0,100,0,1,197
25110,suspended:docked,hunt,,0,0,100,0,2,197
25120,suspended:docked,hunt,,0,0,100,0,2,197
25130,suspended:docked,hunt,,0,0,100,0,2,197
25140,aftermath,hunt,0.08,0,0,100,0,2,197
25150,aftermath,hunt,0.08,0,0,100,0,2,197
25160,aftermath,hunt,0.1,0,0,100,0,2,198
25170,quiet,discovery,0.08,0,0,100,0,2,198
25180,quiet,discovery,0.08,0,0,100,0,2,198
25190,quiet,discovery,0.08,0,0,100,0,2,198
25200,quiet,discovery,0.08,0,0,100,0,3,198
25210,quiet,discovery,0.08,0,0,100,0,2,199
25220,quiet,discovery,0.08,0,0,100,0,2,199
25230,quiet,discovery,0.08,0,0,100,0,2,199
25240,quiet,discovery,0.08,0,0,100,0,2,199
25250,quiet,discovery,0.08,0,0,100,0,2,200
25260,opportunity,discovery,0.224,0,0,100,0,2,200
25270,opportunity,discovery,0.23,0,0,100,0,2,200
25280,opportunity,discovery,0.23,0,0,100,0,2,200
25290,opportunity,discovery,0.23,0,0,100,0,3,200
25300,opportunity,discovery,0.23,0,0,100,0,2,201
25310,opportunity,discovery,0.23,0,0,100,0,2,201
25320,opportunity,discovery,0.23,0,0,100,0,2,201
25330,opportunity,discovery,0.23,0,0,100,0,2,201
25340,opportunity,discovery,0.23,0,0,100,0,2,202
25350,opportunity,discovery,0.23,0,0,100,0,2,202
25360,opportunity,discovery,0.23,0,0,100,0,2,202
25370,opportunity,discovery,0.23,0,0,100,0,2,202
25380,opportunity,discovery,0.23,0,0,100,0,3,202
25390,opportunity,discovery,0.23,0,0,100,0,3,202
25400,opportunity,discovery,0.23,0,0,100,0,3,202
25410,build,discovery,0.284,0,0,100,0,3,202
25420,build,discovery,0.464,0,0,100,0,3,202
25430,build,discovery,0.61,0,0,100,0,3,203
25440,build,discovery,0.61,0,0,100,0,3,203
25450,build,discovery,0.61,0,0,100,0,3,203
25460,build,discovery,0.61,0,0,100,0,3,203
25470,build,discovery,0.61,0,0,100,0,4,203
25480,peak,discovery,0.7,0.414542,0.016248,100,1,3,204
25490,peak,discovery,0.7,0.430292,0.037342,100,1,3,204
25500,peak,discovery,0.7,0.438167,0.059188,100,1,3,204
25510,peak,discovery,0.7,0.37575,0.079325,100,0,3,204
25520,aftermath,discovery,0.5,0.26375,0.053994,100,0,3,205
25530,aftermath,discovery,0.1,0,0,100,0,3,205
25540,aftermath,discovery,0.1,0,0,100,0,3,205
25550,aftermath,discovery,0.1,0,0,100,0,3,205
25560,aftermath,discovery,0.1,0,0,100,0,4,205
25570,aftermath,discovery,0.1,0,0,100,0,3,206
25580,aftermath,discovery,0.1,0,0,100,0,3,206
25590,aftermath,discovery,0.1,0,0,100,0,3,206
25600,aftermath,discovery,0.1,0,0,100,0,3,206
25610,aftermath,discovery,0.1,0,0,100,0,4,206
25620,aftermath,discovery,0.1,0,0,100,0,4,206
25630,aftermath,discovery,0.1,0,0,100,0,4,206
25640,aftermath,discovery,0.1,0,0,100,0,4,206
25650,quiet,hunt,0.08,0,0,100,0,5,206
25660,quiet,hunt,0.08,0,0,100,0,5,206
25670,quiet,hunt,0.08,0,0,100,0,5,206
25680,quiet,hunt,0.08,0,0,100,0,5,206
25690,quiet,hunt,0.08,0,0,100,0,5,206
25700,opportunity,hunt,0.188,0,0,100,0,5,207
25710,opportunity,hunt,0.23,0,0,100,0,5,207
25720,peak,hunt,0.374,0.414542,0.016248,100,1,4,208
25730,peak,hunt,0.554,0.430292,0.037342,100,1,4,208
25740,peak,hunt,0.7,0.438167,0.059188,100,1,5,208
25750,peak,hunt,0.7,0.37575,0.079325,100,0,5,208
25760,aftermath,hunt,0.5,0.26375,0.053994,100,0,5,208
25770,aftermath,hunt,0.1,0,0,100,0,5,208
25780,aftermath,hunt,0.1,0,0,100,0,5,208
25790,aftermath,hunt,0.1,0,0,100,0,6,208
25800,aftermath,hunt,0.1,0,0,100,0,6,208
25810,aftermath,hunt,0.1,0,0,100,0,6,208
25820,aftermath,hunt,0.1,0,0,100,0,6,208
25830,aftermath,hunt,0.1,0,0,100,0,7,208
25840,aftermath,hunt,0.1,0,0,100,0,6,209
25850,aftermath,hunt,0.1,0,0,100,0,6,209
25860,aftermath,hunt,0.1,0,0,100,0,6,209
25870,aftermath,hunt,0.1,0,0,100,0,6,209
25880,quiet,voyage,0.08,0,0,100,0,7,209
25890,quiet,voyage,0.08,0,0,100,0,7,209
25900,quiet,voyage,0.08,0,0,100,0,7,209
25910,quiet,voyage,0.08,0,0,100,0,7,209
25920,quiet,voyage,0.08,0,0,100,0,8,209
25930,quiet,voyage,0.08,0,0,100,0,8,209
25940,opportunity,voyage,0.098,0,0,100,0,8,209
25950,opportunity,voyage,0.23,0,0,100,0,8,209
25960,opportunity,voyage,0.23,0,0,100,0,8,209
25970,opportunity,voyage,0.23,0,0,100,0,8,210
25980,opportunity,voyage,0.23,0,0,100,0,8,210
25990,opportunity,voyage,0.23,0,0,100,0,8,210
26000,opportunity,voyage,0.23,0,0,100,0,8,210
26010,opportunity,voyage,0.23,0,0,100,0,9,210
26020,opportunity,voyage,0.23,0,0,100,0,8,211
26030,opportunity,voyage,0.23,0,0,100,0,8,211
26040,opportunity,voyage,0.23,0,0,100,0,8,211
26050,opportunity,voyage,0.23,0,0,100,0,8,211
26060,peak,voyage,0.338,0.325,0.010149,100,1,8,212
26070,peak,voyage,0.518,0.430292,0.031043,100,1,8,212
26080,peak,voyage,0.693671,0.430292,0.05274,100,1,8,212
26090,peak,voyage,0.691159,0.383625,0.073678,100,0,8,212
26100,aftermath,voyage,0.639122,0.355625,0.081557,100,0,9,212
26110,aftermath,voyage,0.139122,0.075625,0,100,0,8,213
26120,aftermath,voyage,0.1,0,0,100,0,8,213
26130,aftermath,voyage,0.1,0,0,100,0,8,213
26140,aftermath,voyage,0.1,0,0,100,0,8,213
26150,aftermath,voyage,0.1,0,0,100,0,8,214
26160,aftermath,voyage,0.1,0,0,100,0,8,214
26170,aftermath,voyage,0.1,0,0,100,0,8,214
26180,aftermath,voyage,0.1,0,0,100,0,8,214
26190,quiet,hunt,0.08,0,0,100,0,9,214
26200,quiet,hunt,0.08,0,0,100,0,9,214
26210,quiet,hunt,0.08,0,0,100,0,9,214
26220,quiet,hunt,0.08,0,0,100,0,9,214
26230,quiet,hunt,0.08,0,0,100,0,9,214
26240,opportunity,hunt,0.116,0,0,100,0,10,214
26250,peak,hunt,0.296,0.26,0.00805,100,1,9,215
26260,peak,hunt,0.476,0.422417,0.028795,100,1,9,215
26270,peak,hunt,0.656,0.438167,0.050385,100,1,9,215
26280,peak,hunt,0.691376,0.383625,0.071866,100,0,10,215
26290,peak,hunt,0.689122,0.367875,0.090653,100,0,9,216
26300,aftermath,hunt,0.189122,0.087875,0,100,0,9,216
26310,aftermath,hunt,0.1,0,0,100,0,9,216
26320,aftermath,hunt,0.1,0,0,100,0,9,216
26330,aftermath,hunt,0.1,0,0,100,0,9,217
26340,aftermath,hunt,0.1,0,0,100,0,9,217
26350,aftermath,hunt,0.1,0,0,100,0,9,217
26360,aftermath,hunt,0.1,0,0,100,0,9,217
26370,aftermath,hunt,0.1,0,0,100,0,10,217
26380,aftermath,hunt,0.1,0,0,100,0,9,218
26390,quiet,discovery,0.08,0,0,100,0,9,218
26400,quiet,discovery,0.08,0,0,100,0,9,218
26410,quiet,discovery,0.08,0,0,100,0,9,218
26420,quiet,discovery,0.08,0,0,100,0,9,219
26430,quiet,discovery,0.08,0,0,100,0,9,219
26440,quiet,discovery,0.08,0,0,100,0,9,219
26450,quiet,discovery,0.08,0,0,100,0,9,219
26460,quiet,discovery,0.08,0,0,100,0,10,219
26470,opportunity,discovery,0.098,0,0,100,0,9,220
26480,peak,discovery,0.266,0.13,0.004,100,1,8,221
26490,peak,discovery,0.446,0.422417,0.024398,100,1,8,221
26500,peak,discovery,0.626,0.430292,0.04564,100,1,8,221
26510,peak,discovery,0.7,0.418042,0.067431,100,0,9,221
26520,peak,discovery,0.7,0.37575,0.086698,100,0,9,221
26530,aftermath,discovery,0.3,0.15175,0.017639,100,0,9,221
26540,aftermath,discovery,0.1,0,0,100,0,9,221
26550,aftermath,discovery,0.1,0,0,100,0,10,221
26560,aftermath,discovery,0.1,0,0,100,0,9,222
26570,aftermath,discovery,0.1,0,0,100,0,9,222
26580,aftermath,discovery,0.1,0,0,100,0,9,222
26590,aftermath,discovery,0.1,0,0,100,0,9,222
26600,aftermath,discovery,0.1,0,0,100,0,9,223
26610,aftermath,discovery,0.1,0,0,100,0,9,223
26620,aftermath,discovery,0.1,0,0,100,0,9,223
26630,aftermath,discovery,0.1,0,0,100,0,9,223
26640,quiet,hunt,0.08,0,0,100,0,10,223
26650,quiet,hunt,0.08,0,0,100,0,10,223
26660,quiet,hunt,0.08,0,0,100,0,10,223
26670,quiet,hunt,0.08,0,0,100,0,10,223
26680,quiet,hunt,0.08,0,0,100,0,10,223
26690,opportunity,hunt,0.116,0,0,100,0,11,223
26700,recovery,hunt,0.18,0.065,0.003473,100,0,11,223
26710,recovery,hunt,0.025438,0.633,0.038019,100,0,11,223
26720,recovery,hunt,0.03,0.409,0,100,0,11,223
26730,recovery,hunt,0.03,0.245,0,100,0,12,223
26740,recovery,hunt,0.03,0,0,100,0,12,223
26750,recovery,hunt,0.03,0,0,100,0,12,223
26760,recovery,hunt,0.03,0,0,100,0,12,223
26770,recovery,hunt,0.03,0,0,100,0,12,223
26780,recovery,hunt,0.03,0,0,100,0,12,224
26790,aftermath,hunt,0.048,0,0,100,0,12,224
26800,aftermath,hunt,0.1,0,0,100,0,12,224
26810,aftermath,hunt,0.1,0,0,100,0,12,224
26820,aftermath,hunt,0.1,0,0,100,0,13,224
26830,aftermath,hunt,0.1,0,0,100,0,12,225
26840,aftermath,hunt,0.1,0,0,100,0,12,225
26850,aftermath,hunt,0.1,0,0,100,0,12,225
26860,aftermath,hunt,0.1,0,0,100,0,12,225
26870,aftermath,hunt,0.1,0,0,100,0,12,226
26880,aftermath,hunt,0.1,0,0,100,0,12,226
26890,aftermath,hunt,0.1,0,0,100,0,12,226
26900,suspended:docked,voyage,,0,0,100,0,12,226
26910,suspended:docked,voyage,,0,0,100,0,13,226
26920,suspended:docked,voyage,,0,0,100,0,13,226
26930,suspended:docked,voyage,,0,0,100,0,13,226
26940,quiet,voyage,0.08,0,0,100,0,13,226
26950,quiet,voyage,0.08,0,0,100,0,13,226
26960,quiet,voyage,0.08,0,0,100,0,14,226
26970,quiet,voyage,0.08,0,0,100,0,14,226
26980,quiet,voyage,0.08,0,0,100,0,14,226
26990,quiet,voyage,0.08,0,0,100,0,14,226
27000,peak,voyage,0.152,0.195,0.00605,100,1,14,227
27010,peak,voyage,0.332,0.422417,0.026795,100,1,14,227
27020,peak,voyage,0.512,0.438167,0.048385,100,1,14,227
27030,peak,voyage,0.692,0.390042,0.070126,100,0,14,227
27040,peak,voyage,0.7,0.367875,0.08894,100,0,14,227
27050,aftermath,voyage,0.25,0.115875,0.008914,100,0,15,227
27060,aftermath,voyage,0.1,0,0,100,0,15,227
27070,aftermath,voyage,0.1,0,0,100,0,15,227
27080,aftermath,voyage,0.1,0,0,100,0,15,227
27090,aftermath,voyage,0.1,0,0,100,0,16,227
27100,aftermath,voyage,0.1,0,0,100,0,16,227
27110,aftermath,voyage,0.1,0,0,100,0,16,227
27120,aftermath,voyage,0.1,0,0,100,0,16,227
27130,aftermath,voyage,0.1,0,0,100,0,16,227
27140,aftermath,voyage,0.1,0,0,100,0,17,227
27150,aftermath,voyage,0.1,0,0,100,0,17,227
27160,quiet,hunt,0.08,0,0,100,0,17,227
27170,quiet,hunt,0.08,0,0,100,0,17,227
27180,quiet,hunt,0.08,0,0,100,0,18,227
27190,quiet,hunt,0.08,0,0,100,0,18,227
27200,quiet,hunt,0.08,0,0,100,0,17,228
27210,peak,hunt,0.188,0.26,0.00805,100,1,16,229
27220,peak,hunt,0.368,0.422417,0.028795,100,1,16,229
27230,peak,hunt,0.548,0.438167,0.050385,100,1,16,230
27240,peak,hunt,0.7,0.383625,0.071866,100,0,16,230
27250,peak,hunt,0.7,0.367875,0.090653,100,0,16,230
27260,aftermath,hunt,0.2,0.087875,0,100,0,16,230
27270,aftermath,hunt,0.1,0,0,100,0,17,230
27280,aftermath,hunt,0.1,0,0,100,0,17,230
27290,aftermath,hunt,0.1,0,0,100,0,17,230
27300,aftermath,hunt,0.1,0,0,100,0,17,230
27310,aftermath,hunt,0.1,0,0,100,0,17,230
27320,aftermath,hunt,0.1,0,0,100,0,18,230
27330,aftermath,hunt,0.1,0,0,100,0,18,230
27340,aftermath,hunt,0.1,0,0,100,0,18,230
27350,aftermath,hunt,0.1,0,0,100,0,18,230
27360,aftermath,hunt,0.1,0,0,100,0,19,230
27370,quiet,discovery,0.08,0,0,100,0,18,231
27380,quiet,discovery,0.08,0,0,100,0,18,231
27390,quiet,discovery,0.08,0,0,100,0,18,231
27400,quiet,discovery,0.08,0,0,100,0,18,231
27410,quiet,discovery,0.08,0,0,100,0,19,231
27420,quiet,discovery,0.08,0,0,100,0,19,231
27430,quiet,discovery,0.08,0,0,100,0,19,231
27440,quiet,discovery,0.08,0,0,100,0,19,231
27450,quiet,discovery,0.08,0,0,100,0,20,231
27460,opportunity,discovery,0.206,0,0,100,0,19,232
27470,opportunity,discovery,0.23,0,0,100,0,19,232
27480,opportunity,discovery,0.23,0,0,100,0,19,232
27490,opportunity,discovery,0.23,0,0,100,0,19,232
27500,opportunity,discovery,0.23,0,0,100,0,19,233
27510,opportunity,discovery,0.23,0,0,100,0,19,233
27520,opportunity,discovery,0.23,0,0,100,0,19,233
27530,opportunity,discovery,0.23,0,0,100,0,19,233
27540,opportunity,discovery,0.23,0,0,100,0,20,233
27550,opportunity,discovery,0.23,0,0,100,0,19,234
27560,opportunity,discovery,0.23,0,0,100,0,19,234
27570,opportunity,discovery,0.23,0,0,100,0,19,234
27580,opportunity,discovery,0.23,0,0,100,0,19,234
27590,opportunity,discovery,0.23,0,0,100,0,19,235
27600,peak,discovery,0.266,0.13,0.00405,100,1,18,236
27610,peak,discovery,0.446,0.422417,0.024795,100,1,18,236
27620,peak,discovery,0.626,0.438167,0.046385,100,1,18,236
27630,peak,discovery,0.691794,0.418042,0.068383,100,0,19,236
27640,peak,discovery,0.689533,0.367875,0.087228,100,0,19,236
27650,aftermath,discovery,0.289103,0.143875,0.018085,100,0,19,236
27660,aftermath,discovery,0.1,0,0,100,0,19,236
27670,aftermath,discovery,0.1,0,0,100,0,19,236
27680,aftermath,discovery,0.1,0,0,100,0,20,236
27690,aftermath,discovery,0.1,0,0,100,0,20,236
27700,aftermath,discovery,0.1,0,0,100,0,20,236
27710,aftermath,discovery,0.1,0,0,100,0,20,236
27720,aftermath,discovery,0.1,0,0,100,0,20,236
27730,aftermath,discovery,0.1,0,0,100,0,20,236
27740,aftermath,discovery,0.1,0,0,100,0,20,236
27750,quiet,hunt,0.08,0,0,100,0,20,236
27760,quiet,hunt,0.08,0,0,100,0,20,236
27770,quiet,hunt,0.08,0,0,100,0,20,236
27780,quiet,hunt,0.08,0,0,100,0,20,236
27790,quiet,hunt,0.08,0,0,100,0,20,236
27800,opportunity,hunt,0.152,0,0,100,0,20,236
27810,peak,hunt,0.248,0.065,0.00205,100,1,20,237
27820,peak,hunt,0.428,0.422417,0.022795,100,1,20,237
27830,peak,hunt,0.608,0.438167,0.044385,100,1,20,237
27840,peak,hunt,0.691998,0.438167,0.066686,100,1,20,237
27850,peak,hunt,0.689673,0.37575,0.08606,100,0,20,237
27860,aftermath,hunt,0.33901,0.17975,0.027945,100,0,20,237
27870,aftermath,hunt,0.1,0,0,100,0,20,237
27880,aftermath,hunt,0.1,0,0,100,0,20,237
27890,aftermath,hunt,0.1,0,0,100,0,20,237
27900,aftermath,hunt,0.1,0,0,100,0,20,237
27910,aftermath,hunt,0.1,0,0,100,0,20,237
27920,aftermath,hunt,0.1,0,0,100,0,20,237
27930,aftermath,hunt,0.1,0,0,100,0,20,237
27940,aftermath,hunt,0.1,0,0,100,0,20,237
27950,quiet,voyage,0.08,0,0,100,0,20,237
27960,quiet,voyage,0.08,0,0,100,0,20,237
27970,quiet,voyage,0.08,0,0,100,0,20,237
27980,quiet,voyage,0.08,0,0,100,0,20,237
27990,quiet,voyage,0.08,0,0,100,0,20,237
28000,quiet,voyage,0.08,0,0,100,0,20,237
28010,quiet,voyage,0.08,0,0,100,0,20,237
28020,opportunity,voyage,0.224,0,0,100,0,20,237
28030,opportunity,voyage,0.23,0,0,100,0,20,237
28040,opportunity,voyage,0.23,0,0,100,0,20,237
28050,opportunity,voyage,0.23,0,0,100,0,20,237
28060,opportunity,voyage,0.23,0,0,100,0,20,237
28070,opportunity,voyage,0.23,0,0,100,0,20,237
28080,opportunity,voyage,0.23,0,0,100,0,20,237
28090,opportunity,voyage,0.23,0,0,100,0,20,237
28100,opportunity,voyage,0.23,0,0,100,0,20,237
28110,opportunity,voyage,0.23,0,0,100,0,20,237
28120,opportunity,voyage,0.23,0,0,100,0,20,237
28130,build,voyage,0.284,0,0,100,1,19,238
28140,peak,voyage,0.464,0.422417,0.020398,100,1,19,238
28150,peak,voyage,0.644,0.430292,0.04164,100,1,19,238
28160,peak,voyage,0.692358,0.438167,0.063684,100,1,19,238
28170,peak,voyage,0.690008,0.37575,0.083266,100,0,20,238
28180,aftermath,voyage,0.389127,0.20775,0.036065,100,0,20,238
28190,aftermath,voyage,0.1,0,0,100,0,20,238
28200,aftermath,voyage,0.1,0,0,100,0,20,238
28210,aftermath,voyage,0.1,0,0,100,0,20,238
28220,aftermath,voyage,0.1,0,0,100,0,20,238
28230,aftermath,voyage,0.1,0,0,100,0,20,238
28240,aftermath,voyage,0.1,0,0,100,0,20,238
28250,aftermath,voyage,0.1,0,0,100,0,20,238
28260,aftermath,voyage,0.1,0,0,100,0,20,238
28270,quiet,hunt,0.08,0,0,100,0,20,238
28280,quiet,hunt,0.08,0,0,100,0,20,238
28290,quiet,hunt,0.08,0,0,100,0,20,238
28300,quiet,hunt,0.08,0,0,100,0,20,238
28310,quiet,hunt,0.08,0,0,100,0,20,238
28320,peak,hunt,0.206,0.39,0.01205,100,1,19,239
28330,peak,hunt,0.386,0.422417,0.032795,100,1,19,239
28340,peak,hunt,0.566,0.438167,0.054385,100,1,19,239
28350,peak,hunt,0.7,0.383625,0.075337,100,0,20,239
28360,aftermath,hunt,0.6,0.327625,0.072227,100,0,19,240
28370,aftermath,hunt,0.1,0.047625,0,100,0,19,240
28380,aftermath,hunt,0.1,0,0,100,0,19,240
28390,aftermath,hunt,0.1,0,0,100,0,19,240
28400,aftermath,hunt,0.1,0,0,100,0,20,240
28410,aftermath,hunt,0.1,0,0,100,0,20,240
28420,aftermath,hunt,0.1,0,0,100,0,20,240
28430,aftermath,hunt,0.1,0,0,100,0,20,240
28440,aftermath,hunt,0.1,0,0,100,0,20,240
28450,aftermath,hunt,0.1,0,0,100,0,20,240
28460,aftermath,hunt,0.1,0,0,100,0,20,240
28470,quiet,discovery,0.08,0,0,100,0,20,240
28480,quiet,discovery,0.08,0,0,100,0,20,240
28490,quiet,discovery,0.08,0,0,100,0,20,240
28500,quiet,discovery,0.08,0,0,100,0,20,240
28510,quiet,discovery,0.08,0,0,100,0,20,240
28520,quiet,discovery,0.08,0,0,100,0,20,240
28530,quiet,discovery,0.08,0,0,100,0,20,240
28540,quiet,discovery,0.08,0,0,100,0,20,240
28550,opportunity,discovery,0.098,0,0,100,1,19,241
28560,peak,discovery,0.278,0.422417,0.020398,100,1,19,241
28570,peak,discovery,0.458,0.430292,0.04164,100,1,19,241
28580,peak,discovery,0.638,0.438167,0.063684,100,1,19,242
28590,peak,discovery,0.7,0.37575,0.083266,100,0,19,242
28600,aftermath,discovery,0.4,0.20775,0.036065,100,0,19,242
28610,aftermath,discovery,0.1,0,0,100,0,19,242
28620,aftermath,discovery,0.1,0,0,100,0,20,242
28630,aftermath,discovery,0.1,0,0,100,0,20,242
28640,aftermath,discovery,0.1,0,0,100,0,20,242
28650,aftermath,discovery,0.1,0,0,100,0,20,242
28660,aftermath,discovery,0.1,0,0,100,0,20,242
28670,aftermath,discovery,0.1,0,0,100,0,20,242
28680,aftermath,discovery,0.1,0,0,100,0,20,242
28690,aftermath,discovery,0.1,0,0,100,0,20,242
28700,suspended:docked,discovery,,0,0,100,0,20,242
28710,suspended:docked,discovery,,0,0,100,0,20,242
28720,suspended:docked,discovery,,0,0,100,0,20,242
28730,suspended:docked,discovery,,0,0,100,0,20,242
28740,aftermath,discovery,0.08,0,0,100,0,20,242
28750,aftermath,discovery,0.08,0,0,100,0,20,242
28760,quiet,hunt,0.08,0,0,100,0,20,242
28770,quiet,hunt,0.08,0,0,100,0,20,242
28780,quiet,hunt,0.08,0,0,100,0,20,242
28790,quiet,hunt,0.08,0,0,100,0,20,242
28800,quiet,hunt,0.08,0,0,100,0,20,242
28810,opportunity,hunt,0.23,0,0,100,0,20,242
28820,opportunity,hunt,0.23,0,0,100,0,20,242
28830,opportunity,hunt,0.23,0,0,100,0,20,242
28840,opportunity,hunt,0.23,0,0,100,0,20,242
28850,opportunity,hunt,0.23,0,0,100,0,20,242
28860,opportunity,hunt,0.23,0,0,100,0,20,242
28870,opportunity,hunt,0.23,0,0,100,0,20,242
28880,opportunity,hunt,0.23,0,0,100,0,20,242
28890,peak,hunt,0.32,0.195,0.00605,100,1,20,243
28900,peak,hunt,0.5,0.422417,0.026795,100,1,20,243
28910,peak,hunt,0.68,0.438167,0.048385,100,1,20,243
28920,peak,hunt,0.7,0.390042,0.070126,100,0,20,243
28930,peak,hunt,0.7,0.367875,0.08894,100,0,20,243
28940,aftermath,hunt,0.25,0.115875,0.008914,100,0,20,243
28950,aftermath,hunt,0.1,0,0,100,0,20,243
28960,aftermath,hunt,0.1,0,0,100,0,20,243
28970,aftermath,hunt,0.1,0,0,100,0,20,243
28980,aftermath,hunt,0.1,0,0,100,0,20,243
28990,aftermath,hunt,0.1,0,0,100,0,20,243
29000,aftermath,hunt,0.1,0,0,100,0,20,243
29010,aftermath,hunt,0.1,0,0,100,0,20,243
29020,aftermath,hunt,0.1,0,0,100,0,20,243
29030,aftermath,hunt,0.1,0,0,100,0,20,243
29040,aftermath,hunt,0.1,0,0,100,0,20,243
29050,quiet,voyage,0.08,0,0,100,0,20,243
29060,quiet,voyage,0.08,0,0,100,0,20,243
29070,quiet,voyage,0.08,0,0,100,0,20,243
29080,quiet,voyage,0.08,0,0,100,0,20,243
29090,quiet,voyage,0.08,0,0,100,0,20,243
29100,quiet,voyage,0.08,0,0,100,0,20,243
29110,quiet,voyage,0.08,0,0,100,0,20,243
29120,peak,voyage,0.188,0.26,0.008149,100,1,19,244
29130,peak,voyage,0.368,0.430292,0.029043,100,1,19,244
29140,peak,voyage,0.548,0.430292,0.05074,100,1,19,244
29150,peak,voyage,0.7,0.383625,0.071941,100,0,19,244
29160,peak,voyage,0.7,0.367875,0.090728,100,0,20,244
29170,aftermath,voyage,0.2,0.087875,0,100,0,20,244
29180,aftermath,voyage,0.1,0,0,100,0,20,244
29190,aftermath,voyage,0.1,0,0,100,0,20,244
29200,aftermath,voyage,0.1,0,0,100,0,20,244
29210,aftermath,voyage,0.1,0,0,100,0,20,244
29220,aftermath,voyage,0.1,0,0,100,0,20,244
29230,aftermath,voyage,0.1,0,0,100,0,20,244
29240,aftermath,voyage,0.1,0,0,100,0,20,244
29250,aftermath,voyage,0.1,0,0,100,0,20,244
29260,aftermath,voyage,0.1,0,0,100,0,20,244
29270,aftermath,voyage,0.1,0,0,100,0,20,244
29280,quiet,hunt,0.08,0,0,100,0,20,244
29290,quiet,hunt,0.08,0,0,100,0,20,244
29300,quiet,hunt,0.08,0,0,100,0,20,244
29310,quiet,hunt,0.08,0,0,100,0,20,244
29320,quiet,hunt,0.08,0,0,100,0,20,244
29330,peak,hunt,0.206,0.325,0.010149,100,1,19,245
29340,peak,hunt,0.386,0.430292,0.031043,100,1,20,245
29350,peak,hunt,0.566,0.430292,0.05274,100,1,19,246
29360,peak,hunt,0.7,0.383625,0.073678,100,0,19,246
29370,aftermath,hunt,0.65,0.355625,0.081557,100,0,19,246
29380,aftermath,hunt,0.15,0.075625,0,100,0,19,246
29390,aftermath,hunt,0.1,0,0,100,0,20,246
29400,aftermath,hunt,0.1,0,0,100,0,20,246
29410,aftermath,hunt,0.1,0,0,100,0,20,246
29420,aftermath,hunt,0.1,0,0,100,0,20,246
29430,aftermath,hunt,0.1,0,0,100,0,20,246
29440,aftermath,hunt,0.1,0,0,100,0,20,246
29450,aftermath,hunt,0.1,0,0,100,0,20,246
29460,aftermath,hunt,0.1,0,0,100,0,20,246
29470,aftermath,hunt,0.1,0,0,100,0,20,246
29480,aftermath,hunt,0.1,0,0,100,0,20,246
29490,quiet,discovery,0.08,0,0,100,0,20,246
29500,quiet,discovery,0.08,0,0,100,0,20,246
29510,quiet,discovery,0.08,0,0,100,0,20,246
29520,quiet,discovery,0.08,0,0,100,0,20,246
29530,quiet,discovery,0.08,0,0,100,0,20,246
29540,quiet,discovery,0.08,0,0,100,0,20,246
29550,quiet,discovery,0.08,0,0,100,0,20,246
29560,quiet,discovery,0.08,0,0,100,0,20,246
29570,quiet,discovery,0.08,0,0,100,0,20,246
29580,opportunity,discovery,0.224,0,0,100,0,20,246
29590,opportunity,discovery,0.23,0,0,100,0,20,246
29600,opportunity,discovery,0.23,0,0,100,0,20,246
29610,opportunity,discovery,0.23,0,0,100,0,20,246
29620,opportunity,discovery,0.23,0,0,100,0,20,246
29630,opportunity,discovery,0.23,0,0,100,0,20,246
29640,opportunity,discovery,0.23,0,0,100,0,20,246
29650,opportunity,discovery,0.23,0,0,100,0,20,246
29660,opportunity,discovery,0.23,0,0,100,0,20,246
29670,opportunity,discovery,0.23,0,0,100,0,20,246
29680,opportunity,discovery,0.23,0,0,100,0,20,246
29690,opportunity,discovery,0.23,0,0,100,0,20,246
29700,opportunity,discovery,0.23,0,0,100,0,20,246
29710,opportunity,discovery,0.23,0,0,100,0,20,246
29720,peak,discovery,0.284,0.195,0.006149,100,1,19,247
29730,peak,discovery,0.464,0.430292,0.027043,100,1,19,247
29740,peak,discovery,0.644,0.430292,0.04874,100,1,19,247
29750,peak,discovery,0.691558,0.3915,0.07035,100,0,19,248
29760,peak,discovery,0.689241,0.37575,0.08966,100,0,19,248
29770,aftermath,discovery,0.23902,0.12375,0.009679,100,0,19,248
29780,aftermath,discovery,0.1,0,0,100,0,19,248
29790,aftermath,discovery,0.1,0,0,100,0,20,248
29800,aftermath,discovery,0.1,0,0,100,0,20,248
29810,aftermath,discovery,0.1,0,0,100,0,20,248
29820,aftermath,discovery,0.1,0,0,100,0,20,248
29830,aftermath,discovery,0.1,0,0,100,0,20,248
29840,aftermath,discovery,0.1,0,0,100,0,20,248
29850,aftermath,discovery,0.1,0,0,100,0,20,248
29860,aftermath,discovery,0.1,0,0,100,0,20,248
29870,quiet,hunt,0.08,0,0,100,0,20,248
29880,quiet,hunt,0.08,0,0,100,0,20,248
29890,quiet,hunt,0.08,0,0,100,0,20,248
29900,quiet,hunt,0.08,0,0,100,0,20,248
29910,quiet,hunt,0.08,0,0,100,0,20,248
29920,opportunity,hunt,0.17,0,0,100,0,20,248
29930,peak,hunt,0.302,0.26,0.008149,100,1,19,249
29940,peak,hunt,0.482,0.430292,0.029043,100,1,19,249
29950,peak,hunt,0.662,0.430292,0.05074,100,1,19,249
29960,peak,hunt,0.691367,0.383625,0.071941,100,0,19,249
29970,peak,hunt,0.689113,0.367875,0.090728,100,0,20,249
29980,aftermath,hunt,0.189113,0.087875,0,100,0,20,249
29990,aftermath,hunt,0.1,0,0,100,0,20,249
30000,aftermath,hunt,0.1,0,0,100,0,20,249
30010,aftermath,hunt,0.1,0,0,100,0,20,249
30020,aftermath,hunt,0.1,0,0,100,0,20,249
30030,aftermath,hunt,0.1,0,0,100,0,20,249
30040,aftermath,hunt,0.1,0,0,100,0,20,249
30050,aftermath,hunt,0.1,0,0,100,0,20,249
30060,aftermath,hunt,0.1,0,0,100,0,20,249
30070,quiet,voyage,0.08,0,0,100,0,20,249
30080,quiet,voyage,0.08,0,0,100,0,20,249
30090,quiet,voyage,0.08,0,0,100,0,20,249
30100,quiet,voyage,0.08,0,0,100,0,20,249
30110,quiet,voyage,0.08,0,0,100,0,20,249
30120,quiet,voyage,0.08,0,0,100,0,20,249
30130,opportunity,voyage,0.098,0,0,100,0,20,249
30140,opportunity,voyage,0.23,0,0,100,0,20,249
30150,opportunity,voyage,0.23,0,0,100,0,20,249
30160,opportunity,voyage,0.23,0,0,100,0,20,249
30170,opportunity,voyage,0.23,0,0,100,0,20,249
30180,opportunity,voyage,0.23,0,0,100,0,20,249
30190,opportunity,voyage,0.23,0,0,100,0,20,249
30200,opportunity,voyage,0.23,0,0,100,0,20,249
30210,opportunity,voyage,0.23,0,0,100,0,20,249
30220,opportunity,voyage,0.23,0,0,100,0,20,249
30230,opportunity,voyage,0.23,0,0,100,0,20,249
30240,opportunity,voyage,0.23,0,0,100,0,20,249
30250,peak,voyage,0.338,0.26,0.008,100,1,19,250
30260,peak,voyage,0.518,0.422417,0.028596,100,1,19,250
30270,peak,voyage,0.698,0.438167,0.049988,100,1,19,250
30280,peak,voyage,0.7,0.383625,0.07137,100,0,19,250
30290,peak,voyage,0.7,0.37575,0.090198,100,0,20,250
30300,recovery,voyage,0.2,0.18875,0.011852,100,0,20,250
30310,recovery,voyage,0.024432,0.633,0.046399,100,0,20,250
30320,recovery,voyage,0.03,0.409,0,100,0,20,250
30330,recovery,voyage,0.03,0.245,0,100,0,20,250
30340,recovery,voyage,0.03,0,0,100,0,20,250
30350,recovery,voyage,0.03,0,0,100,0,20,250
30360,recovery,voyage,0.03,0,0,100,0,20,250
30370,recovery,voyage,0.03,0,0,100,0,20,250
30380,recovery,voyage,0.03,0,0,100,0,20,250
30390,aftermath,voyage,0.048,0,0,100,0,20,250
30400,aftermath,voyage,0.1,0,0,100,0,20,250
30410,aftermath,voyage,0.1,0,0,100,0,20,250
30420,aftermath,voyage,0.1,0,0,100,0,20,250
30430,aftermath,voyage,0.1,0,0,100,0,20,250
30440,aftermath,voyage,0.1,0,0,100,0,20,250
30450,aftermath,voyage,0.1,0,0,100,0,20,250
30460,aftermath,voyage,0.1,0,0,100,0,20,250
30470,aftermath,voyage,0.1,0,0,100,0,20,250
30480,aftermath,voyage,0.1,0,0,100,0,20,250
30490,quiet,hunt,0.08,0,0,100,0,20,250
30500,suspended:docked,hunt,,0,0,100,0,20,250
30510,suspended:docked,hunt,,0,0,100,0,20,250
30520,suspended:docked,hunt,,0,0,100,0,20,250
30530,suspended:docked,hunt,,0,0,100,0,20,250
30540,quiet,hunt,0.08,0,0,100,0,20,250
30550,quiet,hunt,0.08,0,0,100,0,20,250
30560,quiet,hunt,0.08,0,0,100,0,20,250
30570,quiet,hunt,0.08,0,0,100,0,20,250
30580,peak,hunt,0.152,0.13,0.004,100,1,19,251
30590,peak,hunt,0.332,0.422417,0.024596,100,1,19,251
30600,peak,hunt,0.512,0.438167,0.045988,100,1,20,251
30610,peak,hunt,0.692,0.418042,0.067886,100,0,20,251
30620,peak,hunt,0.7,0.37575,0.086773,100,0,20,251
30630,aftermath,hunt,0.3,0.15175,0.017714,100,0,20,251
30640,aftermath,hunt,0.1,0,0,100,0,20,251
30650,aftermath,hunt,0.1,0,0,100,0,20,251
30660,aftermath,hunt,0.1,0,0,100,0,20,251
30670,aftermath,hunt,0.1,0,0,100,0,20,251
30680,aftermath,hunt,0.1,0,0,100,0,20,251
30690,aftermath,hunt,0.1,0,0,100,0,20,251
30700,aftermath,hunt,0.1,0,0,100,0,20,251
30710,aftermath,hunt,0.1,0,0,100,0,20,251
30720,aftermath,hunt,0.1,0,0,100,0,20,251
30730,quiet,discovery,0.08,0,0,100,0,20,251
30740,quiet,discovery,0.08,0,0,100,0,20,251
30750,quiet,discovery,0.08,0,0,100,0,20,251
30760,quiet,discovery,0.08,0,0,100,0,20,251
30770,quiet,discovery,0.08,0,0,100,0,20,251
30780,quiet,discovery,0.08,0,0,100,0,20,251
30790,quiet,discovery,0.08,0,0,100,0,20,251
30800,quiet,discovery,0.08,0,0,100,0,20,251
30810,quiet,discovery,0.08,0,0,100,0,20,251
30820,peak,discovery,0.206,0.39,0.012248,100,1,19,252
30830,peak,discovery,0.386,0.430292,0.033342,100,1,20,252
30840,peak,discovery,0.566,0.438167,0.055187,100,1,20,252
30850,peak,discovery,0.7,0.37575,0.075867,100,0,20,252
30860,aftermath,discovery,0.6,0.31975,0.072419,100,0,20,252
30870,aftermath,discovery,0.1,0.03975,0,100,0,20,252
30880,aftermath,discovery,0.1,0,0,100,0,20,252
30890,aftermath,discovery,0.1,0,0,100,0,20,252
30900,aftermath,discovery,0.1,0,0,100,0,20,252
30910,aftermath,discovery,0.1,0,0,100,0,20,252
30920,aftermath,discovery,0.1,0,0,100,0,20,252
30930,aftermath,discovery,0.1,0,0,100,0,20,252
30940,aftermath,discovery,0.1,0,0,100,0,20,252
30950,aftermath,discovery,0.1,0,0,100,0,20,252
30960,aftermath,discovery,0.1,0,0,100,0,20,252
30970,aftermath,discovery,0.1,0,0,100,0,20,252
30980,aftermath,discovery,0.1,0,0,100,0,20,252
30990,quiet,hunt,0.08,0,0,100,0,20,252
31000,quiet,hunt,0.08,0,0,100,0,20,252
31010,quiet,hunt,0.08,0,0,100,0,20,252
31020,quiet,hunt,0.08,0,0,100,0,20,252
31030,quiet,hunt,0.08,0,0,100,0,20,252
31040,opportunity,hunt,0.152,0,0,100,0,20,252
31050,opportunity,hunt,0.23,0,0,100,0,20,252
31060,opportunity,hunt,0.23,0,0,100,0,20,252
31070,opportunity,hunt,0.23,0,0,100,0,20,252
31080,opportunity,hunt,0.23,0,0,100,0,20,252
31090,opportunity,hunt,0.23,0,0,100,0,20,252
31100,opportunity,hunt,0.23,0,0,100,0,20,252
31110,opportunity,hunt,0.23,0,0,100,0,20,252
31120,opportunity,hunt,0.23,0,0,100,0,20,252
31130,peak,hunt,0.392,0.414542,0.014149,100,1,19,253
31140,peak,hunt,0.572,0.430292,0.035043,100,1,20,253
31150,peak,hunt,0.7,0.430292,0.05674,100,1,19,254
31160,peak,hunt,0.7,0.383625,0.077143,100,0,19,254
31170,aftermath,hunt,0.55,0.299625,0.063047,100,0,19,254
31180,aftermath,hunt,0.1,0.019625,0,100,0,19,254
31190,aftermath,hunt,0.1,0,0,100,0,20,254
31200,aftermath,hunt,0.1,0,0,100,0,20,254
31210,aftermath,hunt,0.1,0,0,100,0,20,254
31220,aftermath,hunt,0.1,0,0,100,0,20,254
31230,aftermath,hunt,0.1,0,0,100,0,20,254
31240,aftermath,hunt,0.1,0,0,100,0,20,254
31250,aftermath,hunt,0.1,0,0,100,0,20,254
31260,aftermath,hunt,0.1,0,0,100,0,20,254
31270,aftermath,hunt,0.1,0,0,100,0,20,254
31280,aftermath,hunt,0.1,0,0,100,0,20,254
31290,quiet,voyage,0.08,0,0,100,0,20,254
31300,quiet,voyage,0.08,0,0,100,0,20,254
31310,quiet,voyage,0.08,0,0,100,0,20,254
31320,quiet,voyage,0.08,0,0,100,0,20,254
31330,quiet,voyage,0.08,0,0,100,0,20,254
31340,quiet,voyage,0.08,0,0,100,0,20,254
31350,quiet,voyage,0.08,0,0,100,0,20,254
31360,peak,voyage,0.26,0.414542,0.016248,100,1,19,255
31370,peak,voyage,0.44,0.430292,0.037342,100,1,20,255
31380,peak,voyage,0.62,0.438167,0.059188,100,1,20,255
31390,peak,voyage,0.690481,0.37575,0.079325,100,0,20,255
31400,aftermath,voyage,0.489157,0.26375,0.053994,100,0,20,255
31410,aftermath,voyage,0.1,0,0,100,0,20,255
31420,aftermath,voyage,0.1,0,0,100,0,20,255
31430,aftermath,voyage,0.1,0,0,100,0,20,255
31440,aftermath,voyage,0.1,0,0,100,0,20,255
31450,aftermath,voyage,0.1,0,0,100,0,20,255
31460,aftermath,voyage,0.1,0,0,100,0,20,255
31470,aftermath,voyage,0.1,0,0,100,0,20,255
31480,aftermath,voyage,0.1,0,0,100,0,20,255
31490,quiet,hunt,0.08,0,0,100,0,20,255
31500,quiet,hunt,0.08,0,0,100,0,20,255
31510,quiet,hunt,0.08,0,0,100,0,20,255
31520,quiet,hunt,0.08,0,0,100,0,20,255
31530,quiet,hunt,0.08,0,0,100,0,20,255
31540,peak,hunt,0.17,0.26,0.008,100,1,19,256
31550,peak,hunt,0.35,0.422417,0.028596,100,1,20,256
31560,peak,hunt,0.53,0.438167,0.049988,100,1,19,257
31570,peak,hunt,0.691436,0.383625,0.07137,100,0,19,257
31580,peak,hunt,0.689176,0.37575,0.090198,100,0,19,257
31590,aftermath,hunt,0.189176,0.09575,0,100,0,20,257
31600,aftermath,hunt,0.1,0,0,100,0,19,258
31610,aftermath,hunt,0.1,0,0,100,0,19,258
31620,aftermath,hunt,0.1,0,0,100,0,19,258
31630,aftermath,hunt,0.1,0,0,100,0,19,258
31640,aftermath,hunt,0.1,0,0,100,0,19,259
31650,aftermath,hunt,0.1,0,0,100,0,19,259
31660,aftermath,hunt,0.1,0,0,100,0,19,259
31670,aftermath,hunt,0.1,0,0,100,0,19,259
31680,quiet,discovery,0.08,0,0,100,0,20,259
31690,quiet,discovery,0.08,0,0,100,0,19,260
31700,quiet,discovery,0.08,0,0,100,0,19,260
31710,quiet,discovery,0.08,0,0,100,0,19,260
31720,quiet,discovery,0.08,0,0,100,0,19,260
31730,quiet,discovery,0.08,0,0,100,0,19,261
31740,quiet,discovery,0.08,0,0,100,0,19,261
31750,quiet,discovery,0.08,0,0,100,0,19,261
31760,opportunity,discovery,0.098,0,0,100,0,19,261
31770,opportunity,discovery,0.23,0,0,100,0,20,261
31780,opportunity,discovery,0.23,0,0,100,0,20,261
31790,opportunity,discovery,0.23,0,0,100,0,20,261
31800,opportunity,discovery,0.23,0,0,100,0,0,261
31810,opportunity,discovery,0.23,0,0,100,0,0,261
31820,opportunity,discovery,0.23,0,0,100,0,0,261
31830,opportunity,discovery,0.23,0,0,100,0,0,261
31840,opportunity,discovery,0.23,0,0,100,0,0,261
31850,opportunity,discovery,0.23,0,0,100,0,0,261
31860,opportunity,discovery,0.23,0,0,100,0,0,261
31870,opportunity,discovery,0.23,0,0,100,0,0,261
31880,opportunity,discovery,0.23,0,0,100,0,0,261
31890,opportunity,discovery,0.23,0,0,100,0,0,261
31900,opportunity,discovery,0.23,0,0,100,0,0,261
31910,opportunity,discovery,0.23,0,0,100,0,0,261
31920,build,discovery,0.338,0,0,100,0,0,261
31930,build,discovery,0.518,0,0,100,0,0,261
31940,build,discovery,0.585,0,0,100,0,0,261
31950,build,discovery,0.585,0,0,100,0,0,261
31960,build,discovery,0.585,0,0,100,0,0,261
31970,build,discovery,0.585,0,0,100,0,0,261
31980,build,discovery,0.585,0,0,100,0,0,261
31990,build,discovery,0.585,0,0,100,0,0,261
32000,build,discovery,0.585,0,0,100,0,0,261
32010,opportunity,discovery,0.535,0,0,100,0,0,261
32020,opportunity,discovery,0.23,0,0,100,0,0,261
32030,opportunity,discovery,0.23,0,0,100,0,0,261
32040,opportunity,discovery,0.23,0,0,100,0,0,261
32050,opportunity,discovery,0.23,0,0,100,0,0,261
32060,opportunity,discovery,0.23,0,0,100,0,0,261
32070,opportunity,discovery,0.23,0,0,100,0,0,261
32080,opportunity,discovery,0.23,0,0,100,0,0,261
32090,opportunity,discovery,0.23,0,0,100,0,0,261
32100,opportunity,discovery,0.23,0,0,100,0,0,261
32110,opportunity,discovery,0.23,0,0,100,0,0,261
32120,opportunity,discovery,0.23,0,0,100,0,0,261
32130,opportunity,discovery,0.23,0,0,100,0,0,261
32140,opportunity,discovery,0.23,0,0,100,0,0,261
32150,opportunity,discovery,0.23,0,0,100,0,0,261
32160,opportunity,discovery,0.23,0,0,100,0,0,261
32170,build,discovery,0.338,0,0,100,0,0,261
32180,build,discovery,0.518,0,0,100,0,0,262
32190,build,discovery,0.585,0,0,100,0,0,262
32200,build,discovery,0.585,0,0,100,0,0,262
32210,build,discovery,0.585,0,0,100,0,0,262
32220,build,discovery,0.585,0,0,100,0,1,262
32230,build,discovery,0.585,0,0,100,0,0,263
32240,build,discovery,0.585,0,0,100,0,0,263
32250,build,discovery,0.585,0,0,100,0,0,263
32260,aftermath,discovery,0.535,0,0,100,0,0,263
32270,aftermath,discovery,0.1,0,0,100,0,1,263
32280,aftermath,discovery,0.1,0,0,100,0,1,263
32290,aftermath,discovery,0.1,0,0,100,0,1,263
32300,suspended:docked,discovery,,0,0,100,0,1,263
32310,suspended:docked,discovery,,0,0,100,0,2,263
32320,suspended:docked,discovery,,0,0,100,0,2,263
32330,suspended:docked,discovery,,0,0,100,0,2,263
32340,aftermath,discovery,0.08,0,0,100,0,2,263
32350,aftermath,discovery,0.08,0,0,100,0,2,263
32360,aftermath,discovery,0.1,0,0,100,0,2,264
32370,aftermath,discovery,0.1,0,0,100,0,2,264
32380,aftermath,discovery,0.1,0,0,100,0,2,264
32390,aftermath,discovery,0.1,0,0,100,0,2,264
32400,aftermath,discovery,0.1,0,0,100,0,3,264
32410,aftermath,discovery,0.1,0,0,100,0,2,265
32420,quiet,voyage,0.08,0,0,100,0,2,265
32430,quiet,voyage,0.08,0,0,100,0,2,265
32440,quiet,voyage,0.08,0,0,100,0,2,265
32450,quiet,voyage,0.08,0,0,100,0,3,265
32460,quiet,voyage,0.08,0,0,100,0,3,265
32470,quiet,voyage,0.08,0,0,100,0,3,265
32480,peak,voyage,0.152,0.195,0.006149,100,1,2,266
32490,peak,voyage,0.332,0.430292,0.027043,100,1,3,266
32500,peak,voyage,0.512,0.430292,0.04874,100,1,3,266
32510,peak,voyage,0.692,0.3915,0.07035,100,0,3,266
32520,peak,voyage,0.7,0.37575,0.08966,100,0,3,266
32530,aftermath,voyage,0.25,0.12375,0.009679,100,0,3,266
32540,aftermath,voyage,0.1,0,0,100,0,4,266
32550,aftermath,voyage,0.1,0,0,100,0,4,266
32560,aftermath,voyage,0.1,0,0,100,0,4,266
32570,aftermath,voyage,0.1,0,0,100,0,4,266
32580,aftermath,voyage,0.1,0,0,100,0,5,266
32590,aftermath,voyage,0.1,0,0,100,0,5,266
32600,aftermath,voyage,0.1,0,0,100,0,5,266
32610,aftermath,voyage,0.1,0,0,100,0,5,266
32620,aftermath,voyage,0.1,0,0,100,0,5,266
32630,aftermath,voyage,0.1,0,0,100,0,6,266
32640,quiet,hunt,0.08,0,0,100,0,6,266
32650,quiet,hunt,0.08,0,0,100,0,6,266
32660,quiet,hunt,0.08,0,0,100,0,6,266
32670,quiet,hunt,0.08,0,0,100,0,7,266
32680,quiet,hunt,0.08,0,0,100,0,6,267
32690,peak,hunt,0.188,0.195,0.006149,100,1,5,268
32700,peak,hunt,0.368,0.430292,0.027043,100,1,5,268
32710,peak,hunt,0.548,0.430292,0.04874,100,1,5,268
32720,peak,hunt,0.7,0.3915,0.07035,100,0,5,269
32730,peak,hunt,0.7,0.37575,0.08966,100,0,5,269
32740,aftermath,hunt,0.25,0.12375,0.009679,100,0,5,269
32750,aftermath,hunt,0.1,0,0,100,0,5,269
32760,aftermath,hunt,0.1,0,0,100,0,6,269
32770,aftermath,hunt,0.1,0,0,100,0,6,269
32780,aftermath,hunt,0.1,0,0,100,0,6,269
32790,aftermath,hunt,0.1,0,0,100,0,6,269
32800,aftermath,hunt,0.1,0,0,100,0,6,269
32810,aftermath,hunt,0.1,0,0,100,0,7,269
32820,aftermath,hunt,0.1,0,0,100,0,7,269
32830,aftermath,hunt,0.1,0,0,100,0,7,269
32840,aftermath,hunt,0.1,0,0,100,0,7,269
32850,quiet,discovery,0.08,0,0,100,0,8,269
32860,quiet,discovery,0.08,0,0,100,0,8,269
32870,quiet,discovery,0.08,0,0,100,0,8,269
32880,quiet,discovery,0.08,0,0,100,0,8,269
32890,quiet,discovery,0.08,0,0,100,0,8,269
32900,quiet,discovery,0.08,0,0,100,0,8,270
32910,quiet,discovery,0.08,0,0,100,0,8,270
32920,quiet,discovery,0.08,0,0,100,0,8,270
32930,quiet,discovery,0.08,0,0,100,0,8,270
32940,opportunity,discovery,0.188,0,0,100,0,9,270
32950,opportunity,discovery,0.23,0,0,100,0,8,271
32960,opportunity,discovery,0.23,0,0,100,0,8,271
32970,opportunity,discovery,0.23,0,0,100,0,8,271
32980,opportunity,discovery,0.23,0,0,100,0,8,271
32990,opportunity,discovery,0.23,0,0,100,0,9,271
33000,opportunity,discovery,0.23,0,0,100,0,9,271
33010,opportunity,discovery,0.23,0,0,100,0,9,271
33020,opportunity,discovery,0.23,0,0,100,0,9,271
33030,opportunity,discovery,0.23,0,0,100,0,10,271
33040,opportunity,discovery,0.23,0,0,100,0,10,271
33050,opportunity,discovery,0.23,0,0,100,0,10,271
33060,opportunity,discovery,0.23,0,0,100,0,10,271
33070,opportunity,discovery,0.23,0,0,100,0,10,271
33080,peak,discovery,0.266,0.13,0.004,100,1,10,272
33090,peak,discovery,0.446,0.422417,0.024398,100,1,10,272
33100,peak,discovery,0.626,0.430292,0.04564,100,1,10,272
33110,peak,discovery,0.7,0.418042,0.067431,100,0,10,272
33120,peak,discovery,0.689596,0.37575,0.086698,100,0,11,272
33130,aftermath,discovery,0.289156,0.15175,0.017639,100,0,11,272
33140,aftermath,discovery,0.1,0,0,100,0,11,272
33150,aftermath,discovery,0.1,0,0,100,0,11,272
33160,aftermath,discovery,0.1,0,0,100,0,11,272
33170,aftermath,discovery,0.1,0,0,100,0,11,273
33180,aftermath,discovery,0.1,0,0,100,0,11,273
33190,aftermath,discovery,0.1,0,0,100,0,11,273
33200,aftermath,discovery,0.1,0,0,100,0,11,273
33210,aftermath,discovery,0.1,0,0,100,0,12,273
33220,aftermath,discovery,0.1,0,0,100,0,12,273
33230,quiet,hunt,0.08,0,0,100,0,12,273
33240,quiet,hunt,0.08,0,0,100,0,12,273
33250,quiet,hunt,0.08,0,0,100,0,12,273
33260,quiet,hunt,0.08,0,0,100,0,12,274
33270,quiet,hunt,0.08,0,0,100,0,12,274
33280,opportunity,hunt,0.152,0,0,100,0,12,274
33290,peak,hunt,0.248,0.065,0.002,100,1,11,275
33300,peak,hunt,0.428,0.422417,0.022398,100,1,12,275
33310,peak,hunt,0.608,0.430292,0.04364,100,1,12,275
33320,peak,hunt,0.692118,0.438167,0.065684,100,1,12,275
33330,peak,hunt,0.689802,0.37575,0.084984,100,0,12,275
33340,aftermath,hunt,0.339141,0.17975,0.026852,100,0,12,275
33350,aftermath,hunt,0.1,0,0,100,0,12,276
33360,aftermath,hunt,0.1,0,0,100,0,12,276
33370,aftermath,hunt,0.1,0,0,100,0,12,276
33380,aftermath,hunt,0.1,0,0,100,0,12,276
33390,aftermath,hunt,0.1,0,0,100,0,13,276
33400,aftermath,hunt,0.1,0,0,100,0,13,276
33410,aftermath,hunt,0.1,0,0,100,0,13,276
33420,aftermath,hunt,0.1,0,0,100,0,13,276
33430,quiet,voyage,0.08,0,0,100,0,13,276
33440,quiet,voyage,0.08,0,0,100,0,13,277
33450,quiet,voyage,0.08,0,0,100,0,13,277
33460,quiet,voyage,0.08,0,0,100,0,13,277
33470,quiet,voyage,0.08,0,0,100,0,13,277
33480,quiet,voyage,0.08,0,0,100,0,14,277
33490,quiet,voyage,0.08,0,0,100,0,13,278
33500,opportunity,voyage,0.224,0,0,100,0,13,278
33510,opportunity,voyage,0.23,0,0,100,0,13,278
33520,opportunity,voyage,0.23,0,0,100,0,13,278
33530,opportunity,voyage,0.23,0,0,100,0,14,278
33540,opportunity,voyage,0.23,0,0,100,0,14,278
33550,opportunity,voyage,0.23,0,0,100,0,14,278
33560,opportunity,voyage,0.23,0,0,100,0,14,278
33570,opportunity,voyage,0.23,0,0,100,0,15,278
33580,opportunity,voyage,0.23,0,0,100,0,14,279
33590,opportunity,voyage,0.23,0,0,100,0,14,279
33600,opportunity,voyage,0.23,0,0,100,0,14,279
33610,build,voyage,0.284,0,0,100,0,14,279
33620,peak,voyage,0.464,0.414542,0.016149,100,1,14,280
33630,peak,voyage,0.644,0.430292,0.037043,100,1,14,280
33640,peak,voyage,0.692951,0.430292,0.05874,100,1,14,280
33650,peak,voyage,0.690536,0.383625,0.07887,100,0,14,280
33660,aftermath,voyage,0.489181,0.271625,0.053792,100,0,15,280
33670,aftermath,voyage,0.1,0,0,100,0,15,280
33680,aftermath,voyage,0.1,0,0,100,0,15,280
33690,aftermath,voyage,0.1,0,0,100,0,15,280
33700,aftermath,voyage,0.1,0,0,100,0,15,280
33710,aftermath,voyage,0.1,0,0,100,0,16,280
33720,aftermath,voyage,0.1,0,0,100,0,16,280
33730,aftermath,voyage,0.1,0,0,100,0,16,280
33740,aftermath,voyage,0.1,0,0,100,0,16,280
33750,quiet,hunt,0.08,0,0,100,0,17,280
33760,quiet,hunt,0.08,0,0,100,0,17,280
33770,quiet,hunt,0.08,0,0,100,0,17,280
33780,quiet,hunt,0.08,0,0,100,0,17,280
33790,quiet,hunt,0.08,0,0,100,0,17,280
33800,peak,hunt,0.17,0.26,0.008149,100,1,17,281
33810,peak,hunt,0.35,0.430292,0.029043,100,1,17,281
33820,peak,hunt,0.53,0.430292,0.05074,100,1,16,282
33830,peak,hunt,0.7,0.383625,0.071941,100,0,16,282
33840,peak,hunt,0.7,0.367875,0.090728,100,0,17,282
33850,aftermath,hunt,0.2,0.087875,0,100,0,16,283
33860,aftermath,hunt,0.1,0,0,100,0,16,283
33870,aftermath,hunt,0.1,0,0,100,0,16,283
33880,aftermath,hunt,0.1,0,0,100,0,16,283
33890,aftermath,hunt,0.1,0,0,100,0,16,284
33900,recovery,hunt,0.05,0.065,0.003473,100,0,16,284
33910,recovery,hunt,0.025438,0.633,0.038019,100,0,16,284
33920,recovery,hunt,0.03,0.409,0,100,0,16,284
33930,recovery,hunt,0.03,0.245,0,100,0,17,284
33940,recovery,hunt,0.03,0,0,100,0,16,285
33950,recovery,hunt,0.03,0,0,100,0,16,285
33960,recovery,hunt,0.03,0,0,100,0,16,285
33970,recovery,hunt,0.03,0,0,100,0,16,285
33980,recovery,hunt,0.03,0,0,100,0,17,285
33990,aftermath,hunt,0.048,0,0,100,0,17,285
34000,aftermath,hunt,0.1,0,0,100,0,17,285
34010,aftermath,hunt,0.1,0,0,100,0,17,285
34020,aftermath,hunt,0.1,0,0,100,0,18,285
34030,aftermath,hunt,0.1,0,0,100,0,18,285
34040,aftermath,hunt,0.1,0,0,100,0,18,285
34050,aftermath,hunt,0.1,0,0,100,0,18,285
34060,aftermath,hunt,0.1,0,0,100,0,18,285
34070,aftermath,hunt,0.1,0,0,100,0,19,285
34080,aftermath,hunt,0.1,0,0,100,0,19,285
34090,aftermath,hunt,0.1,0,0,100,0,19,285
34100,suspended:docked,discovery,,0,0,100,0,19,285
34110,suspended:docked,discovery,,0,0,100,0,20,285
34120,suspended:docked,discovery,,0,0,100,0,20,285
34130,suspended:docked,discovery,,0,0,100,0,20,285
34140,quiet,discovery,0.08,0,0,100,0,20,285
34150,quiet,discovery,0.08,0,0,100,0,20,285
34160,quiet,discovery,0.08,0,0,100,0,20,285
34170,quiet,discovery,0.08,0,0,100,0,20,285
34180,quiet,discovery,0.08,0,0,100,0,20,285
34190,quiet,discovery,0.08,0,0,100,0,20,285
34200,quiet,discovery,0.08,0,0,100,0,20,285
34210,quiet,discovery,0.08,0,0,100,0,20,285
34220,opportunity,discovery,0.152,0,0,100,0,20,285
34230,opportunity,discovery,0.23,0,0,100,0,20,285
34240,opportunity,discovery,0.23,0,0,100,0,20,285
34250,opportunity,discovery,0.23,0,0,100,0,20,285
34260,opportunity,discovery,0.23,0,0,100,0,20,285
34270,opportunity,discovery,0.23,0,0,100,0,20,285
34280,opportunity,discovery,0.23,0,0,100,0,20,285
34290,opportunity,discovery,0.23,0,0,100,0,20,285
34300,opportunity,discovery,0.23,0,0,100,0,20,285
34310,opportunity,discovery,0.23,0,0,100,0,20,285
34320,opportunity,discovery,0.23,0,0,100,0,20,285
34330,opportunity,discovery,0.23,0,0,100,0,20,285
34340,opportunity,discovery,0.23,0,0,100,0,20,285
34350,opportunity,discovery,0.23,0,0,100,0,20,285
34360,opportunity,discovery,0.23,0,0,100,0,20,285
34370,opportunity,discovery,0.23,0,0,100,0,20,285
34380,build,discovery,0.392,0,0,100,1,19,286
34390,peak,discovery,0.572,0.414542,0.020248,100,1,19,286
34400,peak,discovery,0.7,0.430292,0.041342,100,1,19,286
34410,peak,discovery,0.7,0.438167,0.063188,100,1,19,286
34420,peak,discovery,0.7,0.37575,0.082769,100,0,19,286
34430,aftermath,discovery,0.4,0.20775,0.035568,100,0,20,286
34440,aftermath,discovery,0.1,0,0,100,0,20,286
34450,aftermath,discovery,0.1,0,0,100,0,20,286
34460,aftermath,discovery,0.1,0,0,100,0,20,286
34470,aftermath,discovery,0.1,0,0,100,0,20,286
34480,aftermath,discovery,0.1,0,0,100,0,20,286
34490,aftermath,discovery,0.1,0,0,100,0,20,286
34500,aftermath,discovery,0.1,0,0,100,0,20,286
34510,aftermath,discovery,0.1,0,0,100,0,20,286
34520,aftermath,discovery,0.1,0,0,100,0,20,286
34530,aftermath,discovery,0.1,0,0,100,0,20,286
34540,aftermath,discovery,0.1,0,0,100,0,20,286
34550,aftermath,discovery,0.1,0,0,100,0,20,286
34560,quiet,hunt,0.08,0,0,100,0,20,286
34570,quiet,hunt,0.08,0,0,100,0,20,286
34580,quiet,hunt,0.08,0,0,100,0,20,286
34590,quiet,hunt,0.08,0,0,100,0,20,286
34600,quiet,hunt,0.08,0,0,100,0,20,286
34610,peak,hunt,0.224,0.39,0.012149,100,1,20,287
34620,peak,hunt,0.404,0.430292,0.033043,100,1,20,287
34630,peak,hunt,0.584,0.430292,0.05474,100,1,20,287
34640,peak,hunt,0.7,0.383625,0.075412,100,0,19,288
34650,aftermath,hunt,0.6,0.327625,0.072302,100,0,20,288
34660,aftermath,hunt,0.1,0.047625,0,100,0,20,288
34670,aftermath,hunt,0.1,0,0,100,0,20,288
34680,aftermath,hunt,0.1,0,0,100,0,20,288
34690,aftermath,hunt,0.1,0,0,100,0,20,288
34700,aftermath,hunt,0.1,0,0,100,0,20,288
34710,aftermath,hunt,0.1,0,0,100,0,20,288
34720,aftermath,hunt,0.1,0,0,100,0,20,288
34730,aftermath,hunt,0.1,0,0,100,0,20,288
34740,aftermath,hunt,0.1,0,0,100,0,20,288
34750,aftermath,hunt,0.1,0,0,100,0,20,288
34760,aftermath,hunt,0.1,0,0,100,0,20,288
34770,quiet,voyage,0.08,0,0,100,0,20,288
34780,quiet,voyage,0.08,0,0,100,0,20,288
34790,quiet,voyage,0.08,0,0,100,0,20,288
34800,quiet,voyage,0.08,0,0,100,0,20,288
34810,quiet,voyage,0.08,0,0,100,0,20,288
34820,quiet,voyage,0.08,0,0,100,0,20,288
34830,quiet,voyage,0.08,0,0,100,0,20,288
34840,opportunity,voyage,0.23,0,0,100,0,20,288
34850,opportunity,voyage,0.23,0,0,100,0,20,288
34860,opportunity,voyage,0.23,0,0,100,0,20,288
34870,opportunity,voyage,0.23,0,0,100,0,20,288
34880,opportunity,voyage,0.23,0,0,100,0,20,288
34890,opportunity,voyage,0.23,0,0,100,0,20,288
34900,opportunity,voyage,0.23,0,0,100,0,20,288
34910,opportunity,voyage,0.23,0,0,100,0,20,288
34920,opportunity,voyage,0.23,0,0,100,0,20,288
34930,opportunity,voyage,0.23,0,0,100,0,20,288
34940,opportunity,voyage,0.23,0,0,100,0,20,288
34950,peak,voyage,0.302,0.13,0.00405,100,1,19,289
34960,peak,voyage,0.482,0.422417,0.024795,100,1,19,289
34970,peak,voyage,0.662,0.438167,0.046385,100,1,19,290
34980,peak,voyage,0.691794,0.418042,0.068383,100,0,19,290
34990,peak,voyage,0.689533,0.367875,0.087228,100,0,19,290
35000,aftermath,voyage,0.289103,0.143875,0.018085,100,0,19,290
35010,aftermath,voyage,0.1,0,0,100,0,20,290
35020,aftermath,voyage,0.1,0,0,100,0,20,290
35030,aftermath,voyage,0.1,0,0,100,0,20,290
35040,aftermath,voyage,0.1,0,0,100,0,20,290
35050,aftermath,voyage,0.1,0,0,100,0,20,290
35060,aftermath,voyage,0.1,0,0,100,0,20,290
35070,aftermath,voyage,0.1,0,0,100,0,20,290
35080,aftermath,voyage,0.1,0,0,100,0,20,290
35090,quiet,hunt,0.08,0,0,100,0,20,290
35100,quiet,hunt,0.08,0,0,100,0,20,290
35110,quiet,hunt,0.08,0,0,100,0,20,290
35120,quiet,hunt,0.08,0,0,100,0,20,290
35130,quiet,hunt,0.08,0,0,100,0,20,290
35140,peak,hunt,0.242,0.414542,0.014248,100,1,19,291
35150,peak,hunt,0.422,0.430292,0.035342,100,1,20,291
35160,peak,hunt,0.602,0.438167,0.057187,100,1,20,291
35170,peak,hunt,0.690688,0.37575,0.077597,100,0,20,291
35180,aftermath,hunt,0.539142,0.29175,0.063207,100,0,20,291
35190,aftermath,hunt,0.1,0.01175,0,100,0,20,291
35200,aftermath,hunt,0.1,0,0,100,0,20,291
35210,aftermath,hunt,0.1,0,0,100,0,20,291
35220,aftermath,hunt,0.1,0,0,100,0,20,291
35230,aftermath,hunt,0.1,0,0,100,0,20,291
35240,aftermath,hunt,0.1,0,0,100,0,20,291
35250,aftermath,hunt,0.1,0,0,100,0,20,291
35260,aftermath,hunt,0.1,0,0,100,0,20,291
35270,aftermath,hunt,0.1,0,0,100,0,20,291
35280,quiet,discovery,0.08,0,0,100,0,20,291
35290,quiet,discovery,0.08,0,0,100,0,20,291
35300,quiet,discovery,0.08,0,0,100,0,20,291
35310,quiet,discovery,0.08,0,0,100,0,20,291
35320,quiet,discovery,0.08,0,0,100,0,20,291
35330,quiet,discovery,0.08,0,0,100,0,20,291
35340,quiet,discovery,0.08,0,0,100,0,20,291
35350,quiet,discovery,0.08,0,0,100,0,20,291
35360,peak,discovery,0.152,0.195,0.006149,100,1,19,292
35370,peak,discovery,0.332,0.430292,0.027043,100,1,20,292
35380,peak,discovery,0.512,0.430292,0.04874,100,1,20,292
35390,peak,discovery,0.691558,0.3915,0.07035,100,0,20,292
35400,peak,discovery,0.689241,0.37575,0.08966,100,0,20,292
35410,aftermath,discovery,0.23902,0.12375,0.009679,100,0,20,292
35420,aftermath,discovery,0.1,0,0,100,0,20,292
35430,aftermath,discovery,0.1,0,0,100,0,20,292
35440,aftermath,discovery,0.1,0,0,100,0,20,292
35450,aftermath,discovery,0.1,0,0,100,0,20,292
35460,aftermath,discovery,0.1,0,0,100,0,20,292
35470,aftermath,discovery,0.1,0,0,100,0,20,292
35480,aftermath,discovery,0.1,0,0,100,0,20,292
35490,aftermath,discovery,0.1,0,0,100,0,20,292
35500,aftermath,discovery,0.1,0,0,100,0,20,292
35510,quiet,hunt,0.08,0,0,100,0,20,292
35520,quiet,hunt,0.08,0,0,100,0,20,292
35530,quiet,hunt,0.08,0,0,100,0,20,292
35540,quiet,hunt,0.08,0,0,100,0,20,292
35550,quiet,hunt,0.08,0,0,100,0,20,292
35560,opportunity,hunt,0.17,0,0,100,0,20,292
35570,opportunity,hunt,0.23,0,0,100,0,20,292
35580,opportunity,hunt,0.23,0,0,100,0,20,292
35590,opportunity,hunt,0.23,0,0,100,0,20,292
35600,opportunity,hunt,0.23,0,0,100,0,20,292
35610,opportunity,hunt,0.23,0,0,100,0,20,292
35620,opportunity,hunt,0.23,0,0,100,0,20,292
35630,opportunity,hunt,0.23,0,0,100,0,20,292
35640,opportunity,hunt,0.23,0,0,100,0,20,292
35650,peak,hunt,0.41,0.414542,0.014248,100,1,19,293
35660,peak,hunt,0.59,0.430292,0.035342,100,1,19,293
35670,peak,hunt,0.7,0.438167,0.057187,100,1,19,293
35680,peak,hunt,0.7,0.37575,0.077597,100,0,19,293
35690,aftermath,hunt,0.55,0.29175,0.063207,100,0,20,293
35700,aftermath,hunt,0.1,0.01175,0,100,0,20,293
35710,aftermath,hunt,0.1,0,0,100,0,20,293
35720,aftermath,hunt,0.1,0,0,100,0,20,293
35730,aftermath,hunt,0.1,0,0,100,0,20,293
35740,aftermath,hunt,0.1,0,0,100,0,20,293
35750,aftermath,hunt,0.1,0,0,100,0,20,293
35760,aftermath,hunt,0.1,0,0,100,0,20,293
35770,aftermath,hunt,0.1,0,0,100,0,20,293
35780,aftermath,hunt,0.1,0,0,100,0,20,293
35790,aftermath,hunt,0.1,0,0,100,0,20,293
35800,quiet,voyage,0.08,0,0,100,0,20,293
35810,quiet,voyage,0.08,0,0,100,0,20,293
35820,quiet,voyage,0.08,0,0,100,0,20,293
35830,quiet,voyage,0.08,0,0,100,0,20,293
35840,quiet,voyage,0.08,0,0,100,0,20,293
35850,quiet,voyage,0.08,0,0,100,0,20,293
35860,peak,voyage,0.116,0.065,0.002,100,1,19,294
35870,peak,voyage,0.296,0.422417,0.022596,100,1,20,294
35880,peak,voyage,0.476,0.438167,0.043988,100,1,20,294
35890,peak,voyage,0.656,0.430292,0.066139,100,1,20,294
35900,suspended:docked,voyage,,0.383625,0.083219,100,0,20,294
35910,suspended:docked,voyage,,0.383625,0.083219,100,0,20,294
35920,suspended:docked,voyage,,0.383625,0.083219,100,0,20,294
35930,suspended:docked,voyage,,0.383625,0.083219,100,0,20,294
35940,aftermath,voyage,0.65,0.355625,0.074128,100,0,20,294
35950,aftermath,voyage,0.15,0.075625,0,100,0,20,294
35960,aftermath,voyage,0.1,0,0,100,0,20,294
35970,aftermath,voyage,0.1,0,0,100,0,20,294
35980,aftermath,voyage,0.1,0,0,100,0,20,294
35990,aftermath,voyage,0.1,0,0,100,0,20,294
