t,phase,motif,requested,observed,fatigue,hull,liveCombat,pending,totalSpawns
0,travel,,,,,100,0,1,0
10,travel,,,,,100,0,0,1
20,travel,,,,,100,0,0,1
30,travel,,,,,100,0,0,1
40,travel,,,,,100,0,0,1
50,travel,,,,,100,0,0,2
60,travel,,,,,100,0,0,2
70,travel,,,,,100,0,0,2
80,curiosity,,,,,100,0,0,2
90,curiosity,,,,,100,0,1,2
100,violence,,,,,100,1,0,3
110,violence,,,,,100,1,0,3
120,violence,,,,,100,1,0,3
130,aftermath,,,,,100,0,0,3
140,aftermath,,,,,100,0,0,4
150,aftermath,,,,,100,0,0,4
160,aftermath,,,,,100,0,0,4
170,aftermath,,,,,100,0,0,4
180,aftermath,,,,,100,0,1,4
190,quiet,,,,,100,0,1,4
200,quiet,,,,,100,0,1,4
210,quiet,,,,,100,0,1,4
220,quiet,,,,,100,0,1,4
230,quiet,,,,,100,0,2,4
240,quiet,,,,,100,0,2,4
250,quiet,,,,,100,0,2,4
260,quiet,,,,,100,0,2,4
270,quiet,,,,,100,0,3,4
280,work,,,,,100,0,3,4
290,work,,,,,100,0,3,4
300,travel,,,,,100,0,3,4
310,violence,,,,,100,1,2,5
320,violence,,,,,100,1,2,6
330,violence,,,,,100,1,2,6
340,aftermath,,,,,100,0,2,6
350,aftermath,,,,,100,0,2,6
360,aftermath,,,,,100,0,3,6
370,aftermath,,,,,100,0,2,7
380,aftermath,,,,,100,0,2,7
390,aftermath,,,,,100,0,2,7
400,quiet,,,,,100,0,2,7
410,quiet,,,,,100,0,3,7
420,quiet,,,,,100,0,3,7
430,quiet,,,,,100,0,3,7
440,quiet,,,,,100,0,3,7
450,quiet,,,,,100,0,4,7
460,quiet,,,,,100,0,4,7
470,quiet,,,,,100,0,4,7
480,quiet,,,,,100,0,4,7
490,work,,,,,100,0,4,7
500,work,,,,,100,0,4,8
510,travel,,,,,100,0,4,8
520,violence,,,,,100,1,3,9
530,violence,,,,,100,1,3,9
540,violence,,,,,100,1,4,9
550,aftermath,,,,,100,0,4,9
560,aftermath,,,,,100,0,4,9
570,aftermath,,,,,100,0,4,9
580,aftermath,,,,,100,0,4,9
590,aftermath,,,,,100,0,5,9
600,aftermath,,,,,100,0,5,9
610,quiet,,,,,100,0,5,9
620,quiet,,,,,100,0,5,9
630,quiet,,,,,100,0,6,9
640,quiet,,,,,100,0,6,9
650,quiet,,,,,100,0,6,9
660,quiet,,,,,100,0,6,9
670,quiet,,,,,100,0,6,9
680,quiet,,,,,100,0,7,9
690,quiet,,,,,100,0,7,9
700,work,,,,,100,0,7,9
710,work,,,,,100,0,7,9
720,travel,,,,,100,0,8,9
730,travel,,,,,100,0,8,9
740,travel,,,,,100,0,8,9
750,travel,,,,,100,0,8,9
760,travel,,,,,100,0,8,9
770,travel,,,,,100,0,9,9
780,travel,,,,,100,0,9,9
790,violence,,,,,100,1,7,11
800,violence,,,,,100,1,6,12
810,violence,,,,,100,1,7,12
820,aftermath,,,,,100,0,7,12
830,aftermath,,,,,100,0,6,13
840,aftermath,,,,,100,0,6,13
850,aftermath,,,,,100,0,6,13
860,aftermath,,,,,100,0,6,14
870,aftermath,,,,,100,0,6,14
880,quiet,,,,,100,0,6,14
890,quiet,,,,,100,0,6,14
900,quiet,,,,,100,0,7,14
910,quiet,,,,,100,0,6,15
920,quiet,,,,,100,0,6,15
930,quiet,,,,,100,0,6,15
940,quiet,,,,,100,0,6,15
950,quiet,,,,,100,0,6,16
960,quiet,,,,,100,0,6,16
970,work,,,,,100,0,6,16
980,work,,,,,100,0,6,16
990,travel,,,,,100,0,7,16
1000,travel,,,,,100,0,6,17
1010,violence,,,,,100,1,5,18
1020,violence,,,,,100,1,5,18
1030,violence,,,,,100,1,5,18
1040,aftermath,,,,,100,0,6,18
1050,aftermath,,,,,100,0,6,18
1060,aftermath,,,,,100,0,6,18
1070,aftermath,,,,,100,0,6,18
1080,aftermath,,,,,100,0,7,18
1090,aftermath,,,,,100,0,7,18
1100,quiet,,,,,100,0,7,18
1110,quiet,,,,,100,0,7,18
1120,quiet,,,,,100,0,7,18
1130,quiet,,,,,100,0,7,19
1140,quiet,,,,,100,0,7,19
1150,quiet,,,,,100,0,7,19
1160,quiet,,,,,100,0,7,19
1170,quiet,,,,,100,0,8,19
1180,quiet,,,,,100,0,8,19
1190,work,,,,,100,0,8,19
1200,work,,,,,100,0,8,19
1210,violence,,,,,100,1,7,20
1220,violence,,,,,100,1,8,20
1230,violence,,,,,100,1,8,20
1240,aftermath,,,,,100,0,8,20
1250,aftermath,,,,,100,0,8,20
1260,aftermath,,,,,100,0,9,20
1270,aftermath,,,,,100,0,9,20
1280,aftermath,,,,,100,0,9,20
1290,aftermath,,,,,100,0,9,20
1300,quiet,,,,,100,0,9,20
1310,quiet,,,,,100,0,9,21
1320,quiet,,,,,100,0,9,21
1330,quiet,,,,,100,0,9,21
1340,quiet,,,,,100,0,9,21
1350,quiet,,,,,100,0,10,21
1360,quiet,,,,,100,0,10,21
1370,quiet,,,,,100,0,10,21
1380,quiet,,,,,100,0,10,21
1390,work,,,,,100,0,10,21
1400,work,,,,,100,0,10,22
1410,travel,,,,,100,0,10,22
1420,violence,,,,,100,1,9,23
1430,violence,,,,,100,1,9,23
1440,violence,,,,,100,1,10,23
1450,aftermath,,,,,100,0,9,24
1460,aftermath,,,,,100,0,9,24
1470,aftermath,,,,,100,0,9,24
1480,aftermath,,,,,100,0,9,24
1490,aftermath,,,,,100,0,10,24
1500,aftermath,,,,,100,0,10,24
1510,quiet,,,,,100,0,10,24
1520,quiet,,,,,100,0,10,24
1530,quiet,,,,,100,0,11,24
1540,quiet,,,,,100,0,11,24
1550,quiet,,,,,100,0,11,24
1560,quiet,,,,,100,0,11,24
1570,quiet,,,,,100,0,11,24
1580,quiet,,,,,100,0,12,24
1590,quiet,,,,,100,0,12,24
1600,work,,,,,100,0,12,24
1610,work,,,,,100,0,12,24
1620,travel,,,,,100,1,12,25
1630,violence,,,,,100,1,12,25
1640,violence,,,,,100,1,12,25
1650,violence,,,,,100,1,11,26
1660,aftermath,,,,,100,0,11,26
1670,aftermath,,,,,100,0,11,27
1680,aftermath,,,,,100,0,11,27
1690,aftermath,,,,,100,0,11,27
1700,aftermath,,,,,100,0,11,27
1710,aftermath,,,,,100,0,12,27
1720,quiet,,,,,100,0,12,27
1730,quiet,,,,,100,0,12,27
1740,quiet,,,,,100,0,12,27
1750,quiet,,,,,100,0,12,27
1760,quiet,,,,,100,0,12,28
1770,quiet,,,,,100,0,12,28
1780,quiet,,,,,100,0,12,28
1790,quiet,,,,,100,0,12,28
1800,quiet,,,,,100,0,13,28
1810,work,,,,,100,0,12,29
1820,work,,,,,100,0,12,29
1830,violence,,,,,100,1,11,30
1840,violence,,,,,100,1,11,30
1850,violence,,,,,100,1,12,30
1860,aftermath,,,,,100,0,12,30
1870,aftermath,,,,,100,0,12,30
1880,aftermath,,,,,100,0,12,30
1890,aftermath,,,,,100,0,13,30
1900,aftermath,,,,,100,0,12,31
1910,aftermath,,,,,100,0,12,31
1920,quiet,,,,,100,0,12,31
1930,quiet,,,,,100,0,12,31
1940,quiet,,,,,100,0,12,32
1950,quiet,,,,,100,0,12,32
1960,quiet,,,,,100,0,12,32
1970,quiet,,,,,100,0,12,32
1980,quiet,,,,,100,0,13,32
1990,quiet,,,,,100,0,13,32
2000,quiet,,,,,100,0,13,32
2010,work,,,,,100,0,13,32
2020,work,,,,,100,0,13,32
2030,violence,,,,,100,1,13,33
2040,violence,,,,,100,1,13,33
2050,violence,,,,,100,1,12,34
2060,aftermath,,,,,100,0,12,34
2070,aftermath,,,,,100,0,13,34
2080,aftermath,,,,,100,0,12,35
2090,aftermath,,,,,100,0,12,35
2100,aftermath,,,,,100,0,12,35
2110,aftermath,,,,,100,0,12,35
2120,quiet,,,,,100,0,12,36
2130,quiet,,,,,100,0,12,36
2140,quiet,,,,,100,0,12,36
2150,quiet,,,,,100,0,12,36
2160,quiet,,,,,100,0,13,36
2170,quiet,,,,,100,0,13,36
2180,quiet,,,,,100,0,13,36
2190,quiet,,,,,100,0,13,36
2200,quiet,,,,,100,0,13,36
2210,work,,,,,100,0,13,37
2220,work,,,,,100,0,13,37
2230,violence,,,,,100,1,12,38
2240,violence,,,,,100,1,12,38
2250,violence,,,,,100,1,13,38
2260,aftermath,,,,,100,0,13,38
2270,aftermath,,,,,100,0,13,38
2280,aftermath,,,,,100,0,13,38
2290,aftermath,,,,,100,0,13,38
2300,aftermath,,,,,100,0,14,38
2310,aftermath,,,,,100,0,14,38
2320,quiet,,,,,100,0,14,38
2330,quiet,,,,,100,0,14,38
2340,quiet,,,,,100,0,15,38
2350,quiet,,,,,100,0,15,38
2360,quiet,,,,,100,0,15,38
2370,quiet,,,,,100,0,15,38
2380,quiet,,,,,100,0,15,38
2390,quiet,,,,,100,0,15,39
2400,quiet,,,,,100,0,15,39
2410,work,,,,,100,0,15,39
2420,work,,,,,100,0,15,39
2430,travel,,,,,100,0,16,39
2440,violence,,,,,100,1,14,41
2450,violence,,,,,100,1,14,41
2460,violence,,,,,100,1,14,41
2470,aftermath,,,,,100,0,14,41
2480,aftermath,,,,,100,0,14,42
2490,aftermath,,,,,100,0,14,42
2500,aftermath,,,,,100,0,14,42
2510,aftermath,,,,,100,0,14,42
2520,aftermath,,,,,100,0,15,42
2530,quiet,,,,,100,0,15,42
2540,quiet,,,,,100,0,15,42
2550,quiet,,,,,100,0,15,42
2560,quiet,,,,,100,0,15,42
2570,quiet,,,,,100,0,16,42
2580,quiet,,,,,100,0,16,42
2590,quiet,,,,,100,0,16,42
2600,quiet,,,,,100,0,16,42
2610,quiet,,,,,100,0,17,42
2620,work,,,,,100,0,17,42
2630,work,,,,,100,0,17,42
2640,violence,,,,,100,1,16,43
2650,violence,,,,,100,1,16,43
2660,violence,,,,,100,1,17,43
2670,violence,,,,,100,1,17,43
2680,aftermath,,,,,100,0,17,43
2690,aftermath,,,,,100,0,17,43
2700,aftermath,,,,,100,0,18,43
2710,aftermath,,,,,100,0,18,43
2720,aftermath,,,,,100,0,18,43
2730,aftermath,,,,,100,0,18,43
2740,quiet,,,,,100,0,18,43
2750,quiet,,,,,100,0,19,43
2760,quiet,,,,,100,0,19,43
2770,quiet,,,,,100,0,19,43
2780,quiet,,,,,100,0,19,43
2790,quiet,,,,,100,0,20,43
2800,quiet,,,,,100,0,20,43
2810,quiet,,,,,100,0,20,43
2820,quiet,,,,,100,0,20,43
2830,work,,,,,100,0,20,43
2840,work,,,,,100,0,20,43
2850,violence,,,,,100,1,19,44
2860,violence,,,,,100,1,19,44
2870,violence,,,,,100,1,19,44
2880,aftermath,,,,,100,0,20,44
2890,aftermath,,,,,100,0,20,44
2900,aftermath,,,,,100,0,20,44
2910,aftermath,,,,,100,0,20,44
2920,aftermath,,,,,100,0,20,44
2930,aftermath,,,,,100,0,20,44
2940,quiet,,,,,100,0,20,44
2950,quiet,,,,,100,0,20,44
2960,quiet,,,,,100,0,20,44
2970,quiet,,,,,100,0,20,44
2980,quiet,,,,,100,0,20,44
2990,quiet,,,,,100,0,20,44
3000,quiet,,,,,100,0,0,44
3010,quiet,,,,,100,0,0,44
3020,quiet,,,,,100,0,0,44
3030,work,,,,,100,0,0,44
3040,work,,,,,100,0,0,44
3050,travel,,,,,100,0,0,44
3060,travel,,,,,100,0,0,44
3070,travel,,,,,100,0,0,44
3080,travel,,,,,100,0,0,44
3090,travel,,,,,100,0,0,44
3100,travel,,,,,100,0,0,44
3110,travel,,,,,100,0,0,44
3120,curiosity,,,,,100,0,0,44
3130,curiosity,,,,,100,0,0,44
3140,curiosity,,,,,100,0,0,44
3150,curiosity,,,,,100,0,0,44
3160,curiosity,,,,,100,0,0,44
3170,curiosity,,,,,100,0,0,44
3180,curiosity,,,,,100,0,0,44
3190,curiosity,,,,,100,0,0,44
3200,opportunity,,,,,100,0,0,44
3210,opportunity,,,,,100,0,0,44
3220,opportunity,,,,,100,0,0,44
3230,opportunity,,,,,100,0,0,44
3240,opportunity,,,,,100,0,0,44
3250,opportunity,,,,,100,0,0,44
3260,opportunity,,,,,100,0,0,44
3270,tension,,,,,100,0,0,44
3280,tension,,,,,100,0,0,44
3290,tension,,,,,100,0,0,44
3300,tension,,,,,100,0,0,44
3310,tension,,,,,100,0,0,44
3320,tension,,,,,100,0,0,44
3330,violence,,,,,100,0,0,44
3340,violence,,,,,100,0,0,44
3350,violence,,,,,100,0,0,44
3360,violence,,,,,100,0,0,44
3370,violence,,,,,100,0,0,44
3380,aftermath,,,,,100,0,0,45
3390,aftermath,,,,,100,0,0,45
3400,aftermath,,,,,100,0,0,45
3410,aftermath,,,,,100,0,0,45
3420,aftermath,,,,,100,0,1,45
3430,aftermath,,,,,100,0,1,45
3440,quiet,,,,,100,0,1,45
3450,quiet,,,,,100,0,1,45
3460,quiet,,,,,100,0,1,45
3470,quiet,,,,,100,0,1,46
3480,quiet,,,,,100,0,1,46
3490,quiet,,,,,100,0,1,46
3500,quiet,,,,,100,0,1,46
3510,quiet,,,,,100,0,2,46
3520,quiet,,,,,100,0,2,46
3530,work,,,,,100,0,2,46
3540,work,,,,,100,0,2,46
3550,violence,,,,,100,1,1,47
3560,violence,,,,,100,1,2,47
3570,violence,,,,,100,1,2,47
3580,aftermath,,,,,100,0,2,47
3590,aftermath,,,,,100,0,2,47
3600,aftermath,,,,,100,0,3,47
3610,aftermath,,,,,100,0,3,47
3620,aftermath,,,,,100,0,3,47
3630,aftermath,,,,,100,0,3,47
3640,quiet,,,,,100,0,3,47
3650,quiet,,,,,100,0,4,47
3660,quiet,,,,,100,0,4,47
3670,quiet,,,,,100,0,4,47
3680,quiet,,,,,100,0,4,47
3690,quiet,,,,,100,0,5,47
3700,quiet,,,,,100,0,5,47
3710,quiet,,,,,100,0,5,47
3720,quiet,,,,,100,0,5,47
3730,work,,,,,100,0,5,47
3740,work,,,,,100,0,6,47
3750,travel,,,,,100,0,6,47
3760,violence,,,,,100,1,5,48
3770,violence,,,,,100,1,5,48
3780,violence,,,,,100,1,6,48
3790,aftermath,,,,,100,0,6,48
3800,aftermath,,,,,100,0,6,48
3810,aftermath,,,,,100,0,6,48
3820,aftermath,,,,,100,0,6,48
3830,aftermath,,,,,100,0,6,49
3840,aftermath,,,,,100,0,6,49
3850,quiet,,,,,100,0,6,49
3860,quiet,,,,,100,0,6,49
3870,quiet,,,,,100,0,7,49
3880,quiet,,,,,100,0,7,49
3890,quiet,,,,,100,0,7,49
3900,quiet,,,,,100,0,7,49
3910,quiet,,,,,100,0,7,49
3920,quiet,,,,,100,0,8,49
3930,quiet,,,,,100,0,8,49
3940,work,,,,,100,0,8,49
3950,work,,,,,100,0,8,49
3960,violence,,,,,100,1,8,50
3970,violence,,,,,100,1,8,50
3980,violence,,,,,100,1,8,50
3990,aftermath,,,,,100,0,8,50
4000,aftermath,,,,,100,0,8,50
4010,aftermath,,,,,100,0,8,51
4020,aftermath,,,,,100,0,8,51
4030,aftermath,,,,,100,0,8,51
4040,aftermath,,,,,100,0,8,51
4050,quiet,,,,,100,0,9,51
4060,quiet,,,,,100,0,8,52
4070,quiet,,,,,100,0,8,52
4080,quiet,,,,,100,0,8,52
4090,quiet,,,,,100,0,8,52
4100,quiet,,,,,100,0,9,52
4110,quiet,,,,,100,0,9,52
4120,quiet,,,,,100,0,9,52
4130,quiet,,,,,100,0,9,52
4140,work,,,,,100,0,10,52
4150,work,,,,,100,0,10,52
4160,travel,,,,,100,1,9,53
4170,violence,,,,,100,1,9,53
4180,violence,,,,,100,1,9,53
4190,violence,,,,,100,1,10,53
4200,aftermath,,,,,100,0,10,53
4210,aftermath,,,,,100,0,10,53
4220,aftermath,,,,,100,0,10,53
4230,aftermath,,,,,100,0,11,53
4240,aftermath,,,,,100,0,11,53
4250,aftermath,,,,,100,0,11,53
4260,quiet,,,,,100,0,11,53
4270,quiet,,,,,100,0,11,53
4280,quiet,,,,,100,0,12,53
4290,quiet,,,,,100,0,12,53
4300,quiet,,,,,100,0,12,53
4310,quiet,,,,,100,0,12,53
4320,quiet,,,,,100,0,13,53
4330,quiet,,,,,100,0,12,54
4340,quiet,,,,,100,0,12,54
4350,work,,,,,100,0,12,54
4360,work,,,,,100,0,12,54
4370,violence,,,,,100,1,12,55
4380,violence,,,,,100,1,12,55
4390,violence,,,,,100,1,11,56
4400,aftermath,,,,,100,0,11,56
4410,aftermath,,,,,100,0,12,56
4420,aftermath,,,,,100,0,12,56
4430,aftermath,,,,,100,0,12,56
4440,aftermath,,,,,100,0,12,56
4450,aftermath,,,,,100,0,12,56
4460,quiet,,,,,100,0,13,56
4470,quiet,,,,,100,0,13,56
4480,quiet,,,,,100,0,13,56
4490,quiet,,,,,100,0,13,56
4500,quiet,,,,,100,0,14,56
4510,quiet,,,,,100,0,14,56
4520,quiet,,,,,100,0,14,56
4530,quiet,,,,,100,0,14,56
4540,quiet,,,,,100,0,14,56
4550,work,,,,,100,0,14,57
4560,work,,,,,100,0,14,57
4570,violence,,,,,100,1,13,58
4580,violence,,,,,100,1,13,58
4590,violence,,,,,100,1,14,58
4600,aftermath,,,,,100,0,14,58
4610,aftermath,,,,,100,0,14,58
4620,aftermath,,,,,100,0,14,58
4630,aftermath,,,,,100,0,14,58
4640,aftermath,,,,,100,0,15,58
4650,aftermath,,,,,100,0,15,58
4660,quiet,,,,,100,0,15,58
4670,quiet,,,,,100,0,15,58
4680,quiet,,,,,100,0,16,58
4690,quiet,,,,,100,0,15,59
4700,quiet,,,,,100,0,15,59
4710,quiet,,,,,100,0,15,59
4720,quiet,,,,,100,0,15,59
4730,quiet,,,,,100,0,16,59
4740,quiet,,,,,100,0,16,59
4750,work,,,,,100,0,16,59
4760,work,,,,,100,0,16,59
4770,travel,,,,,100,0,17,59
4780,violence,,,,,100,1,15,61
4790,violence,,,,,100,1,15,61
4800,violence,,,,,100,1,15,61
4810,aftermath,,,,,100,0,15,61
4820,aftermath,,,,,100,0,16,61
4830,aftermath,,,,,100,0,16,61
4840,aftermath,,,,,100,0,16,61
4850,aftermath,,,,,100,0,16,61
4860,aftermath,,,,,100,0,17,61
4870,quiet,,,,,100,0,16,62
4880,quiet,,,,,100,0,16,62
4890,quiet,,,,,100,0,16,62
4900,quiet,,,,,100,0,16,62
4910,quiet,,,,,100,0,17,62
4920,quiet,,,,,100,0,17,62
4930,quiet,,,,,100,0,17,62
4940,quiet,,,,,100,0,17,62
4950,quiet,,,,,100,0,18,62
4960,work,,,,,100,0,17,63
4970,work,,,,,100,0,17,63
4980,violence,,,,,100,1,16,64
4990,violence,,,,,100,1,16,64
5000,violence,,,,,100,1,17,64
5010,aftermath,,,,,100,0,17,64
5020,aftermath,,,,,100,0,17,64
5030,aftermath,,,,,100,0,17,64
5040,aftermath,,,,,100,0,18,64
5050,aftermath,,,,,100,0,18,64
5060,aftermath,,,,,100,0,18,64
5070,quiet,,,,,100,0,18,64
5080,quiet,,,,,100,0,18,64
5090,quiet,,,,,100,0,19,64
5100,quiet,,,,,100,0,19,64
5110,quiet,,,,,100,0,19,64
5120,quiet,,,,,100,0,19,64
5130,quiet,,,,,100,0,20,64
5140,quiet,,,,,100,0,20,64
5150,quiet,,,,,100,0,20,64
5160,work,,,,,100,0,20,64
5170,work,,,,,100,0,20,64
5180,travel,,,,,100,1,19,65
5190,violence,,,,,100,1,19,65
5200,violence,,,,,100,1,19,65
5210,violence,,,,,100,1,19,65
5220,aftermath,,,,,100,0,20,65
5230,aftermath,,,,,100,0,19,66
5240,aftermath,,,,,100,0,19,66
5250,aftermath,,,,,100,0,19,66
5260,aftermath,,,,,100,0,19,66
5270,aftermath,,,,,100,0,19,67
5280,quiet,,,,,100,0,19,67
5290,quiet,,,,,100,0,19,67
5300,quiet,,,,,100,0,19,67
5310,quiet,,,,,100,0,20,67
5320,quiet,,,,,100,0,20,67
5330,quiet,,,,,100,0,20,67
5340,quiet,,,,,100,0,20,67
5350,quiet,,,,,100,0,20,67
5360,quiet,,,,,100,0,19,68
5370,work,,,,,100,0,19,68
5380,work,,,,,100,0,19,68
5390,violence,,,,,100,1,18,69
5400,violence,,,,,100,1,19,69
5410,violence,,,,,100,1,19,69
5420,violence,,,,,100,1,19,69
5430,aftermath,,,,,100,0,19,69
5440,aftermath,,,,,100,0,19,69
5450,aftermath,,,,,100,0,20,69
5460,aftermath,,,,,100,0,20,69
5470,aftermath,,,,,100,0,20,69
5480,aftermath,,,,,100,0,20,69
5490,quiet,,,,,100,0,20,69
5500,quiet,,,,,100,0,20,69
5510,quiet,,,,,100,0,20,69
5520,quiet,,,,,100,0,20,69
5530,quiet,,,,,100,0,20,69
5540,quiet,,,,,100,0,20,69
5550,quiet,,,,,100,0,20,69
5560,quiet,,,,,100,0,20,69
5570,quiet,,,,,100,0,20,69
5580,work,,,,,100,0,20,69
5590,work,,,,,100,0,20,69
5600,violence,,,,,100,1,19,70
5610,violence,,,,,100,1,19,70
5620,violence,,,,,100,1,18,71
5630,aftermath,,,,,100,0,19,71
5640,aftermath,,,,,100,0,19,71
5650,aftermath,,,,,100,0,18,72
5660,aftermath,,,,,100,0,18,72
5670,aftermath,,,,,100,0,19,72
5680,aftermath,,,,,100,0,18,73
5690,quiet,,,,,100,0,18,73
5700,quiet,,,,,100,0,18,73
5710,quiet,,,,,100,0,18,73
5720,quiet,,,,,100,0,19,73
5730,quiet,,,,,100,0,19,73
5740,quiet,,,,,100,0,19,73
5750,quiet,,,,,100,0,19,73
5760,quiet,,,,,100,0,20,73
5770,quiet,,,,,100,0,19,74
5780,work,,,,,100,0,19,74
5790,work,,,,,100,0,19,74
5800,violence,,,,,100,1,18,75
5810,violence,,,,,100,1,18,76
5820,violence,,,,,100,1,18,76
5830,aftermath,,,,,100,0,18,76
5840,aftermath,,,,,100,0,18,76
5850,aftermath,,,,,100,0,19,76
5860,aftermath,,,,,100,0,19,76
5870,aftermath,,,,,100,0,19,76
5880,aftermath,,,,,100,0,19,76
5890,quiet,,,,,100,0,19,76
5900,quiet,,,,,100,0,19,77
5910,quiet,,,,,100,0,19,77
5920,quiet,,,,,100,0,19,77
5930,quiet,,,,,100,0,19,77
5940,quiet,,,,,100,0,20,77
5950,quiet,,,,,100,0,20,77
5960,quiet,,,,,100,0,20,77
5970,quiet,,,,,100,0,20,77
5980,work,,,,,100,0,20,77
5990,work,,,,,100,0,20,77
6000,travel,,,,,100,0,20,77
6010,violence,,,,,100,1,19,78
6020,violence,,,,,100,1,19,78
6030,violence,,,,,100,1,20,78
6040,aftermath,,,,,100,0,19,79
6050,aftermath,,,,,100,0,19,79
6060,aftermath,,,,,100,0,19,79
6070,aftermath,,,,,100,0,19,79
6080,aftermath,,,,,100,0,20,79
6090,aftermath,,,,,100,0,20,79
6100,quiet,,,,,100,0,20,79
6110,quiet,,,,,100,0,20,79
6120,quiet,,,,,100,0,20,79
6130,quiet,,,,,100,0,20,79
6140,quiet,,,,,100,0,20,79
6150,quiet,,,,,100,0,20,79
6160,quiet,,,,,100,0,20,79
6170,quiet,,,,,100,0,20,79
6180,quiet,,,,,100,0,20,79
6190,work,,,,,100,0,20,79
6200,work,,,,,100,0,20,79
6210,violence,,,,,100,1,20,80
6220,violence,,,,,100,1,20,80
6230,violence,,,,,100,1,20,80
6240,aftermath,,,,,100,0,19,81
6250,aftermath,,,,,100,0,19,81
6260,aftermath,,,,,100,0,20,81
6270,aftermath,,,,,100,0,20,81
6280,aftermath,,,,,100,0,20,81
6290,aftermath,,,,,100,0,20,81
6300,quiet,,,,,100,0,20,81
6310,quiet,,,,,100,0,20,81
6320,quiet,,,,,100,0,20,81
6330,quiet,,,,,100,0,20,81
6340,quiet,,,,,100,0,20,81
6350,quiet,,,,,100,0,20,81
6360,quiet,,,,,100,0,20,81
6370,quiet,,,,,100,0,20,81
6380,quiet,,,,,100,0,20,81
6390,work,,,,,100,0,20,81
6400,work,,,,,100,0,20,81
6410,travel,,,,,100,1,19,82
6420,violence,,,,,100,1,19,82
6430,violence,,,,,100,1,19,82
6440,violence,,,,,100,1,20,82
6450,aftermath,,,,,100,0,20,82
6460,aftermath,,,,,100,0,20,82
6470,aftermath,,,,,100,0,20,82
6480,aftermath,,,,,100,0,20,82
6490,aftermath,,,,,100,0,20,82
6500,aftermath,,,,,100,0,20,82
6510,quiet,,,,,100,0,20,82
6520,quiet,,,,,100,0,20,82
6530,quiet,,,,,100,0,20,82
6540,quiet,,,,,100,0,20,82
6550,quiet,,,,,100,0,20,82
6560,quiet,,,,,100,0,20,82
6570,quiet,,,,,100,0,20,82
6580,quiet,,,,,100,0,20,82
6590,quiet,,,,,100,0,20,82
6600,work,,,,,100,0,20,82
6610,work,,,,,100,0,20,82
6620,violence,,,,,100,1,19,83
6630,violence,,,,,100,1,19,83
6640,violence,,,,,100,1,19,83
6650,aftermath,,,,,100,0,19,83
6660,aftermath,,,,,100,0,20,83
6670,aftermath,,,,,100,0,20,83
6680,aftermath,,,,,100,0,20,83
6690,aftermath,,,,,100,0,20,83
6700,aftermath,,,,,100,0,20,83
6710,quiet,,,,,100,0,20,83
6720,quiet,,,,,100,0,20,83
6730,quiet,,,,,100,0,20,83
6740,quiet,,,,,100,0,20,83
6750,quiet,,,,,100,0,20,83
6760,quiet,,,,,100,0,20,83
6770,quiet,,,,,100,0,20,83
6780,quiet,,,,,100,0,20,83
6790,quiet,,,,,100,0,20,83
6800,work,,,,,100,0,20,83
6810,work,,,,,100,0,20,83
6820,violence,,,,,100,1,19,84
6830,violence,,,,,100,1,19,84
6840,violence,,,,,100,1,20,84
6850,violence,,,,,100,1,20,84
6860,aftermath,,,,,100,0,20,84
6870,aftermath,,,,,100,0,20,84
6880,aftermath,,,,,100,0,20,84
6890,aftermath,,,,,100,0,20,84
6900,aftermath,,,,,100,0,20,84
6910,aftermath,,,,,100,0,20,84
6920,quiet,,,,,100,0,20,84
6930,quiet,,,,,100,0,20,84
6940,quiet,,,,,100,0,20,84
6950,quiet,,,,,100,0,20,84
6960,quiet,,,,,100,0,20,84
6970,quiet,,,,,100,0,20,84
6980,quiet,,,,,100,0,20,84
6990,quiet,,,,,100,0,20,84
7000,quiet,,,,,100,0,20,84
7010,work,,,,,100,0,20,84
7020,work,,,,,100,0,20,84
7030,violence,,,,,100,1,19,85
7040,violence,,,,,100,1,19,85
7050,violence,,,,,100,1,19,85
7060,aftermath,,,,,100,0,19,85
7070,aftermath,,,,,100,0,19,86
7080,aftermath,,,,,100,0,19,86
7090,aftermath,,,,,100,0,19,86
7100,aftermath,,,,,100,0,19,86
7110,aftermath,,,,,100,0,20,86
7120,quiet,,,,,100,0,20,86
7130,quiet,,,,,100,0,20,86
7140,quiet,,,,,100,0,20,86
7150,quiet,,,,,100,0,20,86
7160,quiet,,,,,100,0,20,86
7170,quiet,,,,,100,0,20,86
7180,quiet,,,,,100,0,20,86
7190,quiet,,,,,100,0,20,86
7200,quiet,,,,,100,0,20,86
7210,work,,,,,100,0,20,86
7220,work,,,,,100,0,20,86
7230,violence,,,,,100,1,19,87
7240,violence,,,,,100,1,19,87
7250,violence,,,,,100,1,20,87
7260,aftermath,,,,,100,0,20,87
7270,aftermath,,,,,100,0,20,87
7280,aftermath,,,,,100,0,20,87
7290,aftermath,,,,,100,0,20,87
7300,aftermath,,,,,100,0,20,87
7310,aftermath,,,,,100,0,20,87
7320,quiet,,,,,100,0,20,87
7330,quiet,,,,,100,0,20,87
7340,quiet,,,,,100,0,20,87
7350,quiet,,,,,100,0,20,87
7360,quiet,,,,,100,0,20,87
7370,quiet,,,,,100,0,20,87
7380,quiet,,,,,100,0,20,87
7390,quiet,,,,,100,0,20,87
7400,quiet,,,,,100,0,20,87
7410,work,,,,,100,0,20,87
7420,work,,,,,100,0,20,87
7430,travel,,,,,100,1,19,88
7440,violence,,,,,100,1,19,88
7450,violence,,,,,100,1,19,88
7460,violence,,,,,100,1,19,88
7470,aftermath,,,,,100,0,20,88
7480,aftermath,,,,,100,0,20,88
7490,aftermath,,,,,100,0,20,88
7500,aftermath,,,,,100,0,20,88
7510,aftermath,,,,,100,0,20,88
7520,aftermath,,,,,100,0,20,88
7530,quiet,,,,,100,0,20,88
7540,quiet,,,,,100,0,20,88
7550,quiet,,,,,100,0,20,88
7560,quiet,,,,,100,0,20,88
7570,quiet,,,,,100,0,20,88
7580,quiet,,,,,100,0,20,88
7590,quiet,,,,,100,0,20,88
7600,quiet,,,,,100,0,20,88
7610,quiet,,,,,100,0,20,88
7620,work,,,,,100,0,20,88
7630,work,,,,,100,0,20,88
7640,violence,,,,,100,1,19,89
7650,violence,,,,,100,1,20,89
7660,violence,,,,,100,1,20,89
7670,aftermath,,,,,100,0,20,89
7680,aftermath,,,,,100,0,20,89
7690,aftermath,,,,,100,0,20,89
7700,aftermath,,,,,100,0,20,89
7710,aftermath,,,,,100,0,20,89
7720,aftermath,,,,,100,0,20,89
7730,quiet,,,,,100,0,20,89
7740,quiet,,,,,100,0,20,89
7750,quiet,,,,,100,0,20,89
7760,quiet,,,,,100,0,20,89
7770,quiet,,,,,100,0,20,89
7780,quiet,,,,,100,0,20,89
7790,quiet,,,,,100,0,20,89
7800,quiet,,,,,100,0,20,89
7810,quiet,,,,,100,0,20,89
7820,work,,,,,100,0,20,89
7830,work,,,,,100,0,20,89
7840,travel,,,,,100,0,20,89
7850,travel,,,,,100,0,20,89
7860,travel,,,,,100,0,20,89
7870,travel,,,,,100,0,20,89
7880,travel,,,,,100,0,20,89
7890,travel,,,,,100,0,20,89
7900,travel,,,,,100,0,20,89
7910,curiosity,,,,,100,0,20,89
7920,curiosity,,,,,100,0,20,89
7930,curiosity,,,,,100,0,20,89
7940,curiosity,,,,,100,0,20,89
7950,curiosity,,,,,100,0,20,89
7960,curiosity,,,,,100,0,20,89
7970,curiosity,,,,,100,0,20,89
7980,curiosity,,,,,100,0,20,89
7990,violence,,,,,100,1,19,90
8000,violence,,,,,100,1,19,90
8010,violence,,,,,100,1,20,90
8020,aftermath,,,,,100,0,20,90
8030,aftermath,,,,,100,0,20,90
8040,aftermath,,,,,100,0,20,90
8050,aftermath,,,,,100,0,20,90
8060,aftermath,,,,,100,0,20,90
8070,aftermath,,,,,100,0,20,90
8080,quiet,,,,,100,0,20,90
8090,quiet,,,,,100,0,20,90
8100,quiet,,,,,100,0,20,90
8110,quiet,,,,,100,0,20,90
8120,quiet,,,,,100,0,20,90
8130,quiet,,,,,100,0,20,90
8140,quiet,,,,,100,0,20,90
8150,quiet,,,,,100,0,20,90
8160,quiet,,,,,100,0,20,90
8170,work,,,,,100,0,20,90
8180,work,,,,,100,0,20,90
8190,violence,,,,,100,1,20,91
8200,violence,,,,,100,1,20,91
8210,violence,,,,,100,1,20,91
8220,aftermath,,,,,100,0,20,91
8230,aftermath,,,,,100,0,20,91
8240,aftermath,,,,,100,0,20,91
8250,aftermath,,,,,100,0,20,91
8260,aftermath,,,,,100,0,20,91
8270,aftermath,,,,,100,0,20,91
8280,quiet,,,,,100,0,20,91
8290,quiet,,,,,100,0,20,91
8300,quiet,,,,,100,0,20,91
8310,quiet,,,,,100,0,20,91
8320,quiet,,,,,100,0,20,91
8330,quiet,,,,,100,0,20,91
8340,quiet,,,,,100,0,20,91
8350,quiet,,,,,100,0,20,91
8360,quiet,,,,,100,0,20,91
8370,work,,,,,100,0,20,91
8380,work,,,,,100,0,20,91
8390,violence,,,,,100,1,19,92
8400,violence,,,,,100,1,19,92
8410,violence,,,,,100,1,19,92
8420,violence,,,,,100,1,19,93
8430,aftermath,,,,,100,0,19,93
8440,aftermath,,,,,100,0,19,93
8450,aftermath,,,,,100,0,19,93
8460,aftermath,,,,,100,0,20,93
8470,aftermath,,,,,100,0,20,93
8480,aftermath,,,,,100,0,20,93
8490,quiet,,,,,100,0,20,93
8500,quiet,,,,,100,0,20,93
8510,quiet,,,,,100,0,20,93
8520,quiet,,,,,100,0,20,93
8530,quiet,,,,,100,0,20,93
8540,quiet,,,,,100,0,20,93
8550,quiet,,,,,100,0,20,93
8560,quiet,,,,,100,0,20,93
8570,quiet,,,,,100,0,20,93
8580,work,,,,,100,0,20,93
8590,work,,,,,100,0,20,93
8600,violence,,,,,100,1,19,94
8610,violence,,,,,100,1,19,94
8620,violence,,,,,100,1,19,94
8630,aftermath,,,,,100,0,19,94
8640,aftermath,,,,,100,0,20,94
8650,aftermath,,,,,100,0,19,95
8660,aftermath,,,,,100,0,19,95
8670,aftermath,,,,,100,0,19,95
8680,aftermath,,,,,100,0,19,95
8690,quiet,,,,,100,0,19,96
8700,quiet,,,,,100,0,19,96
8710,quiet,,,,,100,0,19,96
8720,quiet,,,,,100,0,19,96
8730,quiet,,,,,100,0,20,96
8740,quiet,,,,,100,0,20,96
8750,quiet,,,,,100,0,20,96
8760,quiet,,,,,100,0,20,96
8770,quiet,,,,,100,0,20,96
8780,work,,,,,100,0,20,96
8790,work,,,,,100,0,20,96
8800,travel,,,,,100,1,19,97
8810,violence,,,,,100,1,19,97
8820,violence,,,,,100,1,20,97
8830,violence,,,,,100,1,20,97
8840,aftermath,,,,,100,0,20,97
8850,aftermath,,,,,100,0,20,97
8860,aftermath,,,,,100,0,20,97
8870,aftermath,,,,,100,0,20,97
8880,aftermath,,,,,100,0,20,97
8890,aftermath,,,,,100,0,20,97
8900,quiet,,,,,100,0,20,97
8910,quiet,,,,,100,0,20,97
8920,quiet,,,,,100,0,20,97
8930,quiet,,,,,100,0,20,97
8940,quiet,,,,,100,0,20,97
8950,quiet,,,,,100,0,20,97
8960,quiet,,,,,100,0,20,97
8970,quiet,,,,,100,0,20,97
8980,quiet,,,,,100,0,20,97
8990,work,,,,,100,0,20,97
9000,work,,,,,100,0,20,97
9010,violence,,,,,100,1,19,98
9020,violence,,,,,100,1,19,98
9030,violence,,,,,100,1,19,98
9040,aftermath,,,,,100,0,19,98
9050,aftermath,,,,,100,0,20,98
9060,aftermath,,,,,100,0,20,98
9070,aftermath,,,,,100,0,20,98
9080,aftermath,,,,,100,0,20,98
9090,aftermath,,,,,100,0,20,98
9100,quiet,,,,,100,0,20,98
9110,quiet,,,,,100,0,20,98
9120,quiet,,,,,100,0,20,98
9130,quiet,,,,,100,0,20,98
9140,quiet,,,,,100,0,20,98
9150,quiet,,,,,100,0,20,98
9160,quiet,,,,,100,0,20,98
9170,quiet,,,,,100,0,20,98
9180,quiet,,,,,100,0,20,98
9190,work,,,,,100,0,20,98
9200,work,,,,,100,0,20,98
9210,travel,,,,,100,0,20,98
9220,violence,,,,,100,1,19,99
9230,violence,,,,,100,1,20,99
9240,violence,,,,,100,1,20,99
9250,aftermath,,,,,100,0,20,99
9260,aftermath,,,,,100,0,20,99
9270,aftermath,,,,,100,0,20,99
9280,aftermath,,,,,100,0,20,99
9290,aftermath,,,,,100,0,20,99
9300,aftermath,,,,,100,0,20,99
9310,quiet,,,,,100,0,20,99
9320,quiet,,,,,100,0,20,99
9330,quiet,,,,,100,0,20,99
9340,quiet,,,,,100,0,20,99
9350,quiet,,,,,100,0,20,99
9360,quiet,,,,,100,0,20,99
9370,quiet,,,,,100,0,20,99
9380,quiet,,,,,100,0,20,99
9390,quiet,,,,,100,0,20,99
9400,work,,,,,100,0,20,99
9410,work,,,,,100,0,20,99
9420,violence,,,,,100,1,19,100
9430,violence,,,,,100,1,19,100
9440,violence,,,,,100,1,19,100
9450,aftermath,,,,,100,0,20,100
9460,aftermath,,,,,100,0,20,100
9470,aftermath,,,,,100,0,20,100
9480,aftermath,,,,,100,0,20,100
9490,aftermath,,,,,100,0,20,100
9500,aftermath,,,,,100,0,20,100
9510,quiet,,,,,100,0,20,100
9520,quiet,,,,,100,0,20,100
9530,quiet,,,,,100,0,20,100
9540,quiet,,,,,100,0,20,100
9550,quiet,,,,,100,0,20,100
9560,quiet,,,,,100,0,20,100
9570,quiet,,,,,100,0,20,100
9580,quiet,,,,,100,0,20,100
9590,quiet,,,,,100,0,20,100
9600,work,,,,,100,0,20,100
9610,work,,,,,100,0,20,100
9620,violence,,,,,100,1,19,101
9630,violence,,,,,100,1,20,101
9640,violence,,,,,100,1,20,101
9650,aftermath,,,,,100,0,20,101
9660,aftermath,,,,,100,0,20,101
9670,aftermath,,,,,100,0,20,101
9680,aftermath,,,,,100,0,20,101
9690,aftermath,,,,,100,0,20,101
9700,aftermath,,,,,100,0,20,101
9710,quiet,,,,,100,0,20,101
9720,quiet,,,,,100,0,20,101
9730,quiet,,,,,100,0,20,101
9740,quiet,,,,,100,0,20,101
9750,quiet,,,,,100,0,20,101
9760,quiet,,,,,100,0,20,101
9770,quiet,,,,,100,0,20,101
9780,quiet,,,,,100,0,20,101
9790,quiet,,,,,100,0,20,101
9800,work,,,,,100,0,20,101
9810,work,,,,,100,0,20,101
9820,travel,,,,,100,0,20,101
9830,violence,,,,,100,1,19,102
9840,violence,,,,,100,1,19,102
9850,violence,,,,,100,1,19,102
9860,aftermath,,,,,100,0,20,102
9870,aftermath,,,,,100,0,20,102
9880,aftermath,,,,,100,0,20,102
9890,aftermath,,,,,100,0,20,102
9900,aftermath,,,,,100,0,20,102
9910,aftermath,,,,,100,0,20,102
9920,quiet,,,,,100,0,20,102
9930,quiet,,,,,100,0,20,102
9940,quiet,,,,,100,0,20,102
9950,quiet,,,,,100,0,20,102
9960,quiet,,,,,100,0,20,102
9970,quiet,,,,,100,0,20,102
9980,quiet,,,,,100,0,20,102
9990,quiet,,,,,100,0,20,102
10000,quiet,,,,,100,0,20,102
10010,work,,,,,100,0,20,102
10020,work,,,,,100,0,20,102
10030,violence,,,,,100,1,19,103
10040,violence,,,,,100,1,19,104
10050,violence,,,,,100,1,19,104
10060,aftermath,,,,,100,0,19,104
10070,aftermath,,,,,100,0,19,104
10080,aftermath,,,,,100,0,20,104
10090,aftermath,,,,,100,0,20,104
10100,aftermath,,,,,100,0,20,104
10110,aftermath,,,,,100,0,20,104
10120,quiet,,,,,100,0,20,104
10130,quiet,,,,,100,0,20,104
10140,quiet,,,,,100,0,20,104
10150,quiet,,,,,100,0,20,104
10160,quiet,,,,,100,0,20,104
10170,quiet,,,,,100,0,20,104
10180,quiet,,,,,100,0,20,104
10190,quiet,,,,,100,0,20,104
10200,quiet,,,,,100,0,0,104
10210,work,,,,,100,0,0,104
10220,work,,,,,100,0,0,104
10230,travel,,,,,100,0,0,104
10240,travel,,,,,100,0,0,104
10250,travel,,,,,100,0,0,104
10260,travel,,,,,100,0,0,104
10270,travel,,,,,100,0,0,104
10280,travel,,,,,100,0,0,104
10290,travel,,,,,100,0,0,104
10300,travel,,,,,100,0,0,104
10310,curiosity,,,,,100,0,0,104
10320,curiosity,,,,,100,0,0,104
10330,curiosity,,,,,100,0,0,104
10340,curiosity,,,,,100,0,0,104
10350,curiosity,,,,,100,0,0,104
10360,curiosity,,,,,100,0,0,104
10370,curiosity,,,,,100,0,0,104
10380,opportunity,,,,,100,0,0,104
10390,opportunity,,,,,100,0,0,104
10400,opportunity,,,,,100,0,0,104
10410,opportunity,,,,,100,0,0,104
10420,opportunity,,,,,100,0,0,104
10430,opportunity,,,,,100,0,0,104
10440,opportunity,,,,,100,0,0,104
10450,opportunity,,,,,100,0,0,104
10460,tension,,,,,100,0,0,104
10470,tension,,,,,100,0,0,104
10480,tension,,,,,100,0,0,104
10490,tension,,,,,100,0,0,104
10500,tension,,,,,100,0,0,104
10510,tension,,,,,100,0,0,104
10520,violence,,,,,100,0,0,104
10530,violence,,,,,100,0,0,104
10540,violence,,,,,100,0,0,104
10550,violence,,,,,100,0,0,104
10560,aftermath,,,,,100,0,0,104
10570,aftermath,,,,,100,0,0,104
10580,aftermath,,,,,100,0,0,105
10590,aftermath,,,,,100,0,0,105
10600,aftermath,,,,,100,0,0,105
10610,aftermath,,,,,100,0,0,105
10620,quiet,,,,,100,0,1,105
10630,quiet,,,,,100,0,1,105
10640,quiet,,,,,100,0,1,105
10650,quiet,,,,,100,0,1,105
10660,quiet,,,,,100,0,1,105
10670,quiet,,,,,100,0,2,105
10680,quiet,,,,,100,0,2,105
10690,quiet,,,,,100,0,2,105
10700,quiet,,,,,100,0,2,105
10710,work,,,,,100,0,3,105
10720,work,,,,,100,0,3,105
10730,work,,,,,100,0,3,105
10740,travel,,,,,100,0,3,105
10750,violence,,,,,100,1,2,106
10760,violence,,,,,100,1,2,107
10770,violence,,,,,100,1,2,107
10780,aftermath,,,,,100,0,2,107
10790,aftermath,,,,,100,0,2,107
10800,aftermath,,,,,100,0,3,107
10810,aftermath,,,,,100,0,2,108
10820,aftermath,,,,,100,0,2,108
10830,aftermath,,,,,100,0,2,108
10840,quiet,,,,,100,0,2,108
10850,quiet,,,,,100,0,2,109
10860,quiet,,,,,100,0,2,109
10870,quiet,,,,,100,0,2,109
10880,quiet,,,,,100,0,2,109
10890,quiet,,,,,100,0,3,109
10900,quiet,,,,,100,0,3,109
10910,quiet,,,,,100,0,3,109
10920,quiet,,,,,100,0,3,109
10930,work,,,,,100,0,3,109
10940,work,,,,,100,0,4,109
10950,travel,,,,,100,0,4,109
10960,violence,,,,,100,1,3,110
10970,violence,,,,,100,1,3,110
10980,violence,,,,,100,1,4,110
10990,aftermath,,,,,100,0,4,110
11000,aftermath,,,,,100,0,4,110
11010,aftermath,,,,,100,0,4,110
11020,aftermath,,,,,100,0,4,110
11030,aftermath,,,,,100,0,5,110
11040,aftermath,,,,,100,0,5,110
11050,quiet,,,,,100,0,5,110
11060,quiet,,,,,100,0,5,110
11070,quiet,,,,,100,0,6,110
11080,quiet,,,,,100,0,6,110
11090,quiet,,,,,100,0,6,110
11100,quiet,,,,,100,0,6,110
11110,quiet,,,,,100,0,6,110
11120,quiet,,,,,100,0,6,111
11130,quiet,,,,,100,0,6,111
11140,work,,,,,100,0,6,111
11150,work,,,,,100,0,6,111
11160,travel,,,,,100,0,7,111
11170,violence,,,,,100,1,6,112
11180,violence,,,,,100,1,6,112
11190,violence,,,,,100,1,6,112
11200,aftermath,,,,,100,0,6,112
11210,aftermath,,,,,100,0,6,113
11220,aftermath,,,,,100,0,6,113
11230,aftermath,,,,,100,0,6,113
11240,aftermath,,,,,100,0,6,113
11250,aftermath,,,,,100,0,7,113
11260,quiet,,,,,100,0,6,114
11270,quiet,,,,,100,0,6,114
11280,quiet,,,,,100,0,6,114
11290,quiet,,,,,100,0,6,114
11300,quiet,,,,,100,0,7,114
11310,quiet,,,,,100,0,7,114
11320,quiet,,,,,100,0,7,114
11330,quiet,,,,,100,0,7,114
11340,quiet,,,,,100,0,8,114
11350,work,,,,,100,0,8,114
11360,work,,,,,100,0,8,114
11370,violence,,,,,100,1,7,115
11380,violence,,,,,100,1,7,115
11390,violence,,,,,100,1,7,116
11400,aftermath,,,,,100,0,7,116
11410,aftermath,,,,,100,0,7,116
11420,aftermath,,,,,100,0,7,116
11430,aftermath,,,,,100,0,8,116
11440,aftermath,,,,,100,0,8,116
11450,aftermath,,,,,100,0,8,116
11460,quiet,,,,,100,0,8,116
11470,quiet,,,,,100,0,8,116
11480,quiet,,,,,100,0,8,117
11490,quiet,,,,,100,0,8,117
11500,quiet,,,,,100,0,8,117
11510,quiet,,,,,100,0,8,117
11520,quiet,,,,,100,0,9,117
11530,quiet,,,,,100,0,8,118
11540,quiet,,,,,100,0,8,118
11550,work,,,,,100,0,8,118
11560,work,,,,,100,0,8,118
11570,violence,,,,,100,1,8,119
11580,violence,,,,,100,1,8,119
11590,violence,,,,,100,1,8,119
11600,aftermath,,,,,100,0,8,119
11610,aftermath,,,,,100,0,9,119
11620,aftermath,,,,,100,0,9,119
11630,aftermath,,,,,100,0,9,119
11640,aftermath,,,,,100,0,9,119
11650,aftermath,,,,,100,0,9,119
11660,quiet,,,,,100,0,9,120
11670,quiet,,,,,100,0,9,120
11680,quiet,,,,,100,0,9,120
11690,quiet,,,,,100,0,9,120
11700,quiet,,,,,100,0,10,120
11710,quiet,,,,,100,0,10,120
11720,quiet,,,,,100,0,10,120
11730,quiet,,,,,100,0,10,120
11740,quiet,,,,,100,0,10,120
11750,work,,,,,100,0,11,120
11760,work,,,,,100,0,11,120
11770,travel,,,,,100,0,11,120
11780,violence,,,,,100,1,10,121
11790,violence,,,,,100,1,11,121
11800,violence,,,,,100,1,10,122
11810,aftermath,,,,,100,0,10,122
11820,aftermath,,,,,100,0,10,122
11830,aftermath,,,,,100,0,10,122
11840,aftermath,,,,,100,0,11,122
11850,aftermath,,,,,100,0,11,122
11860,aftermath,,,,,100,0,11,122
11870,quiet,,,,,100,0,11,122
11880,quiet,,,,,100,0,12,122
11890,quiet,,,,,100,0,12,122
11900,quiet,,,,,100,0,12,122
11910,quiet,,,,,100,0,12,122
11920,quiet,,,,,100,0,12,122
11930,quiet,,,,,100,0,13,122
11940,quiet,,,,,100,0,13,122
11950,quiet,,,,,100,0,13,122
11960,work,,,,,100,0,13,122
11970,work,,,,,100,0,14,122
11980,travel,,,,,100,1,12,124
11990,violence,,,,,100,1,12,124
12000,violence,,,,,100,1,12,124
12010,violence,,,,,100,1,12,124
12020,aftermath,,,,,100,0,13,124
12030,aftermath,,,,,100,0,13,124
12040,aftermath,,,,,100,0,13,124
12050,aftermath,,,,,100,0,13,124
12060,aftermath,,,,,100,0,14,124
12070,aftermath,,,,,100,0,14,124
12080,quiet,,,,,100,0,14,124
12090,quiet,,,,,100,0,14,124
12100,quiet,,,,,100,0,14,124
12110,quiet,,,,,100,0,15,124
12120,quiet,,,,,100,0,15,124
12130,quiet,,,,,100,0,15,124
12140,quiet,,,,,100,0,15,124
12150,quiet,,,,,100,0,16,124
12160,quiet,,,,,100,0,16,124
12170,work,,,,,100,0,16,124
12180,work,,,,,100,0,16,124
12190,violence,,,,,100,1,15,125
12200,violence,,,,,100,1,16,125
12210,violence,,,,,100,1,16,125
12220,aftermath,,,,,100,0,16,125
12230,aftermath,,,,,100,0,16,125
12240,aftermath,,,,,100,0,17,125
12250,aftermath,,,,,100,0,16,126
12260,aftermath,,,,,100,0,16,126
12270,aftermath,,,,,100,0,16,126
12280,quiet,,,,,100,0,16,126
12290,quiet,,,,,100,0,16,127
12300,quiet,,,,,100,0,16,127
12310,quiet,,,,,100,0,16,127
12320,quiet,,,,,100,0,16,127
12330,quiet,,,,,100,0,17,127
12340,quiet,,,,,100,0,17,127
12350,quiet,,,,,100,0,17,127
12360,quiet,,,,,100,0,17,127
12370,work,,,,,100,0,17,127
12380,work,,,,,100,0,17,128
12390,violence,,,,,100,1,16,129
12400,violence,,,,,100,1,16,129
12410,violence,,,,,100,1,16,129
12420,aftermath,,,,,100,0,17,129
12430,aftermath,,,,,100,0,16,130
12440,aftermath,,,,,100,0,16,130
12450,aftermath,,,,,100,0,16,130
12460,aftermath,,,,,100,0,16,130
12470,aftermath,,,,,100,0,17,130
12480,quiet,,,,,100,0,17,130
12490,quiet,,,,,100,0,17,130
12500,quiet,,,,,100,0,17,130
12510,quiet,,,,,100,0,18,130
12520,quiet,,,,,100,0,18,130
12530,quiet,,,,,100,0,18,130
12540,quiet,,,,,100,0,18,130
12550,quiet,,,,,100,0,18,130
12560,quiet,,,,,100,0,18,131
12570,work,,,,,100,0,18,131
12580,work,,,,,100,0,18,131
12590,violence,,,,,100,1,17,132
12600,violence,,,,,100,1,18,132
12610,violence,,,,,100,1,18,132
12620,violence,,,,,100,1,18,132
12630,aftermath,,,,,100,0,18,132
12640,aftermath,,,,,100,0,18,132
12650,aftermath,,,,,100,0,19,132
12660,aftermath,,,,,100,0,19,132
12670,aftermath,,,,,100,0,19,132
12680,aftermath,,,,,100,0,19,132
12690,quiet,,,,,100,0,20,132
12700,quiet,,,,,100,0,20,132
12710,quiet,,,,,100,0,20,132
12720,quiet,,,,,100,0,20,132
12730,quiet,,,,,100,0,20,132
12740,quiet,,,,,100,0,20,132
12750,quiet,,,,,100,0,20,132
12760,quiet,,,,,100,0,20,132
12770,quiet,,,,,100,0,20,132
12780,work,,,,,100,0,20,132
12790,work,,,,,100,0,20,132
12800,violence,,,,,100,1,19,133
12810,violence,,,,,100,1,19,133
12820,violence,,,,,100,1,18,134
12830,aftermath,,,,,100,0,19,134
12840,aftermath,,,,,100,0,19,134
12850,aftermath,,,,,100,0,19,134
12860,aftermath,,,,,100,0,19,134
12870,aftermath,,,,,100,0,20,134
12880,aftermath,,,,,100,0,20,134
12890,quiet,,,,,100,0,20,134
12900,quiet,,,,,100,0,20,134
12910,quiet,,,,,100,0,20,134
12920,quiet,,,,,100,0,20,134
12930,quiet,,,,,100,0,20,134
12940,quiet,,,,,100,0,20,134
12950,quiet,,,,,100,0,20,134
12960,quiet,,,,,100,0,20,134
12970,quiet,,,,,100,0,20,134
12980,work,,,,,100,0,20,134
12990,work,,,,,100,0,20,134
13000,violence,,,,,100,1,19,135
13010,violence,,,,,100,1,20,135
13020,violence,,,,,100,1,20,135
13030,aftermath,,,,,100,0,20,135
13040,aftermath,,,,,100,0,20,135
13050,aftermath,,,,,100,0,20,135
13060,aftermath,,,,,100,0,20,135
13070,aftermath,,,,,100,0,20,135
13080,aftermath,,,,,100,0,20,135
13090,quiet,,,,,100,0,20,135
13100,quiet,,,,,100,0,20,135
13110,quiet,,,,,100,0,20,135
13120,quiet,,,,,100,0,20,135
13130,quiet,,,,,100,0,20,135
13140,quiet,,,,,100,0,20,135
13150,quiet,,,,,100,0,20,135
13160,quiet,,,,,100,0,20,135
13170,quiet,,,,,100,0,20,135
13180,work,,,,,100,0,20,135
13190,work,,,,,100,0,20,135
13200,violence,,,,,100,1,19,136
13210,violence,,,,,100,1,19,136
13220,violence,,,,,100,1,19,136
13230,aftermath,,,,,100,0,20,136
13240,aftermath,,,,,100,0,20,136
13250,aftermath,,,,,100,0,20,136
13260,aftermath,,,,,100,0,20,136
13270,aftermath,,,,,100,0,20,136
13280,aftermath,,,,,100,0,20,136
13290,quiet,,,,,100,0,20,136
13300,quiet,,,,,100,0,20,136
13310,quiet,,,,,100,0,20,136
13320,quiet,,,,,100,0,20,136
13330,quiet,,,,,100,0,20,136
13340,quiet,,,,,100,0,20,136
13350,quiet,,,,,100,0,20,136
13360,quiet,,,,,100,0,20,136
13370,quiet,,,,,100,0,20,136
13380,work,,,,,100,0,20,136
13390,work,,,,,100,0,20,136
13400,travel,,,,,100,0,20,136
13410,violence,,,,,100,1,20,137
13420,violence,,,,,100,1,19,138
13430,violence,,,,,100,1,19,138
13440,aftermath,,,,,100,0,19,138
13450,aftermath,,,,,100,0,19,138
13460,aftermath,,,,,100,0,20,138
13470,aftermath,,,,,100,0,20,138
13480,aftermath,,,,,100,0,20,138
13490,aftermath,,,,,100,0,20,138
13500,quiet,,,,,100,0,20,138
13510,quiet,,,,,100,0,20,138
13520,quiet,,,,,100,0,20,138
13530,quiet,,,,,100,0,20,138
13540,quiet,,,,,100,0,20,138
13550,quiet,,,,,100,0,20,138
13560,quiet,,,,,100,0,20,138
13570,quiet,,,,,100,0,20,138
13580,quiet,,,,,100,0,20,138
13590,work,,,,,100,0,20,138
13600,work,,,,,100,0,20,138
13610,violence,,,,,100,1,19,139
13620,violence,,,,,100,1,19,139
13630,violence,,,,,100,1,19,139
13640,aftermath,,,,,100,0,20,139
13650,aftermath,,,,,100,0,20,139
13660,aftermath,,,,,100,0,20,139
13670,aftermath,,,,,100,0,20,139
13680,aftermath,,,,,100,0,20,139
13690,aftermath,,,,,100,0,20,139
13700,quiet,,,,,100,0,20,139
13710,quiet,,,,,100,0,20,139
13720,quiet,,,,,100,0,20,139
13730,quiet,,,,,100,0,20,139
13740,quiet,,,,,100,0,20,139
13750,quiet,,,,,100,0,20,139
13760,quiet,,,,,100,0,20,139
13770,quiet,,,,,100,0,20,139
13780,quiet,,,,,100,0,20,139
13790,work,,,,,100,0,20,139
13800,work,,,,,100,0,20,139
13810,violence,,,,,100,1,19,140
13820,violence,,,,,100,1,20,140
13830,violence,,,,,100,1,20,140
13840,aftermath,,,,,100,0,20,140
13850,aftermath,,,,,100,0,20,140
13860,aftermath,,,,,100,0,20,140
13870,aftermath,,,,,100,0,20,140
13880,aftermath,,,,,100,0,20,140
13890,aftermath,,,,,100,0,20,140
13900,quiet,,,,,100,0,20,140
13910,quiet,,,,,100,0,20,140
13920,quiet,,,,,100,0,20,140
13930,quiet,,,,,100,0,20,140
13940,quiet,,,,,100,0,20,140
13950,quiet,,,,,100,0,20,140
13960,quiet,,,,,100,0,20,140
13970,quiet,,,,,100,0,20,140
13980,quiet,,,,,100,0,20,140
13990,work,,,,,100,0,20,140
14000,work,,,,,100,0,20,140
14010,travel,,,,,100,0,20,140
14020,violence,,,,,100,1,19,141
14030,violence,,,,,100,1,19,141
14040,violence,,,,,100,1,20,141
14050,aftermath,,,,,100,0,20,141
14060,aftermath,,,,,100,0,20,141
14070,aftermath,,,,,100,0,20,141
14080,aftermath,,,,,100,0,20,141
14090,aftermath,,,,,100,0,20,141
14100,aftermath,,,,,100,0,20,141
14110,quiet,,,,,100,0,20,141
14120,quiet,,,,,100,0,20,141
14130,quiet,,,,,100,0,20,141
14140,quiet,,,,,100,0,20,141
14150,quiet,,,,,100,0,20,141
14160,quiet,,,,,100,0,20,141
14170,quiet,,,,,100,0,20,141
14180,quiet,,,,,100,0,20,141
14190,quiet,,,,,100,0,20,141
14200,work,,,,,100,0,20,141
14210,work,,,,,100,0,20,141
14220,violence,,,,,100,1,20,142
14230,violence,,,,,100,1,20,142
14240,violence,,,,,100,1,20,142
14250,aftermath,,,,,100,0,20,142
14260,aftermath,,,,,100,0,20,142
14270,aftermath,,,,,100,0,20,142
14280,aftermath,,,,,100,0,20,142
14290,aftermath,,,,,100,0,20,142
14300,aftermath,,,,,100,0,20,142
14310,quiet,,,,,100,0,20,142
14320,quiet,,,,,100,0,20,142
14330,quiet,,,,,100,0,20,142
14340,quiet,,,,,100,0,20,142
14350,quiet,,,,,100,0,20,142
14360,quiet,,,,,100,0,20,142
14370,quiet,,,,,100,0,20,142
14380,quiet,,,,,100,0,20,142
14390,quiet,,,,,100,0,20,142
14400,work,,,,,100,0,20,142
14410,work,,,,,100,0,20,142
14420,travel,,,,,100,0,20,142
14430,violence,,,,,100,1,19,143
14440,violence,,,,,100,1,19,143
14450,violence,,,,,100,1,20,143
14460,aftermath,,,,,100,0,20,143
14470,aftermath,,,,,100,0,20,143
14480,aftermath,,,,,100,0,20,143
14490,aftermath,,,,,100,0,20,143
14500,aftermath,,,,,100,0,20,143
14510,aftermath,,,,,100,0,20,143
14520,quiet,,,,,100,0,20,143
14530,quiet,,,,,100,0,20,143
14540,quiet,,,,,100,0,20,143
14550,quiet,,,,,100,0,20,143
14560,quiet,,,,,100,0,20,143
14570,quiet,,,,,100,0,20,143
14580,quiet,,,,,100,0,20,143
14590,quiet,,,,,100,0,20,143
14600,quiet,,,,,100,0,20,143
14610,work,,,,,100,0,20,143
14620,work,,,,,100,0,20,143
14630,violence,,,,,100,1,19,144
14640,violence,,,,,100,1,19,144
14650,violence,,,,,100,1,19,144
14660,aftermath,,,,,100,0,19,144
14670,aftermath,,,,,100,0,20,144
14680,aftermath,,,,,100,0,20,144
14690,aftermath,,,,,100,0,20,144
14700,aftermath,,,,,100,0,20,144
14710,aftermath,,,,,100,0,20,144
14720,quiet,,,,,100,0,20,144
14730,quiet,,,,,100,0,20,144
14740,quiet,,,,,100,0,20,144
14750,quiet,,,,,100,0,20,144
14760,quiet,,,,,100,0,20,144
14770,quiet,,,,,100,0,20,144
14780,quiet,,,,,100,0,20,144
14790,quiet,,,,,100,0,20,144
14800,quiet,,,,,100,0,20,144
14810,work,,,,,100,0,20,144
14820,work,,,,,100,0,20,144
14830,violence,,,,,100,1,19,145
14840,violence,,,,,100,1,19,145
14850,violence,,,,,100,1,20,145
14860,aftermath,,,,,100,0,20,145
14870,aftermath,,,,,100,0,20,145
14880,aftermath,,,,,100,0,20,145
14890,aftermath,,,,,100,0,20,145
14900,aftermath,,,,,100,0,20,145
14910,aftermath,,,,,100,0,20,145
14920,quiet,,,,,100,0,20,145
14930,quiet,,,,,100,0,20,145
14940,quiet,,,,,100,0,20,145
14950,quiet,,,,,100,0,20,145
14960,quiet,,,,,100,0,20,145
14970,quiet,,,,,100,0,20,145
14980,quiet,,,,,100,0,20,145
14990,quiet,,,,,100,0,20,145
15000,quiet,,,,,100,0,20,145
15010,work,,,,,100,0,20,145
15020,work,,,,,100,0,20,145
15030,travel,,,,,100,0,20,145
15040,travel,,,,,100,0,20,145
15050,travel,,,,,100,0,20,145
15060,travel,,,,,100,0,20,145
15070,travel,,,,,100,0,20,145
15080,travel,,,,,100,0,20,145
15090,travel,,,,,100,0,20,145
15100,travel,,,,,100,0,20,145
15110,curiosity,,,,,100,0,20,145
15120,curiosity,,,,,100,0,20,145
15130,curiosity,,,,,100,0,20,145
15140,curiosity,,,,,100,0,20,145
15150,curiosity,,,,,100,0,20,145
15160,curiosity,,,,,100,0,20,145
15170,curiosity,,,,,100,0,20,145
15180,opportunity,,,,,100,0,20,145
15190,violence,,,,,100,1,19,146
15200,violence,,,,,100,1,19,146
15210,violence,,,,,100,1,20,146
15220,aftermath,,,,,100,0,20,146
15230,aftermath,,,,,100,0,20,146
15240,aftermath,,,,,100,0,20,146
15250,aftermath,,,,,100,0,20,146
15260,aftermath,,,,,100,0,20,146
15270,aftermath,,,,,100,0,20,146
15280,quiet,,,,,100,0,20,146
15290,quiet,,,,,100,0,20,146
15300,quiet,,,,,100,0,20,146
15310,quiet,,,,,100,0,20,146
15320,quiet,,,,,100,0,20,146
15330,quiet,,,,,100,0,20,146
15340,quiet,,,,,100,0,20,146
15350,quiet,,,,,100,0,20,146
15360,quiet,,,,,100,0,20,146
15370,work,,,,,100,0,20,146
15380,work,,,,,100,0,20,146
15390,violence,,,,,100,1,20,147
15400,violence,,,,,100,1,20,147
15410,violence,,,,,100,1,20,147
15420,aftermath,,,,,100,0,19,148
15430,aftermath,,,,,100,0,19,148
15440,aftermath,,,,,100,0,20,148
15450,aftermath,,,,,100,0,20,148
15460,aftermath,,,,,100,0,20,148
15470,aftermath,,,,,100,0,20,148
15480,quiet,,,,,100,0,20,148
15490,quiet,,,,,100,0,20,148
15500,quiet,,,,,100,0,20,148
15510,quiet,,,,,100,0,20,148
15520,quiet,,,,,100,0,20,148
15530,quiet,,,,,100,0,20,148
15540,quiet,,,,,100,0,20,148
15550,quiet,,,,,100,0,20,148
15560,quiet,,,,,100,0,20,148
15570,work,,,,,100,0,20,148
15580,work,,,,,100,0,20,148
15590,violence,,,,,100,1,19,149
15600,violence,,,,,100,1,19,149
15610,violence,,,,,100,1,19,149
15620,violence,,,,,100,1,19,150
15630,aftermath,,,,,100,0,19,150
15640,aftermath,,,,,100,0,19,150
15650,aftermath,,,,,100,0,19,150
15660,aftermath,,,,,100,0,20,150
15670,aftermath,,,,,100,0,19,151
15680,aftermath,,,,,100,0,19,151
15690,quiet,,,,,100,0,19,151
15700,quiet,,,,,100,0,19,151
15710,quiet,,,,,100,0,20,151
15720,quiet,,,,,100,0,20,151
15730,quiet,,,,,100,0,20,151
15740,quiet,,,,,100,0,20,151
15750,quiet,,,,,100,0,20,151
15760,quiet,,,,,100,0,20,151
15770,quiet,,,,,100,0,20,151
15780,work,,,,,100,0,20,151
15790,work,,,,,100,0,20,151
15800,violence,,,,,100,1,20,152
15810,violence,,,,,100,1,20,152
15820,violence,,,,,100,1,20,152
15830,aftermath,,,,,100,0,20,152
15840,aftermath,,,,,100,0,20,152
15850,aftermath,,,,,100,0,20,152
15860,aftermath,,,,,100,0,20,152
15870,aftermath,,,,,100,0,20,152
15880,aftermath,,,,,100,0,20,152
15890,quiet,,,,,100,0,20,152
15900,quiet,,,,,100,0,20,152
15910,quiet,,,,,100,0,20,152
15920,quiet,,,,,100,0,20,152
15930,quiet,,,,,100,0,20,152
15940,quiet,,,,,100,0,20,152
15950,quiet,,,,,100,0,20,152
15960,quiet,,,,,100,0,20,152
15970,quiet,,,,,100,0,20,152
15980,work,,,,,100,0,20,152
15990,work,,,,,100,0,20,152
16000,travel,,,,,100,1,19,153
16010,violence,,,,,100,1,19,153
16020,violence,,,,,100,1,20,153
16030,violence,,,,,100,1,20,153
16040,aftermath,,,,,100,0,20,153
16050,aftermath,,,,,100,0,20,153
16060,aftermath,,,,,100,0,20,153
16070,aftermath,,,,,100,0,20,153
16080,aftermath,,,,,100,0,20,153
16090,aftermath,,,,,100,0,20,153
16100,quiet,,,,,100,0,20,153
16110,quiet,,,,,100,0,20,153
16120,quiet,,,,,100,0,20,153
16130,quiet,,,,,100,0,20,153
16140,quiet,,,,,100,0,20,153
16150,quiet,,,,,100,0,20,153
16160,quiet,,,,,100,0,20,153
16170,quiet,,,,,100,0,20,153
16180,quiet,,,,,100,0,20,153
16190,work,,,,,100,0,20,153
16200,work,,,,,100,0,20,153
16210,violence,,,,,100,1,19,154
16220,violence,,,,,100,1,19,154
16230,violence,,,,,100,1,19,154
16240,aftermath,,,,,100,0,19,154
16250,aftermath,,,,,100,0,19,155
16260,aftermath,,,,,100,0,19,155
16270,aftermath,,,,,100,0,19,155
16280,aftermath,,,,,100,0,19,155
16290,aftermath,,,,,100,0,20,155
16300,quiet,,,,,100,0,19,156
16310,quiet,,,,,100,0,19,156
16320,quiet,,,,,100,0,19,156
16330,quiet,,,,,100,0,19,156
16340,quiet,,,,,100,0,19,157
16350,quiet,,,,,100,0,19,157
16360,quiet,,,,,100,0,19,157
16370,quiet,,,,,100,0,19,157
16380,quiet,,,,,100,0,20,157
16390,work,,,,,100,0,20,157
16400,work,,,,,100,0,20,157
16410,violence,,,,,100,1,19,158
16420,violence,,,,,100,1,19,158
16430,violence,,,,,100,1,19,159
16440,aftermath,,,,,100,0,19,159
16450,aftermath,,,,,100,0,19,159
16460,aftermath,,,,,100,0,19,159
16470,aftermath,,,,,100,0,20,159
16480,aftermath,,,,,100,0,20,159
16490,aftermath,,,,,100,0,20,159
16500,quiet,,,,,100,0,20,159
16510,quiet,,,,,100,0,20,159
16520,quiet,,,,,100,0,20,159
16530,quiet,,,,,100,0,20,159
16540,quiet,,,,,100,0,20,159
16550,quiet,,,,,100,0,20,159
16560,quiet,,,,,100,0,20,159
16570,quiet,,,,,100,0,20,159
16580,quiet,,,,,100,0,20,159
16590,work,,,,,100,0,20,159
16600,work,,,,,100,0,20,159
16610,travel,,,,,100,0,20,159
16620,violence,,,,,100,1,19,160
16630,violence,,,,,100,1,19,160
16640,violence,,,,,100,1,19,160
16650,aftermath,,,,,100,0,20,160
16660,aftermath,,,,,100,0,20,160
16670,aftermath,,,,,100,0,20,160
16680,aftermath,,,,,100,0,20,160
16690,aftermath,,,,,100,0,20,160
16700,aftermath,,,,,100,0,20,160
16710,quiet,,,,,100,0,20,160
16720,quiet,,,,,100,0,20,160
16730,quiet,,,,,100,0,20,160
16740,quiet,,,,,100,0,20,160
16750,quiet,,,,,100,0,20,160
16760,quiet,,,,,100,0,20,160
16770,quiet,,,,,100,0,20,160
16780,quiet,,,,,100,0,20,160
16790,quiet,,,,,100,0,20,160
16800,work,,,,,100,0,20,160
16810,work,,,,,100,0,20,160
16820,violence,,,,,100,1,19,161
16830,violence,,,,,100,1,20,161
16840,violence,,,,,100,1,20,161
16850,aftermath,,,,,100,0,20,161
16860,aftermath,,,,,100,0,20,161
16870,aftermath,,,,,100,0,20,161
16880,aftermath,,,,,100,0,20,161
16890,aftermath,,,,,100,0,20,161
16900,aftermath,,,,,100,0,20,161
16910,quiet,,,,,100,0,20,161
16920,quiet,,,,,100,0,20,161
16930,quiet,,,,,100,0,20,161
16940,quiet,,,,,100,0,20,161
16950,quiet,,,,,100,0,20,161
16960,quiet,,,,,100,0,20,161
16970,quiet,,,,,100,0,20,161
16980,quiet,,,,,100,0,20,161
16990,quiet,,,,,100,0,20,161
17000,work,,,,,100,0,20,161
17010,work,,,,,100,0,20,161
17020,travel,,,,,100,1,19,162
17030,violence,,,,,100,1,19,162
17040,violence,,,,,100,1,19,162
17050,violence,,,,,100,1,19,162
17060,aftermath,,,,,100,0,20,162
17070,aftermath,,,,,100,0,20,162
17080,aftermath,,,,,100,0,20,162
17090,aftermath,,,,,100,0,20,162
17100,aftermath,,,,,100,0,20,162
17110,aftermath,,,,,100,0,20,162
17120,quiet,,,,,100,0,20,162
17130,quiet,,,,,100,0,20,162
17140,quiet,,,,,100,0,20,162
17150,quiet,,,,,100,0,20,162
17160,quiet,,,,,100,0,20,162
17170,quiet,,,,,100,0,20,162
17180,quiet,,,,,100,0,20,162
17190,quiet,,,,,100,0,20,162
17200,quiet,,,,,100,0,20,162
17210,work,,,,,100,0,20,162
17220,work,,,,,100,0,20,162
17230,violence,,,,,100,1,19,163
17240,violence,,,,,100,1,20,163
17250,violence,,,,,100,1,20,163
17260,aftermath,,,,,100,0,20,163
17270,aftermath,,,,,100,0,20,163
17280,aftermath,,,,,100,0,20,163
17290,aftermath,,,,,100,0,20,163
17300,aftermath,,,,,100,0,20,163
17310,aftermath,,,,,100,0,20,163
17320,quiet,,,,,100,0,20,163
17330,quiet,,,,,100,0,20,163
17340,quiet,,,,,100,0,20,163
17350,quiet,,,,,100,0,20,163
17360,quiet,,,,,100,0,20,163
17370,quiet,,,,,100,0,20,163
17380,quiet,,,,,100,0,20,163
17390,quiet,,,,,100,0,20,163
17400,quiet,,,,,100,0,0,163
17410,work,,,,,100,0,0,163
17420,work,,,,,100,0,0,163
17430,travel,,,,,100,0,0,163
17440,travel,,,,,100,0,0,163
17450,travel,,,,,100,0,0,163
17460,travel,,,,,100,0,0,163
17470,travel,,,,,100,0,0,163
17480,travel,,,,,100,0,0,163
17490,travel,,,,,100,0,0,163
17500,travel,,,,,100,0,0,163
17510,curiosity,,,,,100,0,0,163
17520,curiosity,,,,,100,0,0,163
17530,curiosity,,,,,100,0,0,163
17540,curiosity,,,,,100,0,0,163
17550,curiosity,,,,,100,0,0,163
17560,curiosity,,,,,100,0,0,163
17570,curiosity,,,,,100,0,0,163
17580,opportunity,,,,,100,0,0,163
17590,opportunity,,,,,100,0,0,163
17600,opportunity,,,,,100,0,0,163
17610,opportunity,,,,,100,0,0,163
17620,opportunity,,,,,100,0,0,163
17630,opportunity,,,,,100,0,0,163
17640,opportunity,,,,,100,0,0,163
17650,opportunity,,,,,100,0,0,163
17660,tension,,,,,100,0,0,163
17670,tension,,,,,100,0,0,163
17680,tension,,,,,100,0,0,163
17690,tension,,,,,100,0,0,163
17700,tension,,,,,100,0,0,163
17710,tension,,,,,100,0,0,163
17720,violence,,,,,100,0,0,163
17730,violence,,,,,100,0,0,163
17740,violence,,,,,100,0,0,163
17750,violence,,,,,100,0,0,163
17760,aftermath,,,,,100,0,0,163
17770,aftermath,,,,,100,0,0,163
17780,aftermath,,,,,100,0,0,164
17790,aftermath,,,,,100,0,0,164
17800,aftermath,,,,,100,0,0,164
17810,aftermath,,,,,100,0,0,164
17820,quiet,,,,,100,0,1,164
17830,quiet,,,,,100,0,1,164
17840,quiet,,,,,100,0,1,164
17850,quiet,,,,,100,0,1,164
17860,quiet,,,,,100,0,1,164
17870,quiet,,,,,100,0,1,165
17880,quiet,,,,,100,0,1,165
17890,quiet,,,,,100,0,1,165
17900,quiet,,,,,100,0,1,165
17910,work,,,,,100,0,2,165
17920,work,,,,,100,0,2,165
17930,work,,,,,100,0,2,165
17940,travel,,,,,100,0,2,165
17950,violence,,,,,100,1,1,166
17960,violence,,,,,100,1,1,167
17970,violence,,,,,100,1,1,167
17980,aftermath,,,,,100,0,1,167
17990,aftermath,,,,,100,0,1,167
18000,aftermath,,,,,100,0,2,167
18010,aftermath,,,,,100,0,2,167
18020,aftermath,,,,,100,0,2,167
18030,aftermath,,,,,100,0,2,167
18040,quiet,,,,,100,0,2,167
18050,quiet,,,,,100,0,2,168
18060,quiet,,,,,100,0,2,168
18070,quiet,,,,,100,0,2,168
18080,quiet,,,,,100,0,2,168
18090,quiet,,,,,100,0,3,168
18100,quiet,,,,,100,0,3,168
18110,quiet,,,,,100,0,3,168
18120,quiet,,,,,100,0,3,168
18130,work,,,,,100,0,3,168
18140,work,,,,,100,0,3,169
18150,travel,,,,,100,0,3,169
18160,violence,,,,,100,1,2,170
18170,violence,,,,,100,1,2,170
18180,violence,,,,,100,1,3,170
18190,aftermath,,,,,100,0,3,170
18200,aftermath,,,,,100,0,3,170
18210,aftermath,,,,,100,0,3,170
18220,aftermath,,,,,100,0,3,170
18230,aftermath,,,,,100,0,4,170
18240,aftermath,,,,,100,0,4,170
18250,quiet,,,,,100,0,4,170
18260,quiet,,,,,100,0,4,170
18270,quiet,,,,,100,0,5,170
18280,quiet,,,,,100,0,5,170
18290,quiet,,,,,100,0,5,170
18300,quiet,,,,,100,0,5,170
18310,quiet,,,,,100,0,5,170
18320,quiet,,,,,100,0,5,171
18330,quiet,,,,,100,0,5,171
18340,work,,,,,100,0,5,171
18350,work,,,,,100,0,5,171
18360,violence,,,,,100,1,5,172
18370,violence,,,,,100,1,5,172
18380,violence,,,,,100,1,5,172
18390,violence,,,,,100,1,4,173
18400,aftermath,,,,,100,0,4,173
18410,aftermath,,,,,100,0,5,173
18420,aftermath,,,,,100,0,5,173
18430,aftermath,,,,,100,0,5,173
18440,aftermath,,,,,100,0,5,173
18450,aftermath,,,,,100,0,6,173
18460,quiet,,,,,100,0,5,174
18470,quiet,,,,,100,0,5,174
18480,quiet,,,,,100,0,5,174
18490,quiet,,,,,100,0,5,174
18500,quiet,,,,,100,0,6,174
18510,quiet,,,,,100,0,6,174
18520,quiet,,,,,100,0,6,174
18530,quiet,,,,,100,0,6,174
18540,quiet,,,,,100,0,7,174
18550,work,,,,,100,0,7,174
18560,work,,,,,100,0,7,174
18570,violence,,,,,100,1,6,175
18580,violence,,,,,100,1,6,175
18590,violence,,,,,100,1,6,176
18600,aftermath,,,,,100,0,6,176
18610,aftermath,,,,,100,0,6,176
18620,aftermath,,,,,100,0,6,176
18630,aftermath,,,,,100,0,7,176
18640,aftermath,,,,,100,0,7,176
18650,aftermath,,,,,100,0,7,176
18660,quiet,,,,,100,0,7,176
18670,quiet,,,,,100,0,7,176
18680,quiet,,,,,100,0,7,177
18690,quiet,,,,,100,0,7,177
18700,quiet,,,,,100,0,7,177
18710,quiet,,,,,100,0,7,177
18720,quiet,,,,,100,0,8,177
18730,quiet,,,,,100,0,8,177
18740,quiet,,,,,100,0,8,177
18750,work,,,,,100,0,8,177
18760,work,,,,,100,0,8,177
18770,violence,,,,,100,1,8,178
18780,violence,,,,,100,1,8,178
18790,violence,,,,,100,1,7,179
18800,aftermath,,,,,100,0,7,179
18810,aftermath,,,,,100,0,8,179
18820,aftermath,,,,,100,0,8,179
18830,aftermath,,,,,100,0,8,179
18840,aftermath,,,,,100,0,8,179
18850,aftermath,,,,,100,0,8,179
18860,quiet,,,,,100,0,9,179
18870,quiet,,,,,100,0,9,179
18880,quiet,,,,,100,0,9,179
18890,quiet,,,,,100,0,9,179
18900,quiet,,,,,100,0,10,179
18910,quiet,,,,,100,0,10,179
18920,quiet,,,,,100,0,10,179
18930,quiet,,,,,100,0,10,179
18940,quiet,,,,,100,0,10,179
18950,work,,,,,100,0,10,180
18960,work,,,,,100,0,10,180
18970,violence,,,,,100,1,9,181
18980,violence,,,,,100,1,9,181
18990,violence,,,,,100,1,10,181
19000,aftermath,,,,,100,0,10,181
19010,aftermath,,,,,100,0,10,181
19020,aftermath,,,,,100,0,10,181
19030,aftermath,,,,,100,0,10,181
19040,aftermath,,,,,100,0,10,182
19050,aftermath,,,,,100,0,10,182
19060,quiet,,,,,100,0,10,182
19070,quiet,,,,,100,0,10,182
19080,quiet,,,,,100,0,11,182
19090,quiet,,,,,100,0,11,182
19100,quiet,,,,,100,0,11,182
19110,quiet,,,,,100,0,11,182
19120,quiet,,,,,100,0,11,182
19130,quiet,,,,,100,0,11,183
19140,quiet,,,,,100,0,11,183
19150,work,,,,,100,0,11,183
19160,work,,,,,100,0,11,183
19170,violence,,,,,100,1,11,184
19180,violence,,,,,100,1,11,184
19190,violence,,,,,100,1,11,184
19200,violence,,,,,100,1,11,184
19210,aftermath,,,,,100,0,11,184
19220,aftermath,,,,,100,0,11,185
19230,aftermath,,,,,100,0,11,185
19240,aftermath,,,,,100,0,11,185
19250,aftermath,,,,,100,0,11,185
19260,aftermath,,,,,100,0,12,185
19270,quiet,,,,,100,0,12,185
19280,quiet,,,,,100,0,12,185
19290,quiet,,,,,100,0,12,185
19300,quiet,,,,,100,0,12,185
19310,quiet,,,,,100,0,12,186
19320,quiet,,,,,100,0,12,186
19330,quiet,,,,,100,0,12,186
19340,quiet,,,,,100,0,12,186
19350,quiet,,,,,100,0,13,186
19360,work,,,,,100,0,13,186
19370,work,,,,,100,0,13,186
19380,violence,,,,,100,1,12,187
19390,violence,,,,,100,1,12,187
19400,violence,,,,,100,1,13,187
19410,aftermath,,,,,100,0,13,187
19420,aftermath,,,,,100,0,13,187
19430,aftermath,,,,,100,0,13,187
19440,aftermath,,,,,100,0,14,187
19450,aftermath,,,,,100,0,14,187
19460,aftermath,,,,,100,0,14,187
19470,quiet,,,,,100,0,14,187
19480,quiet,,,,,100,0,14,187
19490,quiet,,,,,100,0,15,187
19500,quiet,,,,,100,0,15,187
19510,quiet,,,,,100,0,15,187
19520,quiet,,,,,100,0,15,187
19530,quiet,,,,,100,0,16,187
19540,quiet,,,,,100,0,15,188
19550,quiet,,,,,100,0,15,188
19560,work,,,,,100,0,15,188
19570,work,,,,,100,0,15,188
19580,travel,,,,,100,0,15,189
19590,violence,,,,,100,1,14,190
19600,violence,,,,,100,1,14,190
19610,violence,,,,,100,1,14,190
19620,aftermath,,,,,100,0,15,190
19630,aftermath,,,,,100,0,15,190
19640,aftermath,,,,,100,0,15,190
19650,aftermath,,,,,100,0,15,190
19660,aftermath,,,,,100,0,15,190
19670,aftermath,,,,,100,0,15,191
19680,quiet,,,,,100,0,15,191
19690,quiet,,,,,100,0,15,191
19700,quiet,,,,,100,0,15,191
19710,quiet,,,,,100,0,16,191
19720,quiet,,,,,100,0,16,191
19730,quiet,,,,,100,0,16,191
19740,quiet,,,,,100,0,16,191
19750,quiet,,,,,100,0,16,191
19760,quiet,,,,,100,0,17,191
19770,work,,,,,100,0,17,191
19780,work,,,,,100,0,17,191
19790,violence,,,,,100,1,16,192
19800,violence,,,,,100,1,17,192
19810,violence,,,,,100,1,17,192
19820,aftermath,,,,,100,0,17,192
19830,aftermath,,,,,100,0,17,192
19840,aftermath,,,,,100,0,17,192
19850,aftermath,,,,,100,0,18,192
19860,aftermath,,,,,100,0,18,192
19870,aftermath,,,,,100,0,18,192
19880,quiet,,,,,100,0,18,192
19890,quiet,,,,,100,0,19,192
19900,quiet,,,,,100,0,19,192
19910,quiet,,,,,100,0,19,192
19920,quiet,,,,,100,0,19,192
19930,quiet,,,,,100,0,19,192
19940,quiet,,,,,100,0,20,192
19950,quiet,,,,,100,0,20,192
19960,quiet,,,,,100,0,20,192
19970,work,,,,,100,0,20,192
19980,work,,,,,100,0,20,192
19990,violence,,,,,100,1,19,193
20000,violence,,,,,100,1,19,193
20010,violence,,,,,100,1,19,193
20020,aftermath,,,,,100,0,18,194
20030,aftermath,,,,,100,0,19,194
20040,aftermath,,,,,100,0,19,194
20050,aftermath,,,,,100,0,19,194
20060,aftermath,,,,,100,0,19,194
20070,aftermath,,,,,100,0,20,194
20080,quiet,,,,,100,0,20,194
20090,quiet,,,,,100,0,20,194
20100,quiet,,,,,100,0,20,194
20110,quiet,,,,,100,0,20,194
20120,quiet,,,,,100,0,20,194
20130,quiet,,,,,100,0,20,194
20140,quiet,,,,,100,0,20,194
20150,quiet,,,,,100,0,20,194
20160,quiet,,,,,100,0,20,194
20170,work,,,,,100,0,20,194
20180,work,,,,,100,0,20,194
20190,violence,,,,,100,1,19,195
20200,violence,,,,,100,1,19,195
20210,violence,,,,,100,1,20,195
20220,aftermath,,,,,100,0,20,195
20230,aftermath,,,,,100,0,20,195
20240,aftermath,,,,,100,0,20,195
20250,aftermath,,,,,100,0,20,195
20260,aftermath,,,,,100,0,20,195
20270,aftermath,,,,,100,0,20,195
20280,quiet,,,,,100,0,20,195
20290,quiet,,,,,100,0,20,195
20300,quiet,,,,,100,0,20,195
20310,quiet,,,,,100,0,20,195
20320,quiet,,,,,100,0,20,195
20330,quiet,,,,,100,0,20,195
20340,quiet,,,,,100,0,20,195
20350,quiet,,,,,100,0,20,195
20360,quiet,,,,,100,0,20,195
20370,work,,,,,100,0,20,195
20380,work,,,,,100,0,20,195
20390,violence,,,,,100,1,19,196
20400,violence,,,,,100,1,19,196
20410,violence,,,,,100,1,19,196
20420,violence,,,,,100,1,19,196
20430,aftermath,,,,,100,0,20,196
20440,aftermath,,,,,100,0,19,197
20450,aftermath,,,,,100,0,19,197
20460,aftermath,,,,,100,0,19,197
20470,aftermath,,,,,100,0,19,197
20480,aftermath,,,,,100,0,19,198
20490,quiet,,,,,100,0,19,198
20500,quiet,,,,,100,0,19,198
20510,quiet,,,,,100,0,19,198
20520,quiet,,,,,100,0,20,198
20530,quiet,,,,,100,0,19,199
20540,quiet,,,,,100,0,19,199
20550,quiet,,,,,100,0,19,199
20560,quiet,,,,,100,0,19,199
20570,quiet,,,,,100,0,20,199
20580,work,,,,,100,0,20,199
20590,work,,,,,100,0,20,199
20600,violence,,,,,100,1,19,200
20610,violence,,,,,100,1,20,200
20620,violence,,,,,100,1,20,200
20630,aftermath,,,,,100,0,20,200
20640,aftermath,,,,,100,0,20,200
20650,aftermath,,,,,100,0,20,200
20660,aftermath,,,,,100,0,20,200
20670,aftermath,,,,,100,0,20,200
20680,aftermath,,,,,100,0,20,200
20690,quiet,,,,,100,0,20,200
20700,quiet,,,,,100,0,20,200
20710,quiet,,,,,100,0,20,200
20720,quiet,,,,,100,0,20,200
20730,quiet,,,,,100,0,20,200
20740,quiet,,,,,100,0,20,200
20750,quiet,,,,,100,0,20,200
20760,quiet,,,,,100,0,20,200
20770,quiet,,,,,100,0,20,200
20780,work,,,,,100,0,20,200
20790,work,,,,,100,0,20,200
20800,violence,,,,,100,1,19,201
20810,violence,,,,,100,1,19,201
20820,violence,,,,,100,1,19,201
20830,aftermath,,,,,100,0,19,201
20840,aftermath,,,,,100,0,19,202
20850,aftermath,,,,,100,0,19,202
20860,aftermath,,,,,100,0,19,202
20870,aftermath,,,,,100,0,19,202
20880,aftermath,,,,,100,0,20,202
20890,quiet,,,,,100,0,19,203
20900,quiet,,,,,100,0,19,203
20910,quiet,,,,,100,0,19,203
20920,quiet,,,,,100,0,19,203
20930,quiet,,,,,100,0,19,204
20940,quiet,,,,,100,0,19,204
20950,quiet,,,,,100,0,19,204
20960,quiet,,,,,100,0,19,204
20970,quiet,,,,,100,0,20,204
20980,work,,,,,100,0,20,204
20990,work,,,,,100,0,20,204
21000,violence,,,,,100,1,19,205
21010,violence,,,,,100,1,19,205
21020,violence,,,,,100,1,20,205
21030,aftermath,,,,,100,0,20,205
21040,aftermath,,,,,100,0,20,205
21050,aftermath,,,,,100,0,20,205
21060,aftermath,,,,,100,0,20,205
21070,aftermath,,,,,100,0,20,205
21080,aftermath,,,,,100,0,20,205
21090,quiet,,,,,100,0,20,205
21100,quiet,,,,,100,0,20,205
21110,quiet,,,,,100,0,20,205
21120,quiet,,,,,100,0,20,205
21130,quiet,,,,,100,0,20,205
21140,quiet,,,,,100,0,20,205
21150,quiet,,,,,100,0,20,205
21160,quiet,,,,,100,0,20,205
21170,quiet,,,,,100,0,20,205
21180,work,,,,,100,0,20,205
21190,work,,,,,100,0,20,205
21200,violence,,,,,100,1,19,206
21210,violence,,,,,100,1,19,206
21220,violence,,,,,100,1,19,206
21230,aftermath,,,,,100,0,19,206
21240,aftermath,,,,,100,0,20,206
21250,aftermath,,,,,100,0,20,206
21260,aftermath,,,,,100,0,20,206
21270,aftermath,,,,,100,0,20,206
21280,aftermath,,,,,100,0,20,206
21290,quiet,,,,,100,0,20,206
21300,quiet,,,,,100,0,20,206
21310,quiet,,,,,100,0,20,206
21320,quiet,,,,,100,0,20,206
21330,quiet,,,,,100,0,20,206
21340,quiet,,,,,100,0,20,206
21350,quiet,,,,,100,0,20,206
21360,quiet,,,,,100,0,20,206
21370,quiet,,,,,100,0,20,206
21380,work,,,,,100,0,20,206
21390,work,,,,,100,0,20,206
21400,violence,,,,,100,1,19,207
21410,violence,,,,,100,1,19,207
21420,violence,,,,,100,1,20,207
21430,violence,,,,,100,1,20,207
21440,aftermath,,,,,100,0,20,207
21450,aftermath,,,,,100,0,20,207
21460,aftermath,,,,,100,0,20,207
21470,aftermath,,,,,100,0,20,207
21480,aftermath,,,,,100,0,20,207
21490,aftermath,,,,,100,0,20,207
21500,quiet,,,,,100,0,20,207
21510,quiet,,,,,100,0,20,207
21520,quiet,,,,,100,0,20,207
21530,quiet,,,,,100,0,20,207
21540,quiet,,,,,100,0,20,207
21550,quiet,,,,,100,0,20,207
21560,quiet,,,,,100,0,20,207
21570,quiet,,,,,100,0,20,207
21580,quiet,,,,,100,0,20,207
21590,work,,,,,100,0,20,207
21600,work,,,,,100,0,20,207
21610,violence,,,,,100,1,19,208
21620,violence,,,,,100,1,19,208
21630,violence,,,,,100,1,19,208
21640,aftermath,,,,,100,0,19,208
21650,aftermath,,,,,100,0,19,209
21660,aftermath,,,,,100,0,19,209
21670,aftermath,,,,,100,0,19,209
21680,aftermath,,,,,100,0,19,209
21690,aftermath,,,,,100,0,20,209
21700,quiet,,,,,100,0,20,209
21710,quiet,,,,,100,0,20,209
21720,quiet,,,,,100,0,20,209
21730,quiet,,,,,100,0,20,209
21740,quiet,,,,,100,0,20,209
21750,quiet,,,,,100,0,20,209
21760,quiet,,,,,100,0,20,209
21770,quiet,,,,,100,0,20,209
21780,quiet,,,,,100,0,20,209
21790,work,,,,,100,0,20,209
21800,work,,,,,100,0,20,209
21810,violence,,,,,100,1,19,210
21820,violence,,,,,100,1,19,210
21830,violence,,,,,100,1,19,211
21840,aftermath,,,,,100,0,19,211
21850,aftermath,,,,,100,0,19,211
21860,aftermath,,,,,100,0,19,211
21870,aftermath,,,,,100,0,20,211
21880,aftermath,,,,,100,0,20,211
21890,aftermath,,,,,100,0,20,211
21900,quiet,,,,,100,0,20,211
21910,quiet,,,,,100,0,20,211
21920,quiet,,,,,100,0,20,211
21930,quiet,,,,,100,0,20,211
21940,quiet,,,,,100,0,20,211
21950,quiet,,,,,100,0,20,211
21960,quiet,,,,,100,0,20,211
21970,quiet,,,,,100,0,20,211
21980,quiet,,,,,100,0,20,211
21990,work,,,,,100,0,20,211
22000,work,,,,,100,0,20,211
22010,violence,,,,,100,1,19,212
22020,violence,,,,,100,1,19,212
22030,violence,,,,,100,1,19,212
22040,aftermath,,,,,100,0,19,212
22050,aftermath,,,,,100,0,20,212
22060,aftermath,,,,,100,0,20,212
22070,aftermath,,,,,100,0,20,212
22080,aftermath,,,,,100,0,20,212
22090,aftermath,,,,,100,0,20,212
22100,quiet,,,,,100,0,20,212
22110,quiet,,,,,100,0,20,212
22120,quiet,,,,,100,0,20,212
22130,quiet,,,,,100,0,20,212
22140,quiet,,,,,100,0,20,212
22150,quiet,,,,,100,0,20,212
22160,quiet,,,,,100,0,20,212
22170,quiet,,,,,100,0,20,212
22180,quiet,,,,,100,0,20,212
22190,work,,,,,100,0,20,212
22200,work,,,,,100,0,20,212
22210,travel,,,,,100,0,20,212
22220,travel,,,,,100,0,20,212
22230,travel,,,,,100,0,20,212
22240,travel,,,,,100,0,20,212
22250,travel,,,,,100,0,20,212
22260,travel,,,,,100,0,20,212
22270,travel,,,,,100,0,20,212
22280,travel,,,,,100,0,20,212
22290,curiosity,,,,,100,0,20,212
22300,curiosity,,,,,100,0,20,212
22310,curiosity,,,,,100,0,20,212
22320,curiosity,,,,,100,0,20,212
22330,curiosity,,,,,100,0,20,212
22340,curiosity,,,,,100,0,20,212
22350,curiosity,,,,,100,0,20,212
22360,opportunity,,,,,100,0,20,212
22370,opportunity,,,,,100,0,20,212
22380,opportunity,,,,,100,0,20,212
22390,violence,,,,,100,1,19,213
22400,violence,,,,,100,1,19,213
22410,violence,,,,,100,1,20,213
22420,aftermath,,,,,100,0,19,214
22430,aftermath,,,,,100,0,19,214
22440,aftermath,,,,,100,0,19,214
22450,aftermath,,,,,100,0,19,214
22460,aftermath,,,,,100,0,20,214
22470,aftermath,,,,,100,0,20,214
22480,quiet,,,,,100,0,20,214
22490,quiet,,,,,100,0,20,214
22500,quiet,,,,,100,0,20,214
22510,quiet,,,,,100,0,20,214
22520,quiet,,,,,100,0,20,214
22530,quiet,,,,,100,0,20,214
22540,quiet,,,,,100,0,20,214
22550,quiet,,,,,100,0,20,214
22560,quiet,,,,,100,0,20,214
22570,work,,,,,100,0,20,214
22580,work,,,,,100,0,20,214
22590,violence,,,,,100,1,20,215
22600,violence,,,,,100,1,20,215
22610,violence,,,,,100,1,20,215
22620,aftermath,,,,,100,0,20,215
22630,aftermath,,,,,100,0,20,215
22640,aftermath,,,,,100,0,20,215
22650,aftermath,,,,,100,0,20,215
22660,aftermath,,,,,100,0,20,215
22670,aftermath,,,,,100,0,20,215
22680,quiet,,,,,100,0,20,215
22690,quiet,,,,,100,0,20,215
22700,quiet,,,,,100,0,20,215
22710,quiet,,,,,100,0,20,215
22720,quiet,,,,,100,0,20,215
22730,quiet,,,,,100,0,20,215
22740,quiet,,,,,100,0,20,215
22750,quiet,,,,,100,0,20,215
22760,quiet,,,,,100,0,20,215
22770,work,,,,,100,0,20,215
22780,work,,,,,100,0,20,215
22790,violence,,,,,100,1,19,216
22800,violence,,,,,100,1,19,216
22810,violence,,,,,100,1,19,216
22820,aftermath,,,,,100,0,19,217
22830,aftermath,,,,,100,0,19,217
22840,aftermath,,,,,100,0,19,217
22850,aftermath,,,,,100,0,19,217
22860,aftermath,,,,,100,0,20,217
22870,aftermath,,,,,100,0,19,218
22880,quiet,,,,,100,0,19,218
22890,quiet,,,,,100,0,19,218
22900,quiet,,,,,100,0,19,218
22910,quiet,,,,,100,0,19,219
22920,quiet,,,,,100,0,19,219
22930,quiet,,,,,100,0,19,219
22940,quiet,,,,,100,0,19,219
22950,quiet,,,,,100,0,20,219
22960,quiet,,,,,100,0,19,220
22970,work,,,,,100,0,19,220
22980,work,,,,,100,0,19,220
22990,violence,,,,,100,1,18,221
23000,violence,,,,,100,1,18,222
23010,violence,,,,,100,1,18,222
23020,violence,,,,,100,1,18,222
23030,aftermath,,,,,100,0,18,222
23040,aftermath,,,,,100,0,19,222
23050,aftermath,,,,,100,0,19,222
23060,aftermath,,,,,100,0,19,222
23070,aftermath,,,,,100,0,19,222
23080,aftermath,,,,,100,0,19,222
23090,quiet,,,,,100,0,19,223
23100,quiet,,,,,100,0,19,223
23110,quiet,,,,,100,0,19,223
23120,quiet,,,,,100,0,19,223
23130,quiet,,,,,100,0,20,223
23140,quiet,,,,,100,0,19,224
23150,quiet,,,,,100,0,19,224
23160,quiet,,,,,100,0,19,224
23170,quiet,,,,,100,0,19,224
23180,work,,,,,100,0,19,225
23190,work,,,,,100,0,19,225
23200,violence,,,,,100,1,18,226
23210,violence,,,,,100,1,18,226
23220,violence,,,,,100,1,19,226
23230,aftermath,,,,,100,0,18,227
23240,aftermath,,,,,100,0,18,227
23250,aftermath,,,,,100,0,18,227
23260,aftermath,,,,,100,0,18,227
23270,aftermath,,,,,100,0,19,227
23280,aftermath,,,,,100,0,19,227
23290,quiet,,,,,100,0,19,227
23300,quiet,,,,,100,0,19,227
23310,quiet,,,,,100,0,20,227
23320,quiet,,,,,100,0,20,227
23330,quiet,,,,,100,0,20,227
23340,quiet,,,,,100,0,20,227
23350,quiet,,,,,100,0,20,227
23360,quiet,,,,,100,0,20,227
23370,quiet,,,,,100,0,20,227
23380,work,,,,,100,0,20,227
23390,work,,,,,100,0,20,227
23400,violence,,,,,100,1,20,228
23410,violence,,,,,100,1,20,228
23420,violence,,,,,100,1,20,228
23430,aftermath,,,,,100,0,20,228
23440,aftermath,,,,,100,0,20,228
23450,aftermath,,,,,100,0,20,228
23460,aftermath,,,,,100,0,20,228
23470,aftermath,,,,,100,0,20,228
23480,aftermath,,,,,100,0,20,228
23490,quiet,,,,,100,0,20,228
23500,quiet,,,,,100,0,20,228
23510,quiet,,,,,100,0,20,228
23520,quiet,,,,,100,0,20,228
23530,quiet,,,,,100,0,20,228
23540,quiet,,,,,100,0,20,228
23550,quiet,,,,,100,0,20,228
23560,quiet,,,,,100,0,20,228
23570,quiet,,,,,100,0,20,228
23580,work,,,,,100,0,20,228
23590,work,,,,,100,0,20,228
23600,violence,,,,,100,1,19,229
23610,violence,,,,,100,1,19,229
23620,violence,,,,,100,1,19,229
23630,aftermath,,,,,100,0,19,230
23640,aftermath,,,,,100,0,19,230
23650,aftermath,,,,,100,0,19,230
23660,aftermath,,,,,100,0,19,230
23670,aftermath,,,,,100,0,20,230
23680,aftermath,,,,,100,0,19,231
23690,quiet,,,,,100,0,19,231
23700,quiet,,,,,100,0,19,231
23710,quiet,,,,,100,0,19,231
23720,quiet,,,,,100,0,19,232
23730,quiet,,,,,100,0,19,232
23740,quiet,,,,,100,0,19,232
23750,quiet,,,,,100,0,19,232
23760,quiet,,,,,100,0,20,232
23770,quiet,,,,,100,0,19,233
23780,work,,,,,100,0,19,233
23790,work,,,,,100,0,19,233
23800,violence,,,,,100,1,18,234
23810,violence,,,,,100,1,18,235
23820,violence,,,,,100,1,18,235
23830,violence,,,,,100,1,18,235
23840,aftermath,,,,,100,0,18,235
23850,aftermath,,,,,100,0,19,235
23860,aftermath,,,,,100,0,18,236
23870,aftermath,,,,,100,0,18,236
23880,aftermath,,,,,100,0,18,236
23890,aftermath,,,,,100,0,18,236
23900,quiet,,,,,100,0,18,237
23910,quiet,,,,,100,0,18,237
23920,quiet,,,,,100,0,18,237
23930,quiet,,,,,100,0,18,237
23940,quiet,,,,,100,0,19,237
23950,quiet,,,,,100,0,19,237
23960,quiet,,,,,100,0,19,237
23970,quiet,,,,,100,0,19,237
23980,quiet,,,,,100,0,19,237
23990,work,,,,,100,0,20,237
24000,work,,,,,100,0,20,237
24010,violence,,,,,100,1,19,238
24020,violence,,,,,100,1,19,238
24030,violence,,,,,100,1,20,238
24040,aftermath,,,,,100,0,20,238
24050,aftermath,,,,,100,0,20,238
24060,aftermath,,,,,100,0,20,238
24070,aftermath,,,,,100,0,20,238
24080,aftermath,,,,,100,0,20,238
24090,aftermath,,,,,100,0,20,238
24100,quiet,,,,,100,0,20,238
24110,quiet,,,,,100,0,20,238
24120,quiet,,,,,100,0,20,238
24130,quiet,,,,,100,0,20,238
24140,quiet,,,,,100,0,20,238
24150,quiet,,,,,100,0,20,238
24160,quiet,,,,,100,0,20,238
24170,quiet,,,,,100,0,20,238
24180,quiet,,,,,100,0,20,238
24190,work,,,,,100,0,20,238
24200,work,,,,,100,0,20,238
24210,violence,,,,,100,1,20,239
24220,violence,,,,,100,1,19,240
24230,violence,,,,,100,1,19,240
24240,aftermath,,,,,100,0,19,240
24250,aftermath,,,,,100,0,19,240
24260,aftermath,,,,,100,0,20,240
24270,aftermath,,,,,100,0,20,240
24280,aftermath,,,,,100,0,20,240
24290,aftermath,,,,,100,0,20,240
24300,quiet,,,,,100,0,20,240
24310,quiet,,,,,100,0,20,240
24320,quiet,,,,,100,0,20,240
24330,quiet,,,,,100,0,20,240
24340,quiet,,,,,100,0,20,240
24350,quiet,,,,,100,0,20,240
24360,quiet,,,,,100,0,20,240
24370,quiet,,,,,100,0,20,240
24380,quiet,,,,,100,0,20,240
24390,work,,,,,100,0,20,240
24400,work,,,,,100,0,20,240
24410,violence,,,,,100,1,19,241
24420,violence,,,,,100,1,19,241
24430,violence,,,,,100,1,19,241
24440,aftermath,,,,,100,0,20,241
24450,aftermath,,,,,100,0,20,241
24460,aftermath,,,,,100,0,20,241
24470,aftermath,,,,,100,0,20,241
24480,aftermath,,,,,100,0,20,241
24490,aftermath,,,,,100,0,20,241
24500,quiet,,,,,100,0,20,241
24510,quiet,,,,,100,0,20,241
24520,quiet,,,,,100,0,20,241
24530,quiet,,,,,100,0,20,241
24540,quiet,,,,,100,0,20,241
24550,quiet,,,,,100,0,20,241
24560,quiet,,,,,100,0,20,241
24570,quiet,,,,,100,0,20,241
24580,quiet,,,,,100,0,20,241
24590,work,,,,,100,0,20,241
24600,work,,,,,100,0,0,241
24610,travel,,,,,100,0,0,241
24620,travel,,,,,100,0,0,241
24630,travel,,,,,100,0,0,241
24640,travel,,,,,100,0,0,241
24650,travel,,,,,100,0,0,241
24660,travel,,,,,100,0,0,241
24670,travel,,,,,100,0,0,241
24680,travel,,,,,100,0,0,241
24690,curiosity,,,,,100,0,0,241
24700,curiosity,,,,,100,0,0,241
24710,curiosity,,,,,100,0,0,241
24720,curiosity,,,,,100,0,0,241
24730,curiosity,,,,,100,0,0,241
24740,curiosity,,,,,100,0,0,241
24750,curiosity,,,,,100,0,0,241
24760,opportunity,,,,,100,0,0,241
24770,opportunity,,,,,100,0,0,241
24780,opportunity,,,,,100,0,0,241
24790,opportunity,,,,,100,0,0,241
24800,opportunity,,,,,100,0,0,241
24810,opportunity,,,,,100,0,0,241
24820,opportunity,,,,,100,0,0,241
24830,opportunity,,,,,100,0,0,241
24840,tension,,,,,100,0,0,241
24850,tension,,,,,100,0,0,241
24860,tension,,,,,100,0,0,241
24870,tension,,,,,100,0,0,241
24880,tension,,,,,100,0,0,241
24890,tension,,,,,100,0,0,241
24900,violence,,,,,100,0,0,241
24910,violence,,,,,100,0,0,241
24920,violence,,,,,100,0,0,241
24930,violence,,,,,100,0,0,241
24940,aftermath,,,,,100,0,0,241
24950,aftermath,,,,,100,0,0,241
24960,aftermath,,,,,100,0,0,241
24970,aftermath,,,,,100,0,0,241
24980,aftermath,,,,,100,0,0,242
24990,aftermath,,,,,100,0,0,242
25000,quiet,,,,,100,0,0,242
25010,quiet,,,,,100,0,0,242
25020,quiet,,,,,100,0,1,242
25030,quiet,,,,,100,0,1,242
25040,quiet,,,,,100,0,1,242
25050,quiet,,,,,100,0,1,242
25060,quiet,,,,,100,0,1,242
25070,quiet,,,,,100,0,1,243
25080,quiet,,,,,100,0,1,243
25090,work,,,,,100,0,1,243
25100,work,,,,,100,0,1,243
25110,work,,,,,100,0,2,243
25120,work,,,,,100,0,2,243
25130,work,,,,,100,0,2,243
25140,travel,,,,,100,0,2,243
25150,violence,,,,,100,1,1,244
25160,violence,,,,,100,1,2,244
25170,violence,,,,,100,1,2,244
25180,aftermath,,,,,100,0,2,244
25190,aftermath,,,,,100,0,2,244
25200,aftermath,,,,,100,0,3,244
25210,aftermath,,,,,100,0,2,245
25220,aftermath,,,,,100,0,2,245
25230,aftermath,,,,,100,0,2,245
25240,quiet,,,,,100,0,2,245
25250,quiet,,,,,100,0,2,246
25260,quiet,,,,,100,0,2,246
25270,quiet,,,,,100,0,2,246
25280,quiet,,,,,100,0,2,246
25290,quiet,,,,,100,0,3,246
25300,quiet,,,,,100,0,2,247
25310,quiet,,,,,100,0,2,247
25320,quiet,,,,,100,0,2,247
25330,work,,,,,100,0,2,247
25340,work,,,,,100,0,3,247
25350,travel,,,,,100,0,3,247
25360,violence,,,,,100,1,2,248
25370,violence,,,,,100,1,2,248
25380,violence,,,,,100,1,3,248
25390,aftermath,,,,,100,0,3,248
25400,aftermath,,,,,100,0,3,248
25410,aftermath,,,,,100,0,3,248
25420,aftermath,,,,,100,0,3,248
25430,aftermath,,,,,100,0,3,249
25440,aftermath,,,,,100,0,3,249
25450,quiet,,,,,100,0,3,249
25460,quiet,,,,,100,0,3,249
25470,quiet,,,,,100,0,4,249
25480,quiet,,,,,100,0,4,249
25490,quiet,,,,,100,0,4,249
25500,quiet,,,,,100,0,4,249
25510,quiet,,,,,100,0,4,249
25520,quiet,,,,,100,0,5,249
25530,quiet,,,,,100,0,5,249
25540,work,,,,,100,0,5,249
25550,work,,,,,100,0,5,249
25560,travel,,,,,100,0,6,249
25570,travel,,,,,100,0,5,250
25580,travel,,,,,100,1,4,251
25590,violence,,,,,100,1,4,251
25600,violence,,,,,100,1,4,251
25610,violence,,,,,100,1,5,251
25620,aftermath,,,,,100,0,5,251
25630,aftermath,,,,,100,0,5,251
25640,aftermath,,,,,100,0,5,251
25650,aftermath,,,,,100,0,6,251
25660,aftermath,,,,,100,0,6,251
25670,aftermath,,,,,100,0,6,251
25680,quiet,,,,,100,0,6,251
25690,quiet,,,,,100,0,6,251
25700,quiet,,,,,100,0,7,251
25710,quiet,,,,,100,0,7,251
25720,quiet,,,,,100,0,7,251
25730,quiet,,,,,100,0,7,251
25740,quiet,,,,,100,0,8,251
25750,quiet,,,,,100,0,7,252
25760,quiet,,,,,100,0,7,252
25770,work,,,,,100,0,7,252
25780,work,,,,,100,0,7,252
25790,violence,,,,,100,1,7,253
25800,violence,,,,,100,1,7,253
25810,violence,,,,,100,1,6,254
25820,aftermath,,,,,100,0,6,254
25830,aftermath,,,,,100,0,7,254
25840,aftermath,,,,,100,0,7,254
25850,aftermath,,,,,100,0,7,254
25860,aftermath,,,,,100,0,7,254
25870,aftermath,,,,,100,0,7,254
25880,quiet,,,,,100,0,7,255
25890,quiet,,,,,100,0,7,255
25900,quiet,,,,,100,0,7,255
25910,quiet,,,,,100,0,7,255
25920,quiet,,,,,100,0,8,255
25930,quiet,,,,,100,0,7,256
25940,quiet,,,,,100,0,7,256
25950,quiet,,,,,100,0,7,256
25960,quiet,,,,,100,0,7,256
25970,work,,,,,100,0,8,256
25980,work,,,,,100,0,8,256
25990,violence,,,,,100,1,7,257
26000,violence,,,,,100,1,7,257
26010,violence,,,,,100,1,8,257
26020,aftermath,,,,,100,0,8,257
26030,aftermath,,,,,100,0,8,257
26040,aftermath,,,,,100,0,8,257
26050,aftermath,,,,,100,0,8,257
26060,aftermath,,,,,100,0,8,258
26070,aftermath,,,,,100,0,8,258
26080,quiet,,,,,100,0,8,258
26090,quiet,,,,,100,0,8,258
26100,quiet,,,,,100,0,9,258
26110,quiet,,,,,100,0,8,259
26120,quiet,,,,,100,0,8,259
26130,quiet,,,,,100,0,8,259
26140,quiet,,,,,100,0,8,259
26150,quiet,,,,,100,0,8,260
26160,quiet,,,,,100,0,8,260
26170,work,,,,,100,0,8,260
26180,work,,,,,100,0,8,260
26190,travel,,,,,100,0,9,260
26200,violence,,,,,100,1,7,262
26210,violence,,,,,100,1,7,262
26220,violence,,,,,100,1,7,262
26230,aftermath,,,,,100,0,7,262
26240,aftermath,,,,,100,0,8,262
26250,aftermath,,,,,100,0,8,262
26260,aftermath,,,,,100,0,8,262
26270,aftermath,,,,,100,0,8,262
26280,aftermath,,,,,100,0,9,262
26290,quiet,,,,,100,0,8,263
26300,quiet,,,,,100,0,8,263
26310,quiet,,,,,100,0,8,263
26320,quiet,,,,,100,0,8,263
26330,quiet,,,,,100,0,9,263
26340,quiet,,,,,100,0,9,263
26350,quiet,,,,,100,0,9,263
26360,quiet,,,,,100,0,9,263
26370,quiet,,,,,100,0,10,263
26380,work,,,,,100,0,9,264
26390,work,,,,,100,0,9,264
26400,violence,,,,,100,1,8,265
26410,violence,,,,,100,1,8,265
26420,violence,,,,,100,1,8,266
26430,aftermath,,,,,100,0,8,266
26440,aftermath,,,,,100,0,8,266
26450,aftermath,,,,,100,0,8,266
26460,aftermath,,,,,100,0,9,266
26470,aftermath,,,,,100,0,9,266
26480,aftermath,,,,,100,0,9,266
26490,quiet,,,,,100,0,9,266
26500,quiet,,,,,100,0,9,266
26510,quiet,,,,,100,0,9,267
26520,quiet,,,,,100,0,9,267
26530,quiet,,,,,100,0,9,267
26540,quiet,,,,,100,0,9,267
26550,quiet,,,,,100,0,10,267
26560,quiet,,,,,100,0,10,267
26570,quiet,,,,,100,0,10,267
26580,work,,,,,100,0,10,267
26590,work,,,,,100,0,10,267
26600,travel,,,,,100,0,11,267
26610,violence,,,,,100,1,10,268
26620,violence,,,,,100,1,10,268
26630,violence,,,,,100,1,10,268
26640,aftermath,,,,,100,0,11,268
26650,aftermath,,,,,100,0,11,268
26660,aftermath,,,,,100,0,11,268
26670,aftermath,,,,,100,0,11,268
26680,aftermath,,,,,100,0,11,268
26690,aftermath,,,,,100,0,12,268
26700,quiet,,,,,100,0,12,268
26710,quiet,,,,,100,0,12,268
26720,quiet,,,,,100,0,12,268
26730,quiet,,,,,100,0,13,268
26740,quiet,,,,,100,0,13,268
26750,quiet,,,,,100,0,13,268
26760,quiet,,,,,100,0,13,268
26770,quiet,,,,,100,0,13,268
26780,quiet,,,,,100,0,14,268
26790,work,,,,,100,0,14,268
26800,work,,,,,100,0,14,268
26810,violence,,,,,100,1,13,269
26820,violence,,,,,100,1,14,269
26830,violence,,,,,100,1,14,269
26840,aftermath,,,,,100,0,14,269
26850,aftermath,,,,,100,0,14,269
26860,aftermath,,,,,100,0,14,269
26870,aftermath,,,,,100,0,15,269
26880,aftermath,,,,,100,0,15,269
26890,aftermath,,,,,100,0,15,269
26900,quiet,,,,,100,0,15,269
26910,quiet,,,,,100,0,16,269
26920,quiet,,,,,100,0,16,269
26930,quiet,,,,,100,0,16,269
26940,quiet,,,,,100,0,16,269
26950,quiet,,,,,100,0,16,269
26960,quiet,,,,,100,0,16,270
26970,quiet,,,,,100,0,16,270
26980,quiet,,,,,100,0,16,270
26990,work,,,,,100,0,16,270
27000,work,,,,,100,0,17,270
27010,travel,,,,,100,0,17,270
27020,travel,,,,,100,0,17,270
27030,travel,,,,,100,0,17,270
27040,travel,,,,,100,0,17,270
27050,travel,,,,,100,0,18,270
27060,travel,,,,,100,0,18,270
27070,travel,,,,,100,0,18,270
27080,travel,,,,,100,0,18,270
27090,curiosity,,,,,100,0,19,270
27100,curiosity,,,,,100,0,19,270
27110,curiosity,,,,,100,0,19,270
27120,curiosity,,,,,100,0,19,270
27130,curiosity,,,,,100,0,19,270
27140,curiosity,,,,,100,0,20,270
27150,curiosity,,,,,100,0,20,270
27160,opportunity,,,,,100,0,20,270
27170,opportunity,,,,,100,0,20,270
27180,opportunity,,,,,100,0,19,271
27190,violence,,,,,100,1,18,272
27200,violence,,,,,100,1,17,273
27210,violence,,,,,100,1,17,273
27220,aftermath,,,,,100,0,17,273
27230,aftermath,,,,,100,0,18,273
27240,aftermath,,,,,100,0,18,273
27250,aftermath,,,,,100,0,18,273
27260,aftermath,,,,,100,0,18,273
27270,aftermath,,,,,100,0,19,273
27280,quiet,,,,,100,0,19,273
27290,quiet,,,,,100,0,19,273
27300,quiet,,,,,100,0,19,273
27310,quiet,,,,,100,0,19,273
27320,quiet,,,,,100,0,19,274
27330,quiet,,,,,100,0,19,274
27340,quiet,,,,,100,0,19,274
27350,quiet,,,,,100,0,19,274
27360,quiet,,,,,100,0,20,274
27370,work,,,,,100,0,20,274
27380,work,,,,,100,0,20,274
27390,violence,,,,,100,1,19,275
27400,violence,,,,,100,1,19,275
27410,violence,,,,,100,1,20,275
27420,aftermath,,,,,100,0,20,275
27430,aftermath,,,,,100,0,20,275
27440,aftermath,,,,,100,0,20,275
27450,aftermath,,,,,100,0,20,275
27460,aftermath,,,,,100,0,20,275
27470,aftermath,,,,,100,0,20,275
27480,quiet,,,,,100,0,20,275
27490,quiet,,,,,100,0,20,275
27500,quiet,,,,,100,0,20,275
27510,quiet,,,,,100,0,20,275
27520,quiet,,,,,100,0,20,275
27530,quiet,,,,,100,0,20,275
27540,quiet,,,,,100,0,20,275
27550,quiet,,,,,100,0,20,275
27560,quiet,,,,,100,0,20,275
27570,work,,,,,100,0,20,275
27580,work,,,,,100,0,20,275
27590,violence,,,,,100,1,19,276
27600,violence,,,,,100,1,19,276
27610,violence,,,,,100,1,19,276
27620,aftermath,,,,,100,0,19,276
27630,aftermath,,,,,100,0,20,276
27640,aftermath,,,,,100,0,19,277
27650,aftermath,,,,,100,0,19,277
27660,aftermath,,,,,100,0,19,277
27670,aftermath,,,,,100,0,19,277
27680,quiet,,,,,100,0,20,277
27690,quiet,,,,,100,0,20,277
27700,quiet,,,,,100,0,20,277
27710,quiet,,,,,100,0,20,277
27720,quiet,,,,,100,0,20,277
27730,quiet,,,,,100,0,20,277
27740,quiet,,,,,100,0,20,277
27750,quiet,,,,,100,0,20,277
27760,quiet,,,,,100,0,20,277
27770,work,,,,,100,0,20,277
27780,work,,,,,100,0,20,277
27790,violence,,,,,100,1,19,278
27800,violence,,,,,100,1,19,278
27810,violence,,,,,100,1,20,278
27820,violence,,,,,100,1,20,278
27830,aftermath,,,,,100,0,20,278
27840,aftermath,,,,,100,0,20,278
27850,aftermath,,,,,100,0,20,278
27860,aftermath,,,,,100,0,20,278
27870,aftermath,,,,,100,0,20,278
27880,aftermath,,,,,100,0,20,278
27890,quiet,,,,,100,0,20,278
27900,quiet,,,,,100,0,20,278
27910,quiet,,,,,100,0,20,278
27920,quiet,,,,,100,0,20,278
27930,quiet,,,,,100,0,20,278
27940,quiet,,,,,100,0,20,278
27950,quiet,,,,,100,0,20,278
27960,quiet,,,,,100,0,20,278
27970,quiet,,,,,100,0,20,278
27980,work,,,,,100,0,20,278
27990,work,,,,,100,0,20,278
28000,violence,,,,,100,1,19,279
28010,violence,,,,,100,1,19,279
28020,violence,,,,,100,1,19,279
28030,aftermath,,,,,100,0,19,279
28040,aftermath,,,,,100,0,19,280
28050,aftermath,,,,,100,0,19,280
28060,aftermath,,,,,100,0,19,280
28070,aftermath,,,,,100,0,19,280
28080,aftermath,,,,,100,0,20,280
28090,quiet,,,,,100,0,20,280
28100,quiet,,,,,100,0,20,280
28110,quiet,,,,,100,0,20,280
28120,quiet,,,,,100,0,20,280
28130,quiet,,,,,100,0,20,280
28140,quiet,,,,,100,0,20,280
28150,quiet,,,,,100,0,20,280
28160,quiet,,,,,100,0,20,280
28170,quiet,,,,,100,0,20,280
28180,work,,,,,100,0,20,280
28190,work,,,,,100,0,20,280
28200,violence,,,,,100,1,19,281
28210,violence,,,,,100,1,19,281
28220,violence,,,,,100,1,19,282
28230,aftermath,,,,,100,0,19,282
28240,aftermath,,,,,100,0,19,282
28250,aftermath,,,,,100,0,19,282
28260,aftermath,,,,,100,0,20,282
28270,aftermath,,,,,100,0,20,282
28280,aftermath,,,,,100,0,20,282
28290,quiet,,,,,100,0,20,282
28300,quiet,,,,,100,0,20,282
28310,quiet,,,,,100,0,20,282
28320,quiet,,,,,100,0,20,282
28330,quiet,,,,,100,0,20,282
28340,quiet,,,,,100,0,20,282
28350,quiet,,,,,100,0,20,282
28360,quiet,,,,,100,0,20,282
28370,quiet,,,,,100,0,20,282
28380,work,,,,,100,0,20,282
28390,work,,,,,100,0,20,282
28400,violence,,,,,100,1,19,283
28410,violence,,,,,100,1,19,283
28420,violence,,,,,100,1,19,283
28430,violence,,,,,100,1,19,283
28440,aftermath,,,,,100,0,20,283
28450,aftermath,,,,,100,0,20,283
28460,aftermath,,,,,100,0,20,283
28470,aftermath,,,,,100,0,20,283
28480,aftermath,,,,,100,0,20,283
28490,aftermath,,,,,100,0,20,283
28500,quiet,,,,,100,0,20,283
28510,quiet,,,,,100,0,20,283
28520,quiet,,,,,100,0,20,283
28530,quiet,,,,,100,0,20,283
28540,quiet,,,,,100,0,20,283
28550,quiet,,,,,100,0,20,283
28560,quiet,,,,,100,0,20,283
28570,quiet,,,,,100,0,20,283
28580,quiet,,,,,100,0,20,283
28590,work,,,,,100,0,20,283
28600,work,,,,,100,0,20,283
28610,violence,,,,,100,1,19,284
28620,violence,,,,,100,1,20,284
28630,violence,,,,,100,1,20,284
28640,aftermath,,,,,100,0,20,284
28650,aftermath,,,,,100,0,20,284
28660,aftermath,,,,,100,0,20,284
28670,aftermath,,,,,100,0,20,284
28680,aftermath,,,,,100,0,20,284
28690,aftermath,,,,,100,0,20,284
28700,quiet,,,,,100,0,20,284
28710,quiet,,,,,100,0,20,284
28720,quiet,,,,,100,0,20,284
28730,quiet,,,,,100,0,20,284
28740,quiet,,,,,100,0,20,284
28750,quiet,,,,,100,0,20,284
28760,quiet,,,,,100,0,20,284
28770,quiet,,,,,100,0,20,284
28780,quiet,,,,,100,0,20,284
28790,work,,,,,100,0,20,284
28800,work,,,,,100,0,20,284
28810,violence,,,,,100,1,19,285
28820,violence,,,,,100,1,19,285
28830,violence,,,,,100,1,19,285
28840,aftermath,,,,,100,0,19,285
28850,aftermath,,,,,100,0,20,285
28860,aftermath,,,,,100,0,20,285
28870,aftermath,,,,,100,0,20,285
28880,aftermath,,,,,100,0,20,285
28890,aftermath,,,,,100,0,20,285
28900,quiet,,,,,100,0,20,285
28910,quiet,,,,,100,0,20,285
28920,quiet,,,,,100,0,20,285
28930,quiet,,,,,100,0,20,285
28940,quiet,,,,,100,0,20,285
28950,quiet,,,,,100,0,20,285
28960,quiet,,,,,100,0,20,285
28970,quiet,,,,,100,0,20,285
28980,quiet,,,,,100,0,20,285
28990,work,,,,,100,0,20,285
29000,work,,,,,100,0,20,285
29010,violence,,,,,100,1,19,286
29020,violence,,,,,100,1,19,286
29030,violence,,,,,100,1,20,286
29040,violence,,,,,100,1,20,286
29050,aftermath,,,,,100,0,20,286
29060,aftermath,,,,,100,0,20,286
29070,aftermath,,,,,100,0,20,286
29080,aftermath,,,,,100,0,20,286
29090,aftermath,,,,,100,0,20,286
29100,aftermath,,,,,100,0,20,286
29110,quiet,,,,,100,0,20,286
29120,quiet,,,,,100,0,20,286
29130,quiet,,,,,100,0,20,286
29140,quiet,,,,,100,0,20,286
29150,quiet,,,,,100,0,20,286
29160,quiet,,,,,100,0,20,286
29170,quiet,,,,,100,0,20,286
29180,quiet,,,,,100,0,20,286
29190,quiet,,,,,100,0,20,286
29200,work,,,,,100,0,20,286
29210,work,,,,,100,0,20,286
29220,violence,,,,,100,1,19,287
29230,violence,,,,,100,1,19,287
29240,violence,,,,,100,1,19,287
29250,aftermath,,,,,100,0,20,287
29260,aftermath,,,,,100,0,19,288
29270,aftermath,,,,,100,0,19,288
29280,aftermath,,,,,100,0,19,288
29290,aftermath,,,,,100,0,19,288
29300,aftermath,,,,,100,0,19,289
29310,quiet,,,,,100,0,19,289
29320,quiet,,,,,100,0,19,289
29330,quiet,,,,,100,0,19,289
29340,quiet,,,,,100,0,20,289
29350,quiet,,,,,100,0,19,290
29360,quiet,,,,,100,0,19,290
29370,quiet,,,,,100,0,19,290
29380,quiet,,,,,100,0,19,290
29390,quiet,,,,,100,0,19,291
29400,work,,,,,100,0,19,291
29410,work,,,,,100,0,19,291
29420,travel,,,,,100,0,19,291
29430,travel,,,,,100,0,20,291
29440,travel,,,,,100,0,20,291
29450,travel,,,,,100,0,20,291
29460,travel,,,,,100,0,20,291
29470,travel,,,,,100,0,20,291
29480,travel,,,,,100,0,20,291
29490,curiosity,,,,,100,0,20,291
29500,curiosity,,,,,100,0,20,291
29510,curiosity,,,,,100,0,20,291
29520,curiosity,,,,,100,0,20,291
29530,curiosity,,,,,100,0,20,291
29540,curiosity,,,,,100,0,20,291
29550,curiosity,,,,,100,0,20,291
29560,curiosity,,,,,100,0,20,291
29570,opportunity,,,,,100,0,20,291
29580,opportunity,,,,,100,0,20,291
29590,violence,,,,,100,1,19,292
29600,violence,,,,,100,1,19,292
29610,violence,,,,,100,1,20,292
29620,aftermath,,,,,100,0,20,292
29630,aftermath,,,,,100,0,20,292
29640,aftermath,,,,,100,0,20,292
29650,aftermath,,,,,100,0,20,292
29660,aftermath,,,,,100,0,20,292
29670,aftermath,,,,,100,0,20,292
29680,quiet,,,,,100,0,20,292
29690,quiet,,,,,100,0,20,292
29700,quiet,,,,,100,0,20,292
29710,quiet,,,,,100,0,20,292
29720,quiet,,,,,100,0,20,292
29730,quiet,,,,,100,0,20,292
29740,quiet,,,,,100,0,20,292
29750,quiet,,,,,100,0,20,292
29760,quiet,,,,,100,0,20,292
29770,work,,,,,100,0,20,292
29780,work,,,,,100,0,20,292
29790,violence,,,,,100,1,20,293
29800,violence,,,,,100,1,20,293
29810,violence,,,,,100,1,20,293
29820,aftermath,,,,,100,0,20,293
29830,aftermath,,,,,100,0,20,293
29840,aftermath,,,,,100,0,20,293
29850,aftermath,,,,,100,0,20,293
29860,aftermath,,,,,100,0,20,293
29870,aftermath,,,,,100,0,20,293
29880,quiet,,,,,100,0,20,293
29890,quiet,,,,,100,0,20,293
29900,quiet,,,,,100,0,20,293
29910,quiet,,,,,100,0,20,293
29920,quiet,,,,,100,0,20,293
29930,quiet,,,,,100,0,20,293
29940,quiet,,,,,100,0,20,293
29950,quiet,,,,,100,0,20,293
29960,quiet,,,,,100,0,20,293
29970,work,,,,,100,0,20,293
29980,work,,,,,100,0,20,293
29990,violence,,,,,100,1,19,294
30000,violence,,,,,100,1,19,294
30010,violence,,,,,100,1,19,294
30020,aftermath,,,,,100,0,19,295
30030,aftermath,,,,,100,0,19,295
30040,aftermath,,,,,100,0,19,295
30050,aftermath,,,,,100,0,19,295
30060,aftermath,,,,,100,0,20,295
30070,aftermath,,,,,100,0,20,295
30080,quiet,,,,,100,0,20,295
30090,quiet,,,,,100,0,20,295
30100,quiet,,,,,100,0,20,295
30110,quiet,,,,,100,0,20,295
30120,quiet,,,,,100,0,20,295
30130,quiet,,,,,100,0,20,295
30140,quiet,,,,,100,0,20,295
30150,quiet,,,,,100,0,20,295
30160,quiet,,,,,100,0,20,295
30170,work,,,,,100,0,20,295
30180,work,,,,,100,0,20,295
30190,violence,,,,,100,1,19,296
30200,violence,,,,,100,1,20,296
30210,violence,,,,,100,1,20,296
30220,violence,,,,,100,1,20,296
30230,aftermath,,,,,100,0,20,296
30240,aftermath,,,,,100,0,20,296
30250,aftermath,,,,,100,0,20,296
30260,aftermath,,,,,100,0,20,296
30270,aftermath,,,,,100,0,20,296
30280,aftermath,,,,,100,0,20,296
30290,quiet,,,,,100,0,20,296
30300,quiet,,,,,100,0,20,296
30310,quiet,,,,,100,0,20,296
30320,quiet,,,,,100,0,20,296
30330,quiet,,,,,100,0,20,296
30340,quiet,,,,,100,0,20,296
30350,quiet,,,,,100,0,20,296
30360,quiet,,,,,100,0,20,296
30370,quiet,,,,,100,0,20,296
30380,work,,,,,100,0,20,296
30390,work,,,,,100,0,20,296
30400,violence,,,,,100,1,19,297
30410,violence,,,,,100,1,19,297
30420,violence,,,,,100,1,20,297
30430,aftermath,,,,,100,0,20,297
30440,aftermath,,,,,100,0,20,297
30450,aftermath,,,,,100,0,20,297
30460,aftermath,,,,,100,0,20,297
30470,aftermath,,,,,100,0,20,297
30480,aftermath,,,,,100,0,20,297
30490,quiet,,,,,100,0,20,297
30500,quiet,,,,,100,0,20,297
30510,quiet,,,,,100,0,20,297
30520,quiet,,,,,100,0,20,297
30530,quiet,,,,,100,0,20,297
30540,quiet,,,,,100,0,20,297
30550,quiet,,,,,100,0,20,297
30560,quiet,,,,,100,0,20,297
30570,quiet,,,,,100,0,20,297
30580,work,,,,,100,0,20,297
30590,work,,,,,100,0,20,297
30600,violence,,,,,100,1,20,298
30610,violence,,,,,100,1,20,298
30620,violence,,,,,100,1,20,298
30630,aftermath,,,,,100,0,20,298
30640,aftermath,,,,,100,0,20,298
30650,aftermath,,,,,100,0,20,298
30660,aftermath,,,,,100,0,20,298
30670,aftermath,,,,,100,0,20,298
30680,aftermath,,,,,100,0,20,298
30690,quiet,,,,,100,0,20,298
30700,quiet,,,,,100,0,20,298
30710,quiet,,,,,100,0,20,298
30720,quiet,,,,,100,0,20,298
30730,quiet,,,,,100,0,20,298
30740,quiet,,,,,100,0,20,298
30750,quiet,,,,,100,0,20,298
30760,quiet,,,,,100,0,20,298
30770,quiet,,,,,100,0,20,298
30780,work,,,,,100,0,20,298
30790,work,,,,,100,0,20,298
30800,violence,,,,,100,1,19,299
30810,violence,,,,,100,1,19,299
30820,violence,,,,,100,1,19,299
30830,aftermath,,,,,100,0,20,299
30840,aftermath,,,,,100,0,20,299
30850,aftermath,,,,,100,0,20,299
30860,aftermath,,,,,100,0,20,299
30870,aftermath,,,,,100,0,20,299
30880,aftermath,,,,,100,0,20,299
30890,quiet,,,,,100,0,20,299
30900,quiet,,,,,100,0,20,299
30910,quiet,,,,,100,0,20,299
30920,quiet,,,,,100,0,20,299
30930,quiet,,,,,100,0,20,299
30940,quiet,,,,,100,0,20,299
30950,quiet,,,,,100,0,20,299
30960,quiet,,,,,100,0,20,299
30970,quiet,,,,,100,0,20,299
30980,work,,,,,100,0,20,299
30990,work,,,,,100,0,20,299
31000,travel,,,,,100,0,20,299
31010,violence,,,,,100,1,20,300
31020,violence,,,,,100,1,20,300
31030,violence,,,,,100,1,20,300
31040,aftermath,,,,,100,0,20,300
31050,aftermath,,,,,100,0,20,300
31060,aftermath,,,,,100,0,20,300
31070,aftermath,,,,,100,0,20,300
31080,aftermath,,,,,100,0,20,300
31090,aftermath,,,,,100,0,20,300
31100,quiet,,,,,100,0,20,300
31110,quiet,,,,,100,0,20,300
31120,quiet,,,,,100,0,20,300
31130,quiet,,,,,100,0,20,300
31140,quiet,,,,,100,0,20,300
31150,quiet,,,,,100,0,20,300
31160,quiet,,,,,100,0,20,300
31170,quiet,,,,,100,0,20,300
31180,quiet,,,,,100,0,20,300
31190,work,,,,,100,0,20,300
31200,work,,,,,100,0,20,300
31210,violence,,,,,100,1,19,301
31220,violence,,,,,100,1,19,301
31230,violence,,,,,100,1,20,301
31240,aftermath,,,,,100,0,20,301
31250,aftermath,,,,,100,0,20,301
31260,aftermath,,,,,100,0,20,301
31270,aftermath,,,,,100,0,20,301
31280,aftermath,,,,,100,0,20,301
31290,aftermath,,,,,100,0,20,301
31300,quiet,,,,,100,0,20,301
31310,quiet,,,,,100,0,20,301
31320,quiet,,,,,100,0,20,301
31330,quiet,,,,,100,0,20,301
31340,quiet,,,,,100,0,20,301
31350,quiet,,,,,100,0,20,301
31360,quiet,,,,,100,0,20,301
31370,quiet,,,,,100,0,20,301
31380,quiet,,,,,100,0,20,301
31390,work,,,,,100,0,20,301
31400,work,,,,,100,0,20,301
31410,violence,,,,,100,1,20,302
31420,violence,,,,,100,1,20,302
31430,violence,,,,,100,1,20,302
31440,aftermath,,,,,100,0,19,303
31450,aftermath,,,,,100,0,19,303
31460,aftermath,,,,,100,0,20,303
31470,aftermath,,,,,100,0,20,303
31480,aftermath,,,,,100,0,20,303
31490,aftermath,,,,,100,0,20,303
31500,quiet,,,,,100,0,20,303
31510,quiet,,,,,100,0,20,303
31520,quiet,,,,,100,0,20,303
31530,quiet,,,,,100,0,20,303
31540,quiet,,,,,100,0,20,303
31550,quiet,,,,,100,0,20,303
31560,quiet,,,,,100,0,20,303
31570,quiet,,,,,100,0,20,303
31580,quiet,,,,,100,0,20,303
31590,work,,,,,100,0,20,303
31600,work,,,,,100,0,20,303
31610,travel,,,,,100,0,20,303
31620,violence,,,,,100,1,19,304
31630,violence,,,,,100,1,19,304
31640,violence,,,,,100,1,20,304
31650,aftermath,,,,,100,0,20,304
31660,aftermath,,,,,100,0,20,304
31670,aftermath,,,,,100,0,20,304
31680,aftermath,,,,,100,0,20,304
31690,aftermath,,,,,100,0,20,304
31700,aftermath,,,,,100,0,20,304
31710,quiet,,,,,100,0,20,304
31720,quiet,,,,,100,0,20,304
31730,quiet,,,,,100,0,20,304
31740,quiet,,,,,100,0,20,304
31750,quiet,,,,,100,0,20,304
31760,quiet,,,,,100,0,20,304
31770,quiet,,,,,100,0,20,304
31780,quiet,,,,,100,0,20,304
31790,quiet,,,,,100,0,20,304
31800,work,,,,,100,0,0,304
31810,work,,,,,100,0,0,304
31820,travel,,,,,100,0,0,304
31830,travel,,,,,100,0,0,304
31840,travel,,,,,100,0,0,304
31850,travel,,,,,100,0,0,304
31860,travel,,,,,100,0,0,304
31870,travel,,,,,100,0,0,304
31880,travel,,,,,100,0,0,304
31890,travel,,,,,100,0,0,304
31900,curiosity,,,,,100,0,0,304
31910,curiosity,,,,,100,0,0,304
31920,curiosity,,,,,100,0,0,304
31930,curiosity,,,,,100,0,0,304
31940,curiosity,,,,,100,0,0,304
31950,curiosity,,,,,100,0,0,304
31960,curiosity,,,,,100,0,0,304
31970,opportunity,,,,,100,0,0,304
31980,opportunity,,,,,100,0,0,304
31990,opportunity,,,,,100,0,0,304
32000,opportunity,,,,,100,0,0,304
32010,opportunity,,,,,100,0,0,304
32020,opportunity,,,,,100,0,0,304
32030,opportunity,,,,,100,0,0,304
32040,opportunity,,,,,100,0,0,304
32050,tension,,,,,100,0,0,304
32060,tension,,,,,100,0,0,304
32070,tension,,,,,100,0,0,304
32080,tension,,,,,100,0,0,304
32090,tension,,,,,100,0,0,304
32100,tension,,,,,100,0,0,304
32110,violence,,,,,100,0,0,304
32120,violence,,,,,100,0,0,304
32130,violence,,,,,100,0,0,304
32140,violence,,,,,100,0,0,304
32150,aftermath,,,,,100,0,0,304
32160,aftermath,,,,,100,0,0,304
32170,aftermath,,,,,100,0,0,304
32180,aftermath,,,,,100,0,1,304
32190,aftermath,,,,,100,0,1,304
32200,aftermath,,,,,100,0,1,304
32210,quiet,,,,,100,0,1,304
32220,quiet,,,,,100,0,2,304
32230,quiet,,,,,100,0,2,304
32240,quiet,,,,,100,0,2,304
32250,quiet,,,,,100,0,2,304
32260,quiet,,,,,100,0,2,304
32270,quiet,,,,,100,0,3,304
32280,quiet,,,,,100,0,3,304
32290,quiet,,,,,100,0,3,304
32300,work,,,,,100,0,3,304
32310,work,,,,,100,0,4,304
32320,work,,,,,100,0,4,304
32330,work,,,,,100,0,4,304
32340,travel,,,,,100,0,4,304
32350,violence,,,,,100,1,3,305
32360,violence,,,,,100,1,4,305
32370,violence,,,,,100,1,4,305
32380,aftermath,,,,,100,0,4,305
32390,aftermath,,,,,100,0,4,305
32400,aftermath,,,,,100,0,5,305
32410,aftermath,,,,,100,0,4,306
32420,aftermath,,,,,100,0,4,306
32430,aftermath,,,,,100,0,4,306
32440,quiet,,,,,100,0,4,306
32450,quiet,,,,,100,0,4,307
32460,quiet,,,,,100,0,4,307
32470,quiet,,,,,100,0,4,307
32480,quiet,,,,,100,0,4,307
32490,quiet,,,,,100,0,5,307
32500,quiet,,,,,100,0,5,307
32510,quiet,,,,,100,0,5,307
32520,quiet,,,,,100,0,5,307
32530,work,,,,,100,0,5,307
32540,work,,,,,100,0,6,307
32550,travel,,,,,100,0,6,307
32560,violence,,,,,100,1,5,308
32570,violence,,,,,100,1,5,308
32580,violence,,,,,100,1,6,308
32590,aftermath,,,,,100,0,5,309
32600,aftermath,,,,,100,0,5,309
32610,aftermath,,,,,100,0,5,309
32620,aftermath,,,,,100,0,5,309
32630,aftermath,,,,,100,0,6,309
32640,aftermath,,,,,100,0,6,309
32650,quiet,,,,,100,0,6,309
32660,quiet,,,,,100,0,6,309
32670,quiet,,,,,100,0,7,309
32680,quiet,,,,,100,0,7,309
32690,quiet,,,,,100,0,7,309
32700,quiet,,,,,100,0,7,309
32710,quiet,,,,,100,0,7,309
32720,quiet,,,,,100,0,8,309
32730,quiet,,,,,100,0,8,309
32740,work,,,,,100,0,8,309
32750,work,,,,,100,0,8,309
32760,violence,,,,,100,1,8,310
32770,violence,,,,,100,1,8,310
32780,violence,,,,,100,1,8,310
32790,aftermath,,,,,100,0,8,310
32800,aftermath,,,,,100,0,8,310
32810,aftermath,,,,,100,0,8,311
32820,aftermath,,,,,100,0,8,311
32830,aftermath,,,,,100,0,8,311
32840,aftermath,,,,,100,0,8,311
32850,quiet,,,,,100,0,9,311
32860,quiet,,,,,100,0,8,312
32870,quiet,,,,,100,0,8,312
32880,quiet,,,,,100,0,8,312
32890,quiet,,,,,100,0,8,312
32900,quiet,,,,,100,0,8,313
32910,quiet,,,,,100,0,8,313
32920,quiet,,,,,100,0,8,313
32930,quiet,,,,,100,0,8,313
32940,work,,,,,100,0,9,313
32950,work,,,,,100,0,8,314
32960,violence,,,,,100,1,7,315
32970,violence,,,,,100,1,7,315
32980,violence,,,,,100,1,7,315
32990,violence,,,,,100,1,8,315
33000,aftermath,,,,,100,0,8,315
33010,aftermath,,,,,100,0,8,315
33020,aftermath,,,,,100,0,8,315
33030,aftermath,,,,,100,0,9,315
33040,aftermath,,,,,100,0,9,315
33050,aftermath,,,,,100,0,9,315
33060,quiet,,,,,100,0,9,315
33070,quiet,,,,,100,0,9,315
33080,quiet,,,,,100,0,10,315
33090,quiet,,,,,100,0,10,315
33100,quiet,,,,,100,0,10,315
33110,quiet,,,,,100,0,10,315
33120,quiet,,,,,100,0,11,315
33130,quiet,,,,,100,0,11,315
33140,quiet,,,,,100,0,11,315
33150,work,,,,,100,0,11,315
33160,work,,,,,100,0,11,315
33170,violence,,,,,100,1,11,316
33180,violence,,,,,100,1,11,316
33190,violence,,,,,100,1,11,316
33200,aftermath,,,,,100,0,11,316
33210,aftermath,,,,,100,0,12,316
33220,aftermath,,,,,100,0,12,316
33230,aftermath,,,,,100,0,12,316
33240,aftermath,,,,,100,0,12,316
33250,aftermath,,,,,100,0,12,316
33260,quiet,,,,,100,0,12,317
33270,quiet,,,,,100,0,12,317
33280,quiet,,,,,100,0,12,317
33290,quiet,,,,,100,0,12,317
33300,quiet,,,,,100,0,13,317
33310,quiet,,,,,100,0,13,317
33320,quiet,,,,,100,0,13,317
33330,quiet,,,,,100,0,13,317
33340,quiet,,,,,100,0,13,317
33350,work,,,,,100,0,14,317
33360,work,,,,,100,0,14,317
33370,violence,,,,,100,1,13,318
33380,violence,,,,,100,1,13,318
33390,violence,,,,,100,1,14,318
33400,aftermath,,,,,100,0,13,319
33410,aftermath,,,,,100,0,13,319
33420,aftermath,,,,,100,0,13,319
33430,aftermath,,,,,100,0,13,319
33440,aftermath,,,,,100,0,14,319
33450,aftermath,,,,,100,0,14,319
33460,quiet,,,,,100,0,14,319
33470,quiet,,,,,100,0,14,319
33480,quiet,,,,,100,0,15,319
33490,quiet,,,,,100,0,15,319
33500,quiet,,,,,100,0,15,319
33510,quiet,,,,,100,0,15,319
33520,quiet,,,,,100,0,15,319
33530,quiet,,,,,100,0,16,319
33540,quiet,,,,,100,0,16,319
33550,work,,,,,100,0,16,319
33560,work,,,,,100,0,16,319
33570,violence,,,,,100,1,16,320
33580,violence,,,,,100,1,16,320
33590,violence,,,,,100,1,16,320
33600,aftermath,,,,,100,0,15,321
33610,aftermath,,,,,100,0,15,321
33620,aftermath,,,,,100,0,16,321
33630,aftermath,,,,,100,0,16,321
33640,aftermath,,,,,100,0,16,321
33650,aftermath,,,,,100,0,16,321
33660,quiet,,,,,100,0,17,321
33670,quiet,,,,,100,0,16,322
33680,quiet,,,,,100,0,16,322
33690,quiet,,,,,100,0,16,322
33700,quiet,,,,,100,0,16,322
33710,quiet,,,,,100,0,17,322
33720,quiet,,,,,100,0,17,322
33730,quiet,,,,,100,0,17,322
33740,quiet,,,,,100,0,17,322
33750,work,,,,,100,0,18,322
33760,work,,,,,100,0,18,322
33770,travel,,,,,100,0,18,322
33780,violence,,,,,100,1,17,323
33790,violence,,,,,100,1,17,323
33800,violence,,,,,100,1,18,323
33810,aftermath,,,,,100,0,18,323
33820,aftermath,,,,,100,0,18,323
33830,aftermath,,,,,100,0,18,323
33840,aftermath,,,,,100,0,19,323
33850,aftermath,,,,,100,0,18,324
33860,aftermath,,,,,100,0,18,324
33870,quiet,,,,,100,0,18,324
33880,quiet,,,,,100,0,18,324
33890,quiet,,,,,100,0,19,324
33900,quiet,,,,,100,0,19,324
33910,quiet,,,,,100,0,19,324
33920,quiet,,,,,100,0,19,324
33930,quiet,,,,,100,0,20,324
33940,quiet,,,,,100,0,20,324
33950,quiet,,,,,100,0,20,324
33960,work,,,,,100,0,20,324
33970,work,,,,,100,0,20,324
33980,violence,,,,,100,1,19,325
33990,violence,,,,,100,1,19,325
34000,violence,,,,,100,1,19,325
34010,violence,,,,,100,1,19,325
34020,aftermath,,,,,100,0,20,325
34030,aftermath,,,,,100,0,20,325
34040,aftermath,,,,,100,0,20,325
34050,aftermath,,,,,100,0,20,325
34060,aftermath,,,,,100,0,20,325
34070,aftermath,,,,,100,0,20,325
34080,quiet,,,,,100,0,20,325
34090,quiet,,,,,100,0,20,325
34100,quiet,,,,,100,0,20,325
34110,quiet,,,,,100,0,20,325
34120,quiet,,,,,100,0,20,325
34130,quiet,,,,,100,0,20,325
34140,quiet,,,,,100,0,20,325
34150,quiet,,,,,100,0,20,325
34160,quiet,,,,,100,0,20,325
34170,work,,,,,100,0,20,325
34180,work,,,,,100,0,20,325
34190,violence,,,,,100,1,19,326
34200,violence,,,,,100,1,20,326
34210,violence,,,,,100,1,20,326
34220,aftermath,,,,,100,0,20,326
34230,aftermath,,,,,100,0,20,326
34240,aftermath,,,,,100,0,20,326
34250,aftermath,,,,,100,0,20,326
34260,aftermath,,,,,100,0,20,326
34270,aftermath,,,,,100,0,20,326
34280,quiet,,,,,100,0,20,326
34290,quiet,,,,,100,0,20,326
34300,quiet,,,,,100,0,20,326
34310,quiet,,,,,100,0,20,326
34320,quiet,,,,,100,0,20,326
34330,quiet,,,,,100,0,20,326
34340,quiet,,,,,100,0,20,326
34350,quiet,,,,,100,0,20,326
34360,quiet,,,,,100,0,20,326
34370,work,,,,,100,0,20,326
34380,work,,,,,100,0,20,326
34390,travel,,,,,100,0,20,326
34400,violence,,,,,100,1,19,327
34410,violence,,,,,100,1,19,327
34420,violence,,,,,100,1,19,327
34430,aftermath,,,,,100,0,20,327
34440,aftermath,,,,,100,0,20,327
34450,aftermath,,,,,100,0,20,327
34460,aftermath,,,,,100,0,20,327
34470,aftermath,,,,,100,0,20,327
34480,aftermath,,,,,100,0,20,327
34490,quiet,,,,,100,0,20,327
34500,quiet,,,,,100,0,20,327
34510,quiet,,,,,100,0,20,327
34520,quiet,,,,,100,0,20,327
34530,quiet,,,,,100,0,20,327
34540,quiet,,,,,100,0,20,327
34550,quiet,,,,,100,0,20,327
34560,quiet,,,,,100,0,20,327
34570,quiet,,,,,100,0,20,327
34580,work,,,,,100,0,20,327
34590,work,,,,,100,0,20,327
34600,violence,,,,,100,1,19,328
34610,violence,,,,,100,1,20,328
34620,violence,,,,,100,1,20,328
34630,aftermath,,,,,100,0,20,328
34640,aftermath,,,,,100,0,20,328
34650,aftermath,,,,,100,0,20,328
34660,aftermath,,,,,100,0,20,328
34670,aftermath,,,,,100,0,20,328
34680,aftermath,,,,,100,0,20,328
34690,quiet,,,,,100,0,20,328
34700,quiet,,,,,100,0,20,328
34710,quiet,,,,,100,0,20,328
34720,quiet,,,,,100,0,20,328
34730,quiet,,,,,100,0,20,328
34740,quiet,,,,,100,0,20,328
34750,quiet,,,,,100,0,20,328
34760,quiet,,,,,100,0,20,328
34770,quiet,,,,,100,0,20,328
34780,work,,,,,100,0,20,328
34790,work,,,,,100,0,20,328
34800,violence,,,,,100,1,19,329
34810,violence,,,,,100,1,19,329
34820,violence,,,,,100,1,19,329
34830,violence,,,,,100,1,20,329
34840,aftermath,,,,,100,0,19,330
34850,aftermath,,,,,100,0,19,330
34860,aftermath,,,,,100,0,19,330
34870,aftermath,,,,,100,0,19,330
34880,aftermath,,,,,100,0,20,330
34890,aftermath,,,,,100,0,20,330
34900,quiet,,,,,100,0,20,330
34910,quiet,,,,,100,0,20,330
34920,quiet,,,,,100,0,20,330
34930,quiet,,,,,100,0,20,330
34940,quiet,,,,,100,0,20,330
34950,quiet,,,,,100,0,20,330
34960,quiet,,,,,100,0,20,330
34970,quiet,,,,,100,0,20,330
34980,quiet,,,,,100,0,20,330
34990,work,,,,,100,0,20,330
35000,work,,,,,100,0,20,330
35010,violence,,,,,100,1,20,331
35020,violence,,,,,100,1,20,331
35030,violence,,,,,100,1,20,331
35040,aftermath,,,,,100,0,20,331
35050,aftermath,,,,,100,0,20,331
35060,aftermath,,,,,100,0,20,331
35070,aftermath,,,,,100,0,20,331
35080,aftermath,,,,,100,0,20,331
35090,aftermath,,,,,100,0,20,331
35100,quiet,,,,,100,0,20,331
35110,quiet,,,,,100,0,20,331
35120,quiet,,,,,100,0,20,331
35130,quiet,,,,,100,0,20,331
35140,quiet,,,,,100,0,20,331
35150,quiet,,,,,100,0,20,331
35160,quiet,,,,,100,0,20,331
35170,quiet,,,,,100,0,20,331
35180,quiet,,,,,100,0,20,331
35190,work,,,,,100,0,20,331
35200,work,,,,,100,0,20,331
35210,violence,,,,,100,1,19,332
35220,violence,,,,,100,1,19,332
35230,violence,,,,,100,1,19,332
35240,aftermath,,,,,100,0,20,332
35250,aftermath,,,,,100,0,20,332
35260,aftermath,,,,,100,0,20,332
35270,aftermath,,,,,100,0,20,332
35280,aftermath,,,,,100,0,20,332
35290,aftermath,,,,,100,0,20,332
35300,quiet,,,,,100,0,20,332
35310,quiet,,,,,100,0,20,332
35320,quiet,,,,,100,0,20,332
35330,quiet,,,,,100,0,20,332
35340,quiet,,,,,100,0,20,332
35350,quiet,,,,,100,0,20,332
35360,quiet,,,,,100,0,20,332
35370,quiet,,,,,100,0,20,332
35380,quiet,,,,,100,0,20,332
35390,work,,,,,100,0,20,332
35400,work,,,,,100,0,20,332
35410,travel,,,,,100,0,20,332
35420,violence,,,,,100,1,20,333
35430,violence,,,,,100,1,20,333
35440,violence,,,,,100,1,20,333
35450,aftermath,,,,,100,0,20,333
35460,aftermath,,,,,100,0,20,333
35470,aftermath,,,,,100,0,20,333
35480,aftermath,,,,,100,0,20,333
35490,aftermath,,,,,100,0,20,333
35500,aftermath,,,,,100,0,20,333
35510,quiet,,,,,100,0,20,333
35520,quiet,,,,,100,0,20,333
35530,quiet,,,,,100,0,20,333
35540,quiet,,,,,100,0,20,333
35550,quiet,,,,,100,0,20,333
35560,quiet,,,,,100,0,20,333
35570,quiet,,,,,100,0,20,333
35580,quiet,,,,,100,0,20,333
35590,quiet,,,,,100,0,20,333
35600,work,,,,,100,0,20,333
35610,work,,,,,100,0,20,333
35620,violence,,,,,100,1,19,334
35630,violence,,,,,100,1,19,334
35640,violence,,,,,100,1,20,334
35650,aftermath,,,,,100,0,20,334
35660,aftermath,,,,,100,0,20,334
35670,aftermath,,,,,100,0,20,334
35680,aftermath,,,,,100,0,20,334
35690,aftermath,,,,,100,0,20,334
35700,aftermath,,,,,100,0,20,334
35710,quiet,,,,,100,0,20,334
35720,quiet,,,,,100,0,20,334
35730,quiet,,,,,100,0,20,334
35740,quiet,,,,,100,0,20,334
35750,quiet,,,,,100,0,20,334
35760,quiet,,,,,100,0,20,334
35770,quiet,,,,,100,0,20,334
35780,quiet,,,,,100,0,20,334
35790,quiet,,,,,100,0,20,334
35800,work,,,,,100,0,20,334
35810,work,,,,,100,0,20,334
35820,violence,,,,,100,1,20,335
35830,violence,,,,,100,1,20,335
35840,violence,,,,,100,1,20,335
35850,violence,,,,,100,1,20,335
35860,aftermath,,,,,100,0,20,335
35870,aftermath,,,,,100,0,20,335
35880,aftermath,,,,,100,0,20,335
35890,aftermath,,,,,100,0,20,335
35900,aftermath,,,,,100,0,20,335
35910,aftermath,,,,,100,0,20,335
35920,quiet,,,,,100,0,20,335
35930,quiet,,,,,100,0,20,335
35940,quiet,,,,,100,0,20,335
35950,quiet,,,,,100,0,20,335
35960,quiet,,,,,100,0,20,335
35970,quiet,,,,,100,0,20,335
35980,quiet,,,,,100,0,20,335
35990,quiet,,,,,100,0,20,335
