t,phase,motif,requested,observed,fatigue,hull,liveCombat,pending,totalSpawns
0,quiet,voyage,0.08,0,0,100,0,1,0
10,quiet,voyage,0.08,0,0,100,0,0,1
20,quiet,voyage,0.08,0,0,100,0,0,1
30,quiet,voyage,0.08,0,0,100,0,0,1
40,quiet,voyage,0.08,0,0,100,0,0,1
50,quiet,voyage,0.08,0,0,100,0,0,2
60,quiet,voyage,0.08,0,0,100,0,0,2
70,opportunity,voyage,0.188,0,0,100,0,0,2
80,opportunity,voyage,0.23,0,0,100,0,0,2
90,opportunity,voyage,0.23,0,0,100,0,1,2
100,peak,voyage,0.374,0.414542,0.016248,100,1,0,3
110,peak,voyage,0.554,0.430292,0.037342,100,1,0,3
120,peak,voyage,0.592898,0.438167,0.059188,100,1,0,3
130,peak,voyage,0.596481,0.37575,0.079325,100,0,0,3
140,aftermath,voyage,0.395157,0.26375,0.053994,100,0,0,4
150,aftermath,voyage,0.1,0,0,100,0,0,4
160,aftermath,voyage,0.1,0,0,100,0,0,4
170,aftermath,voyage,0.1,0,0,100,0,0,4
180,aftermath,voyage,0.1,0,0,100,0,1,4
190,aftermath,voyage,0.1,0,0,100,0,1,4
200,aftermath,voyage,0.1,0,0,100,0,1,4
210,aftermath,voyage,0.1,0,0,100,0,1,4
220,aftermath,voyage,0.1,0,0,100,0,1,4
230,quiet,hunt,0.08,0,0,100,0,2,4
240,quiet,hunt,0.08,0,0,100,0,2,4
250,quiet,hunt,0.08,0,0,100,0,2,4
260,quiet,hunt,0.08,0,0,100,0,2,4
270,quiet,hunt,0.08,0,0,100,0,3,4
280,opportunity,hunt,0.17,0,0,100,0,3,4
290,peak,hunt,0.284,0.195,0.006149,100,1,2,5
300,peak,hunt,0.464,0.430292,0.027043,100,1,2,5
310,peak,hunt,0.600151,0.430292,0.04874,100,1,2,5
320,peak,hunt,0.603558,0.3915,0.07035,100,0,2,6
330,peak,hunt,0.601241,0.37575,0.08966,100,0,2,6
340,aftermath,hunt,0.15102,0.12375,0.009679,100,0,2,6
350,aftermath,hunt,0.1,0,0,100,0,2,6
360,aftermath,hunt,0.1,0,0,100,0,3,6
370,aftermath,hunt,0.1,0,0,100,0,2,7
380,aftermath,hunt,0.1,0,0,100,0,2,7
390,aftermath,hunt,0.1,0,0,100,0,2,7
400,aftermath,hunt,0.1,0,0,100,0,2,7
410,aftermath,hunt,0.1,0,0,100,0,3,7
420,aftermath,hunt,0.1,0,0,100,0,3,7
430,quiet,discovery,0.08,0,0,100,0,3,7
440,quiet,discovery,0.08,0,0,100,0,3,7
450,quiet,discovery,0.08,0,0,100,0,4,7
460,quiet,discovery,0.08,0,0,100,0,4,7
470,quiet,discovery,0.08,0,0,100,0,4,7
480,quiet,discovery,0.08,0,0,100,0,4,7
490,quiet,discovery,0.08,0,0,100,0,4,7
500,quiet,discovery,0.08,0,0,100,0,4,8
510,quiet,discovery,0.08,0,0,100,0,4,8
520,opportunity,discovery,0.23,0,0,100,0,4,8
530,opportunity,discovery,0.23,0,0,100,0,4,8
540,opportunity,discovery,0.23,0,0,100,0,5,8
550,opportunity,discovery,0.23,0,0,100,0,5,8
560,opportunity,discovery,0.23,0,0,100,0,5,8
570,opportunity,discovery,0.23,0,0,100,0,5,8
580,opportunity,discovery,0.23,0,0,100,0,5,8
590,opportunity,discovery,0.23,0,0,100,0,6,8
600,opportunity,discovery,0.23,0,0,100,0,6,8
610,opportunity,discovery,0.23,0,0,100,0,6,8
620,opportunity,discovery,0.23,0,0,100,0,6,8
630,opportunity,discovery,0.23,0,0,100,0,7,8
640,opportunity,discovery,0.23,0,0,100,0,7,8
650,opportunity,discovery,0.23,0,0,100,0,7,8
660,opportunity,discovery,0.23,0,0,100,0,7,8
670,build,discovery,0.32,0,0,100,0,7,8
680,build,discovery,0.497,0,0,100,0,8,8
690,build,discovery,0.497,0,0,100,0,8,8
700,build,discovery,0.497,0,0,100,0,8,8
710,build,discovery,0.497,0,0,100,0,8,8
720,build,discovery,0.497,0,0,100,0,9,8
730,build,discovery,0.497,0,0,100,0,9,8
740,build,discovery,0.497,0,0,100,0,9,8
750,build,discovery,0.497,0,0,100,0,9,8
760,build,discovery,0.497,0,0,100,0,9,8
770,opportunity,discovery,0.23,0,0,100,0,10,8
780,opportunity,discovery,0.23,0,0,100,0,10,8
790,peak,discovery,0.302,0.26,0.008,100,1,8,10
800,peak,discovery,0.482,0.422417,0.028596,100,1,7,11
810,peak,discovery,0.631002,0.438167,0.049988,100,1,8,11
820,peak,discovery,0.634436,0.383625,0.07137,100,0,8,11
830,peak,discovery,0.632176,0.37575,0.090198,100,0,7,12
840,aftermath,discovery,0.132176,0.09575,0,100,0,7,12
850,aftermath,discovery,0.1,0,0,100,0,7,12
860,aftermath,discovery,0.1,0,0,100,0,7,13
870,aftermath,discovery,0.1,0,0,100,0,7,13
880,aftermath,discovery,0.1,0,0,100,0,7,13
890,aftermath,discovery,0.1,0,0,100,0,7,13
900,aftermath,discovery,0.1,0,0,100,0,8,13
910,aftermath,discovery,0.1,0,0,100,0,7,14
920,aftermath,discovery,0.1,0,0,100,0,7,14
930,aftermath,discovery,0.1,0,0,100,0,7,14
940,aftermath,discovery,0.1,0,0,100,0,7,14
950,quiet,hunt,0.08,0,0,100,0,7,15
960,quiet,hunt,0.08,0,0,100,0,7,15
970,quiet,hunt,0.08,0,0,100,0,7,15
980,quiet,hunt,0.08,0,0,100,0,7,15
990,quiet,hunt,0.08,0,0,100,0,8,15
1000,opportunity,hunt,0.152,0,0,100,0,7,16
1010,peak,hunt,0.332,0.39,0.012149,100,1,6,17
1020,peak,hunt,0.512,0.430292,0.033043,100,1,6,17
1030,peak,hunt,0.636431,0.430292,0.05474,100,1,6,17
1040,peak,hunt,0.639951,0.383625,0.075412,100,0,7,17
1050,aftermath,hunt,0.538142,0.327625,0.072302,100,0,7,17
1060,aftermath,hunt,0.1,0.047625,0,100,0,7,17
1070,aftermath,hunt,0.1,0,0,100,0,7,17
1080,aftermath,hunt,0.1,0,0,100,0,8,17
1090,aftermath,hunt,0.1,0,0,100,0,8,17
1100,aftermath,hunt,0.1,0,0,100,0,8,17
1110,aftermath,hunt,0.1,0,0,100,0,8,17
1120,aftermath,hunt,0.1,0,0,100,0,8,17
1130,aftermath,hunt,0.1,0,0,100,0,8,18
1140,aftermath,hunt,0.1,0,0,100,0,8,18
1150,aftermath,hunt,0.1,0,0,100,0,8,18
1160,quiet,voyage,0.08,0,0,100,0,8,18
1170,quiet,voyage,0.08,0,0,100,0,9,18
1180,quiet,voyage,0.08,0,0,100,0,9,18
1190,quiet,voyage,0.08,0,0,100,0,9,18
1200,quiet,voyage,0.08,0,0,100,0,9,18
1210,quiet,voyage,0.08,0,0,100,0,9,18
1220,opportunity,voyage,0.098,0,0,100,0,10,18
1230,opportunity,voyage,0.23,0,0,100,0,10,18
1240,opportunity,voyage,0.23,0,0,100,0,10,18
1250,opportunity,voyage,0.23,0,0,100,0,10,18
1260,opportunity,voyage,0.23,0,0,100,0,11,18
1270,opportunity,voyage,0.23,0,0,100,0,11,18
1280,opportunity,voyage,0.23,0,0,100,0,11,18
1290,opportunity,voyage,0.23,0,0,100,0,11,18
1300,opportunity,voyage,0.23,0,0,100,0,11,18
1310,opportunity,voyage,0.23,0,0,100,0,11,19
1320,opportunity,voyage,0.23,0,0,100,0,11,19
1330,opportunity,voyage,0.23,0,0,100,0,11,19
1340,peak,voyage,0.338,0.325,0.010149,100,1,10,20
1350,peak,voyage,0.518,0.430292,0.031043,100,1,11,20
1360,peak,voyage,0.667671,0.430292,0.05274,100,1,11,20
1370,peak,voyage,0.671159,0.383625,0.073678,100,0,11,20
1380,aftermath,voyage,0.619122,0.355625,0.081557,100,0,11,20
1390,aftermath,voyage,0.119122,0.075625,0,100,0,11,20
1400,aftermath,voyage,0.1,0,0,100,0,11,21
1410,aftermath,voyage,0.1,0,0,100,0,11,21
1420,aftermath,voyage,0.1,0,0,100,0,11,21
1430,aftermath,voyage,0.1,0,0,100,0,11,21
1440,aftermath,voyage,0.1,0,0,100,0,12,21
1450,aftermath,voyage,0.1,0,0,100,0,11,22
1460,aftermath,voyage,0.1,0,0,100,0,11,22
1470,aftermath,voyage,0.1,0,0,100,0,11,22
1480,aftermath,voyage,0.1,0,0,100,0,11,22
1490,aftermath,voyage,0.1,0,0,100,0,12,22
1500,recovery,hunt,0.03,0.065,0.003473,100,0,12,22
1510,recovery,hunt,0.025438,0.633,0.038019,100,0,12,22
1520,recovery,hunt,0.03,0.409,0,100,0,12,22
1530,recovery,hunt,0.03,0.245,0,100,0,13,22
1540,recovery,hunt,0.03,0,0,100,0,13,22
1550,recovery,hunt,0.03,0,0,100,0,13,22
1560,recovery,hunt,0.03,0,0,100,0,13,22
1570,recovery,hunt,0.03,0,0,100,0,13,22
1580,recovery,hunt,0.03,0,0,100,0,14,22
1590,aftermath,hunt,0.048,0,0,100,0,14,22
1600,aftermath,hunt,0.1,0,0,100,0,14,22
1610,aftermath,hunt,0.1,0,0,100,0,14,22
1620,aftermath,hunt,0.1,0,0,100,0,15,22
1630,aftermath,hunt,0.1,0,0,100,0,14,23
1640,aftermath,hunt,0.1,0,0,100,0,14,23
1650,aftermath,hunt,0.1,0,0,100,0,14,23
1660,aftermath,hunt,0.1,0,0,100,0,14,23
1670,aftermath,hunt,0.1,0,0,100,0,14,24
1680,aftermath,hunt,0.1,0,0,100,0,14,24
1690,aftermath,hunt,0.1,0,0,100,0,14,24
1700,suspended:docked,hunt,,0,0,100,0,14,24
1710,suspended:docked,hunt,,0,0,100,0,15,24
1720,suspended:docked,hunt,,0,0,100,0,15,24
1730,suspended:docked,hunt,,0,0,100,0,15,24
1740,aftermath,hunt,0.08,0,0,100,0,15,24
1750,quiet,discovery,0.08,0,0,100,0,15,24
1760,quiet,discovery,0.08,0,0,100,0,15,25
1770,quiet,discovery,0.08,0,0,100,0,15,25
1780,quiet,discovery,0.08,0,0,100,0,15,25
1790,quiet,discovery,0.08,0,0,100,0,15,25
1800,quiet,discovery,0.08,0,0,100,0,16,25
1810,quiet,discovery,0.08,0,0,100,0,15,26
1820,quiet,discovery,0.08,0,0,100,0,15,26
1830,opportunity,discovery,0.116,0,0,100,1,14,27
1840,peak,discovery,0.296,0.414542,0.020248,100,1,14,27
1850,peak,discovery,0.476,0.430292,0.041342,100,1,15,27
1860,peak,discovery,0.622418,0.438167,0.063188,100,1,15,27
1870,peak,discovery,0.626068,0.37575,0.082769,100,0,15,27
1880,aftermath,discovery,0.325186,0.20775,0.035568,100,0,15,27
1890,aftermath,discovery,0.1,0,0,100,0,16,27
1900,aftermath,discovery,0.1,0,0,100,0,15,28
1910,aftermath,discovery,0.1,0,0,100,0,15,28
1920,aftermath,discovery,0.1,0,0,100,0,15,28
1930,aftermath,discovery,0.1,0,0,100,0,15,28
1940,aftermath,discovery,0.1,0,0,100,0,15,29
1950,aftermath,discovery,0.1,0,0,100,0,15,29
1960,aftermath,discovery,0.1,0,0,100,0,15,29
1970,aftermath,discovery,0.1,0,0,100,0,15,29
1980,quiet,hunt,0.08,0,0,100,0,16,29
1990,quiet,hunt,0.08,0,0,100,0,16,29
2000,quiet,hunt,0.08,0,0,100,0,16,29
2010,quiet,hunt,0.08,0,0,100,0,16,29
2020,quiet,hunt,0.08,0,0,100,0,16,29
2030,peak,hunt,0.116,0.065,0.002,100,1,15,31
2040,peak,hunt,0.296,0.422417,0.022398,100,1,15,31
2050,peak,hunt,0.476,0.430292,0.04364,100,1,15,31
2060,peak,hunt,0.628118,0.438167,0.065684,100,1,15,31
2070,peak,hunt,0.631802,0.37575,0.084984,100,0,16,31
2080,aftermath,hunt,0.281141,0.17975,0.026852,100,0,15,32
2090,aftermath,hunt,0.1,0,0,100,0,15,32
2100,aftermath,hunt,0.1,0,0,100,0,15,32
2110,aftermath,hunt,0.1,0,0,100,0,15,32
2120,aftermath,hunt,0.1,0,0,100,0,15,33
2130,aftermath,hunt,0.1,0,0,100,0,15,33
2140,aftermath,hunt,0.1,0,0,100,0,15,33
2150,aftermath,hunt,0.1,0,0,100,0,15,33
2160,aftermath,hunt,0.1,0,0,100,0,16,33
2170,quiet,voyage,0.08,0,0,100,0,16,33
2180,quiet,voyage,0.08,0,0,100,0,16,33
2190,quiet,voyage,0.08,0,0,100,0,16,33
2200,quiet,voyage,0.08,0,0,100,0,16,33
2210,quiet,voyage,0.08,0,0,100,0,16,34
2220,quiet,voyage,0.08,0,0,100,0,16,34
2230,quiet,voyage,0.08,0,0,100,0,16,34
2240,opportunity,voyage,0.224,0,0,100,0,16,34
2250,opportunity,voyage,0.23,0,0,100,0,17,34
2260,opportunity,voyage,0.23,0,0,100,0,17,34
2270,opportunity,voyage,0.23,0,0,100,0,17,34
2280,opportunity,voyage,0.23,0,0,100,0,17,34
2290,opportunity,voyage,0.23,0,0,100,0,17,34
2300,opportunity,voyage,0.23,0,0,100,0,18,34
2310,opportunity,voyage,0.23,0,0,100,0,18,34
2320,opportunity,voyage,0.23,0,0,100,0,18,34
2330,opportunity,voyage,0.23,0,0,100,0,18,34
2340,opportunity,voyage,0.23,0,0,100,0,19,34
2350,peak,voyage,0.284,0.065,0.002,100,1,18,35
2360,peak,voyage,0.464,0.422417,0.022596,100,1,18,35
2370,peak,voyage,0.636722,0.438167,0.043988,100,1,18,35
2380,peak,voyage,0.634063,0.430292,0.066139,100,1,18,35
2390,peak,voyage,0.637793,0.37575,0.085059,100,0,18,36
2400,aftermath,voyage,0.287132,0.17975,0.026927,100,0,18,36
2410,aftermath,voyage,0.1,0,0,100,0,18,36
2420,aftermath,voyage,0.1,0,0,100,0,18,36
2430,aftermath,voyage,0.1,0,0,100,0,19,36
2440,aftermath,voyage,0.1,0,0,100,0,18,37
2450,aftermath,voyage,0.1,0,0,100,0,18,37
2460,aftermath,voyage,0.1,0,0,100,0,18,37
2470,aftermath,voyage,0.1,0,0,100,0,18,37
2480,aftermath,voyage,0.1,0,0,100,0,18,38
2490,quiet,hunt,0.08,0,0,100,0,18,38
2500,quiet,hunt,0.08,0,0,100,0,18,38
2510,quiet,hunt,0.08,0,0,100,0,18,38
2520,quiet,hunt,0.08,0,0,100,0,19,38
2530,quiet,hunt,0.08,0,0,100,0,19,38
2540,peak,hunt,0.224,0.414542,0.014149,100,1,18,39
2550,peak,hunt,0.404,0.430292,0.035043,100,1,18,39
2560,peak,hunt,0.584,0.430292,0.05674,100,1,18,39
2570,peak,hunt,0.669743,0.383625,0.077143,100,0,19,39
2580,aftermath,hunt,0.518162,0.299625,0.063047,100,0,19,39
2590,aftermath,hunt,0.1,0.019625,0,100,0,19,39
2600,aftermath,hunt,0.1,0,0,100,0,19,39
2610,aftermath,hunt,0.1,0,0,100,0,20,39
2620,aftermath,hunt,0.1,0,0,100,0,20,39
2630,aftermath,hunt,0.1,0,0,100,0,20,39
2640,aftermath,hunt,0.1,0,0,100,0,20,39
2650,aftermath,hunt,0.1,0,0,100,0,20,39
2660,aftermath,hunt,0.1,0,0,100,0,20,39
2670,aftermath,hunt,0.1,0,0,100,0,20,39
2680,aftermath,hunt,0.1,0,0,100,0,20,39
2690,quiet,discovery,0.08,0,0,100,0,20,39
2700,quiet,discovery,0.08,0,0,100,0,20,39
2710,quiet,discovery,0.08,0,0,100,0,20,39
2720,quiet,discovery,0.08,0,0,100,0,20,39
2730,quiet,discovery,0.08,0,0,100,0,20,39
2740,quiet,discovery,0.08,0,0,100,0,20,39
2750,quiet,discovery,0.08,0,0,100,0,20,39
2760,quiet,discovery,0.08,0,0,100,0,20,39
2770,opportunity,discovery,0.116,0,0,100,1,19,40
2780,peak,discovery,0.296,0.422417,0.020596,100,1,19,40
2790,peak,discovery,0.476,0.438167,0.041988,100,1,20,40
2800,peak,discovery,0.656,0.430292,0.064139,100,1,20,40
2810,peak,discovery,0.674999,0.37575,0.083341,100,0,20,40
2820,aftermath,discovery,0.374118,0.20775,0.03614,100,0,20,40
2830,aftermath,discovery,0.1,0,0,100,0,20,40
2840,aftermath,discovery,0.1,0,0,100,0,20,40
2850,aftermath,discovery,0.1,0,0,100,0,20,40
2860,aftermath,discovery,0.1,0,0,100,0,20,40
2870,aftermath,discovery,0.1,0,0,100,0,20,40
2880,aftermath,discovery,0.1,0,0,100,0,20,40
2890,aftermath,discovery,0.1,0,0,100,0,20,40
2900,aftermath,discovery,0.1,0,0,100,0,20,40
2910,aftermath,discovery,0.1,0,0,100,0,20,40
2920,aftermath,discovery,0.1,0,0,100,0,20,40
2930,aftermath,discovery,0.1,0,0,100,0,20,40
2940,quiet,hunt,0.08,0,0,100,0,20,40
2950,quiet,hunt,0.08,0,0,100,0,20,40
2960,quiet,hunt,0.08,0,0,100,0,20,40
2970,quiet,hunt,0.08,0,0,100,0,20,40
2980,quiet,hunt,0.08,0,0,100,0,20,40
2990,opportunity,hunt,0.23,0,0,100,0,20,40
3000,opportunity,hunt,0.23,0,0,100,0,0,40
3010,opportunity,hunt,0.23,0,0,100,0,0,40
3020,opportunity,hunt,0.23,0,0,100,0,0,40
3030,opportunity,hunt,0.23,0,0,100,0,0,40
3040,opportunity,hunt,0.23,0,0,100,0,0,40
3050,opportunity,hunt,0.23,0,0,100,0,0,40
3060,opportunity,hunt,0.23,0,0,100,0,0,40
3070,build,hunt,0.32,0,0,100,0,0,40
3080,build,hunt,0.5,0,0,100,0,0,40
3090,build,hunt,0.57,0,0,100,0,0,40
3100,build,hunt,0.57,0,0,100,0,0,40
3110,build,hunt,0.57,0,0,100,0,0,40
3120,build,hunt,0.57,0,0,100,0,0,40
3130,build,hunt,0.57,0,0,100,0,0,40
3140,build,hunt,0.57,0,0,100,0,0,40
3150,build,hunt,0.57,0,0,100,0,0,40
3160,build,hunt,0.57,0,0,100,0,0,40
3170,build,hunt,0.57,0,0,100,0,0,40
3180,build,hunt,0.57,0,0,100,0,0,40
3190,build,hunt,0.57,0,0,100,0,0,40
3200,build,hunt,0.57,0,0,100,0,0,40
3210,build,hunt,0.57,0,0,100,0,0,40
3220,opportunity,hunt,0.23,0,0,100,0,0,40
3230,opportunity,hunt,0.23,0,0,100,0,0,40
3240,opportunity,hunt,0.23,0,0,100,0,0,40
3250,opportunity,hunt,0.23,0,0,100,0,0,40
3260,opportunity,hunt,0.23,0,0,100,0,0,40
3270,opportunity,hunt,0.23,0,0,100,0,0,40
3280,opportunity,hunt,0.23,0,0,100,0,0,40
3290,opportunity,hunt,0.23,0,0,100,0,0,40
3300,build,hunt,0.32,0,0,100,0,0,40
3310,build,hunt,0.5,0,0,100,0,0,40
3320,build,hunt,0.57,0,0,100,0,0,40
3330,build,hunt,0.57,0,0,100,0,0,40
3340,build,hunt,0.57,0,0,100,0,0,40
3350,build,hunt,0.57,0,0,100,0,0,40
3360,build,hunt,0.57,0,0,100,0,0,40
3370,build,hunt,0.57,0,0,100,0,0,40
3380,build,hunt,0.57,0,0,100,0,0,41
3390,build,hunt,0.57,0,0,100,0,0,41
3400,build,hunt,0.57,0,0,100,0,0,41
3410,build,hunt,0.57,0,0,100,0,0,41
3420,build,hunt,0.57,0,0,100,0,1,41
3430,peak,hunt,0.7,0.414542,0.016248,100,1,0,42
3440,peak,hunt,0.7,0.430292,0.037342,100,1,0,42
3450,peak,hunt,0.7,0.438167,0.059188,100,1,0,42
3460,peak,hunt,0.7,0.37575,0.079325,100,0,0,42
3470,aftermath,hunt,0.5,0.26375,0.053994,100,0,0,43
3480,aftermath,hunt,0.1,0,0,100,0,0,43
3490,aftermath,hunt,0.1,0,0,100,0,0,43
3500,suspended:docked,hunt,,0,0,100,0,0,43
3510,suspended:docked,hunt,,0,0,100,0,1,43
3520,suspended:docked,hunt,,0,0,100,0,1,43
3530,suspended:docked,hunt,,0,0,100,0,1,43
3540,aftermath,hunt,0.08,0,0,100,0,1,43
3550,aftermath,hunt,0.08,0,0,100,0,1,43
3560,aftermath,hunt,0.1,0,0,100,0,2,43
3570,aftermath,hunt,0.1,0,0,100,0,2,43
3580,aftermath,hunt,0.1,0,0,100,0,2,43
3590,aftermath,hunt,0.1,0,0,100,0,2,43
3600,aftermath,hunt,0.1,0,0,100,0,3,43
3610,aftermath,hunt,0.1,0,0,100,0,3,43
3620,aftermath,hunt,0.1,0,0,100,0,3,43
3630,quiet,voyage,0.08,0,0,100,0,3,43
3640,quiet,voyage,0.08,0,0,100,0,3,43
3650,quiet,voyage,0.08,0,0,100,0,4,43
3660,quiet,voyage,0.08,0,0,100,0,4,43
3670,quiet,voyage,0.08,0,0,100,0,4,43
3680,quiet,voyage,0.08,0,0,100,0,4,43
3690,opportunity,voyage,0.098,0,0,100,0,5,43
3700,peak,voyage,0.278,0.414542,0.016248,100,1,4,44
3710,peak,voyage,0.458,0.430292,0.037342,100,1,4,44
3720,peak,voyage,0.638,0.438167,0.059188,100,1,4,44
3730,peak,voyage,0.662481,0.37575,0.079325,100,0,4,44
3740,aftermath,voyage,0.461157,0.26375,0.053994,100,0,5,44
3750,aftermath,voyage,0.1,0,0,100,0,5,44
3760,aftermath,voyage,0.1,0,0,100,0,5,44
3770,aftermath,voyage,0.1,0,0,100,0,5,44
3780,aftermath,voyage,0.1,0,0,100,0,6,44
3790,aftermath,voyage,0.1,0,0,100,0,6,44
3800,aftermath,voyage,0.1,0,0,100,0,6,44
3810,aftermath,voyage,0.1,0,0,100,0,6,44
3820,aftermath,voyage,0.1,0,0,100,0,6,44
3830,quiet,hunt,0.08,0,0,100,0,6,45
3840,quiet,hunt,0.08,0,0,100,0,6,45
3850,quiet,hunt,0.08,0,0,100,0,6,45
3860,quiet,hunt,0.08,0,0,100,0,6,45
3870,quiet,hunt,0.08,0,0,100,0,7,45
3880,peak,hunt,0.17,0.13,0.004,100,1,6,46
3890,peak,hunt,0.35,0.422417,0.024596,100,1,6,46
3900,peak,hunt,0.53,0.438167,0.045988,100,1,6,46
3910,peak,hunt,0.669854,0.418042,0.067886,100,0,6,46
3920,peak,hunt,0.667587,0.37575,0.086773,100,0,7,46
3930,aftermath,hunt,0.267147,0.15175,0.017714,100,0,7,46
3940,aftermath,hunt,0.1,0,0,100,0,7,46
3950,aftermath,hunt,0.1,0,0,100,0,7,46
3960,aftermath,hunt,0.1,0,0,100,0,8,46
3970,aftermath,hunt,0.1,0,0,100,0,8,46
3980,aftermath,hunt,0.1,0,0,100,0,8,46
3990,aftermath,hunt,0.1,0,0,100,0,8,46
4000,aftermath,hunt,0.1,0,0,100,0,8,46
4010,aftermath,hunt,0.1,0,0,100,0,8,47
4020,quiet,discovery,0.08,0,0,100,0,8,47
4030,quiet,discovery,0.08,0,0,100,0,8,47
4040,quiet,discovery,0.08,0,0,100,0,8,47
4050,quiet,discovery,0.08,0,0,100,0,9,47
4060,quiet,discovery,0.08,0,0,100,0,8,48
4070,quiet,discovery,0.08,0,0,100,0,8,48
4080,quiet,discovery,0.08,0,0,100,0,8,48
4090,quiet,discovery,0.08,0,0,100,0,8,48
4100,quiet,discovery,0.08,0,0,100,0,9,48
4110,opportunity,discovery,0.23,0,0,100,0,9,48
4120,opportunity,discovery,0.23,0,0,100,0,9,48
4130,opportunity,discovery,0.23,0,0,100,0,9,48
4140,opportunity,discovery,0.23,0,0,100,0,10,48
4150,opportunity,discovery,0.23,0,0,100,0,10,48
4160,opportunity,discovery,0.23,0,0,100,0,10,48
4170,opportunity,discovery,0.23,0,0,100,0,10,48
4180,opportunity,discovery,0.23,0,0,100,0,10,48
4190,opportunity,discovery,0.23,0,0,100,0,11,48
4200,opportunity,discovery,0.23,0,0,100,0,11,48
4210,opportunity,discovery,0.23,0,0,100,0,11,48
4220,opportunity,discovery,0.23,0,0,100,0,11,48
4230,opportunity,discovery,0.23,0,0,100,0,12,48
4240,opportunity,discovery,0.23,0,0,100,0,12,48
4250,opportunity,discovery,0.23,0,0,100,0,12,48
4260,build,discovery,0.302,0,0,100,0,12,48
4270,build,discovery,0.482,0,0,100,0,12,48
4280,build,discovery,0.556,0,0,100,0,13,48
4290,build,discovery,0.563,0,0,100,0,13,48
4300,peak,discovery,0.689,0.414542,0.014248,100,1,12,49
4310,peak,discovery,0.698759,0.430292,0.035342,100,1,12,49
4320,peak,discovery,0.696138,0.438167,0.057187,100,1,13,49
4330,peak,discovery,0.699688,0.37575,0.077597,100,0,12,50
4340,aftermath,discovery,0.548142,0.29175,0.063207,100,0,12,50
4350,aftermath,discovery,0.1,0.01175,0,100,0,12,50
4360,aftermath,discovery,0.1,0,0,100,0,12,50
4370,aftermath,discovery,0.1,0,0,100,0,12,51
4380,aftermath,discovery,0.1,0,0,100,0,12,51
4390,aftermath,discovery,0.1,0,0,100,0,12,51
4400,aftermath,discovery,0.1,0,0,100,0,12,51
4410,aftermath,discovery,0.1,0,0,100,0,13,51
4420,aftermath,discovery,0.1,0,0,100,0,13,51
4430,aftermath,discovery,0.1,0,0,100,0,13,51
4440,aftermath,discovery,0.1,0,0,100,0,13,51
4450,aftermath,discovery,0.1,0,0,100,0,13,51
4460,quiet,hunt,0.08,0,0,100,0,14,51
4470,quiet,hunt,0.08,0,0,100,0,14,51
4480,quiet,hunt,0.08,0,0,100,0,14,51
4490,quiet,hunt,0.08,0,0,100,0,14,51
4500,quiet,hunt,0.08,0,0,100,0,15,51
4510,peak,hunt,0.206,0.26,0.008,100,1,14,52
4520,peak,hunt,0.386,0.422417,0.028596,100,1,14,52
4530,peak,hunt,0.566,0.438167,0.049988,100,1,14,52
4540,peak,hunt,0.7,0.383625,0.07137,100,0,14,52
4550,peak,hunt,0.7,0.37575,0.090198,100,0,14,53
4560,aftermath,hunt,0.2,0.09575,0,100,0,14,53
4570,aftermath,hunt,0.1,0,0,100,0,14,53
4580,aftermath,hunt,0.1,0,0,100,0,14,53
4590,aftermath,hunt,0.1,0,0,100,0,15,53
4600,aftermath,hunt,0.1,0,0,100,0,15,53
4610,aftermath,hunt,0.1,0,0,100,0,15,53
4620,aftermath,hunt,0.1,0,0,100,0,15,53
4630,aftermath,hunt,0.1,0,0,100,0,15,53
4640,aftermath,hunt,0.1,0,0,100,0,16,53
4650,aftermath,hunt,0.1,0,0,100,0,16,53
4660,quiet,discovery,0.08,0,0,100,0,16,53
4670,quiet,discovery,0.08,0,0,100,0,16,53
4680,quiet,discovery,0.08,0,0,100,0,17,53
4690,quiet,discovery,0.08,0,0,100,0,16,54
4700,quiet,discovery,0.08,0,0,100,0,16,54
4710,quiet,discovery,0.08,0,0,100,0,16,54
4720,quiet,discovery,0.08,0,0,100,0,16,54
4730,quiet,discovery,0.08,0,0,100,0,17,54
4740,quiet,discovery,0.08,0,0,100,0,17,54
4750,opportunity,discovery,0.23,0,0,100,0,17,54
4760,opportunity,discovery,0.23,0,0,100,0,17,54
4770,opportunity,discovery,0.23,0,0,100,0,18,54
4780,opportunity,discovery,0.23,0,0,100,0,17,55
4790,opportunity,discovery,0.23,0,0,100,0,17,55
4800,opportunity,discovery,0.23,0,0,100,0,17,55
4810,opportunity,discovery,0.23,0,0,100,0,17,55
4820,opportunity,discovery,0.23,0,0,100,0,18,55
4830,opportunity,discovery,0.23,0,0,100,0,18,55
4840,opportunity,discovery,0.23,0,0,100,0,18,55
4850,opportunity,discovery,0.23,0,0,100,0,18,55
4860,opportunity,discovery,0.23,0,0,100,0,19,55
4870,opportunity,discovery,0.23,0,0,100,0,18,56
4880,opportunity,discovery,0.23,0,0,100,0,18,56
4890,opportunity,discovery,0.23,0,0,100,0,18,56
4900,peak,discovery,0.302,0.26,0.008,100,1,17,57
4910,peak,discovery,0.482,0.422417,0.028596,100,1,18,57
4920,peak,discovery,0.662,0.438167,0.049988,100,1,18,57
4930,peak,discovery,0.7,0.383625,0.07137,100,0,18,57
4940,peak,discovery,0.7,0.37575,0.090198,100,0,18,57
4950,aftermath,discovery,0.2,0.09575,0,100,0,19,57
4960,aftermath,discovery,0.1,0,0,100,0,18,58
4970,aftermath,discovery,0.1,0,0,100,0,18,58
4980,aftermath,discovery,0.1,0,0,100,0,18,58
4990,aftermath,discovery,0.1,0,0,100,0,18,58
5000,aftermath,discovery,0.1,0,0,100,0,19,58
5010,aftermath,discovery,0.1,0,0,100,0,19,58
5020,aftermath,discovery,0.1,0,0,100,0,19,58
5030,aftermath,discovery,0.1,0,0,100,0,19,58
5040,aftermath,discovery,0.1,0,0,100,0,20,58
5050,aftermath,discovery,0.1,0,0,100,0,20,58
5060,aftermath,discovery,0.1,0,0,100,0,20,58
5070,quiet,hunt,0.08,0,0,100,0,20,58
5080,quiet,hunt,0.08,0,0,100,0,20,58
5090,quiet,hunt,0.08,0,0,100,0,20,58
5100,recovery,hunt,0.03,0.065,0.003473,100,0,20,58
5110,recovery,hunt,0.025438,0.633,0.038019,100,0,20,58
5120,recovery,hunt,0.03,0.409,0,100,0,20,58
5130,recovery,hunt,0.03,0.245,0,100,0,20,58
5140,recovery,hunt,0.03,0,0,100,0,20,58
5150,recovery,hunt,0.03,0,0,100,0,20,58
5160,recovery,hunt,0.03,0,0,100,0,20,58
5170,recovery,hunt,0.03,0,0,100,0,20,58
5180,recovery,hunt,0.03,0,0,100,0,20,58
5190,aftermath,hunt,0.048,0,0,100,0,20,58
5200,aftermath,hunt,0.1,0,0,100,0,20,58
5210,aftermath,hunt,0.1,0,0,100,0,20,58
5220,aftermath,hunt,0.1,0,0,100,0,20,58
5230,aftermath,hunt,0.1,0,0,100,0,20,58
5240,aftermath,hunt,0.1,0,0,100,0,20,58
5250,aftermath,hunt,0.1,0,0,100,0,20,58
5260,aftermath,hunt,0.1,0,0,100,0,20,58
5270,aftermath,hunt,0.1,0,0,100,0,20,58
5280,aftermath,hunt,0.1,0,0,100,0,20,58
5290,aftermath,hunt,0.1,0,0,100,0,20,58
5300,suspended:docked,hunt,,0,0,100,0,20,58
5310,suspended:docked,hunt,,0,0,100,0,20,58
5320,suspended:docked,hunt,,0,0,100,0,20,58
5330,suspended:docked,hunt,,0,0,100,0,20,58
5340,aftermath,hunt,0.08,0,0,100,0,20,58
5350,quiet,discovery,0.08,0,0,100,0,20,58
5360,quiet,discovery,0.08,0,0,100,0,20,58
5370,quiet,discovery,0.08,0,0,100,0,20,58
5380,quiet,discovery,0.08,0,0,100,0,20,58
5390,quiet,discovery,0.08,0,0,100,0,20,58
5400,quiet,discovery,0.08,0,0,100,0,20,58
5410,quiet,discovery,0.08,0,0,100,0,20,58
5420,quiet,discovery,0.08,0,0,100,0,20,58
5430,opportunity,discovery,0.116,0,0,100,0,20,58
5440,opportunity,discovery,0.23,0,0,100,0,20,58
5450,opportunity,discovery,0.23,0,0,100,0,20,58
5460,opportunity,discovery,0.23,0,0,100,0,20,58
5470,opportunity,discovery,0.23,0,0,100,0,20,58
5480,opportunity,discovery,0.23,0,0,100,0,20,58
5490,opportunity,discovery,0.23,0,0,100,0,20,58
5500,opportunity,discovery,0.23,0,0,100,0,20,58
5510,opportunity,discovery,0.23,0,0,100,0,20,58
5520,opportunity,discovery,0.23,0,0,100,0,20,58
5530,opportunity,discovery,0.23,0,0,100,0,20,58
5540,opportunity,discovery,0.23,0,0,100,0,20,58
5550,opportunity,discovery,0.23,0,0,100,0,20,58
5560,opportunity,discovery,0.23,0,0,100,0,20,58
5570,opportunity,discovery,0.23,0,0,100,0,20,58
5580,opportunity,discovery,0.23,0,0,100,0,20,58
5590,peak,discovery,0.392,0.414542,0.018248,100,1,19,59
5600,peak,discovery,0.572,0.430292,0.039342,100,1,19,59
5610,peak,discovery,0.688658,0.438167,0.061188,100,1,19,59
5620,peak,discovery,0.690274,0.37575,0.081049,100,0,19,59
5630,aftermath,discovery,0.439172,0.23575,0.044781,100,0,19,60
5640,aftermath,discovery,0.1,0,0,100,0,19,60
5650,aftermath,discovery,0.1,0,0,100,0,19,60
5660,aftermath,discovery,0.1,0,0,100,0,19,60
5670,aftermath,discovery,0.1,0,0,100,0,20,60
5680,aftermath,discovery,0.1,0,0,100,0,19,61
5690,aftermath,discovery,0.1,0,0,100,0,19,61
5700,aftermath,discovery,0.1,0,0,100,0,19,61
5710,aftermath,discovery,0.1,0,0,100,0,19,61
5720,aftermath,discovery,0.1,0,0,100,0,20,61
5730,quiet,hunt,0.08,0,0,100,0,20,61
5740,quiet,hunt,0.08,0,0,100,0,20,61
5750,quiet,hunt,0.08,0,0,100,0,20,61
5760,quiet,hunt,0.08,0,0,100,0,20,61
5770,quiet,hunt,0.08,0,0,100,0,20,61
5780,opportunity,hunt,0.098,0,0,100,1,19,62
5790,peak,hunt,0.278,0.422417,0.020398,100,1,19,62
5800,peak,hunt,0.458,0.430292,0.04164,100,1,19,62
5810,peak,hunt,0.638,0.438167,0.063684,100,1,20,62
5820,peak,hunt,0.690008,0.37575,0.083266,100,0,19,63
5830,aftermath,hunt,0.389127,0.20775,0.036065,100,0,19,63
5840,aftermath,hunt,0.1,0,0,100,0,19,63
5850,aftermath,hunt,0.1,0,0,100,0,20,63
5860,aftermath,hunt,0.1,0,0,100,0,20,63
5870,aftermath,hunt,0.1,0,0,100,0,20,63
5880,aftermath,hunt,0.1,0,0,100,0,20,63
5890,aftermath,hunt,0.1,0,0,100,0,20,63
5900,aftermath,hunt,0.1,0,0,100,0,20,63
5910,aftermath,hunt,0.1,0,0,100,0,20,63
5920,quiet,voyage,0.08,0,0,100,0,20,63
5930,quiet,voyage,0.08,0,0,100,0,20,63
5940,quiet,voyage,0.08,0,0,100,0,20,63
5950,quiet,voyage,0.08,0,0,100,0,20,63
5960,quiet,voyage,0.08,0,0,100,0,20,63
5970,quiet,voyage,0.08,0,0,100,0,20,63
5980,quiet,voyage,0.08,0,0,100,0,20,63
5990,opportunity,voyage,0.206,0,0,100,0,20,63
6000,opportunity,voyage,0.23,0,0,100,0,20,63
6010,opportunity,voyage,0.23,0,0,100,0,20,63
6020,opportunity,voyage,0.23,0,0,100,0,20,63
6030,opportunity,voyage,0.23,0,0,100,0,20,63
6040,opportunity,voyage,0.23,0,0,100,0,20,63
6050,opportunity,voyage,0.23,0,0,100,0,20,63
6060,opportunity,voyage,0.23,0,0,100,0,20,63
6070,opportunity,voyage,0.23,0,0,100,0,20,63
6080,opportunity,voyage,0.23,0,0,100,0,20,63
6090,opportunity,voyage,0.23,0,0,100,0,20,63
6100,build,voyage,0.266,0,0,100,1,19,64
6110,peak,voyage,0.446,0.422417,0.020596,100,1,19,64
6120,peak,voyage,0.626,0.438167,0.041988,100,1,20,64
6130,peak,voyage,0.7,0.430292,0.064139,100,1,19,65
6140,peak,voyage,0.7,0.37575,0.083341,100,0,19,65
6150,aftermath,voyage,0.4,0.20775,0.03614,100,0,19,65
6160,aftermath,voyage,0.1,0,0,100,0,19,65
6170,aftermath,voyage,0.1,0,0,100,0,19,66
6180,aftermath,voyage,0.1,0,0,100,0,19,66
6190,aftermath,voyage,0.1,0,0,100,0,19,66
6200,aftermath,voyage,0.1,0,0,100,0,19,66
6210,aftermath,voyage,0.1,0,0,100,0,20,66
6220,aftermath,voyage,0.1,0,0,100,0,19,67
6230,aftermath,voyage,0.1,0,0,100,0,19,67
6240,aftermath,voyage,0.1,0,0,100,0,19,67
6250,quiet,hunt,0.08,0,0,100,0,19,67
6260,quiet,hunt,0.08,0,0,100,0,20,67
6270,quiet,hunt,0.08,0,0,100,0,20,67
6280,quiet,hunt,0.08,0,0,100,0,20,67
6290,quiet,hunt,0.08,0,0,100,0,20,67
6300,peak,hunt,0.17,0.065,0.00205,100,1,20,68
6310,peak,hunt,0.35,0.422417,0.022795,100,1,20,68
6320,peak,hunt,0.53,0.438167,0.044385,100,1,20,68
6330,peak,hunt,0.7,0.438167,0.066686,100,1,20,68
6340,peak,hunt,0.7,0.37575,0.08606,100,0,20,68
6350,aftermath,hunt,0.35,0.17975,0.027945,100,0,20,68
6360,aftermath,hunt,0.1,0,0,100,0,20,68
6370,aftermath,hunt,0.1,0,0,100,0,20,68
6380,aftermath,hunt,0.1,0,0,100,0,20,68
6390,aftermath,hunt,0.1,0,0,100,0,20,68
6400,aftermath,hunt,0.1,0,0,100,0,20,68
6410,aftermath,hunt,0.1,0,0,100,0,20,68
6420,aftermath,hunt,0.1,0,0,100,0,20,68
6430,aftermath,hunt,0.1,0,0,100,0,20,68
6440,aftermath,hunt,0.1,0,0,100,0,20,68
6450,quiet,discovery,0.08,0,0,100,0,20,68
6460,quiet,discovery,0.08,0,0,100,0,20,68
6470,quiet,discovery,0.08,0,0,100,0,20,68
6480,quiet,discovery,0.08,0,0,100,0,20,68
6490,quiet,discovery,0.08,0,0,100,0,20,68
6500,quiet,discovery,0.08,0,0,100,0,20,68
6510,quiet,discovery,0.08,0,0,100,0,20,68
6520,quiet,discovery,0.08,0,0,100,0,20,68
6530,quiet,discovery,0.08,0,0,100,0,20,68
6540,peak,discovery,0.188,0.325,0.01005,100,1,19,69
6550,peak,discovery,0.368,0.422417,0.030795,100,1,19,69
6560,peak,discovery,0.548,0.438167,0.052385,100,1,19,69
6570,peak,discovery,0.7,0.383625,0.073603,100,0,20,69
6580,aftermath,discovery,0.65,0.355625,0.081482,100,0,20,69
6590,aftermath,discovery,0.15,0.075625,0,100,0,20,69
6600,aftermath,discovery,0.1,0,0,100,0,20,69
6610,aftermath,discovery,0.1,0,0,100,0,20,69
6620,aftermath,discovery,0.1,0,0,100,0,20,69
6630,aftermath,discovery,0.1,0,0,100,0,20,69
6640,aftermath,discovery,0.1,0,0,100,0,20,69
6650,aftermath,discovery,0.1,0,0,100,0,20,69
6660,aftermath,discovery,0.1,0,0,100,0,20,69
6670,aftermath,discovery,0.1,0,0,100,0,20,69
6680,aftermath,discovery,0.1,0,0,100,0,20,69
6690,aftermath,discovery,0.1,0,0,100,0,20,69
6700,quiet,hunt,0.08,0,0,100,0,20,69
6710,quiet,hunt,0.08,0,0,100,0,20,69
6720,quiet,hunt,0.08,0,0,100,0,20,69
6730,quiet,hunt,0.08,0,0,100,0,20,69
6740,quiet,hunt,0.08,0,0,100,0,20,69
6750,opportunity,hunt,0.17,0,0,100,0,20,69
6760,opportunity,hunt,0.23,0,0,100,0,20,69
6770,opportunity,hunt,0.23,0,0,100,0,20,69
6780,opportunity,hunt,0.23,0,0,100,0,20,69
6790,opportunity,hunt,0.23,0,0,100,0,20,69
6800,opportunity,hunt,0.23,0,0,100,0,20,69
6810,opportunity,hunt,0.23,0,0,100,0,20,69
6820,opportunity,hunt,0.23,0,0,100,0,20,69
6830,opportunity,hunt,0.23,0,0,100,0,20,69
6840,peak,hunt,0.41,0.422417,0.018397,100,1,20,70
6850,peak,hunt,0.59,0.430292,0.03964,100,1,20,70
6860,peak,hunt,0.7,0.438167,0.061684,100,1,20,70
6870,peak,hunt,0.7,0.37575,0.081546,100,0,20,70
6880,aftermath,hunt,0.45,0.23575,0.045278,100,0,20,70
6890,aftermath,hunt,0.1,0,0,100,0,20,70
6900,aftermath,hunt,0.1,0,0,100,0,20,70
6910,aftermath,hunt,0.1,0,0,100,0,20,70
6920,aftermath,hunt,0.1,0,0,100,0,20,70
6930,aftermath,hunt,0.1,0,0,100,0,20,70
6940,aftermath,hunt,0.1,0,0,100,0,20,70
6950,aftermath,hunt,0.1,0,0,100,0,20,70
6960,aftermath,hunt,0.1,0,0,100,0,20,70
6970,aftermath,hunt,0.1,0,0,100,0,20,70
6980,aftermath,hunt,0.1,0,0,100,0,20,70
6990,aftermath,hunt,0.1,0,0,100,0,20,70
7000,quiet,voyage,0.08,0,0,100,0,20,70
7010,quiet,voyage,0.08,0,0,100,0,20,70
7020,quiet,voyage,0.08,0,0,100,0,20,70
7030,quiet,voyage,0.08,0,0,100,0,20,70
7040,quiet,voyage,0.08,0,0,100,0,20,70
7050,quiet,voyage,0.08,0,0,100,0,20,70
7060,peak,voyage,0.116,0.065,0.002,100,1,19,71
7070,peak,voyage,0.296,0.422417,0.022596,100,1,19,72
7080,peak,voyage,0.476,0.438167,0.043988,100,1,19,72
7090,peak,voyage,0.656,0.430292,0.066139,100,1,19,72
7100,suspended:docked,voyage,,0.383625,0.083219,100,0,19,72
7110,suspended:docked,voyage,,0.383625,0.083219,100,0,20,72
7120,suspended:docked,voyage,,0.383625,0.083219,100,0,20,72
7130,suspended:docked,voyage,,0.383625,0.083219,100,0,20,72
7140,aftermath,voyage,0.65,0.355625,0.074128,100,0,20,72
7150,aftermath,voyage,0.15,0.075625,0,100,0,20,72
7160,aftermath,voyage,0.1,0,0,100,0,20,72
7170,aftermath,voyage,0.1,0,0,100,0,20,72
7180,aftermath,voyage,0.1,0,0,100,0,20,72
7190,aftermath,voyage,0.1,0,0,100,0,20,72
7200,aftermath,voyage,0.1,0,0,100,0,20,72
7210,aftermath,voyage,0.1,0,0,100,0,20,72
7220,aftermath,voyage,0.1,0,0,100,0,20,72
7230,aftermath,voyage,0.1,0,0,100,0,20,72
7240,aftermath,voyage,0.1,0,0,100,0,20,72
7250,aftermath,voyage,0.1,0,0,100,0,20,72
7260,quiet,hunt,0.08,0,0,100,0,20,72
7270,quiet,hunt,0.08,0,0,100,0,20,72
7280,quiet,hunt,0.08,0,0,100,0,20,72
7290,quiet,hunt,0.08,0,0,100,0,20,72
7300,quiet,hunt,0.08,0,0,100,0,20,72
7310,peak,hunt,0.242,0.414542,0.016149,100,1,19,73
7320,peak,hunt,0.422,0.430292,0.037043,100,1,19,73
7330,peak,hunt,0.602,0.430292,0.05874,100,1,19,73
7340,peak,hunt,0.7,0.383625,0.07887,100,0,20,73
7350,aftermath,hunt,0.5,0.271625,0.053792,100,0,20,73
7360,aftermath,hunt,0.1,0,0,100,0,20,73
7370,aftermath,hunt,0.1,0,0,100,0,20,73
7380,aftermath,hunt,0.1,0,0,100,0,20,73
7390,aftermath,hunt,0.1,0,0,100,0,20,73
7400,aftermath,hunt,0.1,0,0,100,0,20,73
7410,aftermath,hunt,0.1,0,0,100,0,20,73
7420,aftermath,hunt,0.1,0,0,100,0,20,73
7430,aftermath,hunt,0.1,0,0,100,0,20,73
7440,aftermath,hunt,0.1,0,0,100,0,20,73
7450,aftermath,hunt,0.1,0,0,100,0,20,73
7460,aftermath,hunt,0.1,0,0,100,0,20,73
7470,quiet,discovery,0.08,0,0,100,0,20,73
7480,quiet,discovery,0.08,0,0,100,0,20,73
7490,quiet,discovery,0.08,0,0,100,0,20,73
7500,quiet,discovery,0.08,0,0,100,0,20,73
7510,quiet,discovery,0.08,0,0,100,0,20,73
7520,quiet,discovery,0.08,0,0,100,0,20,73
7530,quiet,discovery,0.08,0,0,100,0,20,73
7540,quiet,discovery,0.08,0,0,100,0,20,73
7550,opportunity,discovery,0.098,0,0,100,0,20,73
7560,opportunity,discovery,0.23,0,0,100,0,20,73
7570,opportunity,discovery,0.23,0,0,100,0,20,73
7580,opportunity,discovery,0.23,0,0,100,0,20,73
7590,opportunity,discovery,0.23,0,0,100,0,20,73
7600,opportunity,discovery,0.23,0,0,100,0,20,73
7610,opportunity,discovery,0.23,0,0,100,0,20,73
7620,opportunity,discovery,0.23,0,0,100,0,20,73
7630,opportunity,discovery,0.23,0,0,100,0,20,73
7640,opportunity,discovery,0.23,0,0,100,0,20,73
7650,opportunity,discovery,0.23,0,0,100,0,20,73
7660,opportunity,discovery,0.23,0,0,100,1,19,74
7670,peak,discovery,0.41,0.422417,0.020596,100,1,19,74
7680,peak,discovery,0.59,0.438167,0.041988,100,1,19,74
7690,peak,discovery,0.692303,0.430292,0.064139,100,1,19,74
7700,peak,discovery,0.689999,0.37575,0.083341,100,0,19,75
7710,aftermath,discovery,0.389118,0.20775,0.03614,100,0,19,75
7720,aftermath,discovery,0.1,0,0,100,0,19,75
7730,aftermath,discovery,0.1,0,0,100,0,19,75
7740,aftermath,discovery,0.1,0,0,100,0,20,75
7750,aftermath,discovery,0.1,0,0,100,0,19,76
7760,aftermath,discovery,0.1,0,0,100,0,19,76
7770,aftermath,discovery,0.1,0,0,100,0,19,76
7780,aftermath,discovery,0.1,0,0,100,0,19,76
7790,aftermath,discovery,0.1,0,0,100,0,20,76
7800,aftermath,discovery,0.1,0,0,100,0,20,76
7810,quiet,hunt,0.08,0,0,100,0,20,76
7820,quiet,hunt,0.08,0,0,100,0,20,76
7830,quiet,hunt,0.08,0,0,100,0,20,76
7840,quiet,hunt,0.08,0,0,100,0,20,76
7850,quiet,hunt,0.08,0,0,100,0,20,76
7860,opportunity,hunt,0.116,0,0,100,0,20,76
7870,opportunity,hunt,0.23,0,0,100,0,20,76
7880,opportunity,hunt,0.23,0,0,100,0,20,76
7890,opportunity,hunt,0.23,0,0,100,0,20,76
7900,opportunity,hunt,0.23,0,0,100,0,20,76
7910,opportunity,hunt,0.23,0,0,100,0,20,76
7920,opportunity,hunt,0.23,0,0,100,0,20,76
7930,opportunity,hunt,0.23,0,0,100,0,20,76
7940,opportunity,hunt,0.23,0,0,100,0,20,76
7950,build,hunt,0.356,0,0,100,0,20,76
7960,build,hunt,0.536,0,0,100,0,20,76
7970,build,hunt,0.585,0,0,100,0,20,76
7980,build,hunt,0.585,0,0,100,1,19,77
7990,peak,hunt,0.7,0.414542,0.020248,100,1,19,77
8000,peak,hunt,0.7,0.430292,0.041342,100,1,19,77
8010,peak,hunt,0.7,0.438167,0.063188,100,1,20,77
8020,peak,hunt,0.7,0.37575,0.082769,100,0,20,77
8030,aftermath,hunt,0.4,0.20775,0.035568,100,0,20,77
8040,aftermath,hunt,0.1,0,0,100,0,20,77
8050,aftermath,hunt,0.1,0,0,100,0,20,77
8060,aftermath,hunt,0.1,0,0,100,0,20,77
8070,aftermath,hunt,0.1,0,0,100,0,20,77
8080,aftermath,hunt,0.1,0,0,100,0,20,77
8090,aftermath,hunt,0.1,0,0,100,0,20,77
8100,aftermath,hunt,0.1,0,0,100,0,20,77
8110,aftermath,hunt,0.1,0,0,100,0,20,77
8120,aftermath,hunt,0.1,0,0,100,0,20,77
8130,aftermath,hunt,0.1,0,0,100,0,20,77
8140,quiet,voyage,0.08,0,0,100,0,20,77
8150,quiet,voyage,0.08,0,0,100,0,20,77
8160,quiet,voyage,0.08,0,0,100,0,20,77
8170,quiet,voyage,0.08,0,0,100,0,20,77
8180,quiet,voyage,0.08,0,0,100,0,20,77
8190,quiet,voyage,0.08,0,0,100,0,20,77
8200,opportunity,voyage,0.17,0,0,100,0,20,77
8210,opportunity,voyage,0.23,0,0,100,0,20,77
8220,opportunity,voyage,0.23,0,0,100,0,20,77
8230,opportunity,voyage,0.23,0,0,100,0,20,77
8240,opportunity,voyage,0.23,0,0,100,0,20,77
8250,opportunity,voyage,0.23,0,0,100,0,20,77
8260,opportunity,voyage,0.23,0,0,100,0,20,77
8270,peak,voyage,0.392,0.422417,0.018596,100,1,19,78
8280,peak,voyage,0.572,0.438167,0.039988,100,1,20,78
8290,peak,voyage,0.7,0.430292,0.062139,100,1,19,79
8300,peak,voyage,0.7,0.383625,0.082068,100,0,19,79
8310,aftermath,voyage,0.45,0.243625,0.046042,100,0,19,79
8320,aftermath,voyage,0.1,0,0,100,0,19,79
8330,aftermath,voyage,0.1,0,0,100,0,20,79
8340,aftermath,voyage,0.1,0,0,100,0,20,79
8350,aftermath,voyage,0.1,0,0,100,0,20,79
8360,aftermath,voyage,0.1,0,0,100,0,20,79
8370,aftermath,voyage,0.1,0,0,100,0,20,79
8380,aftermath,voyage,0.1,0,0,100,0,20,79
8390,aftermath,voyage,0.1,0,0,100,0,20,79
8400,aftermath,voyage,0.1,0,0,100,0,20,79
8410,quiet,hunt,0.08,0,0,100,0,20,79
8420,quiet,hunt,0.08,0,0,100,0,20,79
8430,quiet,hunt,0.08,0,0,100,0,20,79
8440,quiet,hunt,0.08,0,0,100,0,20,79
8450,quiet,hunt,0.08,0,0,100,0,20,79
8460,opportunity,hunt,0.152,0,0,100,0,20,79
8470,opportunity,hunt,0.23,0,0,100,0,20,79
8480,opportunity,hunt,0.23,0,0,100,0,20,79
8490,opportunity,hunt,0.23,0,0,100,0,20,79
8500,opportunity,hunt,0.23,0,0,100,0,20,79
8510,opportunity,hunt,0.23,0,0,100,0,20,79
8520,opportunity,hunt,0.23,0,0,100,0,20,79
8530,opportunity,hunt,0.23,0,0,100,0,20,79
8540,opportunity,hunt,0.23,0,0,100,0,20,79
8550,peak,hunt,0.392,0.39,0.01205,100,1,20,80
8560,peak,hunt,0.572,0.422417,0.032795,100,1,20,80
8570,peak,hunt,0.7,0.438167,0.054385,100,1,20,80
8580,peak,hunt,0.7,0.383625,0.075337,100,0,20,80
8590,aftermath,hunt,0.6,0.327625,0.072227,100,0,20,80
8600,aftermath,hunt,0.1,0.047625,0,100,0,20,80
8610,aftermath,hunt,0.1,0,0,100,0,20,80
8620,aftermath,hunt,0.1,0,0,100,0,20,80
8630,aftermath,hunt,0.1,0,0,100,0,20,80
8640,aftermath,hunt,0.1,0,0,100,0,20,80
8650,aftermath,hunt,0.1,0,0,100,0,20,80
8660,aftermath,hunt,0.1,0,0,100,0,20,80
8670,aftermath,hunt,0.1,0,0,100,0,20,80
8680,aftermath,hunt,0.1,0,0,100,0,20,80
8690,aftermath,hunt,0.1,0,0,100,0,20,80
8700,recovery,hunt,0.05,0.065,0.003473,100,0,20,80
8710,recovery,hunt,0.025438,0.633,0.038019,100,0,20,80
8720,recovery,hunt,0.03,0.409,0,100,0,20,80
8730,recovery,hunt,0.03,0.245,0,100,0,20,80
8740,recovery,hunt,0.03,0,0,100,0,20,80
8750,recovery,hunt,0.03,0,0,100,0,20,80
8760,recovery,hunt,0.03,0,0,100,0,20,80
8770,recovery,hunt,0.03,0,0,100,0,20,80
8780,recovery,hunt,0.03,0,0,100,0,20,80
8790,aftermath,hunt,0.048,0,0,100,0,20,80
8800,aftermath,hunt,0.1,0,0,100,0,20,80
8810,aftermath,hunt,0.1,0,0,100,0,20,80
8820,aftermath,hunt,0.1,0,0,100,0,20,80
8830,aftermath,hunt,0.1,0,0,100,0,20,80
8840,aftermath,hunt,0.1,0,0,100,0,20,80
8850,aftermath,hunt,0.1,0,0,100,0,20,80
8860,aftermath,hunt,0.1,0,0,100,0,20,80
8870,aftermath,hunt,0.1,0,0,100,0,20,80
8880,aftermath,hunt,0.1,0,0,100,0,20,80
8890,aftermath,hunt,0.1,0,0,100,0,20,80
8900,suspended:docked,hunt,,0,0,100,0,20,80
8910,suspended:docked,hunt,,0,0,100,0,20,80
8920,suspended:docked,hunt,,0,0,100,0,20,80
8930,suspended:docked,hunt,,0,0,100,0,20,80
8940,aftermath,hunt,0.08,0,0,100,0,20,80
8950,quiet,discovery,0.08,0,0,100,0,20,80
8960,quiet,discovery,0.08,0,0,100,0,20,80
8970,quiet,discovery,0.08,0,0,100,0,20,80
8980,quiet,discovery,0.08,0,0,100,0,20,80
8990,quiet,discovery,0.08,0,0,100,0,20,80
9000,quiet,discovery,0.08,0,0,100,0,20,80
9010,quiet,discovery,0.08,0,0,100,0,20,80
9020,quiet,discovery,0.08,0,0,100,0,20,80
9030,peak,discovery,0.116,0.065,0.00205,100,1,19,81
9040,peak,discovery,0.296,0.422417,0.022795,100,1,19,81
9050,peak,discovery,0.476,0.438167,0.044385,100,1,20,81
9060,peak,discovery,0.656,0.438167,0.066686,100,1,20,81
9070,peak,discovery,0.7,0.37575,0.08606,100,0,20,81
9080,aftermath,discovery,0.35,0.17975,0.027945,100,0,20,81
9090,aftermath,discovery,0.1,0,0,100,0,20,81
9100,aftermath,discovery,0.1,0,0,100,0,20,81
9110,aftermath,discovery,0.1,0,0,100,0,20,81
9120,aftermath,discovery,0.1,0,0,100,0,20,81
9130,aftermath,discovery,0.1,0,0,100,0,20,81
9140,aftermath,discovery,0.1,0,0,100,0,20,81
9150,aftermath,discovery,0.1,0,0,100,0,20,81
9160,aftermath,discovery,0.1,0,0,100,0,20,81
9170,aftermath,discovery,0.1,0,0,100,0,20,81
9180,aftermath,discovery,0.1,0,0,100,0,20,81
9190,aftermath,discovery,0.1,0,0,100,0,20,81
9200,aftermath,discovery,0.1,0,0,100,0,20,81
9210,quiet,hunt,0.08,0,0,100,0,20,81
9220,quiet,hunt,0.08,0,0,100,0,20,81
9230,quiet,hunt,0.08,0,0,100,0,20,81
9240,quiet,hunt,0.08,0,0,100,0,20,81
9250,quiet,hunt,0.08,0,0,100,0,20,81
9260,peak,hunt,0.242,0.414542,0.016149,100,1,19,82
9270,peak,hunt,0.422,0.430292,0.037043,100,1,20,82
9280,peak,hunt,0.602,0.430292,0.05874,100,1,19,83
9290,peak,hunt,0.690536,0.383625,0.07887,100,0,19,83
9300,aftermath,hunt,0.489181,0.271625,0.053792,100,0,19,83
9310,aftermath,hunt,0.1,0,0,100,0,19,83
9320,aftermath,hunt,0.1,0,0,100,0,20,83
9330,aftermath,hunt,0.1,0,0,100,0,20,83
9340,aftermath,hunt,0.1,0,0,100,0,20,83
9350,aftermath,hunt,0.1,0,0,100,0,20,83
9360,aftermath,hunt,0.1,0,0,100,0,20,83
9370,aftermath,hunt,0.1,0,0,100,0,20,83
9380,aftermath,hunt,0.1,0,0,100,0,20,83
9390,aftermath,hunt,0.1,0,0,100,0,20,83
9400,quiet,voyage,0.08,0,0,100,0,20,83
9410,quiet,voyage,0.08,0,0,100,0,20,83
9420,quiet,voyage,0.08,0,0,100,0,20,83
9430,quiet,voyage,0.08,0,0,100,0,20,83
9440,quiet,voyage,0.08,0,0,100,0,20,83
9450,quiet,voyage,0.08,0,0,100,0,20,83
9460,opportunity,voyage,0.17,0,0,100,0,20,83
9470,opportunity,voyage,0.23,0,0,100,0,20,83
9480,opportunity,voyage,0.23,0,0,100,0,20,83
9490,opportunity,voyage,0.23,0,0,100,0,20,83
9500,opportunity,voyage,0.23,0,0,100,0,20,83
9510,opportunity,voyage,0.23,0,0,100,0,20,83
9520,opportunity,voyage,0.23,0,0,100,0,20,83
9530,opportunity,voyage,0.23,0,0,100,0,20,83
9540,opportunity,voyage,0.23,0,0,100,0,20,83
9550,opportunity,voyage,0.23,0,0,100,0,20,83
9560,opportunity,voyage,0.23,0,0,100,0,20,83
9570,opportunity,voyage,0.23,0,0,100,0,20,83
9580,peak,voyage,0.41,0.195,0.006,100,1,19,84
9590,peak,voyage,0.59,0.422417,0.026596,100,1,20,84
9600,peak,voyage,0.694242,0.438167,0.047988,100,1,20,84
9610,peak,voyage,0.691644,0.390042,0.069629,100,0,20,84
9620,peak,voyage,0.689382,0.37575,0.088486,100,0,20,84
9630,aftermath,voyage,0.239162,0.12375,0.008502,100,0,20,84
9640,aftermath,voyage,0.1,0,0,100,0,20,84
9650,aftermath,voyage,0.1,0,0,100,0,20,84
9660,aftermath,voyage,0.1,0,0,100,0,20,84
9670,aftermath,voyage,0.1,0,0,100,0,20,84
9680,aftermath,voyage,0.1,0,0,100,0,20,84
9690,aftermath,voyage,0.1,0,0,100,0,20,84
9700,aftermath,voyage,0.1,0,0,100,0,20,84
9710,aftermath,voyage,0.1,0,0,100,0,20,84
9720,quiet,hunt,0.08,0,0,100,0,20,84
9730,quiet,hunt,0.08,0,0,100,0,20,84
9740,quiet,hunt,0.08,0,0,100,0,20,84
9750,quiet,hunt,0.08,0,0,100,0,20,84
9760,quiet,hunt,0.08,0,0,100,0,20,84
9770,peak,hunt,0.26,0.422417,0.018596,100,1,20,85
9780,peak,hunt,0.44,0.438167,0.039988,100,1,19,86
9790,peak,hunt,0.62,0.430292,0.062139,100,1,19,86
9800,peak,hunt,0.7,0.383625,0.082068,100,0,19,86
9810,aftermath,hunt,0.45,0.243625,0.046042,100,0,20,86
9820,aftermath,hunt,0.1,0,0,100,0,20,86
9830,aftermath,hunt,0.1,0,0,100,0,20,86
9840,aftermath,hunt,0.1,0,0,100,0,20,86
9850,aftermath,hunt,0.1,0,0,100,0,20,86
9860,aftermath,hunt,0.1,0,0,100,0,20,86
9870,aftermath,hunt,0.1,0,0,100,0,20,86
9880,aftermath,hunt,0.1,0,0,100,0,20,86
9890,aftermath,hunt,0.1,0,0,100,0,20,86
9900,aftermath,hunt,0.1,0,0,100,0,20,86
9910,aftermath,hunt,0.1,0,0,100,0,20,86
9920,quiet,discovery,0.08,0,0,100,0,20,86
9930,quiet,discovery,0.08,0,0,100,0,20,86
9940,quiet,discovery,0.08,0,0,100,0,20,86
9950,quiet,discovery,0.08,0,0,100,0,20,86
9960,quiet,discovery,0.08,0,0,100,0,20,86
9970,quiet,discovery,0.08,0,0,100,0,20,86
9980,quiet,discovery,0.08,0,0,100,0,20,86
9990,quiet,discovery,0.08,0,0,100,0,20,86
10000,opportunity,discovery,0.152,0,0,100,0,20,86
10010,peak,discovery,0.332,0.414542,0.016149,100,1,19,87
10020,peak,discovery,0.512,0.430292,0.037043,100,1,19,87
10030,peak,discovery,0.692,0.430292,0.05874,100,1,19,87
10040,peak,discovery,0.7,0.383625,0.07887,100,0,19,88
10050,aftermath,discovery,0.5,0.271625,0.053792,100,0,19,88
10060,aftermath,discovery,0.1,0,0,100,0,19,88
10070,aftermath,discovery,0.1,0,0,100,0,19,88
10080,aftermath,discovery,0.1,0,0,100,0,20,88
10090,aftermath,discovery,0.1,0,0,100,0,20,88
10100,aftermath,discovery,0.1,0,0,100,0,20,88
10110,aftermath,discovery,0.1,0,0,100,0,20,88
10120,aftermath,discovery,0.1,0,0,100,0,20,88
10130,aftermath,discovery,0.1,0,0,100,0,20,88
10140,aftermath,discovery,0.1,0,0,100,0,20,88
10150,aftermath,discovery,0.1,0,0,100,0,20,88
10160,aftermath,discovery,0.1,0,0,100,0,20,88
10170,quiet,hunt,0.08,0,0,100,0,20,88
10180,quiet,hunt,0.08,0,0,100,0,20,88
10190,quiet,hunt,0.08,0,0,100,0,20,88
10200,quiet,hunt,0.08,0,0,100,0,0,88
10210,quiet,hunt,0.08,0,0,100,0,0,88
10220,opportunity,hunt,0.224,0,0,100,0,0,88
10230,opportunity,hunt,0.23,0,0,100,0,0,88
10240,opportunity,hunt,0.23,0,0,100,0,0,88
10250,opportunity,hunt,0.23,0,0,100,0,0,88
10260,opportunity,hunt,0.23,0,0,100,0,0,88
10270,opportunity,hunt,0.23,0,0,100,0,0,88
10280,opportunity,hunt,0.23,0,0,100,0,0,88
10290,opportunity,hunt,0.23,0,0,100,0,0,88
10300,build,hunt,0.284,0,0,100,0,0,88
10310,build,hunt,0.464,0,0,100,0,0,88
10320,build,hunt,0.585,0,0,100,0,0,88
10330,build,hunt,0.585,0,0,100,0,0,88
10340,build,hunt,0.585,0,0,100,0,0,88
10350,build,hunt,0.585,0,0,100,0,0,88
10360,build,hunt,0.585,0,0,100,0,0,88
10370,build,hunt,0.585,0,0,100,0,0,88
10380,build,hunt,0.585,0,0,100,0,0,88
10390,build,hunt,0.585,0,0,100,0,0,88
10400,build,hunt,0.603,0,0,100,0,0,88
10410,build,hunt,0.61,0,0,100,0,0,88
10420,build,hunt,0.61,0,0,100,0,0,88
10430,build,hunt,0.61,0,0,100,0,0,88
10440,opportunity,hunt,0.23,0,0,100,0,0,88
10450,opportunity,hunt,0.23,0,0,100,0,0,88
10460,opportunity,hunt,0.23,0,0,100,0,0,88
10470,opportunity,hunt,0.23,0,0,100,0,0,88
10480,opportunity,hunt,0.23,0,0,100,0,0,88
10490,opportunity,hunt,0.23,0,0,100,0,0,88
10500,opportunity,hunt,0.23,0,0,100,0,0,88
10510,opportunity,hunt,0.23,0,0,100,0,0,88
10520,build,hunt,0.284,0,0,100,0,0,88
10530,build,hunt,0.464,0,0,100,0,0,88
10540,build,hunt,0.61,0,0,100,0,0,88
10550,build,hunt,0.61,0,0,100,0,0,88
10560,build,hunt,0.61,0,0,100,0,0,88
10570,build,hunt,0.61,0,0,100,0,0,88
10580,build,hunt,0.61,0,0,100,0,0,89
10590,build,hunt,0.61,0,0,100,0,0,89
10600,build,hunt,0.61,0,0,100,0,0,89
10610,build,hunt,0.61,0,0,100,0,0,89
10620,build,hunt,0.61,0,0,100,0,1,89
10630,peak,hunt,0.7,0.414542,0.016248,100,1,0,90
10640,peak,hunt,0.7,0.430292,0.037342,100,1,0,90
10650,peak,hunt,0.7,0.438167,0.059188,100,1,0,90
10660,peak,hunt,0.7,0.37575,0.079325,100,0,0,90
10670,aftermath,hunt,0.5,0.26375,0.053994,100,0,1,90
10680,aftermath,hunt,0.1,0,0,100,0,1,90
10690,aftermath,hunt,0.1,0,0,100,0,1,90
10700,suspended:docked,hunt,,0,0,100,0,1,90
10710,suspended:docked,hunt,,0,0,100,0,2,90
10720,suspended:docked,hunt,,0,0,100,0,2,90
10730,suspended:docked,hunt,,0,0,100,0,2,90
10740,aftermath,hunt,0.08,0,0,100,0,2,90
10750,aftermath,hunt,0.08,0,0,100,0,2,90
10760,aftermath,hunt,0.1,0,0,100,0,2,91
10770,aftermath,hunt,0.1,0,0,100,0,2,91
10780,aftermath,hunt,0.1,0,0,100,0,2,91
10790,aftermath,hunt,0.1,0,0,100,0,2,91
10800,aftermath,hunt,0.1,0,0,100,0,3,91
10810,aftermath,hunt,0.1,0,0,100,0,2,92
10820,aftermath,hunt,0.1,0,0,100,0,2,92
10830,quiet,voyage,0.08,0,0,100,0,2,92
10840,quiet,voyage,0.08,0,0,100,0,2,92
10850,quiet,voyage,0.08,0,0,100,0,2,93
10860,quiet,voyage,0.08,0,0,100,0,2,93
10870,quiet,voyage,0.08,0,0,100,0,2,93
10880,quiet,voyage,0.08,0,0,100,0,2,93
10890,opportunity,voyage,0.098,0,0,100,0,3,93
10900,peak,voyage,0.266,0.13,0.004,100,1,2,94
10910,peak,voyage,0.446,0.422417,0.024596,100,1,2,94
10920,peak,voyage,0.626,0.438167,0.045988,100,1,2,94
10930,peak,voyage,0.7,0.418042,0.067886,100,0,2,94
10940,peak,voyage,0.7,0.37575,0.086773,100,0,3,94
10950,aftermath,voyage,0.3,0.15175,0.017714,100,0,3,94
10960,aftermath,voyage,0.1,0,0,100,0,3,94
10970,aftermath,voyage,0.1,0,0,100,0,3,94
10980,aftermath,voyage,0.1,0,0,100,0,4,94
10990,aftermath,voyage,0.1,0,0,100,0,4,94
11000,aftermath,voyage,0.1,0,0,100,0,4,94
11010,aftermath,voyage,0.1,0,0,100,0,4,94
11020,aftermath,voyage,0.1,0,0,100,0,4,94
11030,aftermath,voyage,0.1,0,0,100,0,5,94
11040,aftermath,voyage,0.1,0,0,100,0,5,94
11050,aftermath,voyage,0.1,0,0,100,0,5,94
11060,quiet,hunt,0.08,0,0,100,0,5,94
11070,quiet,hunt,0.08,0,0,100,0,6,94
11080,quiet,hunt,0.08,0,0,100,0,6,94
11090,quiet,hunt,0.08,0,0,100,0,6,94
11100,quiet,hunt,0.08,0,0,100,0,6,94
11110,opportunity,hunt,0.17,0,0,100,0,6,94
11120,opportunity,hunt,0.23,0,0,100,0,6,95
11130,opportunity,hunt,0.23,0,0,100,0,6,95
11140,opportunity,hunt,0.23,0,0,100,0,6,95
11150,opportunity,hunt,0.23,0,0,100,0,6,95
11160,opportunity,hunt,0.23,0,0,100,0,7,95
11170,opportunity,hunt,0.23,0,0,100,0,7,95
11180,opportunity,hunt,0.23,0,0,100,0,7,95
11190,opportunity,hunt,0.23,0,0,100,0,7,95
11200,peak,hunt,0.41,0.325,0.010248,100,1,6,96
11210,peak,hunt,0.59,0.430292,0.031342,100,1,6,97
11220,peak,hunt,0.693618,0.438167,0.053188,100,1,6,97
11230,peak,hunt,0.691074,0.383625,0.074382,100,0,6,97
11240,aftermath,hunt,0.639031,0.355625,0.082321,100,0,6,97
11250,aftermath,hunt,0.139031,0.075625,0,100,0,7,97
11260,aftermath,hunt,0.1,0,0,100,0,6,98
11270,aftermath,hunt,0.1,0,0,100,0,6,98
11280,aftermath,hunt,0.1,0,0,100,0,6,98
11290,aftermath,hunt,0.1,0,0,100,0,6,98
11300,aftermath,hunt,0.1,0,0,100,0,7,98
11310,aftermath,hunt,0.1,0,0,100,0,7,98
11320,aftermath,hunt,0.1,0,0,100,0,7,98
11330,aftermath,hunt,0.1,0,0,100,0,7,98
11340,quiet,discovery,0.08,0,0,100,0,8,98
11350,quiet,discovery,0.08,0,0,100,0,8,98
11360,quiet,discovery,0.08,0,0,100,0,8,98
11370,quiet,discovery,0.08,0,0,100,0,8,98
11380,quiet,discovery,0.08,0,0,100,0,8,98
11390,quiet,discovery,0.08,0,0,100,0,8,99
11400,quiet,discovery,0.08,0,0,100,0,8,99
11410,quiet,discovery,0.08,0,0,100,0,8,99
11420,opportunity,discovery,0.116,0,0,100,0,8,99
11430,peak,discovery,0.296,0.422417,0.018397,100,1,8,100
11440,peak,discovery,0.476,0.430292,0.03964,100,1,8,100
11450,peak,discovery,0.656,0.438167,0.061684,100,1,8,100
11460,peak,discovery,0.690215,0.37575,0.081546,100,0,8,100
11470,aftermath,discovery,0.439112,0.23575,0.045278,100,0,8,100
11480,aftermath,discovery,0.1,0,0,100,0,8,101
11490,aftermath,discovery,0.1,0,0,100,0,8,101
11500,aftermath,discovery,0.1,0,0,100,0,8,101
11510,aftermath,discovery,0.1,0,0,100,0,8,101
11520,aftermath,discovery,0.1,0,0,100,0,9,101
11530,aftermath,discovery,0.1,0,0,100,0,8,102
11540,aftermath,discovery,0.1,0,0,100,0,8,102
11550,aftermath,discovery,0.1,0,0,100,0,8,102
11560,aftermath,discovery,0.1,0,0,100,0,8,102
11570,quiet,hunt,0.08,0,0,100,0,9,102
11580,quiet,hunt,0.08,0,0,100,0,9,102
11590,quiet,hunt,0.08,0,0,100,0,9,102
11600,quiet,hunt,0.08,0,0,100,0,9,102
11610,quiet,hunt,0.08,0,0,100,0,10,102
11620,opportunity,hunt,0.098,0,0,100,0,10,102
11630,peak,hunt,0.278,0.325,0.010149,100,1,9,103
11640,peak,hunt,0.458,0.430292,0.031043,100,1,9,103
11650,peak,hunt,0.638,0.430292,0.05274,100,1,9,103
11660,peak,hunt,0.7,0.383625,0.073678,100,0,9,104
11670,aftermath,hunt,0.65,0.355625,0.081557,100,0,9,104
11680,aftermath,hunt,0.15,0.075625,0,100,0,9,104
11690,aftermath,hunt,0.1,0,0,100,0,9,104
11700,aftermath,hunt,0.1,0,0,100,0,10,104
11710,aftermath,hunt,0.1,0,0,100,0,10,104
11720,aftermath,hunt,0.1,0,0,100,0,10,104
11730,aftermath,hunt,0.1,0,0,100,0,10,104
11740,aftermath,hunt,0.1,0,0,100,0,10,104
11750,aftermath,hunt,0.1,0,0,100,0,11,104
11760,aftermath,hunt,0.1,0,0,100,0,11,104
11770,aftermath,hunt,0.1,0,0,100,0,11,104
11780,quiet,voyage,0.08,0,0,100,0,11,104
11790,quiet,voyage,0.08,0,0,100,0,12,104
11800,quiet,voyage,0.08,0,0,100,0,11,105
11810,quiet,voyage,0.08,0,0,100,0,11,105
11820,quiet,voyage,0.08,0,0,100,0,11,105
11830,quiet,voyage,0.08,0,0,100,0,11,105
11840,quiet,voyage,0.08,0,0,100,0,12,105
11850,opportunity,voyage,0.23,0,0,100,0,12,105
11860,opportunity,voyage,0.23,0,0,100,0,12,105
11870,opportunity,voyage,0.23,0,0,100,0,12,105
11880,opportunity,voyage,0.23,0,0,100,0,13,105
11890,opportunity,voyage,0.23,0,0,100,0,13,105
11900,opportunity,voyage,0.23,0,0,100,0,13,105
11910,opportunity,voyage,0.23,0,0,100,0,13,105
11920,opportunity,voyage,0.23,0,0,100,0,13,105
11930,opportunity,voyage,0.23,0,0,100,0,14,105
11940,opportunity,voyage,0.23,0,0,100,0,14,105
11950,opportunity,voyage,0.23,0,0,100,0,14,105
11960,peak,voyage,0.32,0.13,0.004,100,1,13,106
11970,peak,voyage,0.5,0.422417,0.024398,100,1,14,106
11980,peak,voyage,0.68,0.430292,0.04564,100,1,13,107
11990,peak,voyage,0.7,0.418042,0.067431,100,0,13,107
12000,peak,voyage,0.7,0.37575,0.086698,100,0,13,107
12010,aftermath,voyage,0.3,0.15175,0.017639,100,0,13,107
12020,aftermath,voyage,0.1,0,0,100,0,14,107
12030,aftermath,voyage,0.1,0,0,100,0,14,107
12040,aftermath,voyage,0.1,0,0,100,0,14,107
12050,aftermath,voyage,0.1,0,0,100,0,14,107
12060,aftermath,voyage,0.1,0,0,100,0,15,107
12070,aftermath,voyage,0.1,0,0,100,0,15,107
12080,aftermath,voyage,0.1,0,0,100,0,15,107
12090,aftermath,voyage,0.1,0,0,100,0,15,107
12100,aftermath,voyage,0.1,0,0,100,0,15,107
12110,quiet,hunt,0.08,0,0,100,0,16,107
12120,quiet,hunt,0.08,0,0,100,0,16,107
12130,quiet,hunt,0.08,0,0,100,0,16,107
12140,quiet,hunt,0.08,0,0,100,0,16,107
12150,quiet,hunt,0.08,0,0,100,0,17,107
12160,peak,hunt,0.206,0.26,0.008,100,1,16,108
12170,peak,hunt,0.386,0.422417,0.028596,100,1,16,108
12180,peak,hunt,0.566,0.438167,0.049988,100,1,16,108
12190,peak,hunt,0.7,0.383625,0.07137,100,0,16,108
12200,peak,hunt,0.7,0.37575,0.090198,100,0,17,108
12210,aftermath,hunt,0.2,0.09575,0,100,0,17,108
12220,aftermath,hunt,0.1,0,0,100,0,17,108
12230,aftermath,hunt,0.1,0,0,100,0,17,108
12240,aftermath,hunt,0.1,0,0,100,0,18,108
12250,aftermath,hunt,0.1,0,0,100,0,17,109
12260,aftermath,hunt,0.1,0,0,100,0,17,109
12270,aftermath,hunt,0.1,0,0,100,0,17,109
12280,aftermath,hunt,0.1,0,0,100,0,17,109
12290,aftermath,hunt,0.1,0,0,100,0,17,110
12300,recovery,hunt,0.05,0.065,0.003473,100,0,17,110
12310,recovery,hunt,0.025438,0.633,0.038019,100,0,17,110
12320,recovery,hunt,0.03,0.409,0,100,0,17,110
12330,recovery,hunt,0.03,0.245,0,100,0,18,110
12340,recovery,hunt,0.03,0,0,100,0,18,110
12350,recovery,hunt,0.03,0,0,100,0,18,110
12360,recovery,hunt,0.03,0,0,100,0,18,110
12370,recovery,hunt,0.03,0,0,100,0,18,110
12380,recovery,hunt,0.03,0,0,100,0,18,111
12390,aftermath,hunt,0.048,0,0,100,0,18,111
12400,aftermath,hunt,0.1,0,0,100,0,18,111
12410,aftermath,hunt,0.1,0,0,100,0,18,111
12420,aftermath,hunt,0.1,0,0,100,0,19,111
12430,aftermath,hunt,0.1,0,0,100,0,18,112
12440,aftermath,hunt,0.1,0,0,100,0,18,112
12450,aftermath,hunt,0.1,0,0,100,0,18,112
12460,aftermath,hunt,0.1,0,0,100,0,18,112
12470,aftermath,hunt,0.1,0,0,100,0,19,112
12480,aftermath,hunt,0.1,0,0,100,0,19,112
12490,aftermath,hunt,0.1,0,0,100,0,19,112
12500,suspended:docked,hunt,,0,0,100,0,19,112
12510,suspended:docked,hunt,,0,0,100,0,20,112
12520,suspended:docked,hunt,,0,0,100,0,20,112
12530,suspended:docked,hunt,,0,0,100,0,20,112
12540,aftermath,hunt,0.08,0,0,100,0,20,112
12550,quiet,discovery,0.08,0,0,100,0,20,112
12560,quiet,discovery,0.08,0,0,100,0,20,112
12570,quiet,discovery,0.08,0,0,100,0,20,112
12580,quiet,discovery,0.08,0,0,100,0,20,112
12590,quiet,discovery,0.08,0,0,100,0,20,112
12600,quiet,discovery,0.08,0,0,100,0,20,112
12610,quiet,discovery,0.08,0,0,100,0,20,112
12620,quiet,discovery,0.08,0,0,100,0,20,112
12630,opportunity,discovery,0.116,0,0,100,0,20,112
12640,opportunity,discovery,0.23,0,0,100,0,20,112
12650,opportunity,discovery,0.23,0,0,100,0,20,112
12660,opportunity,discovery,0.23,0,0,100,0,20,112
12670,opportunity,discovery,0.23,0,0,100,0,20,112
12680,opportunity,discovery,0.23,0,0,100,0,20,112
12690,opportunity,discovery,0.23,0,0,100,0,20,112
12700,opportunity,discovery,0.23,0,0,100,0,20,112
12710,opportunity,discovery,0.23,0,0,100,0,20,112
12720,opportunity,discovery,0.23,0,0,100,0,20,112
12730,opportunity,discovery,0.23,0,0,100,0,20,112
12740,opportunity,discovery,0.23,0,0,100,0,20,112
12750,opportunity,discovery,0.23,0,0,100,0,20,112
12760,opportunity,discovery,0.23,0,0,100,0,20,112
12770,opportunity,discovery,0.23,0,0,100,0,20,112
12780,opportunity,discovery,0.23,0,0,100,1,19,113
12790,peak,discovery,0.41,0.414542,0.020248,100,1,19,113
12800,peak,discovery,0.59,0.430292,0.041342,100,1,19,113
12810,peak,discovery,0.7,0.438167,0.063188,100,1,19,113
12820,peak,discovery,0.7,0.37575,0.082769,100,0,19,113
12830,aftermath,discovery,0.4,0.20775,0.035568,100,0,20,113
12840,aftermath,discovery,0.1,0,0,100,0,20,113
12850,aftermath,discovery,0.1,0,0,100,0,20,113
12860,aftermath,discovery,0.1,0,0,100,0,20,113
12870,aftermath,discovery,0.1,0,0,100,0,20,113
12880,aftermath,discovery,0.1,0,0,100,0,20,113
12890,aftermath,discovery,0.1,0,0,100,0,20,113
12900,aftermath,discovery,0.1,0,0,100,0,20,113
12910,aftermath,discovery,0.1,0,0,100,0,20,113
12920,aftermath,discovery,0.1,0,0,100,0,20,113
12930,aftermath,discovery,0.1,0,0,100,0,20,113
12940,aftermath,discovery,0.1,0,0,100,0,20,113
12950,aftermath,discovery,0.1,0,0,100,0,20,113
12960,quiet,hunt,0.08,0,0,100,0,20,113
12970,quiet,hunt,0.08,0,0,100,0,20,113
12980,quiet,hunt,0.08,0,0,100,0,20,113
12990,quiet,hunt,0.08,0,0,100,0,20,113
13000,quiet,hunt,0.08,0,0,100,0,20,113
13010,peak,hunt,0.224,0.39,0.012149,100,1,20,114
13020,peak,hunt,0.404,0.430292,0.033043,100,1,20,114
13030,peak,hunt,0.584,0.430292,0.05474,100,1,20,114
13040,peak,hunt,0.690951,0.383625,0.075412,100,0,20,114
13050,aftermath,hunt,0.589142,0.327625,0.072302,100,0,20,114
13060,aftermath,hunt,0.1,0.047625,0,100,0,20,114
13070,aftermath,hunt,0.1,0,0,100,0,20,114
13080,aftermath,hunt,0.1,0,0,100,0,20,114
13090,aftermath,hunt,0.1,0,0,100,0,20,114
13100,aftermath,hunt,0.1,0,0,100,0,20,114
13110,aftermath,hunt,0.1,0,0,100,0,20,114
13120,aftermath,hunt,0.1,0,0,100,0,20,114
13130,aftermath,hunt,0.1,0,0,100,0,20,114
13140,aftermath,hunt,0.1,0,0,100,0,20,114
13150,quiet,discovery,0.08,0,0,100,0,20,114
13160,quiet,discovery,0.08,0,0,100,0,20,114
13170,quiet,discovery,0.08,0,0,100,0,20,114
13180,quiet,discovery,0.08,0,0,100,0,20,114
13190,quiet,discovery,0.08,0,0,100,0,20,114
13200,quiet,discovery,0.08,0,0,100,0,20,114
13210,quiet,discovery,0.08,0,0,100,0,20,114
13220,quiet,discovery,0.08,0,0,100,0,20,114
13230,opportunity,discovery,0.134,0,0,100,0,20,114
13240,opportunity,discovery,0.23,0,0,100,0,20,114
13250,opportunity,discovery,0.23,0,0,100,0,20,114
13260,opportunity,discovery,0.23,0,0,100,0,20,114
13270,opportunity,discovery,0.23,0,0,100,0,20,114
13280,opportunity,discovery,0.23,0,0,100,0,20,114
13290,opportunity,discovery,0.23,0,0,100,0,20,114
13300,opportunity,discovery,0.23,0,0,100,0,20,114
13310,opportunity,discovery,0.23,0,0,100,0,20,114
13320,opportunity,discovery,0.23,0,0,100,0,20,114
13330,opportunity,discovery,0.23,0,0,100,0,20,114
13340,opportunity,discovery,0.23,0,0,100,0,20,114
13350,opportunity,discovery,0.23,0,0,100,0,20,114
13360,opportunity,discovery,0.23,0,0,100,0,20,114
13370,opportunity,discovery,0.23,0,0,100,0,20,114
13380,opportunity,discovery,0.23,0,0,100,0,20,114
13390,peak,discovery,0.374,0.414542,0.014248,100,1,19,115
13400,peak,discovery,0.554,0.430292,0.035342,100,1,19,115
13410,peak,discovery,0.693138,0.438167,0.057187,100,1,20,115
13420,peak,discovery,0.690688,0.37575,0.077597,100,0,19,116
13430,aftermath,discovery,0.539142,0.29175,0.063207,100,0,19,116
13440,aftermath,discovery,0.1,0.01175,0,100,0,19,116
13450,aftermath,discovery,0.1,0,0,100,0,19,116
13460,aftermath,discovery,0.1,0,0,100,0,20,116
13470,aftermath,discovery,0.1,0,0,100,0,20,116
13480,aftermath,discovery,0.1,0,0,100,0,20,116
13490,aftermath,discovery,0.1,0,0,100,0,20,116
13500,aftermath,discovery,0.1,0,0,100,0,20,116
13510,aftermath,discovery,0.1,0,0,100,0,20,116
13520,aftermath,discovery,0.1,0,0,100,0,20,116
13530,aftermath,discovery,0.1,0,0,100,0,20,116
13540,quiet,hunt,0.08,0,0,100,0,20,116
13550,quiet,hunt,0.08,0,0,100,0,20,116
13560,quiet,hunt,0.08,0,0,100,0,20,116
13570,quiet,hunt,0.08,0,0,100,0,20,116
13580,quiet,hunt,0.08,0,0,100,0,20,116
13590,opportunity,hunt,0.23,0,0,100,0,20,116
13600,opportunity,hunt,0.23,0,0,100,0,20,116
13610,peak,hunt,0.302,0.26,0.008149,100,1,19,117
13620,peak,hunt,0.482,0.430292,0.029043,100,1,19,117
13630,peak,hunt,0.662,0.430292,0.05074,100,1,19,117
13640,peak,hunt,0.7,0.383625,0.071941,100,0,20,117
13650,peak,hunt,0.7,0.367875,0.090728,100,0,20,117
13660,aftermath,hunt,0.2,0.087875,0,100,0,20,117
13670,aftermath,hunt,0.1,0,0,100,0,20,117
13680,aftermath,hunt,0.1,0,0,100,0,20,117
13690,aftermath,hunt,0.1,0,0,100,0,20,117
13700,aftermath,hunt,0.1,0,0,100,0,20,117
13710,aftermath,hunt,0.1,0,0,100,0,20,117
13720,aftermath,hunt,0.1,0,0,100,0,20,117
13730,aftermath,hunt,0.1,0,0,100,0,20,117
13740,aftermath,hunt,0.1,0,0,100,0,20,117
13750,aftermath,hunt,0.1,0,0,100,0,20,117
13760,quiet,discovery,0.08,0,0,100,0,20,117
13770,quiet,discovery,0.08,0,0,100,0,20,117
13780,quiet,discovery,0.08,0,0,100,0,20,117
13790,quiet,discovery,0.08,0,0,100,0,20,117
13800,quiet,discovery,0.08,0,0,100,0,20,117
13810,quiet,discovery,0.08,0,0,100,0,20,117
13820,quiet,discovery,0.08,0,0,100,0,20,117
13830,quiet,discovery,0.08,0,0,100,0,20,117
13840,quiet,discovery,0.08,0,0,100,0,20,117
13850,opportunity,discovery,0.23,0,0,100,0,20,117
13860,opportunity,discovery,0.23,0,0,100,0,20,117
13870,opportunity,discovery,0.23,0,0,100,0,20,117
13880,opportunity,discovery,0.23,0,0,100,0,20,117
13890,opportunity,discovery,0.23,0,0,100,0,20,117
13900,opportunity,discovery,0.23,0,0,100,0,20,117
13910,opportunity,discovery,0.23,0,0,100,0,20,117
13920,opportunity,discovery,0.23,0,0,100,0,20,117
13930,opportunity,discovery,0.23,0,0,100,0,20,117
13940,opportunity,discovery,0.23,0,0,100,0,20,117
13950,opportunity,discovery,0.23,0,0,100,0,20,117
13960,opportunity,discovery,0.23,0,0,100,0,20,117
13970,opportunity,discovery,0.23,0,0,100,0,20,117
13980,opportunity,discovery,0.23,0,0,100,0,20,117
13990,peak,discovery,0.284,0.195,0.006,100,1,19,118
14000,peak,discovery,0.464,0.422417,0.026596,100,1,20,118
14010,peak,discovery,0.644,0.438167,0.047988,100,1,20,118
14020,peak,discovery,0.7,0.390042,0.069629,100,0,20,118
14030,peak,discovery,0.7,0.37575,0.088486,100,0,20,118
14040,aftermath,discovery,0.25,0.12375,0.008502,100,0,20,118
14050,aftermath,discovery,0.1,0,0,100,0,20,118
14060,aftermath,discovery,0.1,0,0,100,0,20,118
14070,aftermath,discovery,0.1,0,0,100,0,20,118
14080,aftermath,discovery,0.1,0,0,100,0,20,118
14090,aftermath,discovery,0.1,0,0,100,0,20,118
14100,aftermath,discovery,0.1,0,0,100,0,20,118
14110,aftermath,discovery,0.1,0,0,100,0,20,118
14120,aftermath,discovery,0.1,0,0,100,0,20,118
14130,aftermath,discovery,0.1,0,0,100,0,20,118
14140,aftermath,discovery,0.1,0,0,100,0,20,118
14150,quiet,hunt,0.08,0,0,100,0,20,118
14160,quiet,hunt,0.08,0,0,100,0,20,118
14170,quiet,hunt,0.08,0,0,100,0,20,118
14180,quiet,hunt,0.08,0,0,100,0,20,118
14190,quiet,hunt,0.08,0,0,100,0,20,118
14200,opportunity,hunt,0.134,0,0,100,0,20,118
14210,peak,hunt,0.284,0.195,0.006149,100,1,19,119
14220,peak,hunt,0.464,0.430292,0.027043,100,1,20,119
14230,peak,hunt,0.644,0.430292,0.04874,100,1,20,119
14240,peak,hunt,0.7,0.3915,0.07035,100,0,20,119
14250,peak,hunt,0.7,0.37575,0.08966,100,0,20,119
14260,aftermath,hunt,0.25,0.12375,0.009679,100,0,20,119
14270,aftermath,hunt,0.1,0,0,100,0,20,119
14280,aftermath,hunt,0.1,0,0,100,0,20,119
14290,aftermath,hunt,0.1,0,0,100,0,20,119
14300,suspended:docked,hunt,,0,0,100,0,20,119
14310,suspended:docked,hunt,,0,0,100,0,20,119
14320,suspended:docked,hunt,,0,0,100,0,20,119
14330,suspended:docked,hunt,,0,0,100,0,20,119
14340,aftermath,hunt,0.08,0,0,100,0,20,119
14350,aftermath,hunt,0.08,0,0,100,0,20,119
14360,aftermath,hunt,0.1,0,0,100,0,20,119
14370,aftermath,hunt,0.1,0,0,100,0,20,119
14380,aftermath,hunt,0.1,0,0,100,0,20,119
14390,aftermath,hunt,0.1,0,0,100,0,20,119
14400,aftermath,hunt,0.1,0,0,100,0,20,119
14410,quiet,discovery,0.08,0,0,100,0,20,119
14420,quiet,discovery,0.08,0,0,100,0,20,119
14430,quiet,discovery,0.08,0,0,100,0,20,119
14440,quiet,discovery,0.08,0,0,100,0,20,119
14450,quiet,discovery,0.08,0,0,100,0,20,119
14460,quiet,discovery,0.08,0,0,100,0,20,119
14470,quiet,discovery,0.08,0,0,100,0,20,119
14480,quiet,discovery,0.08,0,0,100,0,20,119
14490,quiet,discovery,0.08,0,0,100,0,20,119
14500,opportunity,discovery,0.188,0,0,100,0,20,119
14510,opportunity,discovery,0.23,0,0,100,0,20,119
14520,opportunity,discovery,0.23,0,0,100,0,20,119
14530,opportunity,discovery,0.23,0,0,100,0,20,119
14540,opportunity,discovery,0.23,0,0,100,0,20,119
14550,opportunity,discovery,0.23,0,0,100,0,20,119
14560,opportunity,discovery,0.23,0,0,100,0,20,119
14570,opportunity,discovery,0.23,0,0,100,0,20,119
14580,opportunity,discovery,0.23,0,0,100,0,20,119
14590,peak,discovery,0.266,0.13,0.004,100,1,19,120
14600,peak,discovery,0.446,0.422417,0.024596,100,1,19,120
14610,peak,discovery,0.626,0.438167,0.045988,100,1,19,120
14620,peak,discovery,0.7,0.418042,0.067886,100,0,19,120
14630,peak,discovery,0.7,0.37575,0.086773,100,0,20,120
14640,aftermath,discovery,0.3,0.15175,0.017714,100,0,20,120
14650,aftermath,discovery,0.1,0,0,100,0,20,120
14660,aftermath,discovery,0.1,0,0,100,0,20,120
14670,aftermath,discovery,0.1,0,0,100,0,20,120
14680,aftermath,discovery,0.1,0,0,100,0,20,120
14690,aftermath,discovery,0.1,0,0,100,0,20,120
14700,aftermath,discovery,0.1,0,0,100,0,20,120
14710,aftermath,discovery,0.1,0,0,100,0,20,120
14720,aftermath,discovery,0.1,0,0,100,0,20,120
14730,aftermath,discovery,0.1,0,0,100,0,20,120
14740,aftermath,discovery,0.1,0,0,100,0,20,120
14750,aftermath,discovery,0.1,0,0,100,0,20,120
14760,aftermath,discovery,0.1,0,0,100,0,20,120
14770,quiet,hunt,0.08,0,0,100,0,20,120
14780,quiet,hunt,0.08,0,0,100,0,20,120
14790,quiet,hunt,0.08,0,0,100,0,20,120
14800,quiet,hunt,0.08,0,0,100,0,20,120
14810,quiet,hunt,0.08,0,0,100,0,20,120
14820,peak,hunt,0.26,0.422417,0.016397,100,1,19,121
14830,peak,hunt,0.44,0.430292,0.03764,100,1,19,121
14840,peak,hunt,0.62,0.438167,0.059684,100,1,19,121
14850,peak,hunt,0.690421,0.37575,0.079821,100,0,20,121
14860,aftermath,hunt,0.489097,0.26375,0.054491,100,0,20,121
14870,aftermath,hunt,0.1,0,0,100,0,20,121
14880,aftermath,hunt,0.1,0,0,100,0,20,121
14890,aftermath,hunt,0.1,0,0,100,0,20,121
14900,aftermath,hunt,0.1,0,0,100,0,20,121
14910,aftermath,hunt,0.1,0,0,100,0,20,121
14920,aftermath,hunt,0.1,0,0,100,0,20,121
14930,aftermath,hunt,0.1,0,0,100,0,20,121
14940,aftermath,hunt,0.1,0,0,100,0,20,121
14950,aftermath,hunt,0.1,0,0,100,0,20,121
14960,quiet,voyage,0.08,0,0,100,0,20,121
14970,quiet,voyage,0.08,0,0,100,0,20,121
14980,quiet,voyage,0.08,0,0,100,0,20,121
14990,quiet,voyage,0.08,0,0,100,0,20,121
15000,quiet,voyage,0.08,0,0,100,0,20,121
15010,quiet,voyage,0.08,0,0,100,0,20,121
15020,opportunity,voyage,0.17,0,0,100,0,20,121
15030,opportunity,voyage,0.23,0,0,100,0,20,121
15040,opportunity,voyage,0.23,0,0,100,0,20,121
15050,opportunity,voyage,0.23,0,0,100,0,20,121
15060,opportunity,voyage,0.23,0,0,100,0,20,121
15070,opportunity,voyage,0.23,0,0,100,0,20,121
15080,opportunity,voyage,0.23,0,0,100,0,20,121
15090,opportunity,voyage,0.23,0,0,100,0,20,121
15100,opportunity,voyage,0.23,0,0,100,0,20,121
15110,opportunity,voyage,0.23,0,0,100,0,20,121
15120,opportunity,voyage,0.23,0,0,100,0,20,121
15130,opportunity,voyage,0.23,0,0,100,0,20,121
15140,build,voyage,0.41,0,0,100,0,20,121
15150,build,voyage,0.56,0,0,100,0,20,121
15160,build,voyage,0.56,0,0,100,0,20,121
15170,build,voyage,0.56,0,0,100,0,20,121
15180,build,voyage,0.56,0,0,100,1,19,122
15190,peak,voyage,0.69757,0.414542,0.020248,100,1,19,122
15200,peak,voyage,0.695039,0.430292,0.041342,100,1,19,122
15210,peak,voyage,0.692417,0.438167,0.063188,100,1,20,122
15220,peak,voyage,0.690068,0.37575,0.082769,100,0,20,122
15230,aftermath,voyage,0.389186,0.20775,0.035568,100,0,20,122
15240,aftermath,voyage,0.1,0,0,100,0,20,122
15250,aftermath,voyage,0.1,0,0,100,0,20,122
15260,aftermath,voyage,0.1,0,0,100,0,20,122
15270,aftermath,voyage,0.1,0,0,100,0,20,122
15280,aftermath,voyage,0.1,0,0,100,0,20,122
15290,aftermath,voyage,0.1,0,0,100,0,20,122
15300,aftermath,voyage,0.1,0,0,100,0,20,122
15310,aftermath,voyage,0.1,0,0,100,0,20,122
15320,quiet,hunt,0.08,0,0,100,0,20,122
15330,quiet,hunt,0.08,0,0,100,0,20,122
15340,quiet,hunt,0.08,0,0,100,0,20,122
15350,quiet,hunt,0.08,0,0,100,0,20,122
15360,quiet,hunt,0.08,0,0,100,0,20,122
15370,peak,hunt,0.206,0.39,0.012248,100,1,19,123
15380,peak,hunt,0.386,0.430292,0.033342,100,1,19,123
15390,peak,hunt,0.566,0.438167,0.055187,100,1,20,123
15400,peak,hunt,0.7,0.37575,0.075867,100,0,19,124
15410,aftermath,hunt,0.6,0.31975,0.072419,100,0,19,124
15420,aftermath,hunt,0.1,0.03975,0,100,0,19,124
15430,aftermath,hunt,0.1,0,0,100,0,19,124
15440,aftermath,hunt,0.1,0,0,100,0,20,124
15450,aftermath,hunt,0.1,0,0,100,0,20,124
15460,aftermath,hunt,0.1,0,0,100,0,20,124
15470,aftermath,hunt,0.1,0,0,100,0,20,124
15480,aftermath,hunt,0.1,0,0,100,0,20,124
15490,aftermath,hunt,0.1,0,0,100,0,20,124
15500,aftermath,hunt,0.1,0,0,100,0,20,124
15510,aftermath,hunt,0.1,0,0,100,0,20,124
15520,quiet,discovery,0.08,0,0,100,0,20,124
15530,quiet,discovery,0.08,0,0,100,0,20,124
15540,quiet,discovery,0.08,0,0,100,0,20,124
15550,quiet,discovery,0.08,0,0,100,0,20,124
15560,quiet,discovery,0.08,0,0,100,0,20,124
15570,quiet,discovery,0.08,0,0,100,0,20,124
15580,quiet,discovery,0.08,0,0,100,0,20,124
15590,quiet,discovery,0.08,0,0,100,0,20,124
15600,opportunity,discovery,0.098,0,0,100,1,19,125
15610,peak,discovery,0.278,0.414542,0.020248,100,1,19,125
15620,peak,discovery,0.458,0.430292,0.041342,100,1,19,126
15630,peak,discovery,0.638,0.438167,0.063188,100,1,19,126
15640,peak,discovery,0.7,0.37575,0.082769,100,0,19,126
15650,aftermath,discovery,0.4,0.20775,0.035568,100,0,19,126
15660,aftermath,discovery,0.1,0,0,100,0,20,126
15670,aftermath,discovery,0.1,0,0,100,0,19,127
15680,aftermath,discovery,0.1,0,0,100,0,19,127
15690,aftermath,discovery,0.1,0,0,100,0,19,127
15700,aftermath,discovery,0.1,0,0,100,0,19,127
15710,aftermath,discovery,0.1,0,0,100,0,20,127
15720,aftermath,discovery,0.1,0,0,100,0,20,127
15730,aftermath,discovery,0.1,0,0,100,0,20,127
15740,aftermath,discovery,0.1,0,0,100,0,20,127
15750,aftermath,discovery,0.1,0,0,100,0,20,127
15760,aftermath,discovery,0.1,0,0,100,0,20,127
15770,quiet,hunt,0.08,0,0,100,0,20,127
15780,quiet,hunt,0.08,0,0,100,0,20,127
15790,quiet,hunt,0.08,0,0,100,0,20,127
15800,quiet,hunt,0.08,0,0,100,0,20,127
15810,quiet,hunt,0.08,0,0,100,0,20,127
15820,opportunity,hunt,0.23,0,0,100,0,20,127
15830,opportunity,hunt,0.23,0,0,100,0,20,127
15840,opportunity,hunt,0.23,0,0,100,0,20,127
15850,opportunity,hunt,0.23,0,0,100,0,20,127
15860,opportunity,hunt,0.23,0,0,100,0,20,127
15870,opportunity,hunt,0.23,0,0,100,0,20,127
15880,opportunity,hunt,0.23,0,0,100,0,20,127
15890,opportunity,hunt,0.23,0,0,100,0,20,127
15900,recovery,hunt,0.252,0.13,0.005772,100,1,19,128
15910,recovery,hunt,0.024751,0.695417,0.043743,100,1,19,128
15920,recovery,hunt,0.020093,0.711167,0.082558,100,1,19,128
15930,recovery,hunt,0.02,0.691042,0.120318,100,0,20,128
15940,recovery,hunt,0.02,0.411042,0.141763,100,0,20,128
15950,recovery,hunt,0.021224,0.143875,0.073134,100,0,20,128
15960,recovery,hunt,0.03,0,0,100,0,20,128
15970,recovery,hunt,0.03,0,0,100,0,20,128
15980,recovery,hunt,0.03,0,0,100,0,20,128
15990,aftermath,hunt,0.048,0,0,100,0,20,128
16000,aftermath,hunt,0.1,0,0,100,0,20,128
16010,aftermath,hunt,0.1,0,0,100,0,20,128
16020,aftermath,hunt,0.1,0,0,100,0,20,128
16030,aftermath,hunt,0.1,0,0,100,0,20,128
16040,aftermath,hunt,0.1,0,0,100,0,20,128
16050,aftermath,hunt,0.1,0,0,100,0,20,128
16060,aftermath,hunt,0.1,0,0,100,0,20,128
16070,aftermath,hunt,0.1,0,0,100,0,20,128
16080,aftermath,hunt,0.1,0,0,100,0,20,128
16090,aftermath,hunt,0.1,0,0,100,0,20,128
16100,suspended:docked,hunt,,0,0,100,0,20,128
16110,suspended:docked,hunt,,0,0,100,0,20,128
16120,suspended:docked,hunt,,0,0,100,0,20,128
16130,suspended:docked,hunt,,0,0,100,0,20,128
16140,aftermath,hunt,0.08,0,0,100,0,20,128
16150,quiet,discovery,0.08,0,0,100,0,20,128
16160,quiet,discovery,0.08,0,0,100,0,20,128
16170,quiet,discovery,0.08,0,0,100,0,20,128
16180,quiet,discovery,0.08,0,0,100,0,20,128
16190,quiet,discovery,0.08,0,0,100,0,20,128
16200,quiet,discovery,0.08,0,0,100,0,20,128
16210,quiet,discovery,0.08,0,0,100,0,20,128
16220,quiet,discovery,0.08,0,0,100,0,20,128
16230,peak,discovery,0.116,0.065,0.00205,100,1,19,129
16240,peak,discovery,0.296,0.422417,0.022795,100,1,19,129
16250,peak,discovery,0.476,0.438167,0.044385,100,1,19,130
16260,peak,discovery,0.656,0.438167,0.066686,100,1,19,130
16270,peak,discovery,0.7,0.37575,0.08606,100,0,19,130
16280,aftermath,discovery,0.35,0.17975,0.027945,100,0,19,130
16290,aftermath,discovery,0.1,0,0,100,0,20,130
16300,aftermath,discovery,0.1,0,0,100,0,19,131
16310,aftermath,discovery,0.1,0,0,100,0,19,131
16320,aftermath,discovery,0.1,0,0,100,0,19,131
16330,aftermath,discovery,0.1,0,0,100,0,19,131
16340,aftermath,discovery,0.1,0,0,100,0,19,132
16350,aftermath,discovery,0.1,0,0,100,0,19,132
16360,aftermath,discovery,0.1,0,0,100,0,19,132
16370,aftermath,discovery,0.1,0,0,100,0,19,132
16380,aftermath,discovery,0.1,0,0,100,0,20,132
16390,aftermath,discovery,0.1,0,0,100,0,20,132
16400,aftermath,discovery,0.1,0,0,100,0,20,132
16410,quiet,hunt,0.08,0,0,100,0,20,132
16420,quiet,hunt,0.08,0,0,100,0,20,132
16430,quiet,hunt,0.08,0,0,100,0,20,132
16440,quiet,hunt,0.08,0,0,100,0,20,132
16450,quiet,hunt,0.08,0,0,100,0,20,132
16460,peak,hunt,0.242,0.39,0.012149,100,1,19,133
16470,peak,hunt,0.422,0.430292,0.033043,100,1,20,133
16480,peak,hunt,0.602,0.430292,0.05474,100,1,20,133
16490,peak,hunt,0.7,0.383625,0.075412,100,0,20,133
16500,aftermath,hunt,0.6,0.327625,0.072302,100,0,20,133
16510,aftermath,hunt,0.1,0.047625,0,100,0,20,133
16520,aftermath,hunt,0.1,0,0,100,0,20,133
16530,aftermath,hunt,0.1,0,0,100,0,20,133
16540,aftermath,hunt,0.1,0,0,100,0,20,133
16550,aftermath,hunt,0.1,0,0,100,0,20,133
16560,aftermath,hunt,0.1,0,0,100,0,20,133
16570,aftermath,hunt,0.1,0,0,100,0,20,133
16580,aftermath,hunt,0.1,0,0,100,0,20,133
16590,aftermath,hunt,0.1,0,0,100,0,20,133
16600,aftermath,hunt,0.1,0,0,100,0,20,133
16610,aftermath,hunt,0.1,0,0,100,0,20,133
16620,quiet,voyage,0.08,0,0,100,0,20,133
16630,quiet,voyage,0.08,0,0,100,0,20,133
16640,quiet,voyage,0.08,0,0,100,0,20,133
16650,quiet,voyage,0.08,0,0,100,0,20,133
16660,quiet,voyage,0.08,0,0,100,0,20,133
16670,quiet,voyage,0.08,0,0,100,0,20,133
16680,quiet,voyage,0.08,0,0,100,0,20,133
16690,opportunity,voyage,0.23,0,0,100,0,20,133
16700,opportunity,voyage,0.23,0,0,100,0,20,133
16710,opportunity,voyage,0.23,0,0,100,0,20,133
16720,opportunity,voyage,0.23,0,0,100,0,20,133
16730,opportunity,voyage,0.23,0,0,100,0,20,133
16740,opportunity,voyage,0.23,0,0,100,0,20,133
16750,opportunity,voyage,0.23,0,0,100,0,20,133
16760,opportunity,voyage,0.23,0,0,100,0,20,133
16770,opportunity,voyage,0.23,0,0,100,0,20,133
16780,opportunity,voyage,0.23,0,0,100,0,20,133
16790,opportunity,voyage,0.23,0,0,100,0,20,133
16800,peak,voyage,0.302,0.195,0.00605,100,1,19,134
16810,peak,voyage,0.482,0.422417,0.026795,100,1,19,134
16820,peak,voyage,0.662,0.438167,0.048385,100,1,19,134
16830,peak,voyage,0.691585,0.390042,0.070126,100,0,20,134
16840,peak,voyage,0.689327,0.367875,0.08894,100,0,20,134
16850,aftermath,voyage,0.239112,0.115875,0.008914,100,0,20,134
16860,aftermath,voyage,0.1,0,0,100,0,20,134
16870,aftermath,voyage,0.1,0,0,100,0,20,134
16880,aftermath,voyage,0.1,0,0,100,0,20,134
16890,aftermath,voyage,0.1,0,0,100,0,20,134
16900,aftermath,voyage,0.1,0,0,100,0,20,134
16910,aftermath,voyage,0.1,0,0,100,0,20,134
16920,aftermath,voyage,0.1,0,0,100,0,20,134
16930,aftermath,voyage,0.1,0,0,100,0,20,134
16940,quiet,hunt,0.08,0,0,100,0,20,134
16950,quiet,hunt,0.08,0,0,100,0,20,134
16960,quiet,hunt,0.08,0,0,100,0,20,134
16970,quiet,hunt,0.08,0,0,100,0,20,134
16980,quiet,hunt,0.08,0,0,100,0,20,134
16990,peak,hunt,0.26,0.414542,0.018248,100,1,19,135
17000,peak,hunt,0.44,0.430292,0.039342,100,1,19,135
17010,peak,hunt,0.62,0.438167,0.061188,100,1,20,135
17020,peak,hunt,0.690274,0.37575,0.081049,100,0,20,135
17030,aftermath,hunt,0.439172,0.23575,0.044781,100,0,20,135
17040,aftermath,hunt,0.1,0,0,100,0,20,135
17050,aftermath,hunt,0.1,0,0,100,0,20,135
17060,aftermath,hunt,0.1,0,0,100,0,20,135
17070,aftermath,hunt,0.1,0,0,100,0,20,135
17080,aftermath,hunt,0.1,0,0,100,0,20,135
17090,aftermath,hunt,0.1,0,0,100,0,20,135
17100,aftermath,hunt,0.1,0,0,100,0,20,135
17110,aftermath,hunt,0.1,0,0,100,0,20,135
17120,quiet,discovery,0.08,0,0,100,0,20,135
17130,quiet,discovery,0.08,0,0,100,0,20,135
17140,quiet,discovery,0.08,0,0,100,0,20,135
17150,quiet,discovery,0.08,0,0,100,0,20,135
17160,quiet,discovery,0.08,0,0,100,0,20,135
17170,quiet,discovery,0.08,0,0,100,0,20,135
17180,quiet,discovery,0.08,0,0,100,0,20,135
17190,quiet,discovery,0.08,0,0,100,0,20,135
17200,quiet,discovery,0.08,0,0,100,0,20,135
17210,peak,discovery,0.188,0.325,0.010149,100,1,19,136
17220,peak,discovery,0.368,0.430292,0.031043,100,1,19,136
17230,peak,discovery,0.548,0.430292,0.05274,100,1,19,136
17240,peak,discovery,0.7,0.383625,0.073678,100,0,20,136
17250,aftermath,discovery,0.65,0.355625,0.081557,100,0,20,136
17260,aftermath,discovery,0.15,0.075625,0,100,0,20,136
17270,aftermath,discovery,0.1,0,0,100,0,20,136
17280,aftermath,discovery,0.1,0,0,100,0,20,136
17290,aftermath,discovery,0.1,0,0,100,0,20,136
17300,aftermath,discovery,0.1,0,0,100,0,20,136
17310,aftermath,discovery,0.1,0,0,100,0,20,136
17320,aftermath,discovery,0.1,0,0,100,0,20,136
17330,aftermath,discovery,0.1,0,0,100,0,20,136
17340,aftermath,discovery,0.1,0,0,100,0,20,136
17350,aftermath,discovery,0.1,0,0,100,0,20,136
17360,aftermath,discovery,0.1,0,0,100,0,20,136
17370,quiet,hunt,0.08,0,0,100,0,20,136
17380,quiet,hunt,0.08,0,0,100,0,20,136
17390,quiet,hunt,0.08,0,0,100,0,20,136
17400,quiet,hunt,0.08,0,0,100,0,0,136
17410,quiet,hunt,0.08,0,0,100,0,0,136
17420,opportunity,hunt,0.17,0,0,100,0,0,136
17430,opportunity,hunt,0.23,0,0,100,0,0,136
17440,opportunity,hunt,0.23,0,0,100,0,0,136
17450,opportunity,hunt,0.23,0,0,100,0,0,136
17460,opportunity,hunt,0.23,0,0,100,0,0,136
17470,opportunity,hunt,0.23,0,0,100,0,0,136
17480,opportunity,hunt,0.23,0,0,100,0,0,136
17490,opportunity,hunt,0.23,0,0,100,0,0,136
17500,opportunity,hunt,0.23,0,0,100,0,0,136
17510,build,hunt,0.41,0,0,100,0,0,136
17520,build,hunt,0.585,0,0,100,0,0,136
17530,build,hunt,0.585,0,0,100,0,0,136
17540,build,hunt,0.585,0,0,100,0,0,136
17550,build,hunt,0.585,0,0,100,0,0,136
17560,build,hunt,0.585,0,0,100,0,0,136
17570,build,hunt,0.585,0,0,100,0,0,136
17580,build,hunt,0.585,0,0,100,0,0,136
17590,build,hunt,0.585,0,0,100,0,0,136
17600,build,hunt,0.585,0,0,100,0,0,136
17610,build,hunt,0.585,0,0,100,0,0,136
17620,build,hunt,0.585,0,0,100,0,0,136
17630,build,hunt,0.585,0,0,100,0,0,136
17640,opportunity,hunt,0.335,0,0,100,0,0,136
17650,opportunity,hunt,0.23,0,0,100,0,0,136
17660,opportunity,hunt,0.23,0,0,100,0,0,136
17670,opportunity,hunt,0.23,0,0,100,0,0,136
17680,opportunity,hunt,0.23,0,0,100,0,0,136
17690,opportunity,hunt,0.23,0,0,100,0,0,136
17700,opportunity,hunt,0.23,0,0,100,0,0,136
17710,opportunity,hunt,0.23,0,0,100,0,0,136
17720,opportunity,hunt,0.23,0,0,100,0,0,136
17730,build,hunt,0.41,0,0,100,0,0,136
17740,build,hunt,0.585,0,0,100,0,0,136
17750,build,hunt,0.585,0,0,100,0,0,136
17760,build,hunt,0.603,0,0,100,0,0,136
17770,build,hunt,0.61,0,0,100,0,0,136
17780,build,hunt,0.61,0,0,100,0,0,137
17790,build,hunt,0.61,0,0,100,0,0,137
17800,build,hunt,0.61,0,0,100,0,0,137
17810,build,hunt,0.61,0,0,100,0,0,137
17820,build,hunt,0.61,0,0,100,0,1,137
17830,peak,hunt,0.7,0.414542,0.016248,100,1,0,138
17840,peak,hunt,0.7,0.430292,0.037342,100,1,0,138
17850,peak,hunt,0.7,0.438167,0.059188,100,1,0,138
17860,peak,hunt,0.7,0.37575,0.079325,100,0,0,138
17870,aftermath,hunt,0.5,0.26375,0.053994,100,0,0,139
17880,aftermath,hunt,0.1,0,0,100,0,0,139
17890,aftermath,hunt,0.1,0,0,100,0,0,139
17900,suspended:docked,hunt,,0,0,100,0,0,139
17910,suspended:docked,hunt,,0,0,100,0,1,139
17920,suspended:docked,hunt,,0,0,100,0,1,139
17930,suspended:docked,hunt,,0,0,100,0,1,139
17940,aftermath,hunt,0.08,0,0,100,0,1,139
17950,aftermath,hunt,0.08,0,0,100,0,1,139
17960,aftermath,hunt,0.1,0,0,100,0,1,140
17970,aftermath,hunt,0.1,0,0,100,0,1,140
17980,aftermath,hunt,0.1,0,0,100,0,1,140
17990,aftermath,hunt,0.1,0,0,100,0,1,140
18000,aftermath,hunt,0.1,0,0,100,0,2,140
18010,aftermath,hunt,0.1,0,0,100,0,2,140
18020,aftermath,hunt,0.1,0,0,100,0,2,140
18030,quiet,voyage,0.08,0,0,100,0,2,140
18040,quiet,voyage,0.08,0,0,100,0,2,140
18050,quiet,voyage,0.08,0,0,100,0,2,141
18060,quiet,voyage,0.08,0,0,100,0,2,141
18070,quiet,voyage,0.08,0,0,100,0,2,141
18080,quiet,voyage,0.08,0,0,100,0,2,141
18090,opportunity,voyage,0.098,0,0,100,0,3,141
18100,peak,voyage,0.278,0.414542,0.016248,100,1,2,142
18110,peak,voyage,0.458,0.430292,0.037342,100,1,2,142
18120,peak,voyage,0.638,0.438167,0.059188,100,1,2,142
18130,peak,voyage,0.7,0.37575,0.079325,100,0,2,142
18140,aftermath,voyage,0.5,0.26375,0.053994,100,0,2,143
18150,aftermath,voyage,0.1,0,0,100,0,2,143
18160,aftermath,voyage,0.1,0,0,100,0,2,143
18170,aftermath,voyage,0.1,0,0,100,0,2,143
18180,aftermath,voyage,0.1,0,0,100,0,3,143
18190,aftermath,voyage,0.1,0,0,100,0,3,143
18200,aftermath,voyage,0.1,0,0,100,0,3,143
18210,aftermath,voyage,0.1,0,0,100,0,3,143
18220,aftermath,voyage,0.1,0,0,100,0,3,143
18230,aftermath,voyage,0.1,0,0,100,0,4,143
18240,aftermath,voyage,0.1,0,0,100,0,4,143
18250,quiet,hunt,0.08,0,0,100,0,4,143
18260,quiet,hunt,0.08,0,0,100,0,4,143
18270,quiet,hunt,0.08,0,0,100,0,5,143
18280,quiet,hunt,0.08,0,0,100,0,5,143
18290,quiet,hunt,0.08,0,0,100,0,5,143
18300,opportunity,hunt,0.098,0,0,100,0,5,143
18310,opportunity,hunt,0.23,0,0,100,0,5,143
18320,opportunity,hunt,0.23,0,0,100,0,5,144
18330,opportunity,hunt,0.23,0,0,100,0,5,144
18340,opportunity,hunt,0.23,0,0,100,0,5,144
18350,opportunity,hunt,0.23,0,0,100,0,5,144
18360,opportunity,hunt,0.23,0,0,100,0,6,144
18370,opportunity,hunt,0.23,0,0,100,0,5,145
18380,opportunity,hunt,0.23,0,0,100,0,5,145
18390,build,hunt,0.338,0,0,100,0,5,145
18400,build,hunt,0.518,0,0,100,0,5,145
18410,peak,hunt,0.697768,0.422417,0.018596,100,1,5,146
18420,peak,hunt,0.695201,0.438167,0.039988,100,1,5,146
18430,peak,hunt,0.692543,0.430292,0.062139,100,1,5,146
18440,peak,hunt,0.690152,0.383625,0.082068,100,0,5,146
18450,aftermath,hunt,0.43902,0.243625,0.046042,100,0,6,146
18460,aftermath,hunt,0.1,0,0,100,0,5,147
18470,aftermath,hunt,0.1,0,0,100,0,5,147
18480,aftermath,hunt,0.1,0,0,100,0,5,147
18490,aftermath,hunt,0.1,0,0,100,0,5,147
18500,aftermath,hunt,0.1,0,0,100,0,6,147
18510,aftermath,hunt,0.1,0,0,100,0,6,147
18520,aftermath,hunt,0.1,0,0,100,0,6,147
18530,aftermath,hunt,0.1,0,0,100,0,6,147
18540,quiet,discovery,0.08,0,0,100,0,7,147
18550,quiet,discovery,0.08,0,0,100,0,7,147
18560,quiet,discovery,0.08,0,0,100,0,7,147
18570,quiet,discovery,0.08,0,0,100,0,7,147
18580,quiet,discovery,0.08,0,0,100,0,7,147
18590,quiet,discovery,0.08,0,0,100,0,7,148
18600,quiet,discovery,0.08,0,0,100,0,7,148
18610,quiet,discovery,0.08,0,0,100,0,7,148
18620,quiet,discovery,0.08,0,0,100,0,7,148
18630,peak,discovery,0.188,0.26,0.00805,100,1,7,149
18640,peak,discovery,0.368,0.422417,0.028795,100,1,7,149
18650,peak,discovery,0.548,0.438167,0.050385,100,1,7,149
18660,peak,discovery,0.691376,0.383625,0.071866,100,0,7,149
18670,peak,discovery,0.689122,0.367875,0.090653,100,0,7,149
18680,aftermath,discovery,0.189122,0.087875,0,100,0,7,150
18690,aftermath,discovery,0.1,0,0,100,0,7,150
18700,aftermath,discovery,0.1,0,0,100,0,7,150
18710,aftermath,discovery,0.1,0,0,100,0,7,150
18720,aftermath,discovery,0.1,0,0,100,0,8,150
18730,aftermath,discovery,0.1,0,0,100,0,8,150
18740,aftermath,discovery,0.1,0,0,100,0,8,150
18750,aftermath,discovery,0.1,0,0,100,0,8,150
18760,aftermath,discovery,0.1,0,0,100,0,8,150
18770,aftermath,discovery,0.1,0,0,100,0,8,151
18780,quiet,hunt,0.08,0,0,100,0,8,151
18790,quiet,hunt,0.08,0,0,100,0,8,151
18800,quiet,hunt,0.08,0,0,100,0,8,151
18810,quiet,hunt,0.08,0,0,100,0,9,151
18820,quiet,hunt,0.08,0,0,100,0,9,151
18830,peak,hunt,0.188,0.195,0.006149,100,1,8,152
18840,peak,hunt,0.368,0.430292,0.027043,100,1,8,152
18850,peak,hunt,0.548,0.430292,0.04874,100,1,8,152
18860,peak,hunt,0.691558,0.3915,0.07035,100,0,9,152
18870,peak,hunt,0.689241,0.37575,0.08966,100,0,9,152
18880,aftermath,hunt,0.23902,0.12375,0.009679,100,0,9,152
18890,aftermath,hunt,0.1,0,0,100,0,9,152
18900,aftermath,hunt,0.1,0,0,100,0,10,152
18910,aftermath,hunt,0.1,0,0,100,0,10,152
18920,aftermath,hunt,0.1,0,0,100,0,10,152
18930,aftermath,hunt,0.1,0,0,100,0,10,152
18940,aftermath,hunt,0.1,0,0,100,0,10,152
18950,aftermath,hunt,0.1,0,0,100,0,10,153
18960,aftermath,hunt,0.1,0,0,100,0,10,153
18970,quiet,voyage,0.08,0,0,100,0,10,153
18980,quiet,voyage,0.08,0,0,100,0,10,153
18990,quiet,voyage,0.08,0,0,100,0,11,153
19000,quiet,voyage,0.08,0,0,100,0,11,153
19010,quiet,voyage,0.08,0,0,100,0,11,153
19020,quiet,voyage,0.08,0,0,100,0,11,153
19030,quiet,voyage,0.08,0,0,100,0,11,153
19040,opportunity,voyage,0.23,0,0,100,0,11,154
19050,opportunity,voyage,0.23,0,0,100,0,11,154
19060,opportunity,voyage,0.23,0,0,100,0,11,154
19070,opportunity,voyage,0.23,0,0,100,0,11,154
19080,opportunity,voyage,0.23,0,0,100,0,12,154
19090,opportunity,voyage,0.23,0,0,100,0,12,154
19100,opportunity,voyage,0.23,0,0,100,0,12,154
19110,opportunity,voyage,0.23,0,0,100,0,12,154
19120,opportunity,voyage,0.23,0,0,100,0,12,154
19130,opportunity,voyage,0.23,0,0,100,0,12,155
19140,opportunity,voyage,0.23,0,0,100,0,12,155
19150,build,voyage,0.32,0,0,100,0,12,155
19160,peak,voyage,0.5,0.422417,0.018596,100,1,11,156
19170,peak,voyage,0.68,0.438167,0.039988,100,1,12,156
19180,peak,voyage,0.7,0.430292,0.062139,100,1,12,156
19190,peak,voyage,0.7,0.383625,0.082068,100,0,12,156
19200,aftermath,voyage,0.45,0.243625,0.046042,100,0,12,156
19210,aftermath,voyage,0.1,0,0,100,0,12,156
19220,aftermath,voyage,0.1,0,0,100,0,12,157
19230,aftermath,voyage,0.1,0,0,100,0,12,157
19240,aftermath,voyage,0.1,0,0,100,0,12,157
19250,aftermath,voyage,0.1,0,0,100,0,12,157
19260,aftermath,voyage,0.1,0,0,100,0,13,157
19270,aftermath,voyage,0.1,0,0,100,0,13,157
19280,aftermath,voyage,0.1,0,0,100,0,13,157
19290,aftermath,voyage,0.1,0,0,100,0,13,157
19300,quiet,hunt,0.08,0,0,100,0,13,157
19310,quiet,hunt,0.08,0,0,100,0,13,158
19320,quiet,hunt,0.08,0,0,100,0,13,158
19330,quiet,hunt,0.08,0,0,100,0,13,158
19340,quiet,hunt,0.08,0,0,100,0,13,158
19350,peak,hunt,0.152,0.195,0.00605,100,1,13,159
19360,peak,hunt,0.332,0.422417,0.026795,100,1,13,159
19370,peak,hunt,0.512,0.438167,0.048385,100,1,13,159
19380,peak,hunt,0.692,0.390042,0.070126,100,0,13,159
19390,peak,hunt,0.7,0.367875,0.08894,100,0,13,159
19400,aftermath,hunt,0.25,0.115875,0.008914,100,0,14,159
19410,aftermath,hunt,0.1,0,0,100,0,14,159
19420,aftermath,hunt,0.1,0,0,100,0,14,159
19430,aftermath,hunt,0.1,0,0,100,0,14,159
19440,aftermath,hunt,0.1,0,0,100,0,15,159
19450,aftermath,hunt,0.1,0,0,100,0,15,159
19460,aftermath,hunt,0.1,0,0,100,0,15,159
19470,aftermath,hunt,0.1,0,0,100,0,15,159
19480,aftermath,hunt,0.1,0,0,100,0,15,159
19490,aftermath,hunt,0.1,0,0,100,0,16,159
19500,recovery,discovery,0.03,0.065,0.003473,100,0,16,159
19510,recovery,discovery,0.025438,0.633,0.038019,100,0,16,159
19520,recovery,discovery,0.03,0.409,0,100,0,16,159
19530,recovery,discovery,0.03,0.245,0,100,0,17,159
19540,recovery,discovery,0.03,0,0,100,0,16,160
19550,recovery,discovery,0.03,0,0,100,0,16,160
19560,recovery,discovery,0.03,0,0,100,0,16,160
19570,recovery,discovery,0.03,0,0,100,0,16,160
19580,recovery,discovery,0.03,0,0,100,0,16,161
19590,aftermath,discovery,0.048,0,0,100,0,16,161
19600,aftermath,discovery,0.1,0,0,100,0,16,161
19610,aftermath,discovery,0.1,0,0,100,0,16,161
19620,aftermath,discovery,0.1,0,0,100,0,17,161
19630,aftermath,discovery,0.1,0,0,100,0,17,161
19640,aftermath,discovery,0.1,0,0,100,0,17,161
19650,aftermath,discovery,0.1,0,0,100,0,17,161
19660,aftermath,discovery,0.1,0,0,100,0,17,161
19670,aftermath,discovery,0.1,0,0,100,0,17,162
19680,aftermath,discovery,0.1,0,0,100,0,17,162
19690,aftermath,discovery,0.1,0,0,100,0,17,162
19700,suspended:docked,discovery,,0,0,100,0,17,162
19710,suspended:docked,discovery,,0,0,100,0,18,162
19720,suspended:docked,discovery,,0,0,100,0,18,162
19730,suspended:docked,discovery,,0,0,100,0,18,162
19740,aftermath,discovery,0.08,0,0,100,0,18,162
19750,quiet,hunt,0.08,0,0,100,0,18,162
19760,quiet,hunt,0.08,0,0,100,0,19,162
19770,quiet,hunt,0.08,0,0,100,0,19,162
19780,quiet,hunt,0.08,0,0,100,0,19,162
19790,quiet,hunt,0.08,0,0,100,0,19,162
19800,peak,hunt,0.242,0.422417,0.016397,100,1,19,163
19810,peak,hunt,0.422,0.430292,0.03764,100,1,19,163
19820,peak,hunt,0.602,0.438167,0.059684,100,1,19,163
19830,peak,hunt,0.7,0.37575,0.079821,100,0,19,163
19840,aftermath,hunt,0.5,0.26375,0.054491,100,0,19,163
19850,aftermath,hunt,0.1,0,0,100,0,20,163
19860,aftermath,hunt,0.1,0,0,100,0,20,163
19870,aftermath,hunt,0.1,0,0,100,0,20,163
19880,aftermath,hunt,0.1,0,0,100,0,20,163
19890,aftermath,hunt,0.1,0,0,100,0,20,163
19900,aftermath,hunt,0.1,0,0,100,0,20,163
19910,aftermath,hunt,0.1,0,0,100,0,20,163
19920,aftermath,hunt,0.1,0,0,100,0,20,163
19930,aftermath,hunt,0.1,0,0,100,0,20,163
19940,aftermath,hunt,0.1,0,0,100,0,20,163
19950,aftermath,hunt,0.1,0,0,100,0,20,163
19960,quiet,voyage,0.08,0,0,100,0,20,163
19970,quiet,voyage,0.08,0,0,100,0,20,163
19980,quiet,voyage,0.08,0,0,100,0,20,163
19990,quiet,voyage,0.08,0,0,100,0,20,163
20000,quiet,voyage,0.08,0,0,100,0,19,164
20010,quiet,voyage,0.08,0,0,100,0,19,164
20020,opportunity,voyage,0.098,0,0,100,0,19,164
20030,peak,voyage,0.278,0.422417,0.018596,100,1,19,165
20040,peak,voyage,0.458,0.438167,0.039988,100,1,19,165
20050,peak,voyage,0.638,0.430292,0.062139,100,1,19,165
20060,peak,voyage,0.7,0.383625,0.082068,100,0,19,165
20070,aftermath,voyage,0.45,0.243625,0.046042,100,0,20,165
20080,aftermath,voyage,0.1,0,0,100,0,20,165
20090,aftermath,voyage,0.1,0,0,100,0,20,165
20100,aftermath,voyage,0.1,0,0,100,0,20,165
20110,aftermath,voyage,0.1,0,0,100,0,20,165
20120,aftermath,voyage,0.1,0,0,100,0,20,165
20130,aftermath,voyage,0.1,0,0,100,0,20,165
20140,aftermath,voyage,0.1,0,0,100,0,20,165
20150,aftermath,voyage,0.1,0,0,100,0,20,165
20160,aftermath,voyage,0.1,0,0,100,0,20,165
20170,aftermath,voyage,0.1,0,0,100,0,20,165
20180,quiet,hunt,0.08,0,0,100,0,20,165
20190,quiet,hunt,0.08,0,0,100,0,20,165
20200,quiet,hunt,0.08,0,0,100,0,20,165
20210,quiet,hunt,0.08,0,0,100,0,20,165
20220,quiet,hunt,0.08,0,0,100,0,20,165
20230,opportunity,hunt,0.116,0,0,100,0,20,165
20240,opportunity,hunt,0.23,0,0,100,0,20,165
20250,opportunity,hunt,0.23,0,0,100,0,20,165
20260,opportunity,hunt,0.23,0,0,100,0,20,165
20270,opportunity,hunt,0.23,0,0,100,0,20,165
20280,opportunity,hunt,0.23,0,0,100,0,20,165
20290,opportunity,hunt,0.23,0,0,100,0,20,165
20300,opportunity,hunt,0.23,0,0,100,0,20,165
20310,opportunity,hunt,0.23,0,0,100,0,20,165
20320,peak,hunt,0.356,0.325,0.010248,100,1,19,166
20330,peak,hunt,0.536,0.430292,0.031342,100,1,19,166
20340,peak,hunt,0.693618,0.438167,0.053188,100,1,20,166
20350,peak,hunt,0.691074,0.383625,0.074382,100,0,20,166
20360,aftermath,hunt,0.639031,0.355625,0.082321,100,0,20,166
20370,aftermath,hunt,0.139031,0.075625,0,100,0,20,166
20380,aftermath,hunt,0.1,0,0,100,0,20,166
20390,aftermath,hunt,0.1,0,0,100,0,20,166
20400,aftermath,hunt,0.1,0,0,100,0,20,166
20410,aftermath,hunt,0.1,0,0,100,0,20,166
20420,aftermath,hunt,0.1,0,0,100,0,20,166
20430,aftermath,hunt,0.1,0,0,100,0,20,166
20440,aftermath,hunt,0.1,0,0,100,0,20,166
20450,aftermath,hunt,0.1,0,0,100,0,20,166
20460,quiet,discovery,0.08,0,0,100,0,20,166
20470,quiet,discovery,0.08,0,0,100,0,20,166
20480,quiet,discovery,0.08,0,0,100,0,20,166
20490,quiet,discovery,0.08,0,0,100,0,20,166
20500,quiet,discovery,0.08,0,0,100,0,20,166
20510,quiet,discovery,0.08,0,0,100,0,20,166
20520,quiet,discovery,0.08,0,0,100,0,20,166
20530,quiet,discovery,0.08,0,0,100,0,20,166
20540,opportunity,discovery,0.116,0,0,100,1,19,167
20550,peak,discovery,0.296,0.422417,0.020398,100,1,19,167
20560,peak,discovery,0.476,0.430292,0.04164,100,1,19,167
20570,peak,discovery,0.656,0.438167,0.063684,100,1,20,167
20580,peak,discovery,0.690008,0.37575,0.083266,100,0,20,167
20590,aftermath,discovery,0.389127,0.20775,0.036065,100,0,20,167
20600,aftermath,discovery,0.1,0,0,100,0,20,167
20610,aftermath,discovery,0.1,0,0,100,0,20,167
20620,aftermath,discovery,0.1,0,0,100,0,20,167
20630,aftermath,discovery,0.1,0,0,100,0,20,167
20640,aftermath,discovery,0.1,0,0,100,0,20,167
20650,aftermath,discovery,0.1,0,0,100,0,20,167
20660,aftermath,discovery,0.1,0,0,100,0,20,167
20670,aftermath,discovery,0.1,0,0,100,0,20,167
20680,aftermath,discovery,0.1,0,0,100,0,20,167
20690,quiet,hunt,0.08,0,0,100,0,20,167
20700,quiet,hunt,0.08,0,0,100,0,20,167
20710,quiet,hunt,0.08,0,0,100,0,20,167
20720,quiet,hunt,0.08,0,0,100,0,20,167
20730,quiet,hunt,0.08,0,0,100,0,20,167
20740,peak,hunt,0.116,0.065,0.002,100,1,19,168
20750,peak,hunt,0.296,0.422417,0.022596,100,1,19,169
20760,peak,hunt,0.476,0.438167,0.043988,100,1,19,169
20770,peak,hunt,0.656,0.430292,0.066139,100,1,19,169
20780,peak,hunt,0.689793,0.37575,0.085059,100,0,19,169
20790,aftermath,hunt,0.339132,0.17975,0.026927,100,0,20,169
20800,aftermath,hunt,0.1,0,0,100,0,20,169
20810,aftermath,hunt,0.1,0,0,100,0,20,169
20820,aftermath,hunt,0.1,0,0,100,0,20,169
20830,aftermath,hunt,0.1,0,0,100,0,20,169
20840,aftermath,hunt,0.1,0,0,100,0,20,169
20850,aftermath,hunt,0.1,0,0,100,0,20,169
20860,aftermath,hunt,0.1,0,0,100,0,20,169
20870,aftermath,hunt,0.1,0,0,100,0,20,169
20880,quiet,discovery,0.08,0,0,100,0,20,169
20890,quiet,discovery,0.08,0,0,100,0,20,169
20900,quiet,discovery,0.08,0,0,100,0,20,169
20910,quiet,discovery,0.08,0,0,100,0,20,169
20920,quiet,discovery,0.08,0,0,100,0,20,169
20930,quiet,discovery,0.08,0,0,100,0,20,169
20940,quiet,discovery,0.08,0,0,100,0,20,169
20950,quiet,discovery,0.08,0,0,100,0,20,169
20960,quiet,discovery,0.08,0,0,100,0,20,169
20970,opportunity,discovery,0.224,0,0,100,0,20,169
20980,opportunity,discovery,0.23,0,0,100,0,20,169
20990,opportunity,discovery,0.23,0,0,100,0,20,169
21000,opportunity,discovery,0.23,0,0,100,0,20,169
21010,opportunity,discovery,0.23,0,0,100,0,20,169
21020,opportunity,discovery,0.23,0,0,100,0,20,169
21030,opportunity,discovery,0.23,0,0,100,0,20,169
21040,opportunity,discovery,0.23,0,0,100,0,20,169
21050,opportunity,discovery,0.23,0,0,100,0,20,169
21060,opportunity,discovery,0.23,0,0,100,0,20,169
21070,opportunity,discovery,0.23,0,0,100,0,20,169
21080,opportunity,discovery,0.23,0,0,100,0,20,169
21090,opportunity,discovery,0.23,0,0,100,0,20,169
21100,opportunity,discovery,0.23,0,0,100,0,20,169
21110,opportunity,discovery,0.23,0,0,100,0,20,169
21120,build,discovery,0.284,0,0,100,0,20,169
21130,build,discovery,0.464,0,0,100,0,20,169
21140,build,discovery,0.585,0,0,100,0,20,169
21150,peak,discovery,0.7,0.422417,0.014397,100,1,20,170
21160,peak,discovery,0.7,0.430292,0.03564,100,1,20,170
21170,peak,discovery,0.7,0.438167,0.057684,100,1,20,170
21180,peak,discovery,0.7,0.383625,0.078442,100,0,20,170
21190,aftermath,discovery,0.55,0.299625,0.064393,100,0,20,170
21200,aftermath,discovery,0.1,0.019625,0,100,0,20,170
21210,aftermath,discovery,0.1,0,0,100,0,20,170
21220,aftermath,discovery,0.1,0,0,100,0,20,170
21230,aftermath,discovery,0.1,0,0,100,0,20,170
21240,aftermath,discovery,0.1,0,0,100,0,20,170
21250,aftermath,discovery,0.1,0,0,100,0,20,170
21260,aftermath,discovery,0.1,0,0,100,0,20,170
21270,aftermath,discovery,0.1,0,0,100,0,20,170
21280,aftermath,discovery,0.1,0,0,100,0,20,170
21290,aftermath,discovery,0.1,0,0,100,0,20,170
21300,aftermath,discovery,0.1,0,0,100,0,20,170
21310,quiet,hunt,0.08,0,0,100,0,20,170
21320,quiet,hunt,0.08,0,0,100,0,20,170
21330,quiet,hunt,0.08,0,0,100,0,20,170
21340,quiet,hunt,0.08,0,0,100,0,20,170
21350,quiet,hunt,0.08,0,0,100,0,20,170
21360,peak,hunt,0.206,0.325,0.01005,100,1,19,171
21370,peak,hunt,0.386,0.422417,0.030795,100,1,19,171
21380,peak,hunt,0.566,0.438167,0.052385,100,1,20,171
21390,peak,hunt,0.7,0.383625,0.073603,100,0,20,171
21400,aftermath,hunt,0.65,0.355625,0.081482,100,0,20,171
21410,aftermath,hunt,0.15,0.075625,0,100,0,20,171
21420,aftermath,hunt,0.1,0,0,100,0,20,171
21430,aftermath,hunt,0.1,0,0,100,0,20,171
21440,aftermath,hunt,0.1,0,0,100,0,20,171
21450,aftermath,hunt,0.1,0,0,100,0,20,171
21460,aftermath,hunt,0.1,0,0,100,0,20,171
21470,aftermath,hunt,0.1,0,0,100,0,20,171
21480,aftermath,hunt,0.1,0,0,100,0,20,171
21490,aftermath,hunt,0.1,0,0,100,0,20,171
21500,suspended:docked,hunt,,0,0,100,0,20,171
21510,suspended:docked,hunt,,0,0,100,0,20,171
21520,suspended:docked,hunt,,0,0,100,0,20,171
21530,suspended:docked,hunt,,0,0,100,0,20,171
21540,aftermath,hunt,0.08,0,0,100,0,20,171
21550,quiet,voyage,0.08,0,0,100,0,20,171
21560,quiet,voyage,0.08,0,0,100,0,20,171
21570,quiet,voyage,0.08,0,0,100,0,20,171
21580,quiet,voyage,0.08,0,0,100,0,20,171
21590,quiet,voyage,0.08,0,0,100,0,20,171
21600,quiet,voyage,0.08,0,0,100,0,20,171
21610,quiet,voyage,0.08,0,0,100,0,20,171
21620,opportunity,voyage,0.23,0,0,100,0,20,171
21630,opportunity,voyage,0.23,0,0,100,0,20,171
21640,opportunity,voyage,0.23,0,0,100,0,20,171
21650,opportunity,voyage,0.23,0,0,100,0,20,171
21660,opportunity,voyage,0.23,0,0,100,0,20,171
21670,opportunity,voyage,0.23,0,0,100,0,20,171
21680,opportunity,voyage,0.23,0,0,100,0,20,171
21690,opportunity,voyage,0.23,0,0,100,0,20,171
21700,opportunity,voyage,0.23,0,0,100,0,20,171
21710,opportunity,voyage,0.23,0,0,100,0,20,171
21720,opportunity,voyage,0.23,0,0,100,0,20,171
21730,peak,voyage,0.32,0.26,0.008,100,1,19,172
21740,peak,voyage,0.5,0.422417,0.028596,100,1,19,173
21750,peak,voyage,0.68,0.438167,0.049988,100,1,19,173
21760,peak,voyage,0.7,0.383625,0.07137,100,0,19,173
21770,peak,voyage,0.7,0.37575,0.090198,100,0,19,173
21780,aftermath,voyage,0.2,0.09575,0,100,0,20,173
21790,aftermath,voyage,0.1,0,0,100,0,20,173
21800,aftermath,voyage,0.1,0,0,100,0,20,173
21810,aftermath,voyage,0.1,0,0,100,0,20,173
21820,aftermath,voyage,0.1,0,0,100,0,20,173
21830,aftermath,voyage,0.1,0,0,100,0,20,173
21840,aftermath,voyage,0.1,0,0,100,0,20,173
21850,aftermath,voyage,0.1,0,0,100,0,20,173
21860,aftermath,voyage,0.1,0,0,100,0,20,173
21870,aftermath,voyage,0.1,0,0,100,0,20,173
21880,aftermath,voyage,0.1,0,0,100,0,20,173
21890,quiet,hunt,0.08,0,0,100,0,20,173
21900,quiet,hunt,0.08,0,0,100,0,20,173
21910,quiet,hunt,0.08,0,0,100,0,20,173
21920,quiet,hunt,0.08,0,0,100,0,20,173
21930,quiet,hunt,0.08,0,0,100,0,20,173
21940,peak,hunt,0.206,0.39,0.012248,100,1,19,174
21950,peak,hunt,0.386,0.430292,0.033342,100,1,19,174
21960,peak,hunt,0.566,0.438167,0.055187,100,1,20,174
21970,peak,hunt,0.7,0.37575,0.075867,100,0,20,174
21980,aftermath,hunt,0.6,0.31975,0.072419,100,0,20,174
21990,aftermath,hunt,0.1,0.03975,0,100,0,20,174
22000,aftermath,hunt,0.1,0,0,100,0,20,174
22010,aftermath,hunt,0.1,0,0,100,0,20,174
22020,aftermath,hunt,0.1,0,0,100,0,20,174
22030,aftermath,hunt,0.1,0,0,100,0,20,174
22040,aftermath,hunt,0.1,0,0,100,0,20,174
22050,aftermath,hunt,0.1,0,0,100,0,20,174
22060,aftermath,hunt,0.1,0,0,100,0,20,174
22070,aftermath,hunt,0.1,0,0,100,0,20,174
22080,aftermath,hunt,0.1,0,0,100,0,20,174
22090,aftermath,hunt,0.1,0,0,100,0,20,174
22100,quiet,discovery,0.08,0,0,100,0,20,174
22110,quiet,discovery,0.08,0,0,100,0,20,174
22120,quiet,discovery,0.08,0,0,100,0,20,174
22130,quiet,discovery,0.08,0,0,100,0,20,174
22140,quiet,discovery,0.08,0,0,100,0,20,174
22150,quiet,discovery,0.08,0,0,100,0,20,174
22160,quiet,discovery,0.08,0,0,100,0,20,174
22170,quiet,discovery,0.08,0,0,100,0,20,174
22180,quiet,discovery,0.08,0,0,100,0,20,174
22190,peak,discovery,0.242,0.414542,0.016149,100,1,20,175
22200,peak,discovery,0.422,0.430292,0.037043,100,1,20,175
22210,peak,discovery,0.602,0.430292,0.05874,100,1,20,175
22220,peak,discovery,0.690536,0.383625,0.07887,100,0,20,175
22230,aftermath,discovery,0.489181,0.271625,0.053792,100,0,20,175
22240,aftermath,discovery,0.1,0,0,100,0,20,175
22250,aftermath,discovery,0.1,0,0,100,0,20,175
22260,aftermath,discovery,0.1,0,0,100,0,20,175
22270,aftermath,discovery,0.1,0,0,100,0,20,175
22280,aftermath,discovery,0.1,0,0,100,0,20,175
22290,aftermath,discovery,0.1,0,0,100,0,20,175
22300,aftermath,discovery,0.1,0,0,100,0,20,175
22310,aftermath,discovery,0.1,0,0,100,0,20,175
22320,aftermath,discovery,0.1,0,0,100,0,20,175
22330,aftermath,discovery,0.1,0,0,100,0,20,175
22340,quiet,hunt,0.08,0,0,100,0,20,175
22350,quiet,hunt,0.08,0,0,100,0,20,175
22360,quiet,hunt,0.08,0,0,100,0,20,175
22370,quiet,hunt,0.08,0,0,100,0,20,175
22380,quiet,hunt,0.08,0,0,100,0,20,175
22390,opportunity,hunt,0.23,0,0,100,0,20,175
22400,opportunity,hunt,0.23,0,0,100,0,20,175
22410,opportunity,hunt,0.23,0,0,100,0,20,175
22420,opportunity,hunt,0.23,0,0,100,0,20,175
22430,opportunity,hunt,0.23,0,0,100,0,20,175
22440,opportunity,hunt,0.23,0,0,100,0,20,175
22450,opportunity,hunt,0.23,0,0,100,0,20,175
22460,opportunity,hunt,0.23,0,0,100,0,20,175
22470,peak,hunt,0.32,0.195,0.00605,100,1,19,176
22480,peak,hunt,0.5,0.422417,0.026795,100,1,19,176
22490,peak,hunt,0.68,0.438167,0.048385,100,1,19,176
22500,peak,hunt,0.691585,0.390042,0.070126,100,0,20,176
22510,peak,hunt,0.689327,0.367875,0.08894,100,0,19,177
22520,aftermath,hunt,0.239112,0.115875,0.008914,100,0,19,177
22530,aftermath,hunt,0.1,0,0,100,0,19,177
22540,aftermath,hunt,0.1,0,0,100,0,19,177
22550,aftermath,hunt,0.1,0,0,100,0,19,178
22560,aftermath,hunt,0.1,0,0,100,0,19,178
22570,aftermath,hunt,0.1,0,0,100,0,19,178
22580,aftermath,hunt,0.1,0,0,100,0,19,178
22590,aftermath,hunt,0.1,0,0,100,0,20,178
22600,aftermath,hunt,0.1,0,0,100,0,20,178
22610,quiet,voyage,0.08,0,0,100,0,20,178
22620,quiet,voyage,0.08,0,0,100,0,20,178
22630,quiet,voyage,0.08,0,0,100,0,20,178
22640,quiet,voyage,0.08,0,0,100,0,20,178
22650,quiet,voyage,0.08,0,0,100,0,20,178
22660,quiet,voyage,0.08,0,0,100,0,20,178
22670,quiet,voyage,0.08,0,0,100,0,20,178
22680,peak,voyage,0.26,0.422417,0.018397,100,1,20,179
22690,peak,voyage,0.44,0.430292,0.03964,100,1,20,179
22700,peak,voyage,0.62,0.438167,0.061684,100,1,20,179
22710,peak,voyage,0.7,0.37575,0.081546,100,0,20,179
22720,aftermath,voyage,0.45,0.23575,0.045278,100,0,20,179
22730,aftermath,voyage,0.1,0,0,100,0,20,179
22740,aftermath,voyage,0.1,0,0,100,0,20,179
22750,aftermath,voyage,0.1,0,0,100,0,20,179
22760,aftermath,voyage,0.1,0,0,100,0,20,179
22770,aftermath,voyage,0.1,0,0,100,0,20,179
22780,aftermath,voyage,0.1,0,0,100,0,20,179
22790,aftermath,voyage,0.1,0,0,100,0,20,179
22800,aftermath,voyage,0.1,0,0,100,0,20,179
22810,aftermath,voyage,0.1,0,0,100,0,20,179
22820,quiet,hunt,0.08,0,0,100,0,20,179
22830,quiet,hunt,0.08,0,0,100,0,20,179
22840,quiet,hunt,0.08,0,0,100,0,20,179
22850,quiet,hunt,0.08,0,0,100,0,20,179
22860,quiet,hunt,0.08,0,0,100,0,20,179
22870,peak,hunt,0.152,0.195,0.006,100,1,19,180
22880,peak,hunt,0.332,0.422417,0.026596,100,1,19,180
22890,peak,hunt,0.512,0.438167,0.047988,100,1,19,180
22900,peak,hunt,0.692,0.390042,0.069629,100,0,19,180
22910,peak,hunt,0.7,0.37575,0.088486,100,0,19,181
22920,aftermath,hunt,0.25,0.12375,0.008502,100,0,19,181
22930,aftermath,hunt,0.1,0,0,100,0,19,181
22940,aftermath,hunt,0.1,0,0,100,0,19,181
22950,aftermath,hunt,0.1,0,0,100,0,20,181
22960,aftermath,hunt,0.1,0,0,100,0,19,182
22970,aftermath,hunt,0.1,0,0,100,0,19,182
22980,aftermath,hunt,0.1,0,0,100,0,19,182
22990,aftermath,hunt,0.1,0,0,100,0,19,182
23000,aftermath,hunt,0.1,0,0,100,0,19,183
23010,aftermath,hunt,0.1,0,0,100,0,19,183
23020,quiet,discovery,0.08,0,0,100,0,19,183
23030,quiet,discovery,0.08,0,0,100,0,19,183
23040,quiet,discovery,0.08,0,0,100,0,20,183
23050,quiet,discovery,0.08,0,0,100,0,20,183
23060,quiet,discovery,0.08,0,0,100,0,20,183
23070,quiet,discovery,0.08,0,0,100,0,20,183
23080,quiet,discovery,0.08,0,0,100,0,20,183
23090,quiet,discovery,0.08,0,0,100,0,20,183
23100,recovery,discovery,0.03,0.065,0.003473,100,0,20,183
23110,recovery,discovery,0.025438,0.633,0.038019,100,0,20,183
23120,recovery,discovery,0.03,0.409,0,100,0,20,183
23130,recovery,discovery,0.03,0.245,0,100,0,20,183
23140,recovery,discovery,0.03,0,0,100,0,20,183
23150,recovery,discovery,0.03,0,0,100,0,20,183
23160,recovery,discovery,0.03,0,0,100,0,20,183
23170,recovery,discovery,0.03,0,0,100,0,20,183
23180,recovery,discovery,0.03,0,0,100,0,20,183
23190,aftermath,discovery,0.048,0,0,100,0,20,183
23200,aftermath,discovery,0.1,0,0,100,0,20,183
23210,aftermath,discovery,0.1,0,0,100,0,20,183
23220,aftermath,discovery,0.1,0,0,100,0,20,183
23230,aftermath,discovery,0.1,0,0,100,0,20,183
23240,aftermath,discovery,0.1,0,0,100,0,20,183
23250,aftermath,discovery,0.1,0,0,100,0,20,183
23260,aftermath,discovery,0.1,0,0,100,0,20,183
23270,aftermath,discovery,0.1,0,0,100,0,20,183
23280,aftermath,discovery,0.1,0,0,100,0,20,183
23290,aftermath,discovery,0.1,0,0,100,0,20,183
23300,suspended:docked,discovery,,0,0,100,0,20,183
23310,suspended:docked,discovery,,0,0,100,0,20,183
23320,suspended:docked,discovery,,0,0,100,0,20,183
23330,suspended:docked,discovery,,0,0,100,0,20,183
23340,aftermath,discovery,0.08,0,0,100,0,20,183
23350,quiet,hunt,0.08,0,0,100,0,20,183
23360,quiet,hunt,0.08,0,0,100,0,20,183
23370,quiet,hunt,0.08,0,0,100,0,20,183
23380,quiet,hunt,0.08,0,0,100,0,20,183
23390,quiet,hunt,0.08,0,0,100,0,20,183
23400,peak,hunt,0.242,0.422417,0.014397,100,1,20,184
23410,peak,hunt,0.422,0.430292,0.03564,100,1,20,184
23420,peak,hunt,0.602,0.438167,0.057684,100,1,20,184
23430,peak,hunt,0.7,0.383625,0.078442,100,0,20,184
23440,aftermath,hunt,0.55,0.299625,0.064393,100,0,20,184
23450,aftermath,hunt,0.1,0.019625,0,100,0,20,184
23460,aftermath,hunt,0.1,0,0,100,0,20,184
23470,aftermath,hunt,0.1,0,0,100,0,20,184
23480,aftermath,hunt,0.1,0,0,100,0,20,184
23490,aftermath,hunt,0.1,0,0,100,0,20,184
23500,aftermath,hunt,0.1,0,0,100,0,20,184
23510,aftermath,hunt,0.1,0,0,100,0,20,184
23520,aftermath,hunt,0.1,0,0,100,0,20,184
23530,aftermath,hunt,0.1,0,0,100,0,20,184
23540,aftermath,hunt,0.1,0,0,100,0,20,184
23550,aftermath,hunt,0.1,0,0,100,0,20,184
23560,quiet,voyage,0.08,0,0,100,0,20,184
23570,quiet,voyage,0.08,0,0,100,0,20,184
23580,quiet,voyage,0.08,0,0,100,0,20,184
23590,quiet,voyage,0.08,0,0,100,0,20,184
23600,quiet,voyage,0.08,0,0,100,0,20,184
23610,quiet,voyage,0.08,0,0,100,0,20,184
23620,quiet,voyage,0.08,0,0,100,0,20,184
23630,peak,voyage,0.26,0.422417,0.018596,100,1,20,185
23640,peak,voyage,0.44,0.438167,0.039988,100,1,20,185
23650,peak,voyage,0.62,0.430292,0.062139,100,1,19,186
23660,peak,voyage,0.7,0.383625,0.082068,100,0,19,186
23670,aftermath,voyage,0.45,0.243625,0.046042,100,0,20,186
23680,aftermath,voyage,0.1,0,0,100,0,19,187
23690,aftermath,voyage,0.1,0,0,100,0,19,187
23700,aftermath,voyage,0.1,0,0,100,0,19,187
23710,aftermath,voyage,0.1,0,0,100,0,19,187
23720,aftermath,voyage,0.1,0,0,100,0,19,188
23730,aftermath,voyage,0.1,0,0,100,0,19,188
23740,aftermath,voyage,0.1,0,0,100,0,19,188
23750,aftermath,voyage,0.1,0,0,100,0,19,188
23760,aftermath,voyage,0.1,0,0,100,0,20,188
23770,aftermath,voyage,0.1,0,0,100,0,19,189
23780,quiet,hunt,0.08,0,0,100,0,19,189
23790,quiet,hunt,0.08,0,0,100,0,19,189
23800,quiet,hunt,0.08,0,0,100,0,19,189
23810,quiet,hunt,0.08,0,0,100,0,19,190
23820,quiet,hunt,0.08,0,0,100,0,19,190
23830,opportunity,hunt,0.116,0,0,100,0,19,190
23840,opportunity,hunt,0.23,0,0,100,0,19,190
23850,opportunity,hunt,0.23,0,0,100,0,20,190
23860,opportunity,hunt,0.23,0,0,100,0,20,190
23870,opportunity,hunt,0.23,0,0,100,0,19,191
23880,opportunity,hunt,0.23,0,0,100,0,19,191
23890,opportunity,hunt,0.23,0,0,100,0,19,191
23900,opportunity,hunt,0.23,0,0,100,0,20,191
23910,opportunity,hunt,0.23,0,0,100,0,19,192
23920,peak,hunt,0.356,0.39,0.012248,100,1,18,193
23930,peak,hunt,0.536,0.430292,0.033342,100,1,18,193
23940,peak,hunt,0.693378,0.438167,0.055187,100,1,19,193
23950,peak,hunt,0.690896,0.37575,0.075867,100,0,19,193
23960,aftermath,hunt,0.589128,0.31975,0.072419,100,0,19,193
23970,aftermath,hunt,0.1,0.03975,0,100,0,19,193
23980,aftermath,hunt,0.1,0,0,100,0,19,193
23990,aftermath,hunt,0.1,0,0,100,0,20,193
24000,aftermath,hunt,0.1,0,0,100,0,20,193
24010,aftermath,hunt,0.1,0,0,100,0,20,193
24020,aftermath,hunt,0.1,0,0,100,0,20,193
24030,aftermath,hunt,0.1,0,0,100,0,20,193
24040,aftermath,hunt,0.1,0,0,100,0,20,193
24050,aftermath,hunt,0.1,0,0,100,0,20,193
24060,quiet,discovery,0.08,0,0,100,0,20,193
24070,quiet,discovery,0.08,0,0,100,0,20,193
24080,quiet,discovery,0.08,0,0,100,0,20,193
24090,quiet,discovery,0.08,0,0,100,0,20,193
24100,quiet,discovery,0.08,0,0,100,0,20,193
24110,quiet,discovery,0.08,0,0,100,0,20,193
24120,quiet,discovery,0.08,0,0,100,0,20,193
24130,quiet,discovery,0.08,0,0,100,0,20,193
24140,peak,discovery,0.134,0.13,0.004,100,1,19,194
24150,peak,discovery,0.314,0.422417,0.024398,100,1,19,194
24160,peak,discovery,0.494,0.430292,0.04564,100,1,19,194
24170,peak,discovery,0.674,0.418042,0.067431,100,0,20,194
24180,peak,discovery,0.689596,0.37575,0.086698,100,0,20,194
24190,aftermath,discovery,0.289156,0.15175,0.017639,100,0,20,194
24200,aftermath,discovery,0.1,0,0,100,0,20,194
24210,aftermath,discovery,0.1,0,0,100,0,20,194
24220,aftermath,discovery,0.1,0,0,100,0,20,194
24230,aftermath,discovery,0.1,0,0,100,0,20,194
24240,aftermath,discovery,0.1,0,0,100,0,20,194
24250,aftermath,discovery,0.1,0,0,100,0,20,194
24260,aftermath,discovery,0.1,0,0,100,0,20,194
24270,aftermath,discovery,0.1,0,0,100,0,20,194
24280,aftermath,discovery,0.1,0,0,100,0,20,194
24290,quiet,hunt,0.08,0,0,100,0,20,194
24300,quiet,hunt,0.08,0,0,100,0,20,194
24310,quiet,hunt,0.08,0,0,100,0,20,194
24320,quiet,hunt,0.08,0,0,100,0,20,194
24330,quiet,hunt,0.08,0,0,100,0,20,194
24340,peak,hunt,0.152,0.195,0.006,100,1,19,195
24350,peak,hunt,0.332,0.422417,0.026596,100,1,20,195
24360,peak,hunt,0.512,0.438167,0.047988,100,1,20,195
24370,peak,hunt,0.691644,0.390042,0.069629,100,0,20,195
24380,peak,hunt,0.689382,0.37575,0.088486,100,0,20,195
24390,aftermath,hunt,0.239162,0.12375,0.008502,100,0,20,195
24400,aftermath,hunt,0.1,0,0,100,0,20,195
24410,aftermath,hunt,0.1,0,0,100,0,20,195
24420,aftermath,hunt,0.1,0,0,100,0,20,195
24430,aftermath,hunt,0.1,0,0,100,0,20,195
24440,aftermath,hunt,0.1,0,0,100,0,20,195
24450,aftermath,hunt,0.1,0,0,100,0,20,195
24460,aftermath,hunt,0.1,0,0,100,0,20,195
24470,aftermath,hunt,0.1,0,0,100,0,20,195
24480,quiet,voyage,0.08,0,0,100,0,20,195
24490,quiet,voyage,0.08,0,0,100,0,20,195
24500,quiet,voyage,0.08,0,0,100,0,20,195
24510,quiet,voyage,0.08,0,0,100,0,20,195
24520,quiet,voyage,0.08,0,0,100,0,20,195
24530,quiet,voyage,0.08,0,0,100,0,20,195
24540,quiet,voyage,0.08,0,0,100,0,20,195
24550,opportunity,voyage,0.23,0,0,100,0,20,195
24560,opportunity,voyage,0.23,0,0,100,0,20,195
24570,opportunity,voyage,0.23,0,0,100,0,20,195
24580,opportunity,voyage,0.23,0,0,100,0,20,195
24590,opportunity,voyage,0.23,0,0,100,0,20,195
24600,opportunity,voyage,0.23,0,0,100,0,0,195
24610,opportunity,voyage,0.23,0,0,100,0,0,195
24620,opportunity,voyage,0.23,0,0,100,0,0,195
24630,opportunity,voyage,0.23,0,0,100,0,0,195
24640,opportunity,voyage,0.23,0,0,100,0,0,195
24650,opportunity,voyage,0.23,0,0,100,0,0,195
24660,build,voyage,0.32,0,0,100,0,0,195
24670,build,voyage,0.5,0,0,100,0,0,195
24680,build,voyage,0.585,0,0,100,0,0,195
24690,build,voyage,0.585,0,0,100,0,0,195
24700,build,voyage,0.585,0,0,100,0,0,195
24710,build,voyage,0.585,0,0,100,0,0,195
24720,build,voyage,0.585,0,0,100,0,0,195
24730,build,voyage,0.585,0,0,100,0,0,195
24740,build,voyage,0.585,0,0,100,0,0,195
24750,build,voyage,0.585,0,0,100,0,0,195
24760,build,voyage,0.585,0,0,100,0,0,195
24770,build,voyage,0.585,0,0,100,0,0,195
24780,opportunity,voyage,0.23,0,0,100,0,0,195
24790,opportunity,voyage,0.23,0,0,100,0,0,195
24800,opportunity,voyage,0.23,0,0,100,0,0,195
24810,opportunity,voyage,0.23,0,0,100,0,0,195
24820,opportunity,voyage,0.23,0,0,100,0,0,195
24830,opportunity,voyage,0.23,0,0,100,0,0,195
24840,opportunity,voyage,0.23,0,0,100,0,0,195
24850,opportunity,voyage,0.23,0,0,100,0,0,195
24860,opportunity,voyage,0.23,0,0,100,0,0,195
24870,opportunity,voyage,0.23,0,0,100,0,0,195
24880,opportunity,voyage,0.23,0,0,100,0,0,195
24890,build,voyage,0.32,0,0,100,0,0,195
24900,build,voyage,0.5,0,0,100,0,0,195
24910,build,voyage,0.585,0,0,100,0,0,195
24920,build,voyage,0.585,0,0,100,0,0,195
24930,build,voyage,0.585,0,0,100,0,0,195
24940,build,voyage,0.585,0,0,100,0,0,195
24950,build,voyage,0.585,0,0,100,0,0,195
24960,build,voyage,0.585,0,0,100,0,0,195
24970,build,voyage,0.585,0,0,100,0,0,195
24980,build,voyage,0.585,0,0,100,0,0,196
24990,build,voyage,0.585,0,0,100,0,0,196
25000,build,voyage,0.585,0,0,100,0,0,196
25010,aftermath,voyage,0.1,0,0,100,0,0,196
25020,aftermath,voyage,0.1,0,0,100,0,1,196
25030,aftermath,voyage,0.1,0,0,100,0,1,196
25040,aftermath,voyage,0.1,0,0,100,0,1,196
25050,aftermath,voyage,0.1,0,0,100,0,1,196
25060,aftermath,voyage,0.1,0,0,100,0,1,196
25070,aftermath,voyage,0.1,0,0,100,0,1,197
25080,aftermath,voyage,0.1,0,0,100,0,1,197
25090,aftermath,voyage,0.1,0,0,100,0,1,197
25100,suspended:docked,discovery,,0,0,100,0,1,197
25110,suspended:docked,discovery,,0,0,100,0,2,197
25120,suspended:docked,discovery,,0,0,100,0,2,197
25130,suspended:docked,discovery,,0,0,100,0,2,197
25140,quiet,discovery,0.08,0,0,100,0,2,197
25150,quiet,discovery,0.08,0,0,100,0,2,197
25160,quiet,discovery,0.08,0,0,100,0,3,197
25170,quiet,discovery,0.08,0,0,100,0,3,197
25180,quiet,discovery,0.08,0,0,100,0,3,197
25190,quiet,discovery,0.08,0,0,100,0,3,197
25200,quiet,discovery,0.08,0,0,100,0,4,197
25210,quiet,discovery,0.08,0,0,100,0,3,198
25220,quiet,discovery,0.08,0,0,100,0,3,198
25230,opportunity,discovery,0.224,0,0,100,0,3,198
25240,opportunity,discovery,0.23,0,0,100,0,3,198
25250,opportunity,discovery,0.23,0,0,100,0,3,199
25260,opportunity,discovery,0.23,0,0,100,0,3,199
25270,opportunity,discovery,0.23,0,0,100,0,3,199
25280,opportunity,discovery,0.23,0,0,100,0,3,199
25290,opportunity,discovery,0.23,0,0,100,0,4,199
25300,opportunity,discovery,0.23,0,0,100,0,3,200
25310,opportunity,discovery,0.23,0,0,100,0,3,200
25320,opportunity,discovery,0.23,0,0,100,0,3,200
25330,opportunity,discovery,0.23,0,0,100,0,3,200
25340,peak,discovery,0.284,0.195,0.006149,100,1,3,201
25350,peak,discovery,0.464,0.430292,0.027043,100,1,3,201
25360,peak,discovery,0.644,0.430292,0.04874,100,1,3,201
25370,peak,discovery,0.7,0.3915,0.07035,100,0,3,201
25380,peak,discovery,0.7,0.37575,0.08966,100,0,4,201
25390,aftermath,discovery,0.25,0.12375,0.009679,100,0,4,201
25400,aftermath,discovery,0.1,0,0,100,0,4,201
25410,aftermath,discovery,0.1,0,0,100,0,4,201
25420,aftermath,discovery,0.1,0,0,100,0,4,201
25430,aftermath,discovery,0.1,0,0,100,0,4,202
25440,aftermath,discovery,0.1,0,0,100,0,4,202
25450,aftermath,discovery,0.1,0,0,100,0,4,202
25460,aftermath,discovery,0.1,0,0,100,0,4,202
25470,aftermath,discovery,0.1,0,0,100,0,5,202
25480,aftermath,discovery,0.1,0,0,100,0,5,202
25490,aftermath,discovery,0.1,0,0,100,0,5,202
25500,aftermath,discovery,0.1,0,0,100,0,5,202
25510,quiet,hunt,0.08,0,0,100,0,5,202
25520,quiet,hunt,0.08,0,0,100,0,6,202
25530,quiet,hunt,0.08,0,0,100,0,6,202
25540,quiet,hunt,0.08,0,0,100,0,6,202
25550,quiet,hunt,0.08,0,0,100,0,6,202
25560,opportunity,hunt,0.098,0,0,100,0,7,202
25570,opportunity,hunt,0.23,0,0,100,0,6,203
25580,opportunity,hunt,0.23,0,0,100,1,5,204
25590,peak,hunt,0.41,0.422417,0.020398,100,1,5,204
25600,peak,hunt,0.59,0.430292,0.04164,100,1,5,204
25610,peak,hunt,0.7,0.438167,0.063684,100,1,6,204
25620,peak,hunt,0.7,0.37575,0.083266,100,0,6,204
25630,aftermath,hunt,0.4,0.20775,0.036065,100,0,6,204
25640,aftermath,hunt,0.1,0,0,100,0,6,204
25650,aftermath,hunt,0.1,0,0,100,0,7,204
25660,aftermath,hunt,0.1,0,0,100,0,7,204
25670,aftermath,hunt,0.1,0,0,100,0,7,204
25680,aftermath,hunt,0.1,0,0,100,0,7,204
25690,aftermath,hunt,0.1,0,0,100,0,7,204
25700,aftermath,hunt,0.1,0,0,100,0,8,204
25710,aftermath,hunt,0.1,0,0,100,0,8,204
25720,aftermath,hunt,0.1,0,0,100,0,8,204
25730,aftermath,hunt,0.1,0,0,100,0,8,204
25740,aftermath,hunt,0.1,0,0,100,0,9,204
25750,quiet,discovery,0.08,0,0,100,0,8,205
25760,quiet,discovery,0.08,0,0,100,0,8,205
25770,quiet,discovery,0.08,0,0,100,0,8,205
25780,quiet,discovery,0.08,0,0,100,0,8,205
25790,quiet,discovery,0.08,0,0,100,0,8,206
25800,quiet,discovery,0.08,0,0,100,0,8,206
25810,quiet,discovery,0.08,0,0,100,0,8,206
25820,quiet,discovery,0.08,0,0,100,0,8,206
25830,opportunity,discovery,0.134,0,0,100,0,9,206
25840,opportunity,discovery,0.23,0,0,100,0,9,206
25850,opportunity,discovery,0.23,0,0,100,0,9,206
25860,opportunity,discovery,0.23,0,0,100,0,9,206
25870,opportunity,discovery,0.23,0,0,100,0,9,206
25880,opportunity,discovery,0.23,0,0,100,0,9,207
25890,opportunity,discovery,0.23,0,0,100,0,9,207
25900,opportunity,discovery,0.23,0,0,100,0,9,207
25910,opportunity,discovery,0.23,0,0,100,0,9,207
25920,opportunity,discovery,0.23,0,0,100,0,10,207
25930,opportunity,discovery,0.23,0,0,100,0,9,208
25940,opportunity,discovery,0.23,0,0,100,0,9,208
25950,peak,discovery,0.338,0.39,0.01205,100,1,8,209
25960,peak,discovery,0.518,0.422417,0.032795,100,1,8,209
25970,peak,discovery,0.693474,0.438167,0.054385,100,1,9,209
25980,peak,discovery,0.69096,0.383625,0.075337,100,0,9,209
25990,aftermath,discovery,0.589151,0.327625,0.072227,100,0,9,209
26000,aftermath,discovery,0.1,0.047625,0,100,0,9,209
26010,aftermath,discovery,0.1,0,0,100,0,10,209
26020,aftermath,discovery,0.1,0,0,100,0,10,209
26030,aftermath,discovery,0.1,0,0,100,0,10,209
26040,aftermath,discovery,0.1,0,0,100,0,10,209
26050,aftermath,discovery,0.1,0,0,100,0,10,209
26060,aftermath,discovery,0.1,0,0,100,0,10,210
26070,aftermath,discovery,0.1,0,0,100,0,10,210
26080,aftermath,discovery,0.1,0,0,100,0,10,210
26090,aftermath,discovery,0.1,0,0,100,0,10,210
26100,quiet,hunt,0.08,0,0,100,0,11,210
26110,quiet,hunt,0.08,0,0,100,0,10,211
26120,quiet,hunt,0.08,0,0,100,0,10,211
26130,quiet,hunt,0.08,0,0,100,0,10,211
26140,quiet,hunt,0.08,0,0,100,0,10,211
26150,opportunity,hunt,0.224,0,0,100,0,10,212
26160,opportunity,hunt,0.23,0,0,100,0,10,212
26170,opportunity,hunt,0.23,0,0,100,0,10,212
26180,opportunity,hunt,0.23,0,0,100,0,10,212
26190,peak,hunt,0.392,0.422417,0.018397,100,1,10,213
26200,peak,hunt,0.572,0.430292,0.03964,100,1,9,214
26210,peak,hunt,0.692598,0.438167,0.061684,100,1,9,214
26220,peak,hunt,0.690215,0.37575,0.081546,100,0,9,214
26230,aftermath,hunt,0.439112,0.23575,0.045278,100,0,9,214
26240,aftermath,hunt,0.1,0,0,100,0,10,214
26250,aftermath,hunt,0.1,0,0,100,0,10,214
26260,aftermath,hunt,0.1,0,0,100,0,10,214
26270,aftermath,hunt,0.1,0,0,100,0,10,214
26280,aftermath,hunt,0.1,0,0,100,0,11,214
26290,aftermath,hunt,0.1,0,0,100,0,10,215
26300,aftermath,hunt,0.1,0,0,100,0,10,215
26310,aftermath,hunt,0.1,0,0,100,0,10,215
26320,quiet,voyage,0.08,0,0,100,0,10,215
26330,quiet,voyage,0.08,0,0,100,0,11,215
26340,quiet,voyage,0.08,0,0,100,0,11,215
26350,quiet,voyage,0.08,0,0,100,0,11,215
26360,quiet,voyage,0.08,0,0,100,0,11,215
26370,quiet,voyage,0.08,0,0,100,0,12,215
26380,quiet,voyage,0.08,0,0,100,0,11,216
26390,opportunity,voyage,0.188,0,0,100,0,11,216
26400,opportunity,voyage,0.23,0,0,100,0,11,216
26410,opportunity,voyage,0.23,0,0,100,0,11,216
26420,opportunity,voyage,0.23,0,0,100,0,11,217
26430,opportunity,voyage,0.23,0,0,100,0,11,217
26440,opportunity,voyage,0.23,0,0,100,0,11,217
26450,opportunity,voyage,0.23,0,0,100,0,11,217
26460,opportunity,voyage,0.23,0,0,100,0,12,217
26470,opportunity,voyage,0.23,0,0,100,0,12,217
26480,opportunity,voyage,0.23,0,0,100,0,12,217
26490,opportunity,voyage,0.23,0,0,100,0,12,217
26500,build,voyage,0.248,0,0,100,1,11,218
26510,peak,voyage,0.428,0.422417,0.020596,100,1,12,218
26520,peak,voyage,0.608,0.438167,0.041988,100,1,12,218
26530,peak,voyage,0.7,0.430292,0.064139,100,1,11,219
26540,peak,voyage,0.7,0.37575,0.083341,100,0,11,219
26550,aftermath,voyage,0.4,0.20775,0.03614,100,0,12,219
26560,aftermath,voyage,0.1,0,0,100,0,12,219
26570,aftermath,voyage,0.1,0,0,100,0,12,219
26580,aftermath,voyage,0.1,0,0,100,0,12,219
26590,aftermath,voyage,0.1,0,0,100,0,12,219
26600,aftermath,voyage,0.1,0,0,100,0,13,219
26610,aftermath,voyage,0.1,0,0,100,0,13,219
26620,aftermath,voyage,0.1,0,0,100,0,13,219
26630,aftermath,voyage,0.1,0,0,100,0,13,219
26640,aftermath,voyage,0.1,0,0,100,0,14,219
26650,quiet,hunt,0.08,0,0,100,0,14,219
26660,quiet,hunt,0.08,0,0,100,0,14,219
26670,quiet,hunt,0.08,0,0,100,0,14,219
26680,quiet,hunt,0.08,0,0,100,0,14,219
26690,quiet,hunt,0.08,0,0,100,0,15,219
26700,recovery,hunt,0.102,0.065,0.003772,100,1,14,220
26710,recovery,hunt,0.024991,0.695417,0.041743,100,1,14,220
26720,recovery,hunt,0.020333,0.711167,0.080558,100,1,14,220
26730,recovery,hunt,0.02,0.691042,0.118621,100,1,15,220
26740,recovery,hunt,0.02,0.411042,0.140595,100,0,15,220
26750,recovery,hunt,0.020009,0.17975,0.08326,100,0,15,220
26760,recovery,hunt,0.03,0,0,100,0,15,220
26770,recovery,hunt,0.03,0,0,100,0,15,220
26780,recovery,hunt,0.03,0,0,100,0,16,220
26790,aftermath,hunt,0.048,0,0,100,0,16,220
26800,aftermath,hunt,0.1,0,0,100,0,16,220
26810,aftermath,hunt,0.1,0,0,100,0,16,220
26820,aftermath,hunt,0.1,0,0,100,0,17,220
26830,aftermath,hunt,0.1,0,0,100,0,17,220
26840,aftermath,hunt,0.1,0,0,100,0,17,220
26850,aftermath,hunt,0.1,0,0,100,0,17,220
26860,aftermath,hunt,0.1,0,0,100,0,17,220
26870,aftermath,hunt,0.1,0,0,100,0,18,220
26880,aftermath,hunt,0.1,0,0,100,0,18,220
26890,aftermath,hunt,0.1,0,0,100,0,18,220
26900,suspended:docked,discovery,,0,0,100,0,18,220
26910,suspended:docked,discovery,,0,0,100,0,19,220
26920,suspended:docked,discovery,,0,0,100,0,19,220
26930,suspended:docked,discovery,,0,0,100,0,19,220
26940,quiet,discovery,0.08,0,0,100,0,19,220
26950,quiet,discovery,0.08,0,0,100,0,19,220
26960,quiet,discovery,0.08,0,0,100,0,19,221
26970,quiet,discovery,0.08,0,0,100,0,19,221
26980,quiet,discovery,0.08,0,0,100,0,19,221
26990,quiet,discovery,0.08,0,0,100,0,19,221
27000,quiet,discovery,0.08,0,0,100,0,20,221
27010,quiet,discovery,0.08,0,0,100,0,20,221
27020,opportunity,discovery,0.152,0,0,100,0,20,221
27030,opportunity,discovery,0.23,0,0,100,0,20,221
27040,opportunity,discovery,0.23,0,0,100,0,20,221
27050,opportunity,discovery,0.23,0,0,100,0,20,221
27060,opportunity,discovery,0.23,0,0,100,0,20,221
27070,opportunity,discovery,0.23,0,0,100,0,20,221
27080,opportunity,discovery,0.23,0,0,100,0,20,221
27090,opportunity,discovery,0.23,0,0,100,0,20,221
27100,opportunity,discovery,0.23,0,0,100,0,20,221
27110,opportunity,discovery,0.23,0,0,100,0,20,221
27120,opportunity,discovery,0.23,0,0,100,0,20,221
27130,opportunity,discovery,0.23,0,0,100,0,20,221
27140,opportunity,discovery,0.23,0,0,100,0,20,221
27150,opportunity,discovery,0.23,0,0,100,0,20,221
27160,opportunity,discovery,0.23,0,0,100,0,20,221
27170,opportunity,discovery,0.23,0,0,100,0,20,221
27180,build,discovery,0.392,0,0,100,1,19,222
27190,peak,discovery,0.572,0.414542,0.020248,100,1,19,222
27200,peak,discovery,0.7,0.430292,0.041342,100,1,19,222
27210,peak,discovery,0.7,0.438167,0.063188,100,1,19,222
27220,peak,discovery,0.7,0.37575,0.082769,100,0,19,222
27230,aftermath,discovery,0.4,0.20775,0.035568,100,0,20,222
27240,aftermath,discovery,0.1,0,0,100,0,20,222
27250,aftermath,discovery,0.1,0,0,100,0,20,222
27260,aftermath,discovery,0.1,0,0,100,0,20,222
27270,aftermath,discovery,0.1,0,0,100,0,20,222
27280,aftermath,discovery,0.1,0,0,100,0,20,222
27290,aftermath,discovery,0.1,0,0,100,0,20,222
27300,aftermath,discovery,0.1,0,0,100,0,20,222
27310,aftermath,discovery,0.1,0,0,100,0,20,222
27320,aftermath,discovery,0.1,0,0,100,0,20,222
27330,aftermath,discovery,0.1,0,0,100,0,20,222
27340,aftermath,discovery,0.1,0,0,100,0,20,222
27350,aftermath,discovery,0.1,0,0,100,0,20,222
27360,quiet,hunt,0.08,0,0,100,0,20,222
27370,quiet,hunt,0.08,0,0,100,0,20,222
27380,quiet,hunt,0.08,0,0,100,0,20,222
27390,quiet,hunt,0.08,0,0,100,0,20,222
27400,quiet,hunt,0.08,0,0,100,0,20,222
27410,peak,hunt,0.224,0.39,0.012149,100,1,20,223
27420,peak,hunt,0.404,0.430292,0.033043,100,1,20,223
27430,peak,hunt,0.584,0.430292,0.05474,100,1,20,223
27440,peak,hunt,0.7,0.383625,0.075412,100,0,20,223
27450,aftermath,hunt,0.6,0.327625,0.072302,100,0,20,223
27460,aftermath,hunt,0.1,0.047625,0,100,0,20,223
27470,aftermath,hunt,0.1,0,0,100,0,20,223
27480,aftermath,hunt,0.1,0,0,100,0,20,223
27490,aftermath,hunt,0.1,0,0,100,0,20,223
27500,aftermath,hunt,0.1,0,0,100,0,20,223
27510,aftermath,hunt,0.1,0,0,100,0,20,223
27520,aftermath,hunt,0.1,0,0,100,0,20,223
27530,aftermath,hunt,0.1,0,0,100,0,20,223
27540,aftermath,hunt,0.1,0,0,100,0,20,223
27550,aftermath,hunt,0.1,0,0,100,0,20,223
27560,aftermath,hunt,0.1,0,0,100,0,20,223
27570,quiet,voyage,0.08,0,0,100,0,20,223
27580,quiet,voyage,0.08,0,0,100,0,20,223
27590,quiet,voyage,0.08,0,0,100,0,20,223
27600,quiet,voyage,0.08,0,0,100,0,20,223
27610,quiet,voyage,0.08,0,0,100,0,20,223
27620,quiet,voyage,0.08,0,0,100,0,20,223
27630,quiet,voyage,0.08,0,0,100,0,20,223
27640,opportunity,voyage,0.23,0,0,100,0,20,223
27650,opportunity,voyage,0.23,0,0,100,0,20,223
27660,opportunity,voyage,0.23,0,0,100,0,20,223
27670,opportunity,voyage,0.23,0,0,100,0,20,223
27680,opportunity,voyage,0.23,0,0,100,0,20,223
27690,opportunity,voyage,0.23,0,0,100,0,20,223
27700,opportunity,voyage,0.23,0,0,100,0,20,223
27710,opportunity,voyage,0.23,0,0,100,0,20,223
27720,opportunity,voyage,0.23,0,0,100,0,20,223
27730,opportunity,voyage,0.23,0,0,100,0,20,223
27740,opportunity,voyage,0.23,0,0,100,0,20,223
27750,peak,voyage,0.302,0.195,0.00605,100,1,19,224
27760,peak,voyage,0.482,0.422417,0.026795,100,1,19,224
27770,peak,voyage,0.662,0.438167,0.048385,100,1,19,225
27780,peak,voyage,0.691585,0.390042,0.070126,100,0,19,225
27790,peak,voyage,0.689327,0.367875,0.08894,100,0,19,225
27800,aftermath,voyage,0.239112,0.115875,0.008914,100,0,19,225
27810,aftermath,voyage,0.1,0,0,100,0,20,225
27820,aftermath,voyage,0.1,0,0,100,0,20,225
27830,aftermath,voyage,0.1,0,0,100,0,20,225
27840,aftermath,voyage,0.1,0,0,100,0,20,225
27850,aftermath,voyage,0.1,0,0,100,0,20,225
27860,aftermath,voyage,0.1,0,0,100,0,20,225
27870,aftermath,voyage,0.1,0,0,100,0,20,225
27880,aftermath,voyage,0.1,0,0,100,0,20,225
27890,quiet,hunt,0.08,0,0,100,0,20,225
27900,quiet,hunt,0.08,0,0,100,0,20,225
27910,quiet,hunt,0.08,0,0,100,0,20,225
27920,quiet,hunt,0.08,0,0,100,0,20,225
27930,quiet,hunt,0.08,0,0,100,0,20,225
27940,peak,hunt,0.26,0.414542,0.018248,100,1,19,226
27950,peak,hunt,0.44,0.430292,0.039342,100,1,20,226
27960,peak,hunt,0.62,0.438167,0.061188,100,1,19,227
27970,peak,hunt,0.690274,0.37575,0.081049,100,0,19,227
27980,aftermath,hunt,0.439172,0.23575,0.044781,100,0,19,227
27990,aftermath,hunt,0.1,0,0,100,0,20,227
28000,aftermath,hunt,0.1,0,0,100,0,19,228
28010,aftermath,hunt,0.1,0,0,100,0,19,228
28020,aftermath,hunt,0.1,0,0,100,0,19,228
28030,aftermath,hunt,0.1,0,0,100,0,19,228
28040,aftermath,hunt,0.1,0,0,100,0,19,229
28050,aftermath,hunt,0.1,0,0,100,0,19,229
28060,aftermath,hunt,0.1,0,0,100,0,19,229
28070,quiet,discovery,0.08,0,0,100,0,19,229
28080,quiet,discovery,0.08,0,0,100,0,20,229
28090,quiet,discovery,0.08,0,0,100,0,20,229
28100,quiet,discovery,0.08,0,0,100,0,20,229
28110,quiet,discovery,0.08,0,0,100,0,20,229
28120,quiet,discovery,0.08,0,0,100,0,20,229
28130,quiet,discovery,0.08,0,0,100,0,20,229
28140,quiet,discovery,0.08,0,0,100,0,20,229
28150,quiet,discovery,0.08,0,0,100,0,20,229
28160,peak,discovery,0.188,0.325,0.010149,100,1,19,230
28170,peak,discovery,0.368,0.430292,0.031043,100,1,20,230
28180,peak,discovery,0.548,0.430292,0.05274,100,1,19,231
28190,peak,discovery,0.691159,0.383625,0.073678,100,0,19,231
28200,aftermath,discovery,0.639122,0.355625,0.081557,100,0,19,231
28210,aftermath,discovery,0.139122,0.075625,0,100,0,19,231
28220,aftermath,discovery,0.1,0,0,100,0,19,232
28230,aftermath,discovery,0.1,0,0,100,0,19,232
28240,aftermath,discovery,0.1,0,0,100,0,19,232
28250,aftermath,discovery,0.1,0,0,100,0,19,232
28260,aftermath,discovery,0.1,0,0,100,0,20,232
28270,aftermath,discovery,0.1,0,0,100,0,20,232
28280,aftermath,discovery,0.1,0,0,100,0,20,232
28290,aftermath,discovery,0.1,0,0,100,0,20,232
28300,aftermath,discovery,0.1,0,0,100,0,20,232
28310,aftermath,discovery,0.1,0,0,100,0,20,232
28320,quiet,hunt,0.08,0,0,100,0,20,232
28330,quiet,hunt,0.08,0,0,100,0,20,232
28340,quiet,hunt,0.08,0,0,100,0,20,232
28350,quiet,hunt,0.08,0,0,100,0,20,232
28360,quiet,hunt,0.08,0,0,100,0,20,232
28370,opportunity,hunt,0.17,0,0,100,0,20,232
28380,opportunity,hunt,0.23,0,0,100,0,20,232
28390,opportunity,hunt,0.23,0,0,100,0,20,232
28400,opportunity,hunt,0.23,0,0,100,0,20,232
28410,opportunity,hunt,0.23,0,0,100,0,20,232
28420,opportunity,hunt,0.23,0,0,100,0,20,232
28430,opportunity,hunt,0.23,0,0,100,0,20,232
28440,opportunity,hunt,0.23,0,0,100,0,20,232
28450,opportunity,hunt,0.23,0,0,100,0,20,232
28460,peak,hunt,0.41,0.414542,0.014149,100,1,19,233
28470,peak,hunt,0.59,0.430292,0.035043,100,1,19,233
28480,peak,hunt,0.7,0.430292,0.05674,100,1,19,233
28490,peak,hunt,0.7,0.383625,0.077143,100,0,19,234
28500,aftermath,hunt,0.55,0.299625,0.063047,100,0,19,234
28510,aftermath,hunt,0.1,0.019625,0,100,0,19,234
28520,aftermath,hunt,0.1,0,0,100,0,19,234
28530,aftermath,hunt,0.1,0,0,100,0,20,234
28540,aftermath,hunt,0.1,0,0,100,0,20,234
28550,aftermath,hunt,0.1,0,0,100,0,20,234
28560,aftermath,hunt,0.1,0,0,100,0,20,234
28570,aftermath,hunt,0.1,0,0,100,0,20,234
28580,aftermath,hunt,0.1,0,0,100,0,20,234
28590,aftermath,hunt,0.1,0,0,100,0,20,234
28600,aftermath,hunt,0.1,0,0,100,0,20,234
28610,quiet,voyage,0.08,0,0,100,0,20,234
28620,quiet,voyage,0.08,0,0,100,0,20,234
28630,quiet,voyage,0.08,0,0,100,0,20,234
28640,quiet,voyage,0.08,0,0,100,0,20,234
28650,quiet,voyage,0.08,0,0,100,0,20,234
28660,quiet,voyage,0.08,0,0,100,0,20,234
28670,peak,voyage,0.116,0.065,0.002,100,1,19,235
28680,peak,voyage,0.296,0.422417,0.022398,100,1,19,235
28690,peak,voyage,0.476,0.430292,0.04364,100,1,19,235
28700,suspended:docked,voyage,,0.446042,0.063478,100,1,19,235
28710,suspended:docked,voyage,,0.446042,0.063478,100,0,20,235
28720,suspended:docked,voyage,,0.446042,0.063478,100,0,20,235
28730,suspended:docked,voyage,,0.446042,0.063478,100,0,20,235
28740,aftermath,voyage,0.588,0.418042,0.054387,100,0,20,235
28750,aftermath,voyage,0.088,0.138042,0,100,0,20,235
28760,aftermath,voyage,0.1,0,0,100,0,19,236
28770,aftermath,voyage,0.1,0,0,100,0,19,236
28780,aftermath,voyage,0.1,0,0,100,0,19,236
28790,aftermath,voyage,0.1,0,0,100,0,19,236
28800,aftermath,voyage,0.1,0,0,100,0,20,236
28810,aftermath,voyage,0.1,0,0,100,0,20,236
28820,aftermath,voyage,0.1,0,0,100,0,20,236
28830,aftermath,voyage,0.1,0,0,100,0,20,236
28840,quiet,hunt,0.08,0,0,100,0,20,236
28850,quiet,hunt,0.08,0,0,100,0,20,236
28860,quiet,hunt,0.08,0,0,100,0,20,236
28870,quiet,hunt,0.08,0,0,100,0,20,236
28880,quiet,hunt,0.08,0,0,100,0,20,236
28890,peak,hunt,0.116,0.065,0.00205,100,1,20,237
28900,peak,hunt,0.296,0.422417,0.022795,100,1,20,237
28910,peak,hunt,0.476,0.438167,0.044385,100,1,20,237
28920,peak,hunt,0.656,0.438167,0.066686,100,1,20,237
28930,peak,hunt,0.7,0.37575,0.08606,100,0,20,237
28940,aftermath,hunt,0.35,0.17975,0.027945,100,0,20,237
28950,aftermath,hunt,0.1,0,0,100,0,20,237
28960,aftermath,hunt,0.1,0,0,100,0,20,237
28970,aftermath,hunt,0.1,0,0,100,0,20,237
28980,aftermath,hunt,0.1,0,0,100,0,20,237
28990,aftermath,hunt,0.1,0,0,100,0,20,237
29000,aftermath,hunt,0.1,0,0,100,0,20,237
29010,aftermath,hunt,0.1,0,0,100,0,20,237
29020,aftermath,hunt,0.1,0,0,100,0,20,237
29030,aftermath,hunt,0.1,0,0,100,0,20,237
29040,aftermath,hunt,0.1,0,0,100,0,20,237
29050,aftermath,hunt,0.1,0,0,100,0,20,237
29060,quiet,discovery,0.08,0,0,100,0,20,237
29070,quiet,discovery,0.08,0,0,100,0,20,237
29080,quiet,discovery,0.08,0,0,100,0,20,237
29090,quiet,discovery,0.08,0,0,100,0,20,237
29100,quiet,discovery,0.08,0,0,100,0,20,237
29110,quiet,discovery,0.08,0,0,100,0,20,237
29120,quiet,discovery,0.08,0,0,100,0,20,237
29130,quiet,discovery,0.08,0,0,100,0,20,237
29140,opportunity,discovery,0.152,0,0,100,0,20,237
29150,opportunity,discovery,0.23,0,0,100,0,20,237
29160,opportunity,discovery,0.23,0,0,100,0,20,237
29170,opportunity,discovery,0.23,0,0,100,0,20,237
29180,opportunity,discovery,0.23,0,0,100,0,20,237
29190,opportunity,discovery,0.23,0,0,100,0,20,237
29200,opportunity,discovery,0.23,0,0,100,0,20,237
29210,opportunity,discovery,0.23,0,0,100,0,20,237
29220,opportunity,discovery,0.23,0,0,100,0,20,237
29230,opportunity,discovery,0.23,0,0,100,0,20,237
29240,opportunity,discovery,0.23,0,0,100,0,20,237
29250,opportunity,discovery,0.23,0,0,100,0,20,237
29260,opportunity,discovery,0.23,0,0,100,0,20,237
29270,opportunity,discovery,0.23,0,0,100,1,19,238
29280,peak,discovery,0.41,0.422417,0.020398,100,1,19,238
29290,peak,discovery,0.59,0.430292,0.04164,100,1,19,238
29300,peak,discovery,0.7,0.438167,0.063684,100,1,19,239
29310,peak,discovery,0.7,0.37575,0.083266,100,0,19,239
29320,aftermath,discovery,0.4,0.20775,0.036065,100,0,19,239
29330,aftermath,discovery,0.1,0,0,100,0,19,239
29340,aftermath,discovery,0.1,0,0,100,0,20,239
29350,aftermath,discovery,0.1,0,0,100,0,19,240
29360,aftermath,discovery,0.1,0,0,100,0,19,240
29370,aftermath,discovery,0.1,0,0,100,0,19,240
29380,aftermath,discovery,0.1,0,0,100,0,19,240
29390,aftermath,discovery,0.1,0,0,100,0,19,241
29400,aftermath,discovery,0.1,0,0,100,0,19,241
29410,aftermath,discovery,0.1,0,0,100,0,19,241
29420,aftermath,discovery,0.1,0,0,100,0,19,241
29430,aftermath,discovery,0.1,0,0,100,0,20,241
29440,aftermath,discovery,0.1,0,0,100,0,20,241
29450,quiet,hunt,0.08,0,0,100,0,20,241
29460,quiet,hunt,0.08,0,0,100,0,20,241
29470,quiet,hunt,0.08,0,0,100,0,20,241
29480,quiet,hunt,0.08,0,0,100,0,20,241
29490,quiet,hunt,0.08,0,0,100,0,20,241
29500,opportunity,hunt,0.224,0,0,100,0,20,241
29510,opportunity,hunt,0.23,0,0,100,0,20,241
29520,opportunity,hunt,0.23,0,0,100,0,20,241
29530,opportunity,hunt,0.23,0,0,100,0,20,241
29540,opportunity,hunt,0.23,0,0,100,0,20,241
29550,opportunity,hunt,0.23,0,0,100,0,20,241
29560,opportunity,hunt,0.23,0,0,100,0,20,241
29570,opportunity,hunt,0.23,0,0,100,0,20,241
29580,build,hunt,0.284,0,0,100,1,19,242
29590,peak,hunt,0.464,0.414542,0.020248,100,1,19,242
29600,peak,hunt,0.644,0.430292,0.041342,100,1,19,242
29610,peak,hunt,0.692417,0.438167,0.063188,100,1,20,242
29620,peak,hunt,0.690068,0.37575,0.082769,100,0,20,242
29630,aftermath,hunt,0.389186,0.20775,0.035568,100,0,20,242
29640,aftermath,hunt,0.1,0,0,100,0,20,242
29650,aftermath,hunt,0.1,0,0,100,0,20,242
29660,aftermath,hunt,0.1,0,0,100,0,20,242
29670,aftermath,hunt,0.1,0,0,100,0,20,242
29680,aftermath,hunt,0.1,0,0,100,0,20,242
29690,aftermath,hunt,0.1,0,0,100,0,20,242
29700,aftermath,hunt,0.1,0,0,100,0,20,242
29710,aftermath,hunt,0.1,0,0,100,0,20,242
29720,quiet,discovery,0.08,0,0,100,0,20,242
29730,quiet,discovery,0.08,0,0,100,0,20,242
29740,quiet,discovery,0.08,0,0,100,0,20,242
29750,quiet,discovery,0.08,0,0,100,0,20,242
29760,quiet,discovery,0.08,0,0,100,0,20,242
29770,quiet,discovery,0.08,0,0,100,0,20,242
29780,quiet,discovery,0.08,0,0,100,0,20,242
29790,quiet,discovery,0.08,0,0,100,0,20,242
29800,quiet,discovery,0.08,0,0,100,0,20,242
29810,peak,discovery,0.206,0.325,0.010149,100,1,19,243
29820,peak,discovery,0.386,0.430292,0.031043,100,1,19,243
29830,peak,discovery,0.566,0.430292,0.05274,100,1,19,243
29840,peak,discovery,0.691159,0.383625,0.073678,100,0,20,243
29850,aftermath,discovery,0.639122,0.355625,0.081557,100,0,20,243
29860,aftermath,discovery,0.139122,0.075625,0,100,0,20,243
29870,aftermath,discovery,0.1,0,0,100,0,20,243
29880,aftermath,discovery,0.1,0,0,100,0,20,243
29890,aftermath,discovery,0.1,0,0,100,0,20,243
29900,aftermath,discovery,0.1,0,0,100,0,20,243
29910,aftermath,discovery,0.1,0,0,100,0,20,243
29920,aftermath,discovery,0.1,0,0,100,0,20,243
29930,aftermath,discovery,0.1,0,0,100,0,20,243
29940,aftermath,discovery,0.1,0,0,100,0,20,243
29950,aftermath,discovery,0.1,0,0,100,0,20,243
29960,quiet,hunt,0.08,0,0,100,0,20,243
29970,quiet,hunt,0.08,0,0,100,0,20,243
29980,quiet,hunt,0.08,0,0,100,0,20,243
29990,quiet,hunt,0.08,0,0,100,0,20,243
30000,quiet,hunt,0.08,0,0,100,0,20,243
30010,peak,hunt,0.206,0.39,0.012248,100,1,19,244
30020,peak,hunt,0.386,0.430292,0.033342,100,1,20,244
30030,peak,hunt,0.566,0.438167,0.055187,100,1,19,245
30040,peak,hunt,0.7,0.37575,0.075867,100,0,19,245
30050,aftermath,hunt,0.6,0.31975,0.072419,100,0,19,245
30060,aftermath,hunt,0.1,0.03975,0,100,0,20,245
30070,aftermath,hunt,0.1,0,0,100,0,20,245
30080,aftermath,hunt,0.1,0,0,100,0,20,245
30090,aftermath,hunt,0.1,0,0,100,0,20,245
30100,aftermath,hunt,0.1,0,0,100,0,20,245
30110,aftermath,hunt,0.1,0,0,100,0,20,245
30120,aftermath,hunt,0.1,0,0,100,0,20,245
30130,aftermath,hunt,0.1,0,0,100,0,20,245
30140,aftermath,hunt,0.1,0,0,100,0,20,245
30150,aftermath,hunt,0.1,0,0,100,0,20,245
30160,quiet,voyage,0.08,0,0,100,0,20,245
30170,quiet,voyage,0.08,0,0,100,0,20,245
30180,quiet,voyage,0.08,0,0,100,0,20,245
30190,quiet,voyage,0.08,0,0,100,0,20,245
30200,quiet,voyage,0.08,0,0,100,0,20,245
30210,quiet,voyage,0.08,0,0,100,0,20,245
30220,opportunity,voyage,0.098,0,0,100,0,20,245
30230,opportunity,voyage,0.23,0,0,100,0,20,245
30240,opportunity,voyage,0.23,0,0,100,0,20,245
30250,opportunity,voyage,0.23,0,0,100,0,20,245
30260,opportunity,voyage,0.23,0,0,100,0,20,245
30270,opportunity,voyage,0.23,0,0,100,0,20,245
30280,opportunity,voyage,0.23,0,0,100,0,20,245
30290,opportunity,voyage,0.23,0,0,100,0,20,245
30300,recovery,voyage,0.18,0.065,0.003473,100,0,20,245
30310,recovery,voyage,0.025438,0.633,0.038019,100,0,20,245
30320,recovery,voyage,0.03,0.409,0,100,0,20,245
30330,recovery,voyage,0.03,0.245,0,100,0,20,245
30340,recovery,voyage,0.03,0,0,100,0,20,245
30350,recovery,voyage,0.03,0,0,100,0,20,245
30360,recovery,voyage,0.03,0,0,100,0,20,245
30370,recovery,voyage,0.03,0,0,100,0,20,245
30380,recovery,voyage,0.03,0,0,100,0,20,245
30390,aftermath,voyage,0.048,0,0,100,0,20,245
30400,aftermath,voyage,0.1,0,0,100,0,20,245
30410,aftermath,voyage,0.1,0,0,100,0,20,245
30420,aftermath,voyage,0.1,0,0,100,0,20,245
30430,aftermath,voyage,0.1,0,0,100,0,20,245
30440,aftermath,voyage,0.1,0,0,100,0,20,245
30450,aftermath,voyage,0.1,0,0,100,0,20,245
30460,aftermath,voyage,0.1,0,0,100,0,20,245
30470,aftermath,voyage,0.1,0,0,100,0,20,245
30480,aftermath,voyage,0.1,0,0,100,0,20,245
30490,quiet,hunt,0.08,0,0,100,0,20,245
30500,suspended:docked,hunt,,0,0,100,0,20,245
30510,suspended:docked,hunt,,0,0,100,0,20,245
30520,suspended:docked,hunt,,0,0,100,0,20,245
30530,suspended:docked,hunt,,0,0,100,0,20,245
30540,quiet,hunt,0.08,0,0,100,0,20,245
30550,quiet,hunt,0.08,0,0,100,0,20,245
30560,quiet,hunt,0.08,0,0,100,0,20,245
30570,quiet,hunt,0.08,0,0,100,0,20,245
30580,peak,hunt,0.152,0.195,0.006,100,1,19,246
30590,peak,hunt,0.332,0.422417,0.026596,100,1,19,246
30600,peak,hunt,0.512,0.438167,0.047988,100,1,20,246
30610,peak,hunt,0.692,0.390042,0.069629,100,0,20,246
30620,peak,hunt,0.7,0.37575,0.088486,100,0,20,246
30630,aftermath,hunt,0.25,0.12375,0.008502,100,0,20,246
30640,aftermath,hunt,0.1,0,0,100,0,20,246
30650,aftermath,hunt,0.1,0,0,100,0,20,246
30660,aftermath,hunt,0.1,0,0,100,0,20,246
30670,aftermath,hunt,0.1,0,0,100,0,20,246
30680,aftermath,hunt,0.1,0,0,100,0,20,246
30690,aftermath,hunt,0.1,0,0,100,0,20,246
30700,aftermath,hunt,0.1,0,0,100,0,20,246
30710,aftermath,hunt,0.1,0,0,100,0,20,246
30720,aftermath,hunt,0.1,0,0,100,0,20,246
30730,quiet,discovery,0.08,0,0,100,0,20,246
30740,quiet,discovery,0.08,0,0,100,0,20,246
30750,quiet,discovery,0.08,0,0,100,0,20,246
30760,quiet,discovery,0.08,0,0,100,0,20,246
30770,quiet,discovery,0.08,0,0,100,0,20,246
30780,quiet,discovery,0.08,0,0,100,0,20,246
30790,quiet,discovery,0.08,0,0,100,0,20,246
30800,quiet,discovery,0.08,0,0,100,0,20,246
30810,quiet,discovery,0.08,0,0,100,0,20,246
30820,peak,discovery,0.224,0.414542,0.014248,100,1,19,247
30830,peak,discovery,0.404,0.430292,0.035342,100,1,20,247
30840,peak,discovery,0.584,0.438167,0.057187,100,1,20,247
30850,peak,discovery,0.7,0.37575,0.077597,100,0,20,247
30860,aftermath,discovery,0.55,0.29175,0.063207,100,0,20,247
30870,aftermath,discovery,0.1,0.01175,0,100,0,20,247
30880,aftermath,discovery,0.1,0,0,100,0,20,247
30890,aftermath,discovery,0.1,0,0,100,0,20,247
30900,aftermath,discovery,0.1,0,0,100,0,20,247
30910,aftermath,discovery,0.1,0,0,100,0,20,247
30920,aftermath,discovery,0.1,0,0,100,0,20,247
30930,aftermath,discovery,0.1,0,0,100,0,20,247
30940,aftermath,discovery,0.1,0,0,100,0,20,247
30950,aftermath,discovery,0.1,0,0,100,0,20,247
30960,aftermath,discovery,0.1,0,0,100,0,20,247
30970,aftermath,discovery,0.1,0,0,100,0,20,247
30980,aftermath,discovery,0.1,0,0,100,0,20,247
30990,quiet,hunt,0.08,0,0,100,0,20,247
31000,quiet,hunt,0.08,0,0,100,0,20,247
31010,quiet,hunt,0.08,0,0,100,0,20,247
31020,quiet,hunt,0.08,0,0,100,0,20,247
31030,quiet,hunt,0.08,0,0,100,0,20,247
31040,opportunity,hunt,0.17,0,0,100,0,20,247
31050,opportunity,hunt,0.23,0,0,100,0,20,247
31060,opportunity,hunt,0.23,0,0,100,0,20,247
31070,opportunity,hunt,0.23,0,0,100,0,20,247
31080,opportunity,hunt,0.23,0,0,100,0,20,247
31090,opportunity,hunt,0.23,0,0,100,0,20,247
31100,opportunity,hunt,0.23,0,0,100,0,20,247
31110,opportunity,hunt,0.23,0,0,100,0,20,247
31120,opportunity,hunt,0.23,0,0,100,0,20,247
31130,peak,hunt,0.41,0.195,0.006149,100,1,19,248
31140,peak,hunt,0.59,0.430292,0.027043,100,1,20,248
31150,peak,hunt,0.7,0.430292,0.04874,100,1,19,249
31160,peak,hunt,0.7,0.3915,0.07035,100,0,19,249
31170,peak,hunt,0.7,0.37575,0.08966,100,0,19,249
31180,aftermath,hunt,0.25,0.12375,0.009679,100,0,19,249
31190,aftermath,hunt,0.1,0,0,100,0,20,249
31200,aftermath,hunt,0.1,0,0,100,0,20,249
31210,aftermath,hunt,0.1,0,0,100,0,20,249
31220,aftermath,hunt,0.1,0,0,100,0,20,249
31230,aftermath,hunt,0.1,0,0,100,0,20,249
31240,aftermath,hunt,0.1,0,0,100,0,20,249
31250,aftermath,hunt,0.1,0,0,100,0,20,249
31260,aftermath,hunt,0.1,0,0,100,0,20,249
31270,aftermath,hunt,0.1,0,0,100,0,20,249
31280,aftermath,hunt,0.1,0,0,100,0,20,249
31290,quiet,voyage,0.08,0,0,100,0,20,249
31300,quiet,voyage,0.08,0,0,100,0,20,249
31310,quiet,voyage,0.08,0,0,100,0,20,249
31320,quiet,voyage,0.08,0,0,100,0,20,249
31330,quiet,voyage,0.08,0,0,100,0,20,249
31340,quiet,voyage,0.08,0,0,100,0,20,249
31350,quiet,voyage,0.08,0,0,100,0,20,249
31360,peak,voyage,0.188,0.325,0.010248,100,1,19,250
31370,peak,voyage,0.368,0.430292,0.031342,100,1,20,250
31380,peak,voyage,0.548,0.438167,0.053188,100,1,20,250
31390,peak,voyage,0.691074,0.383625,0.074382,100,0,20,250
31400,aftermath,voyage,0.639031,0.355625,0.082321,100,0,20,250
31410,aftermath,voyage,0.139031,0.075625,0,100,0,20,250
31420,aftermath,voyage,0.1,0,0,100,0,20,250
31430,aftermath,voyage,0.1,0,0,100,0,20,250
31440,aftermath,voyage,0.1,0,0,100,0,20,250
31450,aftermath,voyage,0.1,0,0,100,0,20,250
31460,aftermath,voyage,0.1,0,0,100,0,20,250
31470,aftermath,voyage,0.1,0,0,100,0,20,250
31480,aftermath,voyage,0.1,0,0,100,0,20,250
31490,quiet,hunt,0.08,0,0,100,0,20,250
31500,quiet,hunt,0.08,0,0,100,0,20,250
31510,quiet,hunt,0.08,0,0,100,0,20,250
31520,quiet,hunt,0.08,0,0,100,0,20,250
31530,quiet,hunt,0.08,0,0,100,0,20,250
31540,peak,hunt,0.116,0.065,0.002,100,1,19,251
31550,peak,hunt,0.296,0.422417,0.022596,100,1,19,252
31560,peak,hunt,0.476,0.438167,0.043988,100,1,19,252
31570,peak,hunt,0.656,0.430292,0.066139,100,1,19,252
31580,peak,hunt,0.689793,0.37575,0.085059,100,0,19,252
31590,aftermath,hunt,0.339132,0.17975,0.026927,100,0,20,252
31600,aftermath,hunt,0.1,0,0,100,0,19,253
31610,aftermath,hunt,0.1,0,0,100,0,19,253
31620,aftermath,hunt,0.1,0,0,100,0,19,253
31630,aftermath,hunt,0.1,0,0,100,0,19,253
31640,aftermath,hunt,0.1,0,0,100,0,20,253
31650,aftermath,hunt,0.1,0,0,100,0,20,253
31660,aftermath,hunt,0.1,0,0,100,0,20,253
31670,aftermath,hunt,0.1,0,0,100,0,20,253
31680,quiet,discovery,0.08,0,0,100,0,20,253
31690,quiet,discovery,0.08,0,0,100,0,20,253
31700,quiet,discovery,0.08,0,0,100,0,20,253
31710,quiet,discovery,0.08,0,0,100,0,20,253
31720,quiet,discovery,0.08,0,0,100,0,20,253
31730,quiet,discovery,0.08,0,0,100,0,20,253
31740,quiet,discovery,0.08,0,0,100,0,20,253
31750,quiet,discovery,0.08,0,0,100,0,20,253
31760,quiet,discovery,0.08,0,0,100,0,20,253
31770,opportunity,discovery,0.224,0,0,100,0,20,253
31780,opportunity,discovery,0.23,0,0,100,0,20,253
31790,opportunity,discovery,0.23,0,0,100,0,20,253
31800,opportunity,discovery,0.23,0,0,100,0,0,253
31810,opportunity,discovery,0.23,0,0,100,0,0,253
31820,opportunity,discovery,0.23,0,0,100,0,0,253
31830,opportunity,discovery,0.23,0,0,100,0,0,253
31840,opportunity,discovery,0.23,0,0,100,0,0,253
31850,opportunity,discovery,0.23,0,0,100,0,0,253
31860,opportunity,discovery,0.23,0,0,100,0,0,253
31870,opportunity,discovery,0.23,0,0,100,0,0,253
31880,opportunity,discovery,0.23,0,0,100,0,0,253
31890,opportunity,discovery,0.23,0,0,100,0,0,253
31900,opportunity,discovery,0.23,0,0,100,0,0,253
31910,opportunity,discovery,0.23,0,0,100,0,0,253
31920,build,discovery,0.284,0,0,100,0,0,253
31930,build,discovery,0.464,0,0,100,0,0,253
31940,build,discovery,0.585,0,0,100,0,0,253
31950,build,discovery,0.585,0,0,100,0,0,253
31960,build,discovery,0.585,0,0,100,0,0,253
31970,build,discovery,0.585,0,0,100,0,0,253
31980,build,discovery,0.585,0,0,100,0,0,253
31990,build,discovery,0.585,0,0,100,0,0,253
32000,build,discovery,0.585,0,0,100,0,0,253
32010,build,discovery,0.585,0,0,100,0,0,253
32020,opportunity,discovery,0.23,0,0,100,0,0,253
32030,opportunity,discovery,0.23,0,0,100,0,0,253
32040,opportunity,discovery,0.23,0,0,100,0,0,253
32050,opportunity,discovery,0.23,0,0,100,0,0,253
32060,opportunity,discovery,0.23,0,0,100,0,0,253
32070,opportunity,discovery,0.23,0,0,100,0,0,253
32080,opportunity,discovery,0.23,0,0,100,0,0,253
32090,opportunity,discovery,0.23,0,0,100,0,0,253
32100,opportunity,discovery,0.23,0,0,100,0,0,253
32110,opportunity,discovery,0.23,0,0,100,0,0,253
32120,opportunity,discovery,0.23,0,0,100,0,0,253
32130,opportunity,discovery,0.23,0,0,100,0,0,253
32140,opportunity,discovery,0.23,0,0,100,0,0,253
32150,opportunity,discovery,0.23,0,0,100,0,0,253
32160,opportunity,discovery,0.23,0,0,100,0,0,253
32170,build,discovery,0.284,0,0,100,0,0,253
32180,peak,discovery,0.464,0.195,0.006149,100,1,0,254
32190,peak,discovery,0.644,0.430292,0.027043,100,1,0,254
32200,peak,discovery,0.7,0.430292,0.04874,100,1,0,254
32210,peak,discovery,0.7,0.3915,0.07035,100,0,0,254
32220,peak,discovery,0.7,0.37575,0.08966,100,0,1,254
32230,aftermath,discovery,0.25,0.12375,0.009679,100,0,1,254
32240,aftermath,discovery,0.1,0,0,100,0,1,254
32250,aftermath,discovery,0.1,0,0,100,0,1,254
32260,aftermath,discovery,0.1,0,0,100,0,1,254
32270,aftermath,discovery,0.1,0,0,100,0,2,254
32280,aftermath,discovery,0.1,0,0,100,0,2,254
32290,aftermath,discovery,0.1,0,0,100,0,2,254
32300,suspended:docked,discovery,,0,0,100,0,2,254
32310,suspended:docked,discovery,,0,0,100,0,3,254
32320,suspended:docked,discovery,,0,0,100,0,3,254
32330,suspended:docked,discovery,,0,0,100,0,3,254
32340,aftermath,discovery,0.08,0,0,100,0,3,254
32350,aftermath,discovery,0.08,0,0,100,0,3,254
32360,aftermath,discovery,0.1,0,0,100,0,4,254
32370,aftermath,discovery,0.1,0,0,100,0,4,254
32380,quiet,hunt,0.08,0,0,100,0,4,254
32390,quiet,hunt,0.08,0,0,100,0,4,254
32400,quiet,hunt,0.08,0,0,100,0,5,254
32410,quiet,hunt,0.08,0,0,100,0,4,255
32420,quiet,hunt,0.08,0,0,100,0,4,255
32430,opportunity,hunt,0.134,0,0,100,0,4,255
32440,peak,hunt,0.314,0.414542,0.016248,100,1,3,256
32450,peak,hunt,0.494,0.430292,0.037342,100,1,3,257
32460,peak,hunt,0.674,0.438167,0.059188,100,1,3,257
32470,peak,hunt,0.7,0.37575,0.079325,100,0,3,257
32480,aftermath,hunt,0.5,0.26375,0.053994,100,0,3,257
32490,aftermath,hunt,0.1,0,0,100,0,4,257
32500,aftermath,hunt,0.1,0,0,100,0,4,257
32510,aftermath,hunt,0.1,0,0,100,0,4,257
32520,aftermath,hunt,0.1,0,0,100,0,4,257
32530,aftermath,hunt,0.1,0,0,100,0,4,257
32540,aftermath,hunt,0.1,0,0,100,0,5,257
32550,aftermath,hunt,0.1,0,0,100,0,5,257
32560,aftermath,hunt,0.1,0,0,100,0,5,257
32570,aftermath,hunt,0.1,0,0,100,0,5,257
32580,aftermath,hunt,0.1,0,0,100,0,6,257
32590,quiet,discovery,0.08,0,0,100,0,5,258
32600,quiet,discovery,0.08,0,0,100,0,5,258
32610,quiet,discovery,0.08,0,0,100,0,5,258
32620,quiet,discovery,0.08,0,0,100,0,5,258
32630,quiet,discovery,0.08,0,0,100,0,6,258
32640,quiet,discovery,0.08,0,0,100,0,6,258
32650,quiet,discovery,0.08,0,0,100,0,6,258
32660,quiet,discovery,0.08,0,0,100,0,6,258
32670,opportunity,discovery,0.134,0,0,100,0,7,258
32680,opportunity,discovery,0.23,0,0,100,0,7,258
32690,opportunity,discovery,0.23,0,0,100,0,7,258
32700,opportunity,discovery,0.23,0,0,100,0,7,258
32710,opportunity,discovery,0.23,0,0,100,0,7,258
32720,opportunity,discovery,0.23,0,0,100,0,8,258
32730,opportunity,discovery,0.23,0,0,100,0,8,258
32740,opportunity,discovery,0.23,0,0,100,0,8,258
32750,opportunity,discovery,0.23,0,0,100,0,8,258
32760,opportunity,discovery,0.23,0,0,100,0,9,258
32770,opportunity,discovery,0.23,0,0,100,0,9,258
32780,peak,discovery,0.266,0.13,0.004,100,1,8,259
32790,peak,discovery,0.446,0.422417,0.024398,100,1,8,259
32800,peak,discovery,0.626,0.430292,0.04564,100,1,8,259
32810,peak,discovery,0.7,0.418042,0.067431,100,0,8,260
32820,peak,discovery,0.7,0.37575,0.086698,100,0,8,260
32830,aftermath,discovery,0.3,0.15175,0.017639,100,0,8,260
32840,aftermath,discovery,0.1,0,0,100,0,8,260
32850,aftermath,discovery,0.1,0,0,100,0,9,260
32860,aftermath,discovery,0.1,0,0,100,0,8,261
32870,aftermath,discovery,0.1,0,0,100,0,8,261
32880,aftermath,discovery,0.1,0,0,100,0,8,261
32890,aftermath,discovery,0.1,0,0,100,0,8,261
32900,aftermath,discovery,0.1,0,0,100,0,8,262
32910,aftermath,discovery,0.1,0,0,100,0,8,262
32920,aftermath,discovery,0.1,0,0,100,0,8,262
32930,aftermath,discovery,0.1,0,0,100,0,8,262
32940,aftermath,discovery,0.1,0,0,100,0,9,262
32950,aftermath,discovery,0.1,0,0,100,0,8,263
32960,quiet,hunt,0.08,0,0,100,0,8,263
32970,quiet,hunt,0.08,0,0,100,0,8,263
32980,quiet,hunt,0.08,0,0,100,0,8,263
32990,quiet,hunt,0.08,0,0,100,0,9,263
33000,quiet,hunt,0.08,0,0,100,0,9,263
33010,opportunity,hunt,0.23,0,0,100,0,9,263
33020,opportunity,hunt,0.23,0,0,100,0,9,263
33030,opportunity,hunt,0.23,0,0,100,0,10,263
33040,peak,hunt,0.356,0.414542,0.014248,100,1,9,264
33050,peak,hunt,0.536,0.430292,0.035342,100,1,9,264
33060,peak,hunt,0.7,0.438167,0.057187,100,1,9,264
33070,peak,hunt,0.7,0.37575,0.077597,100,0,9,264
33080,aftermath,hunt,0.55,0.29175,0.063207,100,0,10,264
33090,aftermath,hunt,0.1,0.01175,0,100,0,10,264
33100,aftermath,hunt,0.1,0,0,100,0,10,264
33110,aftermath,hunt,0.1,0,0,100,0,10,264
33120,aftermath,hunt,0.1,0,0,100,0,11,264
33130,aftermath,hunt,0.1,0,0,100,0,11,264
33140,aftermath,hunt,0.1,0,0,100,0,11,264
33150,aftermath,hunt,0.1,0,0,100,0,11,264
33160,aftermath,hunt,0.1,0,0,100,0,11,264
33170,aftermath,hunt,0.1,0,0,100,0,12,264
33180,aftermath,hunt,0.1,0,0,100,0,12,264
33190,aftermath,hunt,0.1,0,0,100,0,12,264
33200,quiet,voyage,0.08,0,0,100,0,12,264
33210,quiet,voyage,0.08,0,0,100,0,13,264
33220,quiet,voyage,0.08,0,0,100,0,13,264
33230,quiet,voyage,0.08,0,0,100,0,13,264
33240,quiet,voyage,0.08,0,0,100,0,13,264
33250,quiet,voyage,0.08,0,0,100,0,13,264
33260,quiet,voyage,0.08,0,0,100,0,13,265
33270,opportunity,voyage,0.23,0,0,100,0,13,265
33280,opportunity,voyage,0.23,0,0,100,0,13,265
33290,opportunity,voyage,0.23,0,0,100,0,13,265
33300,opportunity,voyage,0.23,0,0,100,0,14,265
33310,opportunity,voyage,0.23,0,0,100,0,14,265
33320,opportunity,voyage,0.23,0,0,100,0,14,265
33330,opportunity,voyage,0.23,0,0,100,0,14,265
33340,opportunity,voyage,0.23,0,0,100,0,14,265
33350,opportunity,voyage,0.23,0,0,100,0,15,265
33360,opportunity,voyage,0.23,0,0,100,0,15,265
33370,opportunity,voyage,0.23,0,0,100,0,15,265
33380,build,voyage,0.32,0,0,100,1,14,266
33390,peak,voyage,0.5,0.422417,0.020398,100,1,15,266
33400,peak,voyage,0.68,0.430292,0.04164,100,1,14,267
33410,peak,voyage,0.692358,0.438167,0.063684,100,1,14,267
33420,peak,voyage,0.690008,0.37575,0.083266,100,0,14,267
33430,aftermath,voyage,0.389127,0.20775,0.036065,100,0,14,267
33440,aftermath,voyage,0.1,0,0,100,0,15,267
33450,aftermath,voyage,0.1,0,0,100,0,15,267
33460,aftermath,voyage,0.1,0,0,100,0,15,267
33470,aftermath,voyage,0.1,0,0,100,0,15,267
33480,aftermath,voyage,0.1,0,0,100,0,16,267
33490,aftermath,voyage,0.1,0,0,100,0,16,267
33500,aftermath,voyage,0.1,0,0,100,0,16,267
33510,aftermath,voyage,0.1,0,0,100,0,16,267
33520,quiet,hunt,0.08,0,0,100,0,16,267
33530,quiet,hunt,0.08,0,0,100,0,17,267
33540,quiet,hunt,0.08,0,0,100,0,17,267
33550,quiet,hunt,0.08,0,0,100,0,17,267
33560,quiet,hunt,0.08,0,0,100,0,17,267
33570,opportunity,hunt,0.206,0,0,100,0,18,267
33580,opportunity,hunt,0.23,0,0,100,0,17,268
33590,opportunity,hunt,0.23,0,0,100,0,17,268
33600,opportunity,hunt,0.23,0,0,100,0,17,268
33610,opportunity,hunt,0.23,0,0,100,0,17,268
33620,opportunity,hunt,0.23,0,0,100,0,18,268
33630,opportunity,hunt,0.23,0,0,100,0,18,268
33640,peak,hunt,0.302,0.26,0.008,100,1,17,269
33650,peak,hunt,0.482,0.422417,0.028596,100,1,17,269
33660,peak,hunt,0.662,0.438167,0.049988,100,1,18,269
33670,peak,hunt,0.691436,0.383625,0.07137,100,0,17,270
33680,peak,hunt,0.689176,0.37575,0.090198,100,0,17,270
33690,aftermath,hunt,0.189176,0.09575,0,100,0,17,270
33700,aftermath,hunt,0.1,0,0,100,0,17,270
33710,aftermath,hunt,0.1,0,0,100,0,18,270
33720,aftermath,hunt,0.1,0,0,100,0,18,270
33730,aftermath,hunt,0.1,0,0,100,0,18,270
33740,aftermath,hunt,0.1,0,0,100,0,18,270
33750,aftermath,hunt,0.1,0,0,100,0,19,270
33760,aftermath,hunt,0.1,0,0,100,0,19,270
33770,aftermath,hunt,0.1,0,0,100,0,19,270
33780,quiet,discovery,0.08,0,0,100,0,19,270
33790,quiet,discovery,0.08,0,0,100,0,19,270
33800,quiet,discovery,0.08,0,0,100,0,20,270
33810,quiet,discovery,0.08,0,0,100,0,20,270
33820,quiet,discovery,0.08,0,0,100,0,20,270
33830,quiet,discovery,0.08,0,0,100,0,20,270
33840,quiet,discovery,0.08,0,0,100,0,20,270
33850,quiet,discovery,0.08,0,0,100,0,20,270
33860,opportunity,discovery,0.098,0,0,100,0,20,270
33870,opportunity,discovery,0.23,0,0,100,0,20,270
33880,opportunity,discovery,0.23,0,0,100,0,20,270
33890,opportunity,discovery,0.23,0,0,100,0,20,270
33900,recovery,discovery,0.18,0.065,0.003473,100,0,20,270
33910,recovery,discovery,0.025438,0.633,0.038019,100,0,20,270
33920,recovery,discovery,0.03,0.409,0,100,0,20,270
33930,recovery,discovery,0.03,0.245,0,100,0,20,270
33940,recovery,discovery,0.03,0,0,100,0,20,270
33950,recovery,discovery,0.03,0,0,100,0,20,270
33960,recovery,discovery,0.03,0,0,100,0,20,270
33970,recovery,discovery,0.03,0,0,100,0,20,270
33980,recovery,discovery,0.03,0,0,100,0,20,270
33990,aftermath,discovery,0.048,0,0,100,0,20,270
34000,aftermath,discovery,0.1,0,0,100,0,20,270
34010,aftermath,discovery,0.1,0,0,100,0,20,270
34020,aftermath,discovery,0.1,0,0,100,0,20,270
34030,aftermath,discovery,0.1,0,0,100,0,20,270
34040,aftermath,discovery,0.1,0,0,100,0,20,270
34050,aftermath,discovery,0.1,0,0,100,0,20,270
34060,aftermath,discovery,0.1,0,0,100,0,20,270
34070,aftermath,discovery,0.1,0,0,100,0,20,270
34080,aftermath,discovery,0.1,0,0,100,0,20,270
34090,aftermath,discovery,0.1,0,0,100,0,20,270
34100,suspended:docked,discovery,,0,0,100,0,20,270
34110,suspended:docked,discovery,,0,0,100,0,20,270
34120,suspended:docked,discovery,,0,0,100,0,20,270
34130,suspended:docked,discovery,,0,0,100,0,20,270
34140,aftermath,discovery,0.08,0,0,100,0,20,270
34150,quiet,hunt,0.08,0,0,100,0,20,270
34160,quiet,hunt,0.08,0,0,100,0,20,270
34170,quiet,hunt,0.08,0,0,100,0,20,270
34180,quiet,hunt,0.08,0,0,100,0,20,270
34190,quiet,hunt,0.08,0,0,100,0,20,270
34200,peak,hunt,0.242,0.422417,0.016397,100,1,20,271
34210,peak,hunt,0.422,0.430292,0.03764,100,1,20,271
34220,peak,hunt,0.602,0.438167,0.059684,100,1,20,271
34230,peak,hunt,0.7,0.37575,0.079821,100,0,20,271
34240,aftermath,hunt,0.5,0.26375,0.054491,100,0,20,271
34250,aftermath,hunt,0.1,0,0,100,0,20,271
34260,aftermath,hunt,0.1,0,0,100,0,20,271
34270,aftermath,hunt,0.1,0,0,100,0,20,271
34280,aftermath,hunt,0.1,0,0,100,0,20,271
34290,aftermath,hunt,0.1,0,0,100,0,20,271
34300,aftermath,hunt,0.1,0,0,100,0,20,271
34310,aftermath,hunt,0.1,0,0,100,0,20,271
34320,aftermath,hunt,0.1,0,0,100,0,20,271
34330,aftermath,hunt,0.1,0,0,100,0,20,271
34340,aftermath,hunt,0.1,0,0,100,0,20,271
34350,quiet,voyage,0.08,0,0,100,0,20,271
34360,quiet,voyage,0.08,0,0,100,0,20,271
34370,quiet,voyage,0.08,0,0,100,0,20,271
34380,quiet,voyage,0.08,0,0,100,0,20,271
34390,quiet,voyage,0.08,0,0,100,0,20,271
34400,quiet,voyage,0.08,0,0,100,0,20,271
34410,peak,voyage,0.134,0.13,0.00405,100,1,19,272
34420,peak,voyage,0.314,0.422417,0.024795,100,1,19,272
34430,peak,voyage,0.494,0.438167,0.046385,100,1,20,272
34440,peak,voyage,0.674,0.418042,0.068383,100,0,20,272
34450,peak,voyage,0.7,0.367875,0.087228,100,0,20,272
34460,aftermath,voyage,0.3,0.143875,0.018085,100,0,20,272
34470,aftermath,voyage,0.1,0,0,100,0,20,272
34480,aftermath,voyage,0.1,0,0,100,0,20,272
34490,aftermath,voyage,0.1,0,0,100,0,20,272
34500,aftermath,voyage,0.1,0,0,100,0,20,272
34510,aftermath,voyage,0.1,0,0,100,0,20,272
34520,aftermath,voyage,0.1,0,0,100,0,20,272
34530,aftermath,voyage,0.1,0,0,100,0,20,272
34540,aftermath,voyage,0.1,0,0,100,0,20,272
34550,aftermath,voyage,0.1,0,0,100,0,20,272
34560,aftermath,voyage,0.1,0,0,100,0,20,272
34570,quiet,hunt,0.08,0,0,100,0,20,272
34580,quiet,hunt,0.08,0,0,100,0,20,272
34590,quiet,hunt,0.08,0,0,100,0,20,272
34600,quiet,hunt,0.08,0,0,100,0,20,272
34610,quiet,hunt,0.08,0,0,100,0,20,272
34620,opportunity,hunt,0.17,0,0,100,0,20,272
34630,opportunity,hunt,0.23,0,0,100,0,20,272
34640,opportunity,hunt,0.23,0,0,100,0,20,272
34650,opportunity,hunt,0.23,0,0,100,0,20,272
34660,opportunity,hunt,0.23,0,0,100,0,20,272
34670,opportunity,hunt,0.23,0,0,100,0,20,272
34680,opportunity,hunt,0.23,0,0,100,0,20,272
34690,opportunity,hunt,0.23,0,0,100,0,20,272
34700,opportunity,hunt,0.23,0,0,100,0,20,272
34710,peak,hunt,0.41,0.065,0.00205,100,1,19,273
34720,peak,hunt,0.59,0.422417,0.022795,100,1,19,273
34730,peak,hunt,0.7,0.438167,0.044385,100,1,19,273
34740,peak,hunt,0.7,0.438167,0.066686,100,1,20,273
34750,peak,hunt,0.7,0.37575,0.08606,100,0,20,273
34760,aftermath,hunt,0.35,0.17975,0.027945,100,0,20,273
34770,aftermath,hunt,0.1,0,0,100,0,20,273
34780,aftermath,hunt,0.1,0,0,100,0,20,273
34790,aftermath,hunt,0.1,0,0,100,0,20,273
34800,aftermath,hunt,0.1,0,0,100,0,20,273
34810,aftermath,hunt,0.1,0,0,100,0,20,273
34820,aftermath,hunt,0.1,0,0,100,0,20,273
34830,aftermath,hunt,0.1,0,0,100,0,20,273
34840,aftermath,hunt,0.1,0,0,100,0,20,273
34850,aftermath,hunt,0.1,0,0,100,0,20,273
34860,aftermath,hunt,0.1,0,0,100,0,20,273
34870,aftermath,hunt,0.1,0,0,100,0,20,273
34880,quiet,discovery,0.08,0,0,100,0,20,273
34890,quiet,discovery,0.08,0,0,100,0,20,273
34900,quiet,discovery,0.08,0,0,100,0,20,273
34910,quiet,discovery,0.08,0,0,100,0,20,273
34920,quiet,discovery,0.08,0,0,100,0,20,273
34930,quiet,discovery,0.08,0,0,100,0,20,273
34940,quiet,discovery,0.08,0,0,100,0,20,273
34950,quiet,discovery,0.08,0,0,100,0,20,273
34960,peak,discovery,0.152,0.195,0.006,100,1,19,274
34970,peak,discovery,0.332,0.422417,0.026596,100,1,20,274
34980,peak,discovery,0.512,0.438167,0.047988,100,1,20,274
34990,peak,discovery,0.691644,0.390042,0.069629,100,0,20,274
35000,peak,discovery,0.689382,0.37575,0.088486,100,0,20,274
35010,aftermath,discovery,0.239162,0.12375,0.008502,100,0,20,274
35020,aftermath,discovery,0.1,0,0,100,0,20,274
35030,aftermath,discovery,0.1,0,0,100,0,20,274
35040,aftermath,discovery,0.1,0,0,100,0,20,274
35050,aftermath,discovery,0.1,0,0,100,0,20,274
35060,aftermath,discovery,0.1,0,0,100,0,20,274
35070,aftermath,discovery,0.1,0,0,100,0,20,274
35080,aftermath,discovery,0.1,0,0,100,0,20,274
35090,aftermath,discovery,0.1,0,0,100,0,20,274
35100,aftermath,discovery,0.1,0,0,100,0,20,274
35110,quiet,hunt,0.08,0,0,100,0,20,274
35120,quiet,hunt,0.08,0,0,100,0,20,274
35130,quiet,hunt,0.08,0,0,100,0,20,274
35140,quiet,hunt,0.08,0,0,100,0,20,274
35150,quiet,hunt,0.08,0,0,100,0,20,274
35160,peak,hunt,0.17,0.195,0.00605,100,1,19,275
35170,peak,hunt,0.35,0.422417,0.026795,100,1,19,275
35180,peak,hunt,0.53,0.438167,0.048385,100,1,19,275
35190,peak,hunt,0.691585,0.390042,0.070126,100,0,20,275
35200,peak,hunt,0.689327,0.367875,0.08894,100,0,19,276
35210,aftermath,hunt,0.239112,0.115875,0.008914,100,0,19,276
35220,aftermath,hunt,0.1,0,0,100,0,19,276
35230,aftermath,hunt,0.1,0,0,100,0,19,276
35240,aftermath,hunt,0.1,0,0,100,0,20,276
35250,aftermath,hunt,0.1,0,0,100,0,20,276
35260,aftermath,hunt,0.1,0,0,100,0,20,276
35270,aftermath,hunt,0.1,0,0,100,0,20,276
35280,aftermath,hunt,0.1,0,0,100,0,20,276
35290,aftermath,hunt,0.1,0,0,100,0,20,276
35300,quiet,voyage,0.08,0,0,100,0,20,276
35310,quiet,voyage,0.08,0,0,100,0,20,276
35320,quiet,voyage,0.08,0,0,100,0,20,276
35330,quiet,voyage,0.08,0,0,100,0,20,276
35340,quiet,voyage,0.08,0,0,100,0,20,276
35350,quiet,voyage,0.08,0,0,100,0,20,276
35360,quiet,voyage,0.08,0,0,100,0,20,276
35370,opportunity,voyage,0.23,0,0,100,0,20,276
35380,opportunity,voyage,0.23,0,0,100,0,20,276
35390,opportunity,voyage,0.23,0,0,100,0,20,276
35400,opportunity,voyage,0.23,0,0,100,0,20,276
35410,opportunity,voyage,0.23,0,0,100,0,20,276
35420,opportunity,voyage,0.23,0,0,100,0,20,276
35430,opportunity,voyage,0.23,0,0,100,0,20,276
35440,opportunity,voyage,0.23,0,0,100,0,20,276
35450,opportunity,voyage,0.23,0,0,100,0,20,276
35460,opportunity,voyage,0.23,0,0,100,0,20,276
35470,opportunity,voyage,0.23,0,0,100,0,20,276
35480,peak,voyage,0.32,0.26,0.008149,100,1,19,277
35490,peak,voyage,0.5,0.430292,0.029043,100,1,19,277
35500,peak,voyage,0.68,0.430292,0.05074,100,1,19,277
35510,peak,voyage,0.691367,0.383625,0.071941,100,0,20,277
35520,peak,voyage,0.689113,0.367875,0.090728,100,0,20,277
35530,aftermath,voyage,0.189113,0.087875,0,100,0,20,277
35540,aftermath,voyage,0.1,0,0,100,0,20,277
35550,aftermath,voyage,0.1,0,0,100,0,20,277
35560,aftermath,voyage,0.1,0,0,100,0,20,277
35570,aftermath,voyage,0.1,0,0,100,0,20,277
35580,aftermath,voyage,0.1,0,0,100,0,20,277
35590,aftermath,voyage,0.1,0,0,100,0,20,277
35600,aftermath,voyage,0.1,0,0,100,0,20,277
35610,quiet,hunt,0.08,0,0,100,0,20,277
35620,quiet,hunt,0.08,0,0,100,0,20,277
35630,quiet,hunt,0.08,0,0,100,0,20,277
35640,quiet,hunt,0.08,0,0,100,0,20,277
35650,quiet,hunt,0.08,0,0,100,0,20,277
35660,opportunity,hunt,0.098,0,0,100,1,19,278
35670,peak,hunt,0.278,0.422417,0.020398,100,1,19,278
35680,peak,hunt,0.458,0.430292,0.04164,100,1,19,278
35690,peak,hunt,0.638,0.438167,0.063684,100,1,20,278
35700,peak,hunt,0.7,0.37575,0.083266,100,0,19,279
35710,aftermath,hunt,0.4,0.20775,0.036065,100,0,19,279
35720,aftermath,hunt,0.1,0,0,100,0,19,279
35730,aftermath,hunt,0.1,0,0,100,0,20,279
35740,aftermath,hunt,0.1,0,0,100,0,20,279
35750,aftermath,hunt,0.1,0,0,100,0,20,279
35760,aftermath,hunt,0.1,0,0,100,0,20,279
35770,aftermath,hunt,0.1,0,0,100,0,20,279
35780,aftermath,hunt,0.1,0,0,100,0,20,279
35790,aftermath,hunt,0.1,0,0,100,0,20,279
35800,aftermath,hunt,0.1,0,0,100,0,20,279
35810,aftermath,hunt,0.1,0,0,100,0,20,279
35820,quiet,discovery,0.08,0,0,100,0,20,279
35830,quiet,discovery,0.08,0,0,100,0,20,279
35840,quiet,discovery,0.08,0,0,100,0,20,279
35850,quiet,discovery,0.08,0,0,100,0,20,279
35860,quiet,discovery,0.08,0,0,100,0,20,279
35870,quiet,discovery,0.08,0,0,100,0,20,279
35880,quiet,discovery,0.08,0,0,100,0,20,279
35890,quiet,discovery,0.08,0,0,100,0,20,279
35900,suspended:docked,discovery,,0.13,0.004099,100,1,19,280
35910,suspended:docked,discovery,,0.13,0.004099,100,1,20,280
35920,suspended:docked,discovery,,0.13,0.004099,100,1,20,280
35930,suspended:docked,discovery,,0.13,0.004099,100,0,20,280
35940,peak,discovery,0.102,0.102,0,100,0,20,280
35950,peak,discovery,0.08,0,0,100,0,20,280
35960,aftermath,discovery,0.1,0,0,100,0,20,280
35970,aftermath,discovery,0.1,0,0,100,0,20,280
35980,aftermath,discovery,0.1,0,0,100,0,20,280
35990,aftermath,discovery,0.1,0,0,100,0,20,280
