t,phase,motif,requested,observed,fatigue,hull,liveCombat,pending,totalSpawns
0,travel,,,,,100,0,1,0
10,travel,,,,,100,0,1,0
20,travel,,,,,100,0,1,0
30,travel,,,,,100,0,1,0
40,travel,,,,,100,0,1,0
50,travel,,,,,100,0,2,0
60,travel,,,,,100,0,2,0
70,violence,,,,,100,1,1,1
80,violence,,,,,100,1,1,1
90,violence,,,,,100,1,2,1
100,aftermath,,,,,100,0,1,2
110,aftermath,,,,,100,0,1,2
120,aftermath,,,,,100,0,1,2
130,aftermath,,,,,100,0,1,2
140,aftermath,,,,,100,0,2,2
150,aftermath,,,,,100,0,2,2
160,quiet,,,,,100,0,2,2
170,quiet,,,,,100,0,2,2
180,quiet,,,,,100,0,3,2
190,quiet,,,,,100,0,3,2
200,quiet,,,,,100,0,3,2
210,quiet,,,,,100,0,3,2
220,quiet,,,,,100,0,3,2
230,quiet,,,,,100,0,4,2
240,quiet,,,,,100,0,4,2
250,work,,,,,100,0,4,2
260,work,,,,,100,0,4,2
270,violence,,,,,100,1,4,3
280,violence,,,,,100,1,4,3
290,violence,,,,,100,1,4,3
300,violence,,,,,100,1,3,4
310,aftermath,,,,,100,0,3,4
320,aftermath,,,,,100,0,4,4
330,aftermath,,,,,100,0,4,4
340,aftermath,,,,,100,0,4,4
350,aftermath,,,,,100,0,4,4
360,aftermath,,,,,100,0,5,4
370,quiet,,,,,100,0,5,4
380,quiet,,,,,100,0,5,4
390,quiet,,,,,100,0,5,4
400,quiet,,,,,100,0,5,4
410,quiet,,,,,100,0,6,4
420,quiet,,,,,100,0,6,4
430,quiet,,,,,100,0,6,4
440,quiet,,,,,100,0,6,4
450,quiet,,,,,100,0,7,4
460,work,,,,,100,0,6,5
470,work,,,,,100,0,6,5
480,violence,,,,,100,1,5,6
490,violence,,,,,100,1,5,6
500,violence,,,,,100,1,6,6
510,aftermath,,,,,100,0,6,6
520,aftermath,,,,,100,0,6,6
530,aftermath,,,,,100,0,6,6
540,aftermath,,,,,100,0,7,6
550,aftermath,,,,,100,0,6,7
560,aftermath,,,,,100,0,6,7
570,quiet,,,,,100,0,6,7
580,quiet,,,,,100,0,6,7
590,quiet,,,,,100,0,6,8
600,quiet,,,,,100,0,6,8
610,quiet,,,,,100,0,6,8
620,quiet,,,,,100,0,6,8
630,quiet,,,,,100,0,7,8
640,quiet,,,,,100,0,7,8
650,quiet,,,,,100,0,7,8
660,work,,,,,100,0,7,8
670,work,,,,,100,0,7,8
680,travel,,,,,100,0,8,8
690,travel,,,,,100,0,8,8
700,travel,,,,,100,0,8,8
710,travel,,,,,100,0,8,8
720,travel,,,,,100,0,9,8
730,travel,,,,,100,0,9,8
740,travel,,,,,100,0,9,8
750,curiosity,,,,,100,0,9,8
760,curiosity,,,,,100,0,9,8
770,curiosity,,,,,100,0,10,8
780,curiosity,,,,,100,0,10,8
790,violence,,,,,100,1,9,9
800,violence,,,,,100,1,9,9
810,violence,,,,,100,1,9,10
820,aftermath,,,,,100,0,9,10
830,aftermath,,,,,100,0,9,10
840,aftermath,,,,,100,0,9,10
850,aftermath,,,,,100,0,9,10
860,aftermath,,,,,100,0,10,10
870,aftermath,,,,,100,0,10,10
880,quiet,,,,,100,0,10,10
890,quiet,,,,,100,0,10,10
900,quiet,,,,,100,0,11,10
910,quiet,,,,,100,0,10,11
920,quiet,,,,,100,0,10,11
930,quiet,,,,,100,0,10,11
940,quiet,,,,,100,0,10,11
950,quiet,,,,,100,0,10,12
960,quiet,,,,,100,0,10,12
970,work,,,,,100,0,10,12
980,work,,,,,100,0,10,12
990,violence,,,,,100,1,10,13
1000,violence,,,,,100,1,10,13
1010,violence,,,,,100,1,10,13
1020,violence,,,,,100,1,10,13
1030,aftermath,,,,,100,0,10,13
1040,aftermath,,,,,100,0,11,13
1050,aftermath,,,,,100,0,11,13
1060,aftermath,,,,,100,0,11,13
1070,aftermath,,,,,100,0,11,13
1080,aftermath,,,,,100,0,12,13
1090,quiet,,,,,100,0,12,13
1100,quiet,,,,,100,0,12,13
1110,quiet,,,,,100,0,12,13
1120,quiet,,,,,100,0,12,13
1130,quiet,,,,,100,0,13,13
1140,quiet,,,,,100,0,13,13
1150,quiet,,,,,100,0,13,13
1160,quiet,,,,,100,0,13,13
1170,quiet,,,,,100,0,14,13
1180,work,,,,,100,0,14,13
1190,work,,,,,100,0,14,13
1200,violence,,,,,100,1,13,14
1210,violence,,,,,100,1,13,14
1220,violence,,,,,100,1,14,14
1230,aftermath,,,,,100,0,14,14
1240,aftermath,,,,,100,0,14,14
1250,aftermath,,,,,100,0,14,14
1260,aftermath,,,,,100,0,15,14
1270,aftermath,,,,,100,0,15,14
1280,aftermath,,,,,100,0,15,14
1290,quiet,,,,,100,0,15,14
1300,quiet,,,,,100,0,15,14
1310,quiet,,,,,100,0,16,14
1320,quiet,,,,,100,0,16,14
1330,quiet,,,,,100,0,16,14
1340,quiet,,,,,100,0,16,14
1350,quiet,,,,,100,0,17,14
1360,quiet,,,,,100,0,17,14
1370,quiet,,,,,100,0,17,14
1380,work,,,,,100,0,17,14
1390,work,,,,,100,0,17,14
1400,violence,,,,,100,1,17,15
1410,violence,,,,,100,1,17,15
1420,violence,,,,,100,1,16,16
1430,aftermath,,,,,100,0,16,16
1440,aftermath,,,,,100,0,17,16
1450,aftermath,,,,,100,0,16,17
1460,aftermath,,,,,100,0,16,17
1470,aftermath,,,,,100,0,16,17
1480,aftermath,,,,,100,0,16,17
1490,quiet,,,,,100,0,16,18
1500,quiet,,,,,100,0,16,18
1510,quiet,,,,,100,0,16,18
1520,quiet,,,,,100,0,16,18
1530,quiet,,,,,100,0,17,18
1540,quiet,,,,,100,0,16,19
1550,quiet,,,,,100,0,16,19
1560,quiet,,,,,100,0,16,19
1570,quiet,,,,,100,0,16,19
1580,work,,,,,100,0,16,20
1590,work,,,,,100,0,16,20
1600,violence,,,,,100,1,15,21
1610,violence,,,,,100,1,15,21
1620,violence,,,,,100,1,16,21
1630,aftermath,,,,,100,0,16,21
1640,aftermath,,,,,100,0,16,21
1650,aftermath,,,,,100,0,16,21
1660,aftermath,,,,,100,0,16,21
1670,aftermath,,,,,100,0,17,21
1680,aftermath,,,,,100,0,17,21
1690,quiet,,,,,100,0,17,21
1700,quiet,,,,,100,0,17,21
1710,quiet,,,,,100,0,18,21
1720,quiet,,,,,100,0,18,21
1730,quiet,,,,,100,0,18,21
1740,quiet,,,,,100,0,18,21
1750,quiet,,,,,100,0,18,21
1760,quiet,,,,,100,0,18,22
1770,quiet,,,,,100,0,18,22
1780,work,,,,,100,0,18,22
1790,work,,,,,100,0,18,22
1800,violence,,,,,100,1,18,23
1810,violence,,,,,100,1,18,23
1820,violence,,,,,100,1,18,23
1830,aftermath,,,,,100,0,18,23
1840,aftermath,,,,,100,0,18,23
1850,aftermath,,,,,100,0,18,24
1860,aftermath,,,,,100,0,18,24
1870,aftermath,,,,,100,0,18,24
1880,aftermath,,,,,100,0,18,24
1890,quiet,,,,,100,0,19,24
1900,quiet,,,,,100,0,19,24
1910,quiet,,,,,100,0,19,24
1920,quiet,,,,,100,0,19,24
1930,quiet,,,,,100,0,19,24
1940,quiet,,,,,100,0,20,24
1950,quiet,,,,,100,0,20,24
1960,quiet,,,,,100,0,20,24
1970,quiet,,,,,100,0,20,24
1980,work,,,,,100,0,20,24
1990,work,,,,,100,0,20,24
2000,travel,,,,,100,0,20,24
2010,violence,,,,,100,1,19,25
2020,violence,,,,,100,1,19,25
2030,violence,,,,,100,1,19,26
2040,aftermath,,,,,100,0,19,26
2050,aftermath,,,,,100,0,19,26
2060,aftermath,,,,,100,0,19,26
2070,aftermath,,,,,100,0,20,26
2080,aftermath,,,,,100,0,19,27
2090,aftermath,,,,,100,0,19,27
2100,quiet,,,,,100,0,19,27
2110,quiet,,,,,100,0,19,27
2120,quiet,,,,,100,0,20,27
2130,quiet,,,,,100,0,20,27
2140,quiet,,,,,100,0,20,27
2150,quiet,,,,,100,0,20,27
2160,quiet,,,,,100,0,20,27
2170,quiet,,,,,100,0,20,27
2180,quiet,,,,,100,0,20,27
2190,work,,,,,100,0,20,27
2200,work,,,,,100,0,20,27
2210,violence,,,,,100,1,19,28
2220,violence,,,,,100,1,19,28
2230,violence,,,,,100,1,19,28
2240,aftermath,,,,,100,0,19,28
2250,aftermath,,,,,100,0,20,28
2260,aftermath,,,,,100,0,19,29
2270,aftermath,,,,,100,0,19,29
2280,aftermath,,,,,100,0,19,29
2290,aftermath,,,,,100,0,19,29
2300,quiet,,,,,100,0,20,29
2310,quiet,,,,,100,0,20,29
2320,quiet,,,,,100,0,20,29
2330,quiet,,,,,100,0,20,29
2340,quiet,,,,,100,0,20,29
2350,quiet,,,,,100,0,20,29
2360,quiet,,,,,100,0,20,29
2370,quiet,,,,,100,0,20,29
2380,quiet,,,,,100,0,20,29
2390,work,,,,,100,0,20,29
2400,work,,,,,100,0,20,29
2410,violence,,,,,100,1,19,30
2420,violence,,,,,100,1,19,30
2430,violence,,,,,100,1,20,30
2440,aftermath,,,,,100,0,20,30
2450,aftermath,,,,,100,0,20,30
2460,aftermath,,,,,100,0,20,30
2470,aftermath,,,,,100,0,20,30
2480,aftermath,,,,,100,0,20,30
2490,aftermath,,,,,100,0,20,30
2500,quiet,,,,,100,0,20,30
2510,quiet,,,,,100,0,20,30
2520,quiet,,,,,100,0,20,30
2530,quiet,,,,,100,0,20,30
2540,quiet,,,,,100,0,20,30
2550,quiet,,,,,100,0,20,30
2560,quiet,,,,,100,0,20,30
2570,quiet,,,,,100,0,20,30
2580,quiet,,,,,100,0,20,30
2590,work,,,,,100,0,20,30
2600,work,,,,,100,0,20,30
2610,travel,,,,,100,1,19,31
2620,violence,,,,,100,1,19,31
2630,violence,,,,,100,1,19,31
2640,violence,,,,,100,1,19,31
2650,aftermath,,,,,100,0,19,31
2660,aftermath,,,,,100,0,20,31
2670,aftermath,,,,,100,0,20,31
2680,aftermath,,,,,100,0,20,31
2690,aftermath,,,,,100,0,20,31
2700,aftermath,,,,,100,0,20,31
2710,quiet,,,,,100,0,20,31
2720,quiet,,,,,100,0,20,31
2730,quiet,,,,,100,0,20,31
2740,quiet,,,,,100,0,20,31
2750,quiet,,,,,100,0,20,31
2760,quiet,,,,,100,0,20,31
2770,quiet,,,,,100,0,20,31
2780,quiet,,,,,100,0,20,31
2790,quiet,,,,,100,0,20,31
2800,work,,,,,100,0,20,31
2810,work,,,,,100,0,20,31
2820,violence,,,,,100,1,19,32
2830,violence,,,,,100,1,19,32
2840,violence,,,,,100,1,19,33
2850,aftermath,,,,,100,0,19,33
2860,aftermath,,,,,100,0,19,33
2870,aftermath,,,,,100,0,19,33
2880,aftermath,,,,,100,0,20,33
2890,aftermath,,,,,100,0,20,33
2900,aftermath,,,,,100,0,20,33
2910,quiet,,,,,100,0,20,33
2920,quiet,,,,,100,0,20,33
2930,quiet,,,,,100,0,20,33
2940,quiet,,,,,100,0,20,33
2950,quiet,,,,,100,0,20,33
2960,quiet,,,,,100,0,20,33
2970,quiet,,,,,100,0,20,33
2980,quiet,,,,,100,0,20,33
2990,quiet,,,,,100,0,20,33
3000,work,,,,,100,0,0,33
3010,work,,,,,100,0,0,33
3020,travel,,,,,100,0,0,33
3030,travel,,,,,100,0,0,33
3040,travel,,,,,100,0,0,33
3050,travel,,,,,100,0,0,33
3060,travel,,,,,100,0,0,33
3070,travel,,,,,100,0,0,33
3080,travel,,,,,100,0,0,33
3090,curiosity,,,,,100,0,0,33
3100,curiosity,,,,,100,0,0,33
3110,curiosity,,,,,100,0,0,33
3120,curiosity,,,,,100,0,0,33
3130,curiosity,,,,,100,0,0,33
3140,curiosity,,,,,100,0,0,33
3150,curiosity,,,,,100,0,0,33
3160,curiosity,,,,,100,0,0,33
3170,opportunity,,,,,100,0,0,33
3180,opportunity,,,,,100,0,0,33
3190,opportunity,,,,,100,0,0,33
3200,opportunity,,,,,100,0,0,33
3210,opportunity,,,,,100,0,0,33
3220,opportunity,,,,,100,0,0,33
3230,opportunity,,,,,100,0,0,33
3240,tension,,,,,100,0,0,33
3250,tension,,,,,100,0,0,33
3260,tension,,,,,100,0,0,33
3270,tension,,,,,100,0,0,33
3280,tension,,,,,100,0,0,33
3290,tension,,,,,100,0,0,33
3300,violence,,,,,100,0,0,33
3310,violence,,,,,100,0,0,33
3320,violence,,,,,100,0,0,33
3330,violence,,,,,100,0,0,33
3340,violence,,,,,100,0,0,33
3350,aftermath,,,,,100,0,0,33
3360,aftermath,,,,,100,0,0,33
3370,aftermath,,,,,100,0,0,33
3380,aftermath,,,,,100,0,1,33
3390,aftermath,,,,,100,0,1,33
3400,aftermath,,,,,100,0,1,33
3410,quiet,,,,,100,0,1,33
3420,quiet,,,,,100,0,2,33
3430,quiet,,,,,100,0,2,33
3440,quiet,,,,,100,0,2,33
3450,quiet,,,,,100,0,2,33
3460,quiet,,,,,100,0,2,33
3470,quiet,,,,,100,0,3,33
3480,quiet,,,,,100,0,3,33
3490,quiet,,,,,100,0,3,33
3500,work,,,,,100,0,3,33
3510,work,,,,,100,0,4,33
3520,work,,,,,100,0,4,33
3530,work,,,,,100,0,4,33
3540,travel,,,,,100,0,4,33
3550,violence,,,,,100,1,3,34
3560,violence,,,,,100,1,3,35
3570,violence,,,,,100,1,3,35
3580,aftermath,,,,,100,0,3,35
3590,aftermath,,,,,100,0,3,35
3600,aftermath,,,,,100,0,4,35
3610,aftermath,,,,,100,0,3,36
3620,aftermath,,,,,100,0,3,36
3630,aftermath,,,,,100,0,3,36
3640,quiet,,,,,100,0,3,36
3650,quiet,,,,,100,0,3,37
3660,quiet,,,,,100,0,3,37
3670,quiet,,,,,100,0,3,37
3680,quiet,,,,,100,0,3,37
3690,quiet,,,,,100,0,4,37
3700,quiet,,,,,100,0,4,37
3710,quiet,,,,,100,0,4,37
3720,quiet,,,,,100,0,4,37
3730,work,,,,,100,0,4,37
3740,work,,,,,100,0,5,37
3750,travel,,,,,100,0,5,37
3760,violence,,,,,100,1,4,38
3770,violence,,,,,100,1,4,38
3780,violence,,,,,100,1,5,38
3790,aftermath,,,,,100,0,4,39
3800,aftermath,,,,,100,0,4,39
3810,aftermath,,,,,100,0,4,39
3820,aftermath,,,,,100,0,4,39
3830,aftermath,,,,,100,0,5,39
3840,aftermath,,,,,100,0,5,39
3850,quiet,,,,,100,0,5,39
3860,quiet,,,,,100,0,5,39
3870,quiet,,,,,100,0,6,39
3880,quiet,,,,,100,0,6,39
3890,quiet,,,,,100,0,6,39
3900,quiet,,,,,100,0,6,39
3910,quiet,,,,,100,0,6,39
3920,quiet,,,,,100,0,7,39
3930,quiet,,,,,100,0,7,39
3940,work,,,,,100,0,7,39
3950,work,,,,,100,0,7,39
3960,travel,,,,,100,0,8,39
3970,violence,,,,,100,1,6,41
3980,violence,,,,,100,1,6,41
3990,violence,,,,,100,1,6,41
4000,violence,,,,,100,1,6,41
4010,aftermath,,,,,100,0,6,42
4020,aftermath,,,,,100,0,6,42
4030,aftermath,,,,,100,0,6,42
4040,aftermath,,,,,100,0,6,42
4050,aftermath,,,,,100,0,7,42
4060,aftermath,,,,,100,0,6,43
4070,quiet,,,,,100,0,6,43
4080,quiet,,,,,100,0,6,43
4090,quiet,,,,,100,0,6,43
4100,quiet,,,,,100,0,6,44
4110,quiet,,,,,100,0,6,44
4120,quiet,,,,,100,0,6,44
4130,quiet,,,,,100,0,6,44
4140,quiet,,,,,100,0,7,44
4150,quiet,,,,,100,0,7,44
4160,work,,,,,100,0,7,44
4170,work,,,,,100,0,7,44
4180,violence,,,,,100,1,6,45
4190,violence,,,,,100,1,6,46
4200,violence,,,,,100,1,6,46
4210,aftermath,,,,,100,0,6,46
4220,aftermath,,,,,100,0,6,46
4230,aftermath,,,,,100,0,7,46
4240,aftermath,,,,,100,0,6,47
4250,aftermath,,,,,100,0,6,47
4260,aftermath,,,,,100,0,6,47
4270,quiet,,,,,100,0,6,47
4280,quiet,,,,,100,0,7,47
4290,quiet,,,,,100,0,7,47
4300,quiet,,,,,100,0,7,47
4310,quiet,,,,,100,0,7,47
4320,quiet,,,,,100,0,8,47
4330,quiet,,,,,100,0,8,47
4340,quiet,,,,,100,0,8,47
4350,quiet,,,,,100,0,8,47
4360,work,,,,,100,0,8,47
4370,work,,,,,100,0,8,48
4380,travel,,,,,100,0,8,48
4390,violence,,,,,100,1,7,49
4400,violence,,,,,100,1,7,49
4410,violence,,,,,100,1,8,49
4420,aftermath,,,,,100,0,8,49
4430,aftermath,,,,,100,0,8,49
4440,aftermath,,,,,100,0,8,49
4450,aftermath,,,,,100,0,8,49
4460,aftermath,,,,,100,0,8,50
4470,aftermath,,,,,100,0,8,50
4480,quiet,,,,,100,0,8,50
4490,quiet,,,,,100,0,8,50
4500,quiet,,,,,100,0,9,50
4510,quiet,,,,,100,0,9,50
4520,quiet,,,,,100,0,9,50
4530,quiet,,,,,100,0,9,50
4540,quiet,,,,,100,0,9,50
4550,quiet,,,,,100,0,10,50
4560,quiet,,,,,100,0,10,50
4570,work,,,,,100,0,10,50
4580,work,,,,,100,0,10,50
4590,travel,,,,,100,1,10,51
4600,violence,,,,,100,1,10,51
4610,violence,,,,,100,1,10,51
4620,violence,,,,,100,1,10,51
4630,aftermath,,,,,100,0,10,51
4640,aftermath,,,,,100,0,10,52
4650,aftermath,,,,,100,0,10,52
4660,aftermath,,,,,100,0,10,52
4670,aftermath,,,,,100,0,10,52
4680,aftermath,,,,,100,0,11,52
4690,quiet,,,,,100,0,10,53
4700,quiet,,,,,100,0,10,53
4710,quiet,,,,,100,0,10,53
4720,quiet,,,,,100,0,10,53
4730,quiet,,,,,100,0,11,53
4740,quiet,,,,,100,0,11,53
4750,quiet,,,,,100,0,11,53
4760,quiet,,,,,100,0,11,53
4770,quiet,,,,,100,0,12,53
4780,work,,,,,100,0,11,54
4790,work,,,,,100,0,11,54
4800,violence,,,,,100,1,10,55
4810,violence,,,,,100,1,10,55
4820,violence,,,,,100,1,10,56
4830,aftermath,,,,,100,0,10,56
4840,aftermath,,,,,100,0,10,56
4850,aftermath,,,,,100,0,10,56
4860,aftermath,,,,,100,0,11,56
4870,aftermath,,,,,100,0,10,57
4880,aftermath,,,,,100,0,10,57
4890,quiet,,,,,100,0,10,57
4900,quiet,,,,,100,0,10,57
4910,quiet,,,,,100,0,10,58
4920,quiet,,,,,100,0,10,58
4930,quiet,,,,,100,0,10,58
4940,quiet,,,,,100,0,10,58
4950,quiet,,,,,100,0,11,58
4960,quiet,,,,,100,0,11,58
4970,quiet,,,,,100,0,11,58
4980,work,,,,,100,0,11,58
4990,work,,,,,100,0,11,58
5000,violence,,,,,100,1,11,59
5010,violence,,,,,100,1,11,59
5020,violence,,,,,100,1,10,60
5030,aftermath,,,,,100,0,10,60
5040,aftermath,,,,,100,0,11,60
5050,aftermath,,,,,100,0,10,61
5060,aftermath,,,,,100,0,10,61
5070,aftermath,,,,,100,0,10,61
5080,aftermath,,,,,100,0,10,61
5090,quiet,,,,,100,0,10,62
5100,quiet,,,,,100,0,10,62
5110,quiet,,,,,100,0,10,62
5120,quiet,,,,,100,0,10,62
5130,quiet,,,,,100,0,11,62
5140,quiet,,,,,100,0,10,63
5150,quiet,,,,,100,0,10,63
5160,quiet,,,,,100,0,10,63
5170,quiet,,,,,100,0,10,63
5180,work,,,,,100,0,10,64
5190,work,,,,,100,0,10,64
5200,travel,,,,,100,0,10,64
5210,violence,,,,,100,1,9,65
5220,violence,,,,,100,1,10,65
5230,violence,,,,,100,1,10,65
5240,aftermath,,,,,100,0,10,65
5250,aftermath,,,,,100,0,10,65
5260,aftermath,,,,,100,0,10,65
5270,aftermath,,,,,100,0,11,65
5280,aftermath,,,,,100,0,11,65
5290,aftermath,,,,,100,0,11,65
5300,quiet,,,,,100,0,11,65
5310,quiet,,,,,100,0,12,65
5320,quiet,,,,,100,0,12,65
5330,quiet,,,,,100,0,12,65
5340,quiet,,,,,100,0,12,65
5350,quiet,,,,,100,0,12,65
5360,quiet,,,,,100,0,12,66
5370,quiet,,,,,100,0,12,66
5380,quiet,,,,,100,0,11,67
5390,work,,,,,100,0,11,67
5400,work,,,,,100,0,12,67
5410,travel,,,,,100,0,12,67
5420,travel,,,,,100,0,12,67
5430,travel,,,,,100,0,12,67
5440,travel,,,,,100,0,12,67
5450,travel,,,,,100,0,13,67
5460,travel,,,,,100,0,13,67
5470,travel,,,,,100,0,13,67
5480,curiosity,,,,,100,0,13,67
5490,curiosity,,,,,100,0,14,67
5500,curiosity,,,,,100,0,14,67
5510,curiosity,,,,,100,0,14,67
5520,curiosity,,,,,100,0,14,67
5530,curiosity,,,,,100,0,14,67
5540,curiosity,,,,,100,0,15,67
5550,curiosity,,,,,100,0,15,67
5560,opportunity,,,,,100,0,15,67
5570,opportunity,,,,,100,0,15,67
5580,opportunity,,,,,100,1,15,68
5590,violence,,,,,100,1,15,68
5600,violence,,,,,100,1,14,69
5610,violence,,,,,100,1,14,69
5620,aftermath,,,,,100,0,13,70
5630,aftermath,,,,,100,0,14,70
5640,aftermath,,,,,100,0,14,70
5650,aftermath,,,,,100,0,14,70
5660,aftermath,,,,,100,0,14,70
5670,aftermath,,,,,100,0,15,70
5680,quiet,,,,,100,0,14,71
5690,quiet,,,,,100,0,14,71
5700,quiet,,,,,100,0,14,71
5710,quiet,,,,,100,0,14,71
5720,quiet,,,,,100,0,14,72
5730,quiet,,,,,100,0,14,72
5740,quiet,,,,,100,0,14,72
5750,quiet,,,,,100,0,14,72
5760,quiet,,,,,100,0,15,72
5770,work,,,,,100,0,15,72
5780,work,,,,,100,0,15,72
5790,violence,,,,,100,1,14,73
5800,violence,,,,,100,1,14,73
5810,violence,,,,,100,1,15,73
5820,aftermath,,,,,100,0,15,73
5830,aftermath,,,,,100,0,15,73
5840,aftermath,,,,,100,0,15,73
5850,aftermath,,,,,100,0,16,73
5860,aftermath,,,,,100,0,16,73
5870,aftermath,,,,,100,0,16,73
5880,quiet,,,,,100,0,16,73
5890,quiet,,,,,100,0,16,73
5900,quiet,,,,,100,0,16,74
5910,quiet,,,,,100,0,16,74
5920,quiet,,,,,100,0,16,74
5930,quiet,,,,,100,0,16,74
5940,quiet,,,,,100,0,17,74
5950,quiet,,,,,100,0,17,74
5960,quiet,,,,,100,0,17,74
5970,work,,,,,100,0,17,74
5980,work,,,,,100,0,17,74
5990,violence,,,,,100,1,17,75
6000,violence,,,,,100,1,17,75
6010,violence,,,,,100,1,17,75
6020,aftermath,,,,,100,0,17,75
6030,aftermath,,,,,100,0,18,75
6040,aftermath,,,,,100,0,17,76
6050,aftermath,,,,,100,0,17,76
6060,aftermath,,,,,100,0,17,76
6070,aftermath,,,,,100,0,17,76
6080,quiet,,,,,100,0,17,77
6090,quiet,,,,,100,0,17,77
6100,quiet,,,,,100,0,17,77
6110,quiet,,,,,100,0,17,77
6120,quiet,,,,,100,0,18,77
6130,quiet,,,,,100,0,18,77
6140,quiet,,,,,100,0,18,77
6150,quiet,,,,,100,0,18,77
6160,quiet,,,,,100,0,18,77
6170,work,,,,,100,0,18,78
6180,work,,,,,100,0,18,78
6190,violence,,,,,100,1,17,79
6200,violence,,,,,100,1,17,79
6210,violence,,,,,100,1,18,79
6220,aftermath,,,,,100,0,18,79
6230,aftermath,,,,,100,0,18,79
6240,aftermath,,,,,100,0,18,79
6250,aftermath,,,,,100,0,18,79
6260,aftermath,,,,,100,0,19,79
6270,aftermath,,,,,100,0,19,79
6280,quiet,,,,,100,0,19,79
6290,quiet,,,,,100,0,19,79
6300,quiet,,,,,100,0,20,79
6310,quiet,,,,,100,0,19,80
6320,quiet,,,,,100,0,19,80
6330,quiet,,,,,100,0,19,80
6340,quiet,,,,,100,0,19,80
6350,quiet,,,,,100,0,19,81
6360,quiet,,,,,100,0,19,81
6370,work,,,,,100,0,19,81
6380,work,,,,,100,0,19,81
6390,violence,,,,,100,1,19,82
6400,violence,,,,,100,1,19,82
6410,violence,,,,,100,1,19,82
6420,violence,,,,,100,1,18,83
6430,aftermath,,,,,100,0,18,83
6440,aftermath,,,,,100,0,18,84
6450,aftermath,,,,,100,0,18,84
6460,aftermath,,,,,100,0,18,84
6470,aftermath,,,,,100,0,18,84
6480,aftermath,,,,,100,0,19,84
6490,quiet,,,,,100,0,19,84
6500,quiet,,,,,100,0,19,84
6510,quiet,,,,,100,0,19,84
6520,quiet,,,,,100,0,19,84
6530,quiet,,,,,100,0,20,84
6540,quiet,,,,,100,0,20,84
6550,quiet,,,,,100,0,20,84
6560,quiet,,,,,100,0,20,84
6570,quiet,,,,,100,0,20,84
6580,work,,,,,100,0,20,84
6590,work,,,,,100,0,20,84
6600,violence,,,,,100,1,19,85
6610,violence,,,,,100,1,19,85
6620,violence,,,,,100,1,20,85
6630,violence,,,,,100,1,20,85
6640,aftermath,,,,,100,0,20,85
6650,aftermath,,,,,100,0,20,85
6660,aftermath,,,,,100,0,20,85
6670,aftermath,,,,,100,0,20,85
6680,aftermath,,,,,100,0,20,85
6690,aftermath,,,,,100,0,20,85
6700,quiet,,,,,100,0,20,85
6710,quiet,,,,,100,0,20,85
6720,quiet,,,,,100,0,20,85
6730,quiet,,,,,100,0,20,85
6740,quiet,,,,,100,0,20,85
6750,quiet,,,,,100,0,20,85
6760,quiet,,,,,100,0,20,85
6770,quiet,,,,,100,0,20,85
6780,quiet,,,,,100,0,20,85
6790,work,,,,,100,0,20,85
6800,work,,,,,100,0,20,85
6810,violence,,,,,100,1,19,86
6820,violence,,,,,100,1,19,86
6830,violence,,,,,100,1,19,86
6840,aftermath,,,,,100,0,20,86
6850,aftermath,,,,,100,0,20,86
6860,aftermath,,,,,100,0,20,86
6870,aftermath,,,,,100,0,20,86
6880,aftermath,,,,,100,0,20,86
6890,aftermath,,,,,100,0,20,86
6900,quiet,,,,,100,0,20,86
6910,quiet,,,,,100,0,20,86
6920,quiet,,,,,100,0,20,86
6930,quiet,,,,,100,0,20,86
6940,quiet,,,,,100,0,20,86
6950,quiet,,,,,100,0,20,86
6960,quiet,,,,,100,0,20,86
6970,quiet,,,,,100,0,20,86
6980,quiet,,,,,100,0,20,86
6990,work,,,,,100,0,20,86
7000,work,,,,,100,0,20,86
7010,violence,,,,,100,1,19,87
7020,violence,,,,,100,1,20,87
7030,violence,,,,,100,1,19,88
7040,aftermath,,,,,100,0,19,88
7050,aftermath,,,,,100,0,19,88
7060,aftermath,,,,,100,0,19,88
7070,aftermath,,,,,100,0,19,89
7080,aftermath,,,,,100,0,19,89
7090,aftermath,,,,,100,0,19,89
7100,quiet,,,,,100,0,19,89
7110,quiet,,,,,100,0,20,89
7120,quiet,,,,,100,0,20,89
7130,quiet,,,,,100,0,20,89
7140,quiet,,,,,100,0,20,89
7150,quiet,,,,,100,0,20,89
7160,quiet,,,,,100,0,20,89
7170,quiet,,,,,100,0,20,89
7180,quiet,,,,,100,0,20,89
7190,work,,,,,100,0,20,89
7200,work,,,,,100,0,20,89
7210,travel,,,,,100,0,20,89
7220,violence,,,,,100,1,19,90
7230,violence,,,,,100,1,19,90
7240,violence,,,,,100,1,19,90
7250,aftermath,,,,,100,0,19,91
7260,aftermath,,,,,100,0,19,91
7270,aftermath,,,,,100,0,19,91
7280,aftermath,,,,,100,0,19,91
7290,aftermath,,,,,100,0,20,91
7300,aftermath,,,,,100,0,20,91
7310,quiet,,,,,100,0,20,91
7320,quiet,,,,,100,0,20,91
7330,quiet,,,,,100,0,20,91
7340,quiet,,,,,100,0,20,91
7350,quiet,,,,,100,0,20,91
7360,quiet,,,,,100,0,20,91
7370,quiet,,,,,100,0,20,91
7380,quiet,,,,,100,0,20,91
7390,quiet,,,,,100,0,20,91
7400,work,,,,,100,0,20,91
7410,work,,,,,100,0,20,91
7420,violence,,,,,100,1,19,92
7430,violence,,,,,100,1,19,93
7440,violence,,,,,100,1,19,93
7450,aftermath,,,,,100,0,19,93
7460,aftermath,,,,,100,0,19,93
7470,aftermath,,,,,100,0,20,93
7480,aftermath,,,,,100,0,19,94
7490,aftermath,,,,,100,0,19,94
7500,aftermath,,,,,100,0,19,94
7510,quiet,,,,,100,0,19,94
7520,quiet,,,,,100,0,20,94
7530,quiet,,,,,100,0,20,94
7540,quiet,,,,,100,0,20,94
7550,quiet,,,,,100,0,20,94
7560,quiet,,,,,100,0,20,94
7570,quiet,,,,,100,0,20,94
7580,quiet,,,,,100,0,20,94
7590,quiet,,,,,100,0,20,94
7600,work,,,,,100,0,20,94
7610,work,,,,,100,0,20,94
7620,violence,,,,,100,1,19,95
7630,violence,,,,,100,1,19,95
7640,violence,,,,,100,1,19,95
7650,violence,,,,,100,1,20,95
7660,aftermath,,,,,100,0,20,95
7670,aftermath,,,,,100,0,20,95
7680,aftermath,,,,,100,0,20,95
7690,aftermath,,,,,100,0,20,95
7700,aftermath,,,,,100,0,20,95
7710,aftermath,,,,,100,0,20,95
7720,quiet,,,,,100,0,20,95
7730,quiet,,,,,100,0,20,95
7740,quiet,,,,,100,0,20,95
7750,quiet,,,,,100,0,20,95
7760,quiet,,,,,100,0,20,95
7770,quiet,,,,,100,0,20,95
7780,quiet,,,,,100,0,20,95
7790,quiet,,,,,100,0,20,95
7800,quiet,,,,,100,0,20,95
7810,work,,,,,100,0,20,95
7820,work,,,,,100,0,20,95
7830,travel,,,,,100,0,20,95
7840,travel,,,,,100,0,20,95
7850,travel,,,,,100,0,20,95
7860,travel,,,,,100,0,20,95
7870,travel,,,,,100,0,20,95
7880,travel,,,,,100,0,20,95
7890,travel,,,,,100,0,20,95
7900,curiosity,,,,,100,0,20,95
7910,curiosity,,,,,100,0,20,95
7920,curiosity,,,,,100,0,20,95
7930,curiosity,,,,,100,0,20,95
7940,curiosity,,,,,100,0,20,95
7950,curiosity,,,,,100,0,20,95
7960,curiosity,,,,,100,0,20,95
7970,curiosity,,,,,100,0,20,95
7980,opportunity,,,,,100,1,19,96
7990,violence,,,,,100,1,19,96
8000,violence,,,,,100,1,19,96
8010,violence,,,,,100,1,20,96
8020,aftermath,,,,,100,0,20,96
8030,aftermath,,,,,100,0,20,96
8040,aftermath,,,,,100,0,20,96
8050,aftermath,,,,,100,0,20,96
8060,aftermath,,,,,100,0,20,96
8070,aftermath,,,,,100,0,20,96
8080,quiet,,,,,100,0,20,96
8090,quiet,,,,,100,0,20,96
8100,quiet,,,,,100,0,20,96
8110,quiet,,,,,100,0,20,96
8120,quiet,,,,,100,0,20,96
8130,quiet,,,,,100,0,20,96
8140,quiet,,,,,100,0,20,96
8150,quiet,,,,,100,0,20,96
8160,quiet,,,,,100,0,20,96
8170,work,,,,,100,0,20,96
8180,work,,,,,100,0,20,96
8190,violence,,,,,100,1,20,97
8200,violence,,,,,100,1,20,97
8210,violence,,,,,100,1,20,97
8220,aftermath,,,,,100,0,20,97
8230,aftermath,,,,,100,0,20,97
8240,aftermath,,,,,100,0,20,97
8250,aftermath,,,,,100,0,20,97
8260,aftermath,,,,,100,0,20,97
8270,aftermath,,,,,100,0,20,97
8280,quiet,,,,,100,0,20,97
8290,quiet,,,,,100,0,20,97
8300,quiet,,,,,100,0,20,97
8310,quiet,,,,,100,0,20,97
8320,quiet,,,,,100,0,20,97
8330,quiet,,,,,100,0,20,97
8340,quiet,,,,,100,0,20,97
8350,quiet,,,,,100,0,20,97
8360,quiet,,,,,100,0,20,97
8370,work,,,,,100,0,20,97
8380,work,,,,,100,0,20,97
8390,violence,,,,,100,1,19,98
8400,violence,,,,,100,1,19,98
8410,violence,,,,,100,1,19,98
8420,aftermath,,,,,100,0,20,98
8430,aftermath,,,,,100,0,20,98
8440,aftermath,,,,,100,0,20,98
8450,aftermath,,,,,100,0,20,98
8460,aftermath,,,,,100,0,20,98
8470,aftermath,,,,,100,0,20,98
8480,quiet,,,,,100,0,20,98
8490,quiet,,,,,100,0,20,98
8500,quiet,,,,,100,0,20,98
8510,quiet,,,,,100,0,20,98
8520,quiet,,,,,100,0,20,98
8530,quiet,,,,,100,0,20,98
8540,quiet,,,,,100,0,20,98
8550,quiet,,,,,100,0,20,98
8560,quiet,,,,,100,0,20,98
8570,work,,,,,100,0,20,98
8580,work,,,,,100,0,20,98
8590,violence,,,,,100,1,19,99
8600,violence,,,,,100,1,19,100
8610,violence,,,,,100,1,19,100
8620,violence,,,,,100,1,19,100
8630,aftermath,,,,,100,0,19,100
8640,aftermath,,,,,100,0,20,100
8650,aftermath,,,,,100,0,20,100
8660,aftermath,,,,,100,0,20,100
8670,aftermath,,,,,100,0,20,100
8680,aftermath,,,,,100,0,20,100
8690,quiet,,,,,100,0,20,100
8700,quiet,,,,,100,0,20,100
8710,quiet,,,,,100,0,20,100
8720,quiet,,,,,100,0,20,100
8730,quiet,,,,,100,0,20,100
8740,quiet,,,,,100,0,20,100
8750,quiet,,,,,100,0,20,100
8760,quiet,,,,,100,0,20,100
8770,quiet,,,,,100,0,20,100
8780,work,,,,,100,0,20,100
8790,work,,,,,100,0,20,100
8800,violence,,,,,100,1,19,101
8810,violence,,,,,100,1,19,101
8820,violence,,,,,100,1,20,101
8830,aftermath,,,,,100,0,19,102
8840,aftermath,,,,,100,0,19,102
8850,aftermath,,,,,100,0,19,102
8860,aftermath,,,,,100,0,19,102
8870,aftermath,,,,,100,0,20,102
8880,aftermath,,,,,100,0,20,102
8890,quiet,,,,,100,0,20,102
8900,quiet,,,,,100,0,20,102
8910,quiet,,,,,100,0,20,102
8920,quiet,,,,,100,0,20,102
8930,quiet,,,,,100,0,20,102
8940,quiet,,,,,100,0,20,102
8950,quiet,,,,,100,0,20,102
8960,quiet,,,,,100,0,20,102
8970,quiet,,,,,100,0,20,102
8980,work,,,,,100,0,20,102
8990,work,,,,,100,0,20,102
9000,violence,,,,,100,1,20,103
9010,violence,,,,,100,1,20,103
9020,violence,,,,,100,1,20,103
9030,aftermath,,,,,100,0,20,103
9040,aftermath,,,,,100,0,20,103
9050,aftermath,,,,,100,0,20,103
9060,aftermath,,,,,100,0,20,103
9070,aftermath,,,,,100,0,20,103
9080,aftermath,,,,,100,0,20,103
9090,quiet,,,,,100,0,20,103
9100,quiet,,,,,100,0,20,103
9110,quiet,,,,,100,0,20,103
9120,quiet,,,,,100,0,20,103
9130,quiet,,,,,100,0,20,103
9140,quiet,,,,,100,0,20,103
9150,quiet,,,,,100,0,20,103
9160,quiet,,,,,100,0,20,103
9170,quiet,,,,,100,0,20,103
9180,work,,,,,100,0,20,103
9190,work,,,,,100,0,20,103
9200,violence,,,,,100,1,19,104
9210,violence,,,,,100,1,19,104
9220,violence,,,,,100,1,19,104
9230,aftermath,,,,,100,0,20,104
9240,aftermath,,,,,100,0,20,104
9250,aftermath,,,,,100,0,20,104
9260,aftermath,,,,,100,0,20,104
9270,aftermath,,,,,100,0,20,104
9280,aftermath,,,,,100,0,20,104
9290,quiet,,,,,100,0,20,104
9300,quiet,,,,,100,0,20,104
9310,quiet,,,,,100,0,20,104
9320,quiet,,,,,100,0,20,104
9330,quiet,,,,,100,0,20,104
9340,quiet,,,,,100,0,20,104
9350,quiet,,,,,100,0,20,104
9360,quiet,,,,,100,0,20,104
9370,quiet,,,,,100,0,20,104
9380,work,,,,,100,0,20,104
9390,work,,,,,100,0,20,104
9400,violence,,,,,100,1,19,105
9410,violence,,,,,100,1,19,106
9420,violence,,,,,100,1,19,106
9430,aftermath,,,,,100,0,19,106
9440,aftermath,,,,,100,0,19,106
9450,aftermath,,,,,100,0,20,106
9460,aftermath,,,,,100,0,20,106
9470,aftermath,,,,,100,0,20,106
9480,aftermath,,,,,100,0,20,106
9490,quiet,,,,,100,0,20,106
9500,quiet,,,,,100,0,20,106
9510,quiet,,,,,100,0,20,106
9520,quiet,,,,,100,0,20,106
9530,quiet,,,,,100,0,20,106
9540,quiet,,,,,100,0,20,106
9550,quiet,,,,,100,0,20,106
9560,quiet,,,,,100,0,20,106
9570,quiet,,,,,100,0,20,106
9580,work,,,,,100,0,20,106
9590,work,,,,,100,0,20,106
9600,travel,,,,,100,0,20,106
9610,violence,,,,,100,1,19,107
9620,violence,,,,,100,1,19,107
9630,violence,,,,,100,1,20,107
9640,aftermath,,,,,100,0,20,107
9650,aftermath,,,,,100,0,20,107
9660,aftermath,,,,,100,0,20,107
9670,aftermath,,,,,100,0,20,107
9680,aftermath,,,,,100,0,20,107
9690,aftermath,,,,,100,0,20,107
9700,quiet,,,,,100,0,20,107
9710,quiet,,,,,100,0,20,107
9720,quiet,,,,,100,0,20,107
9730,quiet,,,,,100,0,20,107
9740,quiet,,,,,100,0,20,107
9750,quiet,,,,,100,0,20,107
9760,quiet,,,,,100,0,20,107
9770,quiet,,,,,100,0,20,107
9780,quiet,,,,,100,0,20,107
9790,work,,,,,100,0,20,107
9800,work,,,,,100,0,20,107
9810,travel,,,,,100,1,19,108
9820,violence,,,,,100,1,19,108
9830,violence,,,,,100,1,19,108
9840,violence,,,,,100,1,19,108
9850,aftermath,,,,,100,0,19,108
9860,aftermath,,,,,100,0,20,108
9870,aftermath,,,,,100,0,20,108
9880,aftermath,,,,,100,0,20,108
9890,aftermath,,,,,100,0,20,108
9900,aftermath,,,,,100,0,20,108
9910,quiet,,,,,100,0,20,108
9920,quiet,,,,,100,0,20,108
9930,quiet,,,,,100,0,20,108
9940,quiet,,,,,100,0,20,108
9950,quiet,,,,,100,0,20,108
9960,quiet,,,,,100,0,20,108
9970,quiet,,,,,100,0,20,108
9980,quiet,,,,,100,0,20,108
9990,quiet,,,,,100,0,20,108
10000,work,,,,,100,0,20,108
10010,work,,,,,100,0,20,108
10020,violence,,,,,100,1,19,109
10030,violence,,,,,100,1,19,109
10040,violence,,,,,100,1,20,109
10050,aftermath,,,,,100,0,20,109
10060,aftermath,,,,,100,0,20,109
10070,aftermath,,,,,100,0,20,109
10080,aftermath,,,,,100,0,20,109
10090,aftermath,,,,,100,0,20,109
10100,aftermath,,,,,100,0,20,109
10110,quiet,,,,,100,0,20,109
10120,quiet,,,,,100,0,20,109
10130,quiet,,,,,100,0,20,109
10140,quiet,,,,,100,0,20,109
10150,quiet,,,,,100,0,20,109
10160,quiet,,,,,100,0,20,109
10170,quiet,,,,,100,0,20,109
10180,quiet,,,,,100,0,20,109
10190,quiet,,,,,100,0,20,109
10200,work,,,,,100,0,0,109
10210,work,,,,,100,0,0,109
10220,travel,,,,,100,0,0,109
10230,travel,,,,,100,0,0,109
10240,travel,,,,,100,0,0,109
10250,travel,,,,,100,0,0,109
10260,travel,,,,,100,0,0,109
10270,travel,,,,,100,0,0,109
10280,travel,,,,,100,0,0,109
10290,curiosity,,,,,100,0,0,109
10300,curiosity,,,,,100,0,0,109
10310,curiosity,,,,,100,0,0,109
10320,curiosity,,,,,100,0,0,109
10330,curiosity,,,,,100,0,0,109
10340,curiosity,,,,,100,0,0,109
10350,curiosity,,,,,100,0,0,109
10360,curiosity,,,,,100,0,0,109
10370,opportunity,,,,,100,0,0,109
10380,opportunity,,,,,100,0,0,109
10390,opportunity,,,,,100,0,0,109
10400,opportunity,,,,,100,0,0,109
10410,opportunity,,,,,100,0,0,109
10420,opportunity,,,,,100,0,0,109
10430,opportunity,,,,,100,0,0,109
10440,tension,,,,,100,0,0,109
10450,tension,,,,,100,0,0,109
10460,tension,,,,,100,0,0,109
10470,tension,,,,,100,0,0,109
10480,tension,,,,,100,0,0,109
10490,tension,,,,,100,0,0,109
10500,violence,,,,,100,0,0,109
10510,violence,,,,,100,0,0,109
10520,violence,,,,,100,0,0,109
10530,violence,,,,,100,0,0,109
10540,violence,,,,,100,0,0,109
10550,aftermath,,,,,100,0,0,109
10560,aftermath,,,,,100,0,0,109
10570,aftermath,,,,,100,0,0,109
10580,aftermath,,,,,100,0,1,109
10590,aftermath,,,,,100,0,1,109
10600,aftermath,,,,,100,0,1,109
10610,quiet,,,,,100,0,1,109
10620,quiet,,,,,100,0,2,109
10630,quiet,,,,,100,0,1,110
10640,quiet,,,,,100,0,1,110
10650,quiet,,,,,100,0,1,110
10660,quiet,,,,,100,0,1,110
10670,quiet,,,,,100,0,1,111
10680,quiet,,,,,100,0,1,111
10690,quiet,,,,,100,0,1,111
10700,work,,,,,100,0,1,111
10710,work,,,,,100,0,2,111
10720,work,,,,,100,0,2,111
10730,work,,,,,100,0,2,111
10740,travel,,,,,100,0,2,111
10750,violence,,,,,100,1,1,112
10760,violence,,,,,100,1,1,113
10770,violence,,,,,100,1,1,113
10780,aftermath,,,,,100,0,0,114
10790,aftermath,,,,,100,0,0,114
10800,aftermath,,,,,100,0,1,114
10810,aftermath,,,,,100,0,1,114
10820,aftermath,,,,,100,0,1,114
10830,aftermath,,,,,100,0,1,114
10840,quiet,,,,,100,0,1,114
10850,quiet,,,,,100,0,2,114
10860,quiet,,,,,100,0,2,114
10870,quiet,,,,,100,0,2,114
10880,quiet,,,,,100,0,2,114
10890,quiet,,,,,100,0,3,114
10900,quiet,,,,,100,0,2,115
10910,quiet,,,,,100,0,2,115
10920,quiet,,,,,100,0,2,115
10930,work,,,,,100,0,2,115
10940,work,,,,,100,0,2,116
10950,violence,,,,,100,1,1,117
10960,violence,,,,,100,1,1,117
10970,violence,,,,,100,1,1,117
10980,violence,,,,,100,1,2,117
10990,aftermath,,,,,100,0,2,117
11000,aftermath,,,,,100,0,2,117
11010,aftermath,,,,,100,0,2,117
11020,aftermath,,,,,100,0,2,117
11030,aftermath,,,,,100,0,3,117
11040,aftermath,,,,,100,0,3,117
11050,quiet,,,,,100,0,3,117
11060,quiet,,,,,100,0,3,117
11070,quiet,,,,,100,0,4,117
11080,quiet,,,,,100,0,4,117
11090,quiet,,,,,100,0,4,117
11100,quiet,,,,,100,0,4,117
11110,quiet,,,,,100,0,4,117
11120,quiet,,,,,100,0,5,117
11130,quiet,,,,,100,0,5,117
11140,work,,,,,100,0,5,117
11150,work,,,,,100,0,5,117
11160,travel,,,,,100,0,6,117
11170,violence,,,,,100,1,5,118
11180,violence,,,,,100,1,5,118
11190,violence,,,,,100,1,5,118
11200,aftermath,,,,,100,0,5,118
11210,aftermath,,,,,100,0,6,118
11220,aftermath,,,,,100,0,6,118
11230,aftermath,,,,,100,0,6,118
11240,aftermath,,,,,100,0,6,118
11250,aftermath,,,,,100,0,7,118
11260,quiet,,,,,100,0,6,119
11270,quiet,,,,,100,0,6,119
11280,quiet,,,,,100,0,6,119
11290,quiet,,,,,100,0,6,119
11300,quiet,,,,,100,0,6,120
11310,quiet,,,,,100,0,6,120
11320,quiet,,,,,100,0,6,120
11330,quiet,,,,,100,0,6,120
11340,quiet,,,,,100,0,7,120
11350,work,,,,,100,0,7,120
11360,work,,,,,100,0,7,120
11370,violence,,,,,100,1,6,121
11380,violence,,,,,100,1,6,121
11390,violence,,,,,100,1,7,121
11400,aftermath,,,,,100,0,7,121
11410,aftermath,,,,,100,0,7,121
11420,aftermath,,,,,100,0,7,121
11430,aftermath,,,,,100,0,8,121
11440,aftermath,,,,,100,0,8,121
11450,aftermath,,,,,100,0,8,121
11460,quiet,,,,,100,0,8,121
11470,quiet,,,,,100,0,8,121
11480,quiet,,,,,100,0,8,122
11490,quiet,,,,,100,0,8,122
11500,quiet,,,,,100,0,8,122
11510,quiet,,,,,100,0,8,122
11520,quiet,,,,,100,0,9,122
11530,quiet,,,,,100,0,8,123
11540,quiet,,,,,100,0,8,123
11550,work,,,,,100,0,8,123
11560,work,,,,,100,0,8,123
11570,violence,,,,,100,1,8,124
11580,violence,,,,,100,1,8,124
11590,violence,,,,,100,1,8,124
11600,aftermath,,,,,100,0,8,124
11610,aftermath,,,,,100,0,9,124
11620,aftermath,,,,,100,0,9,124
11630,aftermath,,,,,100,0,9,124
11640,aftermath,,,,,100,0,9,124
11650,aftermath,,,,,100,0,9,124
11660,quiet,,,,,100,0,10,124
11670,quiet,,,,,100,0,10,124
11680,quiet,,,,,100,0,10,124
11690,quiet,,,,,100,0,10,124
11700,quiet,,,,,100,0,11,124
11710,quiet,,,,,100,0,11,124
11720,quiet,,,,,100,0,11,124
11730,quiet,,,,,100,0,11,124
11740,quiet,,,,,100,0,11,124
11750,work,,,,,100,0,11,125
11760,work,,,,,100,0,11,125
11770,travel,,,,,100,1,10,126
11780,violence,,,,,100,1,10,126
11790,violence,,,,,100,1,11,126
11800,violence,,,,,100,1,11,126
11810,aftermath,,,,,100,0,11,126
11820,aftermath,,,,,100,0,11,126
11830,aftermath,,,,,100,0,11,126
11840,aftermath,,,,,100,0,12,126
11850,aftermath,,,,,100,0,12,126
11860,aftermath,,,,,100,0,12,126
11870,quiet,,,,,100,0,12,126
11880,quiet,,,,,100,0,13,126
11890,quiet,,,,,100,0,13,126
11900,quiet,,,,,100,0,13,126
11910,quiet,,,,,100,0,13,126
11920,quiet,,,,,100,0,13,126
11930,quiet,,,,,100,0,14,126
11940,quiet,,,,,100,0,14,126
11950,quiet,,,,,100,0,14,126
11960,work,,,,,100,0,14,126
11970,work,,,,,100,0,15,126
11980,violence,,,,,100,1,14,127
11990,violence,,,,,100,1,14,127
12000,violence,,,,,100,1,14,127
12010,aftermath,,,,,100,0,14,127
12020,aftermath,,,,,100,0,15,127
12030,aftermath,,,,,100,0,15,127
12040,aftermath,,,,,100,0,15,127
12050,aftermath,,,,,100,0,15,127
12060,aftermath,,,,,100,0,16,127
12070,quiet,,,,,100,0,15,128
12080,quiet,,,,,100,0,15,128
12090,quiet,,,,,100,0,15,128
12100,quiet,,,,,100,0,15,128
12110,quiet,,,,,100,0,15,129
12120,quiet,,,,,100,0,15,129
12130,quiet,,,,,100,0,15,129
12140,quiet,,,,,100,0,15,129
12150,quiet,,,,,100,0,16,129
12160,work,,,,,100,0,15,130
12170,work,,,,,100,0,15,130
12180,violence,,,,,100,1,14,131
12190,violence,,,,,100,1,14,131
12200,violence,,,,,100,1,15,131
12210,aftermath,,,,,100,0,15,131
12220,aftermath,,,,,100,0,15,131
12230,aftermath,,,,,100,0,15,131
12240,aftermath,,,,,100,0,16,131
12250,aftermath,,,,,100,0,16,131
12260,aftermath,,,,,100,0,16,131
12270,quiet,,,,,100,0,16,131
12280,quiet,,,,,100,0,16,131
12290,quiet,,,,,100,0,16,132
12300,quiet,,,,,100,0,16,132
12310,quiet,,,,,100,0,16,132
12320,quiet,,,,,100,0,16,132
12330,quiet,,,,,100,0,17,132
12340,quiet,,,,,100,0,17,132
12350,quiet,,,,,100,0,17,132
12360,work,,,,,100,0,17,132
12370,work,,,,,100,0,17,132
12380,travel,,,,,100,0,18,132
12390,violence,,,,,100,1,17,133
12400,violence,,,,,100,1,17,133
12410,violence,,,,,100,1,17,133
12420,aftermath,,,,,100,0,18,133
12430,aftermath,,,,,100,0,18,133
12440,aftermath,,,,,100,0,18,133
12450,aftermath,,,,,100,0,18,133
12460,aftermath,,,,,100,0,18,133
12470,aftermath,,,,,100,0,19,133
12480,quiet,,,,,100,0,19,133
12490,quiet,,,,,100,0,19,133
12500,quiet,,,,,100,0,19,133
12510,quiet,,,,,100,0,20,133
12520,quiet,,,,,100,0,20,133
12530,quiet,,,,,100,0,20,133
12540,quiet,,,,,100,0,20,133
12550,quiet,,,,,100,0,20,133
12560,quiet,,,,,100,0,20,133
12570,work,,,,,100,0,20,133
12580,work,,,,,100,0,20,133
12590,violence,,,,,100,1,19,134
12600,violence,,,,,100,1,20,134
12610,violence,,,,,100,1,20,134
12620,aftermath,,,,,100,0,20,134
12630,aftermath,,,,,100,0,20,134
12640,aftermath,,,,,100,0,20,134
12650,aftermath,,,,,100,0,20,134
12660,aftermath,,,,,100,0,20,134
12670,aftermath,,,,,100,0,20,134
12680,quiet,,,,,100,0,20,134
12690,quiet,,,,,100,0,20,134
12700,quiet,,,,,100,0,20,134
12710,quiet,,,,,100,0,20,134
12720,quiet,,,,,100,0,20,134
12730,quiet,,,,,100,0,20,134
12740,quiet,,,,,100,0,20,134
12750,quiet,,,,,100,0,20,134
12760,quiet,,,,,100,0,20,134
12770,work,,,,,100,0,20,134
12780,work,,,,,100,0,20,134
12790,travel,,,,,100,0,20,134
12800,violence,,,,,100,1,19,135
12810,violence,,,,,100,1,19,135
12820,violence,,,,,100,1,19,135
12830,aftermath,,,,,100,0,19,136
12840,aftermath,,,,,100,0,19,136
12850,aftermath,,,,,100,0,19,136
12860,aftermath,,,,,100,0,19,136
12870,aftermath,,,,,100,0,20,136
12880,aftermath,,,,,100,0,20,136
12890,quiet,,,,,100,0,20,136
12900,quiet,,,,,100,0,20,136
12910,quiet,,,,,100,0,20,136
12920,quiet,,,,,100,0,20,136
12930,quiet,,,,,100,0,20,136
12940,quiet,,,,,100,0,20,136
12950,quiet,,,,,100,0,20,136
12960,quiet,,,,,100,0,20,136
12970,quiet,,,,,100,0,20,136
12980,work,,,,,100,0,20,136
12990,work,,,,,100,0,20,136
13000,violence,,,,,100,1,19,137
13010,violence,,,,,100,1,20,137
13020,violence,,,,,100,1,20,137
13030,aftermath,,,,,100,0,20,137
13040,aftermath,,,,,100,0,20,137
13050,aftermath,,,,,100,0,20,137
13060,aftermath,,,,,100,0,20,137
13070,aftermath,,,,,100,0,20,137
13080,aftermath,,,,,100,0,20,137
13090,quiet,,,,,100,0,20,137
13100,quiet,,,,,100,0,20,137
13110,quiet,,,,,100,0,20,137
13120,quiet,,,,,100,0,20,137
13130,quiet,,,,,100,0,20,137
13140,quiet,,,,,100,0,20,137
13150,quiet,,,,,100,0,20,137
13160,quiet,,,,,100,0,20,137
13170,quiet,,,,,100,0,20,137
13180,work,,,,,100,0,20,137
13190,work,,,,,100,0,20,137
13200,violence,,,,,100,1,19,138
13210,violence,,,,,100,1,19,138
13220,violence,,,,,100,1,19,138
13230,violence,,,,,100,1,20,138
13240,aftermath,,,,,100,0,19,139
13250,aftermath,,,,,100,0,19,139
13260,aftermath,,,,,100,0,19,139
13270,aftermath,,,,,100,0,19,139
13280,aftermath,,,,,100,0,19,140
13290,aftermath,,,,,100,0,19,140
13300,quiet,,,,,100,0,19,140
13310,quiet,,,,,100,0,19,140
13320,quiet,,,,,100,0,20,140
13330,quiet,,,,,100,0,20,140
13340,quiet,,,,,100,0,20,140
13350,quiet,,,,,100,0,20,140
13360,quiet,,,,,100,0,20,140
13370,quiet,,,,,100,0,20,140
13380,quiet,,,,,100,0,20,140
13390,work,,,,,100,0,20,140
13400,work,,,,,100,0,20,140
13410,violence,,,,,100,1,20,141
13420,violence,,,,,100,1,19,142
13430,violence,,,,,100,1,19,142
13440,aftermath,,,,,100,0,19,142
13450,aftermath,,,,,100,0,19,142
13460,aftermath,,,,,100,0,20,142
13470,aftermath,,,,,100,0,20,142
13480,aftermath,,,,,100,0,20,142
13490,aftermath,,,,,100,0,20,142
13500,quiet,,,,,100,0,20,142
13510,quiet,,,,,100,0,20,142
13520,quiet,,,,,100,0,20,142
13530,quiet,,,,,100,0,20,142
13540,quiet,,,,,100,0,20,142
13550,quiet,,,,,100,0,20,142
13560,quiet,,,,,100,0,20,142
13570,quiet,,,,,100,0,20,142
13580,quiet,,,,,100,0,20,142
13590,work,,,,,100,0,20,142
13600,work,,,,,100,0,20,142
13610,violence,,,,,100,1,19,143
13620,violence,,,,,100,1,19,143
13630,violence,,,,,100,1,19,143
13640,aftermath,,,,,100,0,19,144
13650,aftermath,,,,,100,0,19,144
13660,aftermath,,,,,100,0,19,144
13670,aftermath,,,,,100,0,19,144
13680,aftermath,,,,,100,0,20,144
13690,aftermath,,,,,100,0,20,144
13700,quiet,,,,,100,0,20,144
13710,quiet,,,,,100,0,20,144
13720,quiet,,,,,100,0,20,144
13730,quiet,,,,,100,0,20,144
13740,quiet,,,,,100,0,20,144
13750,quiet,,,,,100,0,20,144
13760,quiet,,,,,100,0,20,144
13770,quiet,,,,,100,0,20,144
13780,quiet,,,,,100,0,20,144
13790,work,,,,,100,0,20,144
13800,work,,,,,100,0,20,144
13810,violence,,,,,100,1,19,145
13820,violence,,,,,100,1,20,145
13830,violence,,,,,100,1,20,145
13840,aftermath,,,,,100,0,20,145
13850,aftermath,,,,,100,0,20,145
13860,aftermath,,,,,100,0,20,145
13870,aftermath,,,,,100,0,20,145
13880,aftermath,,,,,100,0,20,145
13890,aftermath,,,,,100,0,20,145
13900,quiet,,,,,100,0,20,145
13910,quiet,,,,,100,0,20,145
13920,quiet,,,,,100,0,20,145
13930,quiet,,,,,100,0,20,145
13940,quiet,,,,,100,0,20,145
13950,quiet,,,,,100,0,20,145
13960,quiet,,,,,100,0,20,145
13970,quiet,,,,,100,0,20,145
13980,quiet,,,,,100,0,20,145
13990,work,,,,,100,0,20,145
14000,work,,,,,100,0,20,145
14010,travel,,,,,100,1,19,146
14020,violence,,,,,100,1,19,146
14030,violence,,,,,100,1,19,146
14040,violence,,,,,100,1,20,146
14050,aftermath,,,,,100,0,20,146
14060,aftermath,,,,,100,0,20,146
14070,aftermath,,,,,100,0,20,146
14080,aftermath,,,,,100,0,20,146
14090,aftermath,,,,,100,0,20,146
14100,aftermath,,,,,100,0,20,146
14110,quiet,,,,,100,0,20,146
14120,quiet,,,,,100,0,20,146
14130,quiet,,,,,100,0,20,146
14140,quiet,,,,,100,0,20,146
14150,quiet,,,,,100,0,20,146
14160,quiet,,,,,100,0,20,146
14170,quiet,,,,,100,0,20,146
14180,quiet,,,,,100,0,20,146
14190,quiet,,,,,100,0,20,146
14200,work,,,,,100,0,20,146
14210,work,,,,,100,0,20,146
14220,violence,,,,,100,1,20,147
14230,violence,,,,,100,1,20,147
14240,violence,,,,,100,1,20,147
14250,aftermath,,,,,100,0,19,148
14260,aftermath,,,,,100,0,19,148
14270,aftermath,,,,,100,0,20,148
14280,aftermath,,,,,100,0,20,148
14290,aftermath,,,,,100,0,20,148
14300,aftermath,,,,,100,0,20,148
14310,quiet,,,,,100,0,20,148
14320,quiet,,,,,100,0,20,148
14330,quiet,,,,,100,0,20,148
14340,quiet,,,,,100,0,20,148
14350,quiet,,,,,100,0,20,148
14360,quiet,,,,,100,0,20,148
14370,quiet,,,,,100,0,20,148
14380,quiet,,,,,100,0,20,148
14390,quiet,,,,,100,0,20,148
14400,work,,,,,100,0,20,148
14410,work,,,,,100,0,20,148
14420,travel,,,,,100,1,19,149
14430,violence,,,,,100,1,19,149
14440,violence,,,,,100,1,19,149
14450,violence,,,,,100,1,20,149
14460,aftermath,,,,,100,0,20,149
14470,aftermath,,,,,100,0,20,149
14480,aftermath,,,,,100,0,20,149
14490,aftermath,,,,,100,0,20,149
14500,aftermath,,,,,100,0,20,149
14510,aftermath,,,,,100,0,20,149
14520,quiet,,,,,100,0,20,149
14530,quiet,,,,,100,0,20,149
14540,quiet,,,,,100,0,20,149
14550,quiet,,,,,100,0,20,149
14560,quiet,,,,,100,0,20,149
14570,quiet,,,,,100,0,20,149
14580,quiet,,,,,100,0,20,149
14590,quiet,,,,,100,0,20,149
14600,quiet,,,,,100,0,20,149
14610,work,,,,,100,0,20,149
14620,work,,,,,100,0,20,149
14630,violence,,,,,100,1,19,150
14640,violence,,,,,100,1,19,150
14650,violence,,,,,100,1,19,150
14660,aftermath,,,,,100,0,19,150
14670,aftermath,,,,,100,0,20,150
14680,aftermath,,,,,100,0,20,150
14690,aftermath,,,,,100,0,20,150
14700,aftermath,,,,,100,0,20,150
14710,aftermath,,,,,100,0,20,150
14720,quiet,,,,,100,0,20,150
14730,quiet,,,,,100,0,20,150
14740,quiet,,,,,100,0,20,150
14750,quiet,,,,,100,0,20,150
14760,quiet,,,,,100,0,20,150
14770,quiet,,,,,100,0,20,150
14780,quiet,,,,,100,0,20,150
14790,quiet,,,,,100,0,20,150
14800,quiet,,,,,100,0,20,150
14810,work,,,,,100,0,20,150
14820,work,,,,,100,0,20,150
14830,violence,,,,,100,1,19,151
14840,violence,,,,,100,1,19,151
14850,violence,,,,,100,1,20,151
14860,aftermath,,,,,100,0,19,152
14870,aftermath,,,,,100,0,19,152
14880,aftermath,,,,,100,0,19,152
14890,aftermath,,,,,100,0,19,152
14900,aftermath,,,,,100,0,20,152
14910,aftermath,,,,,100,0,20,152
14920,quiet,,,,,100,0,20,152
14930,quiet,,,,,100,0,20,152
14940,quiet,,,,,100,0,20,152
14950,quiet,,,,,100,0,20,152
14960,quiet,,,,,100,0,20,152
14970,quiet,,,,,100,0,20,152
14980,quiet,,,,,100,0,20,152
14990,quiet,,,,,100,0,20,152
15000,quiet,,,,,100,0,20,152
15010,work,,,,,100,0,20,152
15020,work,,,,,100,0,20,152
15030,travel,,,,,100,0,20,152
15040,travel,,,,,100,0,20,152
15050,travel,,,,,100,0,20,152
15060,travel,,,,,100,0,20,152
15070,travel,,,,,100,0,20,152
15080,travel,,,,,100,0,20,152
15090,travel,,,,,100,0,20,152
15100,travel,,,,,100,0,20,152
15110,curiosity,,,,,100,0,20,152
15120,curiosity,,,,,100,0,20,152
15130,curiosity,,,,,100,0,20,152
15140,curiosity,,,,,100,0,20,152
15150,curiosity,,,,,100,0,20,152
15160,curiosity,,,,,100,0,20,152
15170,curiosity,,,,,100,0,20,152
15180,opportunity,,,,,100,1,19,153
15190,violence,,,,,100,1,19,153
15200,violence,,,,,100,1,19,153
15210,violence,,,,,100,1,20,153
15220,aftermath,,,,,100,0,20,153
15230,aftermath,,,,,100,0,20,153
15240,aftermath,,,,,100,0,20,153
15250,aftermath,,,,,100,0,20,153
15260,aftermath,,,,,100,0,20,153
15270,aftermath,,,,,100,0,20,153
15280,quiet,,,,,100,0,20,153
15290,quiet,,,,,100,0,20,153
15300,quiet,,,,,100,0,20,153
15310,quiet,,,,,100,0,20,153
15320,quiet,,,,,100,0,20,153
15330,quiet,,,,,100,0,20,153
15340,quiet,,,,,100,0,20,153
15350,quiet,,,,,100,0,20,153
15360,quiet,,,,,100,0,20,153
15370,work,,,,,100,0,20,153
15380,work,,,,,100,0,20,153
15390,violence,,,,,100,1,20,154
15400,violence,,,,,100,1,20,154
15410,violence,,,,,100,1,20,154
15420,violence,,,,,100,1,19,155
15430,aftermath,,,,,100,0,19,155
15440,aftermath,,,,,100,0,20,155
15450,aftermath,,,,,100,0,20,155
15460,aftermath,,,,,100,0,20,155
15470,aftermath,,,,,100,0,20,155
15480,aftermath,,,,,100,0,20,155
15490,quiet,,,,,100,0,20,155
15500,quiet,,,,,100,0,20,155
15510,quiet,,,,,100,0,20,155
15520,quiet,,,,,100,0,20,155
15530,quiet,,,,,100,0,20,155
15540,quiet,,,,,100,0,20,155
15550,quiet,,,,,100,0,20,155
15560,quiet,,,,,100,0,20,155
15570,quiet,,,,,100,0,20,155
15580,work,,,,,100,0,20,155
15590,work,,,,,100,0,20,155
15600,violence,,,,,100,1,19,156
15610,violence,,,,,100,1,19,156
15620,violence,,,,,100,1,19,157
15630,aftermath,,,,,100,0,19,157
15640,aftermath,,,,,100,0,19,157
15650,aftermath,,,,,100,0,19,157
15660,aftermath,,,,,100,0,20,157
15670,aftermath,,,,,100,0,20,157
15680,aftermath,,,,,100,0,20,157
15690,quiet,,,,,100,0,20,157
15700,quiet,,,,,100,0,20,157
15710,quiet,,,,,100,0,20,157
15720,quiet,,,,,100,0,20,157
15730,quiet,,,,,100,0,20,157
15740,quiet,,,,,100,0,20,157
15750,quiet,,,,,100,0,20,157
15760,quiet,,,,,100,0,20,157
15770,quiet,,,,,100,0,20,157
15780,work,,,,,100,0,20,157
15790,work,,,,,100,0,20,157
15800,violence,,,,,100,1,20,158
15810,violence,,,,,100,1,20,158
15820,violence,,,,,100,1,20,158
15830,aftermath,,,,,100,0,20,158
15840,aftermath,,,,,100,0,20,158
15850,aftermath,,,,,100,0,20,158
15860,aftermath,,,,,100,0,20,158
15870,aftermath,,,,,100,0,20,158
15880,aftermath,,,,,100,0,20,158
15890,quiet,,,,,100,0,20,158
15900,quiet,,,,,100,0,20,158
15910,quiet,,,,,100,0,20,158
15920,quiet,,,,,100,0,20,158
15930,quiet,,,,,100,0,20,158
15940,quiet,,,,,100,0,20,158
15950,quiet,,,,,100,0,20,158
15960,quiet,,,,,100,0,20,158
15970,quiet,,,,,100,0,20,158
15980,work,,,,,100,0,20,158
15990,work,,,,,100,0,20,158
16000,travel,,,,,100,0,20,158
16010,violence,,,,,100,1,19,159
16020,violence,,,,,100,1,20,159
16030,violence,,,,,100,1,20,159
16040,aftermath,,,,,100,0,20,159
16050,aftermath,,,,,100,0,20,159
16060,aftermath,,,,,100,0,20,159
16070,aftermath,,,,,100,0,20,159
16080,aftermath,,,,,100,0,20,159
16090,aftermath,,,,,100,0,20,159
16100,quiet,,,,,100,0,20,159
16110,quiet,,,,,100,0,20,159
16120,quiet,,,,,100,0,20,159
16130,quiet,,,,,100,0,20,159
16140,quiet,,,,,100,0,20,159
16150,quiet,,,,,100,0,20,159
16160,quiet,,,,,100,0,20,159
16170,quiet,,,,,100,0,20,159
16180,quiet,,,,,100,0,20,159
16190,work,,,,,100,0,20,159
16200,work,,,,,100,0,20,159
16210,violence,,,,,100,1,19,160
16220,violence,,,,,100,1,19,160
16230,violence,,,,,100,1,19,160
16240,aftermath,,,,,100,0,19,160
16250,aftermath,,,,,100,0,19,161
16260,aftermath,,,,,100,0,19,161
16270,aftermath,,,,,100,0,19,161
16280,aftermath,,,,,100,0,19,161
16290,aftermath,,,,,100,0,20,161
16300,quiet,,,,,100,0,19,162
16310,quiet,,,,,100,0,19,162
16320,quiet,,,,,100,0,19,162
16330,quiet,,,,,100,0,19,162
16340,quiet,,,,,100,0,20,162
16350,quiet,,,,,100,0,20,162
16360,quiet,,,,,100,0,20,162
16370,quiet,,,,,100,0,20,162
16380,quiet,,,,,100,0,20,162
16390,work,,,,,100,0,20,162
16400,work,,,,,100,0,20,162
16410,violence,,,,,100,1,19,163
16420,violence,,,,,100,1,19,163
16430,violence,,,,,100,1,19,164
16440,aftermath,,,,,100,0,19,164
16450,aftermath,,,,,100,0,19,164
16460,aftermath,,,,,100,0,19,164
16470,aftermath,,,,,100,0,20,164
16480,aftermath,,,,,100,0,20,164
16490,aftermath,,,,,100,0,20,164
16500,quiet,,,,,100,0,20,164
16510,quiet,,,,,100,0,20,164
16520,quiet,,,,,100,0,20,164
16530,quiet,,,,,100,0,20,164
16540,quiet,,,,,100,0,20,164
16550,quiet,,,,,100,0,20,164
16560,quiet,,,,,100,0,20,164
16570,quiet,,,,,100,0,20,164
16580,quiet,,,,,100,0,20,164
16590,work,,,,,100,0,20,164
16600,work,,,,,100,0,20,164
16610,travel,,,,,100,0,20,164
16620,violence,,,,,100,1,19,165
16630,violence,,,,,100,1,19,165
16640,violence,,,,,100,1,19,165
16650,aftermath,,,,,100,0,20,165
16660,aftermath,,,,,100,0,20,165
16670,aftermath,,,,,100,0,20,165
16680,aftermath,,,,,100,0,20,165
16690,aftermath,,,,,100,0,20,165
16700,aftermath,,,,,100,0,20,165
16710,quiet,,,,,100,0,20,165
16720,quiet,,,,,100,0,20,165
16730,quiet,,,,,100,0,20,165
16740,quiet,,,,,100,0,20,165
16750,quiet,,,,,100,0,20,165
16760,quiet,,,,,100,0,20,165
16770,quiet,,,,,100,0,20,165
16780,quiet,,,,,100,0,20,165
16790,quiet,,,,,100,0,20,165
16800,work,,,,,100,0,20,165
16810,work,,,,,100,0,20,165
16820,violence,,,,,100,1,19,166
16830,violence,,,,,100,1,20,166
16840,violence,,,,,100,1,20,166
16850,aftermath,,,,,100,0,20,166
16860,aftermath,,,,,100,0,20,166
16870,aftermath,,,,,100,0,20,166
16880,aftermath,,,,,100,0,20,166
16890,aftermath,,,,,100,0,20,166
16900,aftermath,,,,,100,0,20,166
16910,quiet,,,,,100,0,20,166
16920,quiet,,,,,100,0,20,166
16930,quiet,,,,,100,0,20,166
16940,quiet,,,,,100,0,20,166
16950,quiet,,,,,100,0,20,166
16960,quiet,,,,,100,0,20,166
16970,quiet,,,,,100,0,20,166
16980,quiet,,,,,100,0,20,166
16990,quiet,,,,,100,0,20,166
17000,work,,,,,100,0,20,166
17010,work,,,,,100,0,20,166
17020,violence,,,,,100,1,19,167
17030,violence,,,,,100,1,19,167
17040,violence,,,,,100,1,19,167
17050,aftermath,,,,,100,0,19,167
17060,aftermath,,,,,100,0,19,168
17070,aftermath,,,,,100,0,19,168
17080,aftermath,,,,,100,0,19,168
17090,aftermath,,,,,100,0,19,168
17100,aftermath,,,,,100,0,20,168
17110,quiet,,,,,100,0,20,168
17120,quiet,,,,,100,0,20,168
17130,quiet,,,,,100,0,20,168
17140,quiet,,,,,100,0,20,168
17150,quiet,,,,,100,0,20,168
17160,quiet,,,,,100,0,20,168
17170,quiet,,,,,100,0,20,168
17180,quiet,,,,,100,0,20,168
17190,quiet,,,,,100,0,20,168
17200,work,,,,,100,0,20,168
17210,work,,,,,100,0,20,168
17220,travel,,,,,100,0,20,168
17230,violence,,,,,100,1,19,169
17240,violence,,,,,100,1,20,169
17250,violence,,,,,100,1,20,169
17260,aftermath,,,,,100,0,20,169
17270,aftermath,,,,,100,0,20,169
17280,aftermath,,,,,100,0,20,169
17290,aftermath,,,,,100,0,20,169
17300,aftermath,,,,,100,0,20,169
17310,aftermath,,,,,100,0,20,169
17320,quiet,,,,,100,0,20,169
17330,quiet,,,,,100,0,20,169
17340,quiet,,,,,100,0,20,169
17350,quiet,,,,,100,0,20,169
17360,quiet,,,,,100,0,20,169
17370,quiet,,,,,100,0,20,169
17380,quiet,,,,,100,0,20,169
17390,quiet,,,,,100,0,20,169
17400,quiet,,,,,100,0,0,169
17410,work,,,,,100,0,0,169
17420,work,,,,,100,0,0,169
17430,travel,,,,,100,0,0,169
17440,travel,,,,,100,0,0,169
17450,travel,,,,,100,0,0,169
17460,travel,,,,,100,0,0,169
17470,travel,,,,,100,0,0,169
17480,travel,,,,,100,0,0,169
17490,travel,,,,,100,0,0,169
17500,curiosity,,,,,100,0,0,169
17510,curiosity,,,,,100,0,0,169
17520,curiosity,,,,,100,0,0,169
17530,curiosity,,,,,100,0,0,169
17540,curiosity,,,,,100,0,0,169
17550,curiosity,,,,,100,0,0,169
17560,curiosity,,,,,100,0,0,169
17570,curiosity,,,,,100,0,0,169
17580,opportunity,,,,,100,0,0,169
17590,opportunity,,,,,100,0,0,169
17600,opportunity,,,,,100,0,0,169
17610,opportunity,,,,,100,0,0,169
17620,opportunity,,,,,100,0,0,169
17630,opportunity,,,,,100,0,0,169
17640,opportunity,,,,,100,0,0,169
17650,tension,,,,,100,0,0,169
17660,tension,,,,,100,0,0,169
17670,tension,,,,,100,0,0,169
17680,tension,,,,,100,0,0,169
17690,tension,,,,,100,0,0,169
17700,tension,,,,,100,0,0,169
17710,violence,,,,,100,0,0,169
17720,violence,,,,,100,0,0,169
17730,violence,,,,,100,0,0,169
17740,violence,,,,,100,0,0,169
17750,violence,,,,,100,0,0,169
17760,aftermath,,,,,100,0,0,169
17770,aftermath,,,,,100,0,0,169
17780,aftermath,,,,,100,0,1,169
17790,aftermath,,,,,100,0,1,169
17800,aftermath,,,,,100,0,1,169
17810,aftermath,,,,,100,0,1,169
17820,quiet,,,,,100,0,2,169
17830,quiet,,,,,100,0,2,169
17840,quiet,,,,,100,0,2,169
17850,quiet,,,,,100,0,2,169
17860,quiet,,,,,100,0,2,169
17870,quiet,,,,,100,0,2,170
17880,quiet,,,,,100,0,2,170
17890,quiet,,,,,100,0,2,170
17900,quiet,,,,,100,0,2,170
17910,work,,,,,100,0,3,170
17920,work,,,,,100,0,3,170
17930,work,,,,,100,0,3,170
17940,travel,,,,,100,0,3,170
17950,violence,,,,,100,1,2,171
17960,violence,,,,,100,1,3,171
17970,violence,,,,,100,1,3,171
17980,aftermath,,,,,100,0,3,171
17990,aftermath,,,,,100,0,3,171
18000,aftermath,,,,,100,0,4,171
18010,aftermath,,,,,100,0,3,172
18020,aftermath,,,,,100,0,3,172
18030,aftermath,,,,,100,0,3,172
18040,quiet,,,,,100,0,3,172
18050,quiet,,,,,100,0,3,173
18060,quiet,,,,,100,0,3,173
18070,quiet,,,,,100,0,3,173
18080,quiet,,,,,100,0,3,173
18090,quiet,,,,,100,0,4,173
18100,quiet,,,,,100,0,3,174
18110,quiet,,,,,100,0,3,174
18120,quiet,,,,,100,0,3,174
18130,work,,,,,100,0,3,174
18140,work,,,,,100,0,3,175
18150,travel,,,,,100,0,3,175
18160,violence,,,,,100,1,2,176
18170,violence,,,,,100,1,2,176
18180,violence,,,,,100,1,3,176
18190,aftermath,,,,,100,0,2,177
18200,aftermath,,,,,100,0,2,177
18210,aftermath,,,,,100,0,2,177
18220,aftermath,,,,,100,0,2,177
18230,aftermath,,,,,100,0,3,177
18240,aftermath,,,,,100,0,3,177
18250,quiet,,,,,100,0,3,177
18260,quiet,,,,,100,0,3,177
18270,quiet,,,,,100,0,4,177
18280,quiet,,,,,100,0,4,177
18290,quiet,,,,,100,0,4,177
18300,quiet,,,,,100,0,4,177
18310,quiet,,,,,100,0,4,177
18320,quiet,,,,,100,0,4,178
18330,quiet,,,,,100,0,4,178
18340,work,,,,,100,0,4,178
18350,work,,,,,100,0,4,178
18360,travel,,,,,100,0,5,178
18370,travel,,,,,100,0,4,179
18380,violence,,,,,100,1,3,180
18390,violence,,,,,100,1,3,180
18400,violence,,,,,100,1,3,180
18410,aftermath,,,,,100,0,4,180
18420,aftermath,,,,,100,0,4,180
18430,aftermath,,,,,100,0,4,180
18440,aftermath,,,,,100,0,4,180
18450,aftermath,,,,,100,0,5,180
18460,aftermath,,,,,100,0,4,181
18470,quiet,,,,,100,0,4,181
18480,quiet,,,,,100,0,4,181
18490,quiet,,,,,100,0,4,181
18500,quiet,,,,,100,0,5,181
18510,quiet,,,,,100,0,5,181
18520,quiet,,,,,100,0,5,181
18530,quiet,,,,,100,0,5,181
18540,quiet,,,,,100,0,6,181
18550,quiet,,,,,100,0,5,182
18560,work,,,,,100,0,5,182
18570,work,,,,,100,0,5,182
18580,travel,,,,,100,0,5,182
18590,violence,,,,,100,1,5,183
18600,violence,,,,,100,1,5,183
18610,violence,,,,,100,1,5,183
18620,aftermath,,,,,100,0,5,183
18630,aftermath,,,,,100,0,6,183
18640,aftermath,,,,,100,0,5,184
18650,aftermath,,,,,100,0,5,184
18660,aftermath,,,,,100,0,5,184
18670,aftermath,,,,,100,0,5,184
18680,quiet,,,,,100,0,5,185
18690,quiet,,,,,100,0,5,185
18700,quiet,,,,,100,0,5,185
18710,quiet,,,,,100,0,5,185
18720,quiet,,,,,100,0,6,185
18730,quiet,,,,,100,0,6,185
18740,quiet,,,,,100,0,6,185
18750,quiet,,,,,100,0,6,185
18760,quiet,,,,,100,0,6,185
18770,work,,,,,100,0,7,185
18780,work,,,,,100,0,7,185
18790,travel,,,,,100,0,7,185
18800,violence,,,,,100,1,6,186
18810,violence,,,,,100,1,7,186
18820,violence,,,,,100,1,6,187
18830,aftermath,,,,,100,0,6,187
18840,aftermath,,,,,100,0,6,187
18850,aftermath,,,,,100,0,6,187
18860,aftermath,,,,,100,0,6,188
18870,aftermath,,,,,100,0,6,188
18880,aftermath,,,,,100,0,6,188
18890,quiet,,,,,100,0,6,188
18900,quiet,,,,,100,0,7,188
18910,quiet,,,,,100,0,6,189
18920,quiet,,,,,100,0,6,189
18930,quiet,,,,,100,0,6,189
18940,quiet,,,,,100,0,6,189
18950,quiet,,,,,100,0,6,190
18960,quiet,,,,,100,0,6,190
18970,quiet,,,,,100,0,6,190
18980,work,,,,,100,0,6,190
18990,work,,,,,100,0,7,190
19000,violence,,,,,100,1,5,192
19010,violence,,,,,100,1,5,192
19020,violence,,,,,100,1,5,192
19030,aftermath,,,,,100,0,5,192
19040,aftermath,,,,,100,0,6,192
19050,aftermath,,,,,100,0,6,192
19060,aftermath,,,,,100,0,6,192
19070,aftermath,,,,,100,0,6,192
19080,aftermath,,,,,100,0,7,192
19090,quiet,,,,,100,0,7,192
19100,quiet,,,,,100,0,7,192
19110,quiet,,,,,100,0,7,192
19120,quiet,,,,,100,0,7,192
19130,quiet,,,,,100,0,8,192
19140,quiet,,,,,100,0,8,192
19150,quiet,,,,,100,0,8,192
19160,quiet,,,,,100,0,8,192
19170,quiet,,,,,100,0,9,192
19180,work,,,,,100,0,9,192
19190,work,,,,,100,0,9,192
19200,violence,,,,,100,1,8,193
19210,violence,,,,,100,1,8,193
19220,violence,,,,,100,1,9,193
19230,aftermath,,,,,100,0,9,193
19240,aftermath,,,,,100,0,9,193
19250,aftermath,,,,,100,0,9,193
19260,aftermath,,,,,100,0,10,193
19270,aftermath,,,,,100,0,10,193
19280,aftermath,,,,,100,0,10,193
19290,quiet,,,,,100,0,10,193
19300,quiet,,,,,100,0,10,193
19310,quiet,,,,,100,0,11,193
19320,quiet,,,,,100,0,11,193
19330,quiet,,,,,100,0,11,193
19340,quiet,,,,,100,0,11,193
19350,quiet,,,,,100,0,12,193
19360,quiet,,,,,100,0,12,193
19370,quiet,,,,,100,0,12,193
19380,work,,,,,100,0,12,193
19390,work,,,,,100,0,12,193
19400,travel,,,,,100,0,12,194
19410,violence,,,,,100,1,11,195
19420,violence,,,,,100,1,11,195
19430,violence,,,,,100,1,11,195
19440,aftermath,,,,,100,0,12,195
19450,aftermath,,,,,100,0,12,195
19460,aftermath,,,,,100,0,12,195
19470,aftermath,,,,,100,0,12,195
19480,aftermath,,,,,100,0,12,195
19490,aftermath,,,,,100,0,13,195
19500,quiet,,,,,100,0,13,195
19510,quiet,,,,,100,0,13,195
19520,quiet,,,,,100,0,13,195
19530,quiet,,,,,100,0,14,195
19540,quiet,,,,,100,0,14,195
19550,quiet,,,,,100,0,14,195
19560,quiet,,,,,100,0,14,195
19570,quiet,,,,,100,0,14,195
19580,quiet,,,,,100,0,15,195
19590,work,,,,,100,0,15,195
19600,work,,,,,100,0,15,195
19610,travel,,,,,100,1,14,196
19620,violence,,,,,100,1,15,196
19630,violence,,,,,100,1,14,197
19640,violence,,,,,100,1,14,197
19650,aftermath,,,,,100,0,14,197
19660,aftermath,,,,,100,0,14,197
19670,aftermath,,,,,100,0,15,197
19680,aftermath,,,,,100,0,15,197
19690,aftermath,,,,,100,0,15,197
19700,aftermath,,,,,100,0,15,197
19710,quiet,,,,,100,0,16,197
19720,quiet,,,,,100,0,16,197
19730,quiet,,,,,100,0,16,197
19740,quiet,,,,,100,0,16,197
19750,quiet,,,,,100,0,16,197
19760,quiet,,,,,100,0,16,198
19770,quiet,,,,,100,0,16,198
19780,quiet,,,,,100,0,16,198
19790,quiet,,,,,100,0,16,198
19800,work,,,,,100,0,17,198
19810,work,,,,,100,0,17,198
19820,travel,,,,,100,0,17,198
19830,travel,,,,,100,0,17,198
19840,travel,,,,,100,0,17,198
19850,travel,,,,,100,0,18,198
19860,travel,,,,,100,0,18,198
19870,travel,,,,,100,0,18,198
19880,travel,,,,,100,0,18,198
19890,curiosity,,,,,100,0,19,198
19900,curiosity,,,,,100,0,19,198
19910,curiosity,,,,,100,0,19,198
19920,curiosity,,,,,100,0,19,198
19930,curiosity,,,,,100,0,19,198
19940,curiosity,,,,,100,0,20,198
19950,curiosity,,,,,100,0,20,198
19960,curiosity,,,,,100,0,20,198
19970,opportunity,,,,,100,0,20,198
19980,opportunity,,,,,100,1,19,199
19990,violence,,,,,100,1,19,199
20000,violence,,,,,100,1,18,200
20010,violence,,,,,100,1,18,200
20020,aftermath,,,,,100,0,17,201
20030,aftermath,,,,,100,0,18,201
20040,aftermath,,,,,100,0,18,201
20050,aftermath,,,,,100,0,17,202
20060,aftermath,,,,,100,0,17,202
20070,aftermath,,,,,100,0,18,202
20080,quiet,,,,,100,0,17,203
20090,quiet,,,,,100,0,17,203
20100,quiet,,,,,100,0,17,203
20110,quiet,,,,,100,0,17,203
20120,quiet,,,,,100,0,17,204
20130,quiet,,,,,100,0,17,204
20140,quiet,,,,,100,0,17,204
20150,quiet,,,,,100,0,17,204
20160,quiet,,,,,100,0,18,204
20170,work,,,,,100,0,17,205
20180,work,,,,,100,0,17,205
20190,violence,,,,,100,1,16,206
20200,violence,,,,,100,1,16,206
20210,violence,,,,,100,1,17,206
20220,aftermath,,,,,100,0,17,206
20230,aftermath,,,,,100,0,17,206
20240,aftermath,,,,,100,0,17,206
20250,aftermath,,,,,100,0,18,206
20260,aftermath,,,,,100,0,18,206
20270,aftermath,,,,,100,0,18,206
20280,quiet,,,,,100,0,18,206
20290,quiet,,,,,100,0,18,206
20300,quiet,,,,,100,0,18,207
20310,quiet,,,,,100,0,18,207
20320,quiet,,,,,100,0,18,207
20330,quiet,,,,,100,0,18,207
20340,quiet,,,,,100,0,19,207
20350,quiet,,,,,100,0,19,207
20360,quiet,,,,,100,0,19,207
20370,work,,,,,100,0,19,207
20380,work,,,,,100,0,19,207
20390,travel,,,,,100,0,20,207
20400,violence,,,,,100,1,19,208
20410,violence,,,,,100,1,19,208
20420,violence,,,,,100,1,19,208
20430,aftermath,,,,,100,0,20,208
20440,aftermath,,,,,100,0,20,208
20450,aftermath,,,,,100,0,20,208
20460,aftermath,,,,,100,0,20,208
20470,aftermath,,,,,100,0,20,208
20480,aftermath,,,,,100,0,20,208
20490,quiet,,,,,100,0,20,208
20500,quiet,,,,,100,0,20,208
20510,quiet,,,,,100,0,20,208
20520,quiet,,,,,100,0,20,208
20530,quiet,,,,,100,0,20,208
20540,quiet,,,,,100,0,20,208
20550,quiet,,,,,100,0,20,208
20560,quiet,,,,,100,0,20,208
20570,quiet,,,,,100,0,20,208
20580,work,,,,,100,0,20,208
20590,work,,,,,100,0,20,208
20600,violence,,,,,100,1,19,209
20610,violence,,,,,100,1,20,209
20620,violence,,,,,100,1,19,210
20630,aftermath,,,,,100,0,19,210
20640,aftermath,,,,,100,0,19,210
20650,aftermath,,,,,100,0,19,210
20660,aftermath,,,,,100,0,20,210
20670,aftermath,,,,,100,0,20,210
20680,aftermath,,,,,100,0,20,210
20690,quiet,,,,,100,0,20,210
20700,quiet,,,,,100,0,20,210
20710,quiet,,,,,100,0,20,210
20720,quiet,,,,,100,0,20,210
20730,quiet,,,,,100,0,20,210
20740,quiet,,,,,100,0,20,210
20750,quiet,,,,,100,0,20,210
20760,quiet,,,,,100,0,20,210
20770,quiet,,,,,100,0,20,210
20780,work,,,,,100,0,20,210
20790,work,,,,,100,0,20,210
20800,violence,,,,,100,1,19,211
20810,violence,,,,,100,1,19,211
20820,violence,,,,,100,1,19,211
20830,aftermath,,,,,100,0,19,211
20840,aftermath,,,,,100,0,20,211
20850,aftermath,,,,,100,0,20,211
20860,aftermath,,,,,100,0,20,211
20870,aftermath,,,,,100,0,20,211
20880,aftermath,,,,,100,0,20,211
20890,quiet,,,,,100,0,20,211
20900,quiet,,,,,100,0,20,211
20910,quiet,,,,,100,0,20,211
20920,quiet,,,,,100,0,20,211
20930,quiet,,,,,100,0,20,211
20940,quiet,,,,,100,0,20,211
20950,quiet,,,,,100,0,20,211
20960,quiet,,,,,100,0,20,211
20970,quiet,,,,,100,0,20,211
20980,work,,,,,100,0,20,211
20990,work,,,,,100,0,20,211
21000,travel,,,,,100,1,19,212
21010,violence,,,,,100,1,19,212
21020,violence,,,,,100,1,19,213
21030,violence,,,,,100,1,19,213
21040,aftermath,,,,,100,0,19,213
21050,aftermath,,,,,100,0,19,213
21060,aftermath,,,,,100,0,20,213
21070,aftermath,,,,,100,0,20,213
21080,aftermath,,,,,100,0,20,213
21090,aftermath,,,,,100,0,20,213
21100,quiet,,,,,100,0,20,213
21110,quiet,,,,,100,0,20,213
21120,quiet,,,,,100,0,20,213
21130,quiet,,,,,100,0,20,213
21140,quiet,,,,,100,0,20,213
21150,quiet,,,,,100,0,20,213
21160,quiet,,,,,100,0,20,213
21170,quiet,,,,,100,0,20,213
21180,quiet,,,,,100,0,20,213
21190,work,,,,,100,0,20,213
21200,work,,,,,100,0,20,213
21210,violence,,,,,100,1,19,214
21220,violence,,,,,100,1,19,214
21230,violence,,,,,100,1,19,214
21240,aftermath,,,,,100,0,20,214
21250,aftermath,,,,,100,0,19,215
21260,aftermath,,,,,100,0,19,215
21270,aftermath,,,,,100,0,19,215
21280,aftermath,,,,,100,0,19,215
21290,aftermath,,,,,100,0,20,215
21300,quiet,,,,,100,0,20,215
21310,quiet,,,,,100,0,20,215
21320,quiet,,,,,100,0,20,215
21330,quiet,,,,,100,0,20,215
21340,quiet,,,,,100,0,20,215
21350,quiet,,,,,100,0,20,215
21360,quiet,,,,,100,0,20,215
21370,quiet,,,,,100,0,20,215
21380,quiet,,,,,100,0,20,215
21390,work,,,,,100,0,20,215
21400,work,,,,,100,0,20,215
21410,violence,,,,,100,1,19,216
21420,violence,,,,,100,1,20,216
21430,violence,,,,,100,1,19,217
21440,aftermath,,,,,100,0,19,217
21450,aftermath,,,,,100,0,19,217
21460,aftermath,,,,,100,0,19,217
21470,aftermath,,,,,100,0,20,217
21480,aftermath,,,,,100,0,20,217
21490,aftermath,,,,,100,0,20,217
21500,quiet,,,,,100,0,20,217
21510,quiet,,,,,100,0,20,217
21520,quiet,,,,,100,0,20,217
21530,quiet,,,,,100,0,20,217
21540,quiet,,,,,100,0,20,217
21550,quiet,,,,,100,0,20,217
21560,quiet,,,,,100,0,20,217
21570,quiet,,,,,100,0,20,217
21580,quiet,,,,,100,0,20,217
21590,work,,,,,100,0,20,217
21600,work,,,,,100,0,20,217
21610,violence,,,,,100,1,19,218
21620,violence,,,,,100,1,19,218
21630,violence,,,,,100,1,19,218
21640,violence,,,,,100,1,19,218
21650,aftermath,,,,,100,0,19,219
21660,aftermath,,,,,100,0,19,219
21670,aftermath,,,,,100,0,19,219
21680,aftermath,,,,,100,0,19,219
21690,aftermath,,,,,100,0,20,219
21700,aftermath,,,,,100,0,20,219
21710,quiet,,,,,100,0,20,219
21720,quiet,,,,,100,0,20,219
21730,quiet,,,,,100,0,20,219
21740,quiet,,,,,100,0,20,219
21750,quiet,,,,,100,0,20,219
21760,quiet,,,,,100,0,20,219
21770,quiet,,,,,100,0,20,219
21780,quiet,,,,,100,0,20,219
21790,quiet,,,,,100,0,20,219
21800,work,,,,,100,0,20,219
21810,work,,,,,100,0,20,219
21820,violence,,,,,100,1,19,220
21830,violence,,,,,100,1,19,221
21840,violence,,,,,100,1,19,221
21850,aftermath,,,,,100,0,19,221
21860,aftermath,,,,,100,0,19,221
21870,aftermath,,,,,100,0,20,221
21880,aftermath,,,,,100,0,19,222
21890,aftermath,,,,,100,0,19,222
21900,aftermath,,,,,100,0,19,222
21910,quiet,,,,,100,0,19,222
21920,quiet,,,,,100,0,20,222
21930,quiet,,,,,100,0,20,222
21940,quiet,,,,,100,0,20,222
21950,quiet,,,,,100,0,20,222
21960,quiet,,,,,100,0,20,222
21970,quiet,,,,,100,0,20,222
21980,quiet,,,,,100,0,20,222
21990,quiet,,,,,100,0,20,222
22000,work,,,,,100,0,20,222
22010,work,,,,,100,0,20,222
22020,violence,,,,,100,1,19,223
22030,violence,,,,,100,1,19,223
22040,violence,,,,,100,1,19,223
22050,aftermath,,,,,100,0,20,223
22060,aftermath,,,,,100,0,19,224
22070,aftermath,,,,,100,0,19,224
22080,aftermath,,,,,100,0,19,224
22090,aftermath,,,,,100,0,19,224
22100,aftermath,,,,,100,0,20,224
22110,quiet,,,,,100,0,20,224
22120,quiet,,,,,100,0,20,224
22130,quiet,,,,,100,0,20,224
22140,quiet,,,,,100,0,20,224
22150,quiet,,,,,100,0,20,224
22160,quiet,,,,,100,0,20,224
22170,quiet,,,,,100,0,20,224
22180,quiet,,,,,100,0,20,224
22190,quiet,,,,,100,0,20,224
22200,work,,,,,100,0,20,224
22210,work,,,,,100,0,20,224
22220,travel,,,,,100,0,20,224
22230,travel,,,,,100,0,20,224
22240,travel,,,,,100,0,20,224
22250,travel,,,,,100,0,20,224
22260,travel,,,,,100,0,20,224
22270,travel,,,,,100,0,20,224
22280,travel,,,,,100,0,20,224
22290,curiosity,,,,,100,0,20,224
22300,curiosity,,,,,100,0,20,224
22310,curiosity,,,,,100,0,20,224
22320,curiosity,,,,,100,0,20,224
22330,curiosity,,,,,100,0,20,224
22340,curiosity,,,,,100,0,20,224
22350,curiosity,,,,,100,0,20,224
22360,curiosity,,,,,100,0,20,224
22370,opportunity,,,,,100,0,20,224
22380,opportunity,,,,,100,0,20,224
22390,violence,,,,,100,1,19,225
22400,violence,,,,,100,1,19,225
22410,violence,,,,,100,1,20,225
22420,aftermath,,,,,100,0,20,225
22430,aftermath,,,,,100,0,20,225
22440,aftermath,,,,,100,0,20,225
22450,aftermath,,,,,100,0,20,225
22460,aftermath,,,,,100,0,20,225
22470,aftermath,,,,,100,0,20,225
22480,quiet,,,,,100,0,20,225
22490,quiet,,,,,100,0,20,225
22500,quiet,,,,,100,0,20,225
22510,quiet,,,,,100,0,20,225
22520,quiet,,,,,100,0,20,225
22530,quiet,,,,,100,0,20,225
22540,quiet,,,,,100,0,20,225
22550,quiet,,,,,100,0,20,225
22560,quiet,,,,,100,0,20,225
22570,work,,,,,100,0,20,225
22580,work,,,,,100,0,20,225
22590,violence,,,,,100,1,20,226
22600,violence,,,,,100,1,19,227
22610,violence,,,,,100,1,19,227
22620,aftermath,,,,,100,0,19,227
22630,aftermath,,,,,100,0,19,227
22640,aftermath,,,,,100,0,20,227
22650,aftermath,,,,,100,0,20,227
22660,aftermath,,,,,100,0,20,227
22670,aftermath,,,,,100,0,20,227
22680,quiet,,,,,100,0,20,227
22690,quiet,,,,,100,0,20,227
22700,quiet,,,,,100,0,20,227
22710,quiet,,,,,100,0,20,227
22720,quiet,,,,,100,0,20,227
22730,quiet,,,,,100,0,20,227
22740,quiet,,,,,100,0,20,227
22750,quiet,,,,,100,0,20,227
22760,quiet,,,,,100,0,20,227
22770,work,,,,,100,0,20,227
22780,work,,,,,100,0,20,227
22790,violence,,,,,100,1,19,228
22800,violence,,,,,100,1,19,228
22810,violence,,,,,100,1,19,228
22820,aftermath,,,,,100,0,20,228
22830,aftermath,,,,,100,0,20,228
22840,aftermath,,,,,100,0,20,228
22850,aftermath,,,,,100,0,20,228
22860,aftermath,,,,,100,0,20,228
22870,aftermath,,,,,100,0,20,228
22880,quiet,,,,,100,0,20,228
22890,quiet,,,,,100,0,20,228
22900,quiet,,,,,100,0,20,228
22910,quiet,,,,,100,0,20,228
22920,quiet,,,,,100,0,20,228
22930,quiet,,,,,100,0,20,228
22940,quiet,,,,,100,0,20,228
22950,quiet,,,,,100,0,20,228
22960,quiet,,,,,100,0,20,228
22970,work,,,,,100,0,20,228
22980,work,,,,,100,0,20,228
22990,violence,,,,,100,1,19,229
23000,violence,,,,,100,1,19,230
23010,violence,,,,,100,1,19,230
23020,aftermath,,,,,100,0,19,230
23030,aftermath,,,,,100,0,19,230
23040,aftermath,,,,,100,0,20,230
23050,aftermath,,,,,100,0,20,230
23060,aftermath,,,,,100,0,20,230
23070,aftermath,,,,,100,0,20,230
23080,quiet,,,,,100,0,20,230
23090,quiet,,,,,100,0,20,230
23100,quiet,,,,,100,0,20,230
23110,quiet,,,,,100,0,20,230
23120,quiet,,,,,100,0,20,230
23130,quiet,,,,,100,0,20,230
23140,quiet,,,,,100,0,20,230
23150,quiet,,,,,100,0,20,230
23160,quiet,,,,,100,0,20,230
23170,work,,,,,100,0,20,230
23180,work,,,,,100,0,20,230
23190,travel,,,,,100,0,20,230
23200,violence,,,,,100,1,19,231
23210,violence,,,,,100,1,19,231
23220,violence,,,,,100,1,20,231
23230,aftermath,,,,,100,0,19,232
23240,aftermath,,,,,100,0,19,232
23250,aftermath,,,,,100,0,19,232
23260,aftermath,,,,,100,0,19,232
23270,aftermath,,,,,100,0,19,233
23280,aftermath,,,,,100,0,19,233
23290,quiet,,,,,100,0,19,233
23300,quiet,,,,,100,0,19,233
23310,quiet,,,,,100,0,20,233
23320,quiet,,,,,100,0,20,233
23330,quiet,,,,,100,0,20,233
23340,quiet,,,,,100,0,20,233
23350,quiet,,,,,100,0,20,233
23360,quiet,,,,,100,0,20,233
23370,quiet,,,,,100,0,20,233
23380,work,,,,,100,0,20,233
23390,work,,,,,100,0,20,233
23400,violence,,,,,100,1,20,234
23410,violence,,,,,100,1,20,234
23420,violence,,,,,100,1,20,234
23430,aftermath,,,,,100,0,19,235
23440,aftermath,,,,,100,0,19,235
23450,aftermath,,,,,100,0,20,235
23460,aftermath,,,,,100,0,20,235
23470,aftermath,,,,,100,0,20,235
23480,aftermath,,,,,100,0,20,235
23490,quiet,,,,,100,0,20,235
23500,quiet,,,,,100,0,20,235
23510,quiet,,,,,100,0,20,235
23520,quiet,,,,,100,0,20,235
23530,quiet,,,,,100,0,20,235
23540,quiet,,,,,100,0,20,235
23550,quiet,,,,,100,0,20,235
23560,quiet,,,,,100,0,20,235
23570,quiet,,,,,100,0,20,235
23580,work,,,,,100,0,20,235
23590,work,,,,,100,0,20,235
23600,travel,,,,,100,0,20,235
23610,violence,,,,,100,1,19,236
23620,violence,,,,,100,1,19,236
23630,violence,,,,,100,1,19,237
23640,aftermath,,,,,100,0,19,237
23650,aftermath,,,,,100,0,19,237
23660,aftermath,,,,,100,0,19,237
23670,aftermath,,,,,100,0,20,237
23680,aftermath,,,,,100,0,19,238
23690,aftermath,,,,,100,0,19,238
23700,quiet,,,,,100,0,19,238
23710,quiet,,,,,100,0,19,238
23720,quiet,,,,,100,0,20,238
23730,quiet,,,,,100,0,20,238
23740,quiet,,,,,100,0,20,238
23750,quiet,,,,,100,0,20,238
23760,quiet,,,,,100,0,20,238
23770,quiet,,,,,100,0,20,238
23780,quiet,,,,,100,0,20,238
23790,work,,,,,100,0,20,238
23800,work,,,,,100,0,20,238
23810,violence,,,,,100,1,19,239
23820,violence,,,,,100,1,19,239
23830,violence,,,,,100,1,19,239
23840,aftermath,,,,,100,0,19,239
23850,aftermath,,,,,100,0,20,239
23860,aftermath,,,,,100,0,20,239
23870,aftermath,,,,,100,0,20,239
23880,aftermath,,,,,100,0,20,239
23890,aftermath,,,,,100,0,20,239
23900,quiet,,,,,100,0,20,239
23910,quiet,,,,,100,0,20,239
23920,quiet,,,,,100,0,20,239
23930,quiet,,,,,100,0,20,239
23940,quiet,,,,,100,0,20,239
23950,quiet,,,,,100,0,20,239
23960,quiet,,,,,100,0,20,239
23970,quiet,,,,,100,0,20,239
23980,quiet,,,,,100,0,20,239
23990,work,,,,,100,0,20,239
24000,work,,,,,100,0,20,239
24010,travel,,,,,100,1,19,240
24020,violence,,,,,100,1,19,240
24030,violence,,,,,100,1,20,240
24040,violence,,,,,100,1,20,240
24050,aftermath,,,,,100,0,20,240
24060,aftermath,,,,,100,0,20,240
24070,aftermath,,,,,100,0,20,240
24080,aftermath,,,,,100,0,20,240
24090,aftermath,,,,,100,0,20,240
24100,aftermath,,,,,100,0,20,240
24110,quiet,,,,,100,0,20,240
24120,quiet,,,,,100,0,20,240
24130,quiet,,,,,100,0,20,240
24140,quiet,,,,,100,0,20,240
24150,quiet,,,,,100,0,20,240
24160,quiet,,,,,100,0,20,240
24170,quiet,,,,,100,0,20,240
24180,quiet,,,,,100,0,20,240
24190,quiet,,,,,100,0,20,240
24200,work,,,,,100,0,20,240
24210,work,,,,,100,0,20,240
24220,violence,,,,,100,1,19,241
24230,violence,,,,,100,1,19,241
24240,violence,,,,,100,1,19,241
24250,aftermath,,,,,100,0,19,241
24260,aftermath,,,,,100,0,20,241
24270,aftermath,,,,,100,0,20,241
24280,aftermath,,,,,100,0,20,241
24290,aftermath,,,,,100,0,20,241
24300,aftermath,,,,,100,0,20,241
24310,quiet,,,,,100,0,20,241
24320,quiet,,,,,100,0,20,241
24330,quiet,,,,,100,0,20,241
24340,quiet,,,,,100,0,20,241
24350,quiet,,,,,100,0,20,241
24360,quiet,,,,,100,0,20,241
24370,quiet,,,,,100,0,20,241
24380,quiet,,,,,100,0,20,241
24390,quiet,,,,,100,0,20,241
24400,work,,,,,100,0,20,241
24410,work,,,,,100,0,20,241
24420,violence,,,,,100,1,19,242
24430,violence,,,,,100,1,19,242
24440,violence,,,,,100,1,19,243
24450,aftermath,,,,,100,0,19,243
24460,aftermath,,,,,100,0,19,243
24470,aftermath,,,,,100,0,19,243
24480,aftermath,,,,,100,0,20,243
24490,aftermath,,,,,100,0,20,243
24500,aftermath,,,,,100,0,20,243
24510,quiet,,,,,100,0,20,243
24520,quiet,,,,,100,0,20,243
24530,quiet,,,,,100,0,20,243
24540,quiet,,,,,100,0,20,243
24550,quiet,,,,,100,0,20,243
24560,quiet,,,,,100,0,20,243
24570,quiet,,,,,100,0,20,243
24580,quiet,,,,,100,0,20,243
24590,quiet,,,,,100,0,20,243
24600,work,,,,,100,0,0,243
24610,work,,,,,100,0,0,243
24620,travel,,,,,100,0,0,243
24630,travel,,,,,100,0,0,243
24640,travel,,,,,100,0,0,243
24650,travel,,,,,100,0,0,243
24660,travel,,,,,100,0,0,243
24670,travel,,,,,100,0,0,243
24680,travel,,,,,100,0,0,243
24690,travel,,,,,100,0,0,243
24700,curiosity,,,,,100,0,0,243
24710,curiosity,,,,,100,0,0,243
24720,curiosity,,,,,100,0,0,243
24730,curiosity,,,,,100,0,0,243
24740,curiosity,,,,,100,0,0,243
24750,curiosity,,,,,100,0,0,243
24760,curiosity,,,,,100,0,0,243
24770,opportunity,,,,,100,0,0,243
24780,opportunity,,,,,100,0,0,243
24790,opportunity,,,,,100,0,0,243
24800,opportunity,,,,,100,0,0,243
24810,opportunity,,,,,100,0,0,243
24820,opportunity,,,,,100,0,0,243
24830,opportunity,,,,,100,0,0,243
24840,opportunity,,,,,100,0,0,243
24850,tension,,,,,100,0,0,243
24860,tension,,,,,100,0,0,243
24870,tension,,,,,100,0,0,243
24880,tension,,,,,100,0,0,243
24890,tension,,,,,100,0,0,243
24900,tension,,,,,100,0,0,243
24910,violence,,,,,100,0,0,243
24920,violence,,,,,100,0,0,243
24930,violence,,,,,100,0,0,243
24940,violence,,,,,100,0,0,243
24950,aftermath,,,,,100,0,0,243
24960,aftermath,,,,,100,0,0,243
24970,aftermath,,,,,100,0,0,243
24980,aftermath,,,,,100,0,1,243
24990,aftermath,,,,,100,0,1,243
25000,aftermath,,,,,100,0,1,243
25010,quiet,,,,,100,0,1,243
25020,quiet,,,,,100,0,2,243
25030,quiet,,,,,100,0,1,244
25040,quiet,,,,,100,0,1,244
25050,quiet,,,,,100,0,1,244
25060,quiet,,,,,100,0,1,244
25070,quiet,,,,,100,0,2,244
25080,quiet,,,,,100,0,2,244
25090,quiet,,,,,100,0,2,244
25100,work,,,,,100,0,2,244
25110,work,,,,,100,0,3,244
25120,work,,,,,100,0,3,244
25130,work,,,,,100,0,3,244
25140,travel,,,,,100,0,3,244
25150,violence,,,,,100,1,2,245
25160,violence,,,,,100,1,2,246
25170,violence,,,,,100,1,2,246
25180,aftermath,,,,,100,0,2,246
25190,aftermath,,,,,100,0,2,246
25200,aftermath,,,,,100,0,3,246
25210,aftermath,,,,,100,0,2,247
25220,aftermath,,,,,100,0,2,247
25230,aftermath,,,,,100,0,2,247
25240,quiet,,,,,100,0,2,247
25250,quiet,,,,,100,0,2,248
25260,quiet,,,,,100,0,2,248
25270,quiet,,,,,100,0,2,248
25280,quiet,,,,,100,0,2,248
25290,quiet,,,,,100,0,3,248
25300,quiet,,,,,100,0,2,249
25310,quiet,,,,,100,0,2,249
25320,quiet,,,,,100,0,2,249
25330,work,,,,,100,0,2,249
25340,work,,,,,100,0,2,250
25350,travel,,,,,100,0,2,250
25360,travel,,,,,100,0,2,250
25370,violence,,,,,100,1,1,251
25380,violence,,,,,100,1,2,251
25390,violence,,,,,100,1,2,251
25400,aftermath,,,,,100,0,2,251
25410,aftermath,,,,,100,0,2,251
25420,aftermath,,,,,100,0,2,251
25430,aftermath,,,,,100,0,2,252
25440,aftermath,,,,,100,0,2,252
25450,aftermath,,,,,100,0,2,252
25460,quiet,,,,,100,0,2,252
25470,quiet,,,,,100,0,3,252
25480,quiet,,,,,100,0,3,252
25490,quiet,,,,,100,0,3,252
25500,quiet,,,,,100,0,3,252
25510,quiet,,,,,100,0,3,252
25520,quiet,,,,,100,0,3,253
25530,quiet,,,,,100,0,3,253
25540,quiet,,,,,100,0,3,253
25550,work,,,,,100,0,3,253
25560,work,,,,,100,0,4,253
25570,travel,,,,,100,0,3,254
25580,violence,,,,,100,1,2,255
25590,violence,,,,,100,1,2,255
25600,violence,,,,,100,1,2,255
25610,aftermath,,,,,100,0,3,255
25620,aftermath,,,,,100,0,3,255
25630,aftermath,,,,,100,0,3,255
25640,aftermath,,,,,100,0,3,255
25650,aftermath,,,,,100,0,4,255
25660,aftermath,,,,,100,0,4,255
25670,quiet,,,,,100,0,4,255
25680,quiet,,,,,100,0,4,255
25690,quiet,,,,,100,0,4,255
25700,quiet,,,,,100,0,4,256
25710,quiet,,,,,100,0,4,256
25720,quiet,,,,,100,0,4,256
25730,quiet,,,,,100,0,4,256
25740,quiet,,,,,100,0,5,256
25750,quiet,,,,,100,0,5,256
25760,work,,,,,100,0,5,256
25770,work,,,,,100,0,5,256
25780,travel,,,,,100,0,5,256
25790,violence,,,,,100,1,5,257
25800,violence,,,,,100,1,5,257
25810,violence,,,,,100,1,5,257
25820,aftermath,,,,,100,0,5,257
25830,aftermath,,,,,100,0,6,257
25840,aftermath,,,,,100,0,5,258
25850,aftermath,,,,,100,0,5,258
25860,aftermath,,,,,100,0,5,258
25870,aftermath,,,,,100,0,5,258
25880,quiet,,,,,100,0,6,258
25890,quiet,,,,,100,0,6,258
25900,quiet,,,,,100,0,6,258
25910,quiet,,,,,100,0,6,258
25920,quiet,,,,,100,0,7,258
25930,quiet,,,,,100,0,7,258
25940,quiet,,,,,100,0,7,258
25950,quiet,,,,,100,0,7,258
25960,quiet,,,,,100,0,7,258
25970,work,,,,,100,0,7,259
25980,work,,,,,100,0,7,259
25990,violence,,,,,100,1,6,260
26000,violence,,,,,100,1,6,260
26010,violence,,,,,100,1,7,260
26020,aftermath,,,,,100,0,6,261
26030,aftermath,,,,,100,0,6,261
26040,aftermath,,,,,100,0,6,261
26050,aftermath,,,,,100,0,6,261
26060,aftermath,,,,,100,0,7,261
26070,aftermath,,,,,100,0,7,261
26080,quiet,,,,,100,0,7,261
26090,quiet,,,,,100,0,7,261
26100,quiet,,,,,100,0,8,261
26110,quiet,,,,,100,0,7,262
26120,quiet,,,,,100,0,7,262
26130,quiet,,,,,100,0,7,262
26140,quiet,,,,,100,0,7,262
26150,quiet,,,,,100,0,7,263
26160,quiet,,,,,100,0,7,263
26170,work,,,,,100,0,7,263
26180,work,,,,,100,0,7,263
26190,travel,,,,,100,0,8,263
26200,violence,,,,,100,1,7,264
26210,violence,,,,,100,1,7,264
26220,violence,,,,,100,1,7,264
26230,aftermath,,,,,100,0,7,264
26240,aftermath,,,,,100,0,8,264
26250,aftermath,,,,,100,0,8,264
26260,aftermath,,,,,100,0,8,264
26270,aftermath,,,,,100,0,8,264
26280,aftermath,,,,,100,0,9,264
26290,quiet,,,,,100,0,8,265
26300,quiet,,,,,100,0,8,265
26310,quiet,,,,,100,0,8,265
26320,quiet,,,,,100,0,8,265
26330,quiet,,,,,100,0,8,266
26340,quiet,,,,,100,0,8,266
26350,quiet,,,,,100,0,8,266
26360,quiet,,,,,100,0,8,266
26370,quiet,,,,,100,0,9,266
26380,work,,,,,100,0,8,267
26390,work,,,,,100,0,8,267
26400,violence,,,,,100,1,7,268
26410,violence,,,,,100,1,7,268
26420,violence,,,,,100,1,7,269
26430,aftermath,,,,,100,0,7,269
26440,aftermath,,,,,100,0,7,269
26450,aftermath,,,,,100,0,7,269
26460,aftermath,,,,,100,0,8,269
26470,aftermath,,,,,100,0,7,270
26480,aftermath,,,,,100,0,7,270
26490,quiet,,,,,100,0,7,270
26500,quiet,,,,,100,0,7,270
26510,quiet,,,,,100,0,8,270
26520,quiet,,,,,100,0,8,270
26530,quiet,,,,,100,0,8,270
26540,quiet,,,,,100,0,8,270
26550,quiet,,,,,100,0,9,270
26560,quiet,,,,,100,0,8,271
26570,quiet,,,,,100,0,8,271
26580,work,,,,,100,0,8,271
26590,work,,,,,100,0,8,271
26600,travel,,,,,100,1,7,273
26610,violence,,,,,100,1,7,273
26620,violence,,,,,100,1,7,273
26630,violence,,,,,100,1,7,273
26640,aftermath,,,,,100,0,8,273
26650,aftermath,,,,,100,0,8,273
26660,aftermath,,,,,100,0,8,273
26670,aftermath,,,,,100,0,8,273
26680,aftermath,,,,,100,0,8,273
26690,aftermath,,,,,100,0,9,273
26700,quiet,,,,,100,0,9,273
26710,quiet,,,,,100,0,9,273
26720,quiet,,,,,100,0,9,273
26730,quiet,,,,,100,0,10,273
26740,quiet,,,,,100,0,10,273
26750,quiet,,,,,100,0,10,273
26760,quiet,,,,,100,0,10,273
26770,quiet,,,,,100,0,10,273
26780,quiet,,,,,100,0,10,274
26790,work,,,,,100,0,10,274
26800,work,,,,,100,0,10,274
26810,violence,,,,,100,1,9,275
26820,violence,,,,,100,1,10,275
26830,violence,,,,,100,1,9,276
26840,aftermath,,,,,100,0,9,276
26850,aftermath,,,,,100,0,9,276
26860,aftermath,,,,,100,0,9,276
26870,aftermath,,,,,100,0,9,277
26880,aftermath,,,,,100,0,9,277
26890,aftermath,,,,,100,0,9,277
26900,quiet,,,,,100,0,9,277
26910,quiet,,,,,100,0,10,277
26920,quiet,,,,,100,0,10,277
26930,quiet,,,,,100,0,10,277
26940,quiet,,,,,100,0,10,277
26950,quiet,,,,,100,0,10,277
26960,quiet,,,,,100,0,11,277
26970,quiet,,,,,100,0,11,277
26980,quiet,,,,,100,0,11,277
26990,work,,,,,100,0,11,277
27000,work,,,,,100,0,12,277
27010,travel,,,,,100,0,12,277
27020,travel,,,,,100,0,12,277
27030,travel,,,,,100,0,12,277
27040,travel,,,,,100,0,12,277
27050,travel,,,,,100,0,13,277
27060,travel,,,,,100,0,13,277
27070,travel,,,,,100,0,13,277
27080,curiosity,,,,,100,0,13,277
27090,curiosity,,,,,100,0,14,277
27100,curiosity,,,,,100,0,14,277
27110,curiosity,,,,,100,0,14,277
27120,curiosity,,,,,100,0,14,277
27130,curiosity,,,,,100,0,14,277
27140,curiosity,,,,,100,0,15,277
27150,curiosity,,,,,100,0,15,277
27160,opportunity,,,,,100,0,15,277
27170,opportunity,,,,,100,0,15,277
27180,opportunity,,,,,100,0,15,278
27190,violence,,,,,100,1,14,279
27200,violence,,,,,100,1,14,279
27210,violence,,,,,100,1,14,279
27220,aftermath,,,,,100,0,13,280
27230,aftermath,,,,,100,0,14,280
27240,aftermath,,,,,100,0,14,280
27250,aftermath,,,,,100,0,14,280
27260,aftermath,,,,,100,0,14,280
27270,aftermath,,,,,100,0,15,280
27280,quiet,,,,,100,0,15,280
27290,quiet,,,,,100,0,15,280
27300,quiet,,,,,100,0,15,280
27310,quiet,,,,,100,0,15,280
27320,quiet,,,,,100,0,16,280
27330,quiet,,,,,100,0,16,280
27340,quiet,,,,,100,0,16,280
27350,quiet,,,,,100,0,16,280
27360,quiet,,,,,100,0,17,280
27370,work,,,,,100,0,16,281
27380,work,,,,,100,0,16,281
27390,violence,,,,,100,1,15,282
27400,violence,,,,,100,1,15,282
27410,violence,,,,,100,1,16,282
27420,violence,,,,,100,1,16,282
27430,aftermath,,,,,100,0,16,282
27440,aftermath,,,,,100,0,16,282
27450,aftermath,,,,,100,0,17,282
27460,aftermath,,,,,100,0,16,283
27470,aftermath,,,,,100,0,16,283
27480,aftermath,,,,,100,0,16,283
27490,quiet,,,,,100,0,16,283
27500,quiet,,,,,100,0,16,284
27510,quiet,,,,,100,0,16,284
27520,quiet,,,,,100,0,16,284
27530,quiet,,,,,100,0,16,284
27540,quiet,,,,,100,0,17,284
27550,quiet,,,,,100,0,16,285
27560,quiet,,,,,100,0,16,285
27570,quiet,,,,,100,0,16,285
27580,work,,,,,100,0,16,285
27590,work,,,,,100,0,16,286
27600,violence,,,,,100,1,15,287
27610,violence,,,,,100,1,15,287
27620,violence,,,,,100,1,15,287
27630,aftermath,,,,,100,0,16,287
27640,aftermath,,,,,100,0,16,287
27650,aftermath,,,,,100,0,16,287
27660,aftermath,,,,,100,0,16,287
27670,aftermath,,,,,100,0,16,287
27680,aftermath,,,,,100,0,17,287
27690,quiet,,,,,100,0,17,287
27700,quiet,,,,,100,0,17,287
27710,quiet,,,,,100,0,17,287
27720,quiet,,,,,100,0,18,287
27730,quiet,,,,,100,0,18,287
27740,quiet,,,,,100,0,18,287
27750,quiet,,,,,100,0,18,287
27760,quiet,,,,,100,0,18,287
27770,quiet,,,,,100,0,18,288
27780,work,,,,,100,0,18,288
27790,work,,,,,100,0,18,288
27800,violence,,,,,100,1,17,289
27810,violence,,,,,100,1,18,289
27820,violence,,,,,100,1,18,289
27830,aftermath,,,,,100,0,18,289
27840,aftermath,,,,,100,0,18,289
27850,aftermath,,,,,100,0,18,289
27860,aftermath,,,,,100,0,19,289
27870,aftermath,,,,,100,0,19,289
27880,aftermath,,,,,100,0,19,289
27890,quiet,,,,,100,0,19,289
27900,quiet,,,,,100,0,20,289
27910,quiet,,,,,100,0,20,289
27920,quiet,,,,,100,0,20,289
27930,quiet,,,,,100,0,20,289
27940,quiet,,,,,100,0,20,289
27950,quiet,,,,,100,0,20,289
27960,quiet,,,,,100,0,20,289
27970,quiet,,,,,100,0,20,289
27980,work,,,,,100,0,20,289
27990,work,,,,,100,0,20,289
28000,violence,,,,,100,1,19,290
28010,violence,,,,,100,1,19,290
28020,violence,,,,,100,1,19,290
28030,aftermath,,,,,100,0,19,290
28040,aftermath,,,,,100,0,20,290
28050,aftermath,,,,,100,0,20,290
28060,aftermath,,,,,100,0,20,290
28070,aftermath,,,,,100,0,20,290
28080,aftermath,,,,,100,0,20,290
28090,quiet,,,,,100,0,20,290
28100,quiet,,,,,100,0,20,290
28110,quiet,,,,,100,0,20,290
28120,quiet,,,,,100,0,20,290
28130,quiet,,,,,100,0,20,290
28140,quiet,,,,,100,0,20,290
28150,quiet,,,,,100,0,20,290
28160,quiet,,,,,100,0,20,290
28170,quiet,,,,,100,0,20,290
28180,work,,,,,100,0,20,290
28190,work,,,,,100,0,20,290
28200,violence,,,,,100,1,19,291
28210,violence,,,,,100,1,19,291
28220,violence,,,,,100,1,19,292
28230,aftermath,,,,,100,0,19,292
28240,aftermath,,,,,100,0,19,292
28250,aftermath,,,,,100,0,19,292
28260,aftermath,,,,,100,0,20,292
28270,aftermath,,,,,100,0,20,292
28280,aftermath,,,,,100,0,20,292
28290,quiet,,,,,100,0,20,292
28300,quiet,,,,,100,0,20,292
28310,quiet,,,,,100,0,20,292
28320,quiet,,,,,100,0,20,292
28330,quiet,,,,,100,0,20,292
28340,quiet,,,,,100,0,20,292
28350,quiet,,,,,100,0,20,292
28360,quiet,,,,,100,0,20,292
28370,quiet,,,,,100,0,20,292
28380,work,,,,,100,0,20,292
28390,work,,,,,100,0,20,292
28400,travel,,,,,100,1,19,293
28410,violence,,,,,100,1,19,293
28420,violence,,,,,100,1,19,293
28430,violence,,,,,100,1,19,293
28440,aftermath,,,,,100,0,20,293
28450,aftermath,,,,,100,0,19,294
28460,aftermath,,,,,100,0,19,294
28470,aftermath,,,,,100,0,19,294
28480,aftermath,,,,,100,0,19,294
28490,aftermath,,,,,100,0,20,294
28500,quiet,,,,,100,0,20,294
28510,quiet,,,,,100,0,20,294
28520,quiet,,,,,100,0,20,294
28530,quiet,,,,,100,0,20,294
28540,quiet,,,,,100,0,20,294
28550,quiet,,,,,100,0,20,294
28560,quiet,,,,,100,0,20,294
28570,quiet,,,,,100,0,20,294
28580,quiet,,,,,100,0,20,294
28590,work,,,,,100,0,20,294
28600,work,,,,,100,0,20,294
28610,violence,,,,,100,1,19,295
28620,violence,,,,,100,1,20,295
28630,violence,,,,,100,1,20,295
28640,aftermath,,,,,100,0,20,295
28650,aftermath,,,,,100,0,20,295
28660,aftermath,,,,,100,0,20,295
28670,aftermath,,,,,100,0,20,295
28680,aftermath,,,,,100,0,20,295
28690,aftermath,,,,,100,0,20,295
28700,quiet,,,,,100,0,20,295
28710,quiet,,,,,100,0,20,295
28720,quiet,,,,,100,0,20,295
28730,quiet,,,,,100,0,20,295
28740,quiet,,,,,100,0,20,295
28750,quiet,,,,,100,0,20,295
28760,quiet,,,,,100,0,20,295
28770,quiet,,,,,100,0,20,295
28780,quiet,,,,,100,0,20,295
28790,work,,,,,100,0,20,295
28800,work,,,,,100,0,20,295
28810,violence,,,,,100,1,19,296
28820,violence,,,,,100,1,19,296
28830,violence,,,,,100,1,19,296
28840,aftermath,,,,,100,0,19,296
28850,aftermath,,,,,100,0,20,296
28860,aftermath,,,,,100,0,20,296
28870,aftermath,,,,,100,0,20,296
28880,aftermath,,,,,100,0,20,296
28890,aftermath,,,,,100,0,20,296
28900,quiet,,,,,100,0,20,296
28910,quiet,,,,,100,0,20,296
28920,quiet,,,,,100,0,20,296
28930,quiet,,,,,100,0,20,296
28940,quiet,,,,,100,0,20,296
28950,quiet,,,,,100,0,20,296
28960,quiet,,,,,100,0,20,296
28970,quiet,,,,,100,0,20,296
28980,quiet,,,,,100,0,20,296
28990,work,,,,,100,0,20,296
29000,work,,,,,100,0,20,296
29010,violence,,,,,100,1,19,297
29020,violence,,,,,100,1,19,297
29030,violence,,,,,100,1,20,297
29040,aftermath,,,,,100,0,20,297
29050,aftermath,,,,,100,0,20,297
29060,aftermath,,,,,100,0,20,297
29070,aftermath,,,,,100,0,20,297
29080,aftermath,,,,,100,0,20,297
29090,aftermath,,,,,100,0,20,297
29100,quiet,,,,,100,0,20,297
29110,quiet,,,,,100,0,20,297
29120,quiet,,,,,100,0,20,297
29130,quiet,,,,,100,0,20,297
29140,quiet,,,,,100,0,20,297
29150,quiet,,,,,100,0,20,297
29160,quiet,,,,,100,0,20,297
29170,quiet,,,,,100,0,20,297
29180,quiet,,,,,100,0,20,297
29190,work,,,,,100,0,20,297
29200,work,,,,,100,0,20,297
29210,travel,,,,,100,0,20,297
29220,violence,,,,,100,1,19,298
29230,violence,,,,,100,1,19,298
29240,violence,,,,,100,1,19,298
29250,aftermath,,,,,100,0,20,298
29260,aftermath,,,,,100,0,19,299
29270,aftermath,,,,,100,0,19,299
29280,aftermath,,,,,100,0,19,299
29290,aftermath,,,,,100,0,19,299
29300,aftermath,,,,,100,0,20,299
29310,quiet,,,,,100,0,20,299
29320,quiet,,,,,100,0,20,299
29330,quiet,,,,,100,0,20,299
29340,quiet,,,,,100,0,20,299
29350,quiet,,,,,100,0,20,299
29360,quiet,,,,,100,0,20,299
29370,quiet,,,,,100,0,20,299
29380,quiet,,,,,100,0,20,299
29390,quiet,,,,,100,0,20,299
29400,work,,,,,100,0,20,299
29410,work,,,,,100,0,20,299
29420,travel,,,,,100,0,20,299
29430,travel,,,,,100,0,20,299
29440,travel,,,,,100,0,20,299
29450,travel,,,,,100,0,20,299
29460,travel,,,,,100,0,20,299
29470,travel,,,,,100,0,20,299
29480,travel,,,,,100,0,20,299
29490,travel,,,,,100,0,20,299
29500,curiosity,,,,,100,0,20,299
29510,curiosity,,,,,100,0,20,299
29520,curiosity,,,,,100,0,20,299
29530,curiosity,,,,,100,0,20,299
29540,curiosity,,,,,100,0,20,299
29550,curiosity,,,,,100,0,20,299
29560,curiosity,,,,,100,0,20,299
29570,opportunity,,,,,100,0,20,299
29580,opportunity,,,,,100,0,20,299
29590,violence,,,,,100,1,19,300
29600,violence,,,,,100,1,19,300
29610,violence,,,,,100,1,20,300
29620,aftermath,,,,,100,0,20,300
29630,aftermath,,,,,100,0,20,300
29640,aftermath,,,,,100,0,20,300
29650,aftermath,,,,,100,0,20,300
29660,aftermath,,,,,100,0,20,300
29670,aftermath,,,,,100,0,20,300
29680,quiet,,,,,100,0,20,300
29690,quiet,,,,,100,0,20,300
29700,quiet,,,,,100,0,20,300
29710,quiet,,,,,100,0,20,300
29720,quiet,,,,,100,0,20,300
29730,quiet,,,,,100,0,20,300
29740,quiet,,,,,100,0,20,300
29750,quiet,,,,,100,0,20,300
29760,quiet,,,,,100,0,20,300
29770,work,,,,,100,0,20,300
29780,work,,,,,100,0,20,300
29790,violence,,,,,100,1,20,301
29800,violence,,,,,100,1,20,301
29810,violence,,,,,100,1,20,301
29820,aftermath,,,,,100,0,20,301
29830,aftermath,,,,,100,0,20,301
29840,aftermath,,,,,100,0,20,301
29850,aftermath,,,,,100,0,20,301
29860,aftermath,,,,,100,0,20,301
29870,aftermath,,,,,100,0,20,301
29880,quiet,,,,,100,0,20,301
29890,quiet,,,,,100,0,20,301
29900,quiet,,,,,100,0,20,301
29910,quiet,,,,,100,0,20,301
29920,quiet,,,,,100,0,20,301
29930,quiet,,,,,100,0,20,301
29940,quiet,,,,,100,0,20,301
29950,quiet,,,,,100,0,20,301
29960,quiet,,,,,100,0,20,301
29970,work,,,,,100,0,20,301
29980,work,,,,,100,0,20,301
29990,violence,,,,,100,1,19,302
30000,violence,,,,,100,1,19,302
30010,violence,,,,,100,1,19,302
30020,aftermath,,,,,100,0,19,303
30030,aftermath,,,,,100,0,19,303
30040,aftermath,,,,,100,0,19,303
30050,aftermath,,,,,100,0,19,303
30060,aftermath,,,,,100,0,20,303
30070,aftermath,,,,,100,0,20,303
30080,quiet,,,,,100,0,20,303
30090,quiet,,,,,100,0,20,303
30100,quiet,,,,,100,0,20,303
30110,quiet,,,,,100,0,20,303
30120,quiet,,,,,100,0,20,303
30130,quiet,,,,,100,0,20,303
30140,quiet,,,,,100,0,20,303
30150,quiet,,,,,100,0,20,303
30160,quiet,,,,,100,0,20,303
30170,work,,,,,100,0,20,303
30180,work,,,,,100,0,20,303
30190,violence,,,,,100,1,19,304
30200,violence,,,,,100,1,20,304
30210,violence,,,,,100,1,20,304
30220,aftermath,,,,,100,0,20,304
30230,aftermath,,,,,100,0,20,304
30240,aftermath,,,,,100,0,20,304
30250,aftermath,,,,,100,0,20,304
30260,aftermath,,,,,100,0,20,304
30270,aftermath,,,,,100,0,20,304
30280,quiet,,,,,100,0,20,304
30290,quiet,,,,,100,0,20,304
30300,quiet,,,,,100,0,20,304
30310,quiet,,,,,100,0,20,304
30320,quiet,,,,,100,0,20,304
30330,quiet,,,,,100,0,20,304
30340,quiet,,,,,100,0,20,304
30350,quiet,,,,,100,0,20,304
30360,quiet,,,,,100,0,20,304
30370,work,,,,,100,0,20,304
30380,work,,,,,100,0,20,304
30390,violence,,,,,100,1,19,305
30400,violence,,,,,100,1,19,305
30410,violence,,,,,100,1,19,305
30420,violence,,,,,100,1,20,305
30430,aftermath,,,,,100,0,19,306
30440,aftermath,,,,,100,0,19,306
30450,aftermath,,,,,100,0,19,306
30460,aftermath,,,,,100,0,19,306
30470,aftermath,,,,,100,0,19,307
30480,aftermath,,,,,100,0,19,307
30490,quiet,,,,,100,0,19,307
30500,quiet,,,,,100,0,19,307
30510,quiet,,,,,100,0,20,307
30520,quiet,,,,,100,0,20,307
30530,quiet,,,,,100,0,20,307
30540,quiet,,,,,100,0,20,307
30550,quiet,,,,,100,0,20,307
30560,quiet,,,,,100,0,19,308
30570,quiet,,,,,100,0,19,308
30580,work,,,,,100,0,19,308
30590,work,,,,,100,0,19,308
30600,violence,,,,,100,1,19,309
30610,violence,,,,,100,1,19,309
30620,violence,,,,,100,1,19,309
30630,aftermath,,,,,100,0,19,309
30640,aftermath,,,,,100,0,19,309
30650,aftermath,,,,,100,0,20,309
30660,aftermath,,,,,100,0,20,309
30670,aftermath,,,,,100,0,20,309
30680,aftermath,,,,,100,0,20,309
30690,quiet,,,,,100,0,20,309
30700,quiet,,,,,100,0,20,309
30710,quiet,,,,,100,0,20,309
30720,quiet,,,,,100,0,20,309
30730,quiet,,,,,100,0,20,309
30740,quiet,,,,,100,0,20,309
30750,quiet,,,,,100,0,20,309
30760,quiet,,,,,100,0,20,309
30770,quiet,,,,,100,0,20,309
30780,work,,,,,100,0,20,309
30790,work,,,,,100,0,20,309
30800,violence,,,,,100,1,19,310
30810,violence,,,,,100,1,19,310
30820,violence,,,,,100,1,19,310
30830,aftermath,,,,,100,0,20,310
30840,aftermath,,,,,100,0,20,310
30850,aftermath,,,,,100,0,20,310
30860,aftermath,,,,,100,0,20,310
30870,aftermath,,,,,100,0,20,310
30880,aftermath,,,,,100,0,20,310
30890,quiet,,,,,100,0,20,310
30900,quiet,,,,,100,0,20,310
30910,quiet,,,,,100,0,20,310
30920,quiet,,,,,100,0,20,310
30930,quiet,,,,,100,0,20,310
30940,quiet,,,,,100,0,20,310
30950,quiet,,,,,100,0,20,310
30960,quiet,,,,,100,0,20,310
30970,quiet,,,,,100,0,20,310
30980,work,,,,,100,0,20,310
30990,work,,,,,100,0,20,310
31000,violence,,,,,100,1,19,311
31010,violence,,,,,100,1,20,311
31020,violence,,,,,100,1,20,311
31030,aftermath,,,,,100,0,20,311
31040,aftermath,,,,,100,0,20,311
31050,aftermath,,,,,100,0,20,311
31060,aftermath,,,,,100,0,20,311
31070,aftermath,,,,,100,0,20,311
31080,aftermath,,,,,100,0,20,311
31090,quiet,,,,,100,0,20,311
31100,quiet,,,,,100,0,20,311
31110,quiet,,,,,100,0,20,311
31120,quiet,,,,,100,0,20,311
31130,quiet,,,,,100,0,20,311
31140,quiet,,,,,100,0,20,311
31150,quiet,,,,,100,0,20,311
31160,quiet,,,,,100,0,20,311
31170,quiet,,,,,100,0,20,311
31180,work,,,,,100,0,20,311
31190,work,,,,,100,0,20,311
31200,violence,,,,,100,1,19,312
31210,violence,,,,,100,1,19,312
31220,violence,,,,,100,1,19,312
31230,aftermath,,,,,100,0,20,312
31240,aftermath,,,,,100,0,19,313
31250,aftermath,,,,,100,0,19,313
31260,aftermath,,,,,100,0,19,313
31270,aftermath,,,,,100,0,19,313
31280,aftermath,,,,,100,0,20,313
31290,quiet,,,,,100,0,20,313
31300,quiet,,,,,100,0,20,313
31310,quiet,,,,,100,0,20,313
31320,quiet,,,,,100,0,20,313
31330,quiet,,,,,100,0,20,313
31340,quiet,,,,,100,0,20,313
31350,quiet,,,,,100,0,20,313
31360,quiet,,,,,100,0,20,313
31370,quiet,,,,,100,0,20,313
31380,work,,,,,100,0,20,313
31390,work,,,,,100,0,20,313
31400,travel,,,,,100,1,19,314
31410,violence,,,,,100,1,20,314
31420,violence,,,,,100,1,19,315
31430,violence,,,,,100,1,19,315
31440,aftermath,,,,,100,0,19,315
31450,aftermath,,,,,100,0,19,315
31460,aftermath,,,,,100,0,20,315
31470,aftermath,,,,,100,0,20,315
31480,aftermath,,,,,100,0,20,315
31490,aftermath,,,,,100,0,20,315
31500,quiet,,,,,100,0,20,315
31510,quiet,,,,,100,0,20,315
31520,quiet,,,,,100,0,20,315
31530,quiet,,,,,100,0,20,315
31540,quiet,,,,,100,0,20,315
31550,quiet,,,,,100,0,20,315
31560,quiet,,,,,100,0,20,315
31570,quiet,,,,,100,0,20,315
31580,quiet,,,,,100,0,20,315
31590,work,,,,,100,0,20,315
31600,work,,,,,100,0,20,315
31610,violence,,,,,100,1,19,316
31620,violence,,,,,100,1,19,316
31630,violence,,,,,100,1,19,316
31640,aftermath,,,,,100,0,19,317
31650,aftermath,,,,,100,0,19,317
31660,aftermath,,,,,100,0,19,317
31670,aftermath,,,,,100,0,19,317
31680,aftermath,,,,,100,0,20,317
31690,aftermath,,,,,100,0,19,318
31700,quiet,,,,,100,0,19,318
31710,quiet,,,,,100,0,19,318
31720,quiet,,,,,100,0,19,318
31730,quiet,,,,,100,0,19,319
31740,quiet,,,,,100,0,19,319
31750,quiet,,,,,100,0,19,319
31760,quiet,,,,,100,0,19,319
31770,quiet,,,,,100,0,20,319
31780,quiet,,,,,100,0,20,319
31790,work,,,,,100,0,20,319
31800,work,,,,,100,0,0,319
31810,travel,,,,,100,0,0,319
31820,travel,,,,,100,0,0,319
31830,travel,,,,,100,0,0,319
31840,travel,,,,,100,0,0,319
31850,travel,,,,,100,0,0,319
31860,travel,,,,,100,0,0,319
31870,travel,,,,,100,0,0,319
31880,curiosity,,,,,100,0,0,319
31890,curiosity,,,,,100,0,0,319
31900,curiosity,,,,,100,0,0,319
31910,curiosity,,,,,100,0,0,319
31920,curiosity,,,,,100,0,0,319
31930,curiosity,,,,,100,0,0,319
31940,curiosity,,,,,100,0,0,319
31950,curiosity,,,,,100,0,0,319
31960,opportunity,,,,,100,0,0,319
31970,opportunity,,,,,100,0,0,319
31980,opportunity,,,,,100,0,0,319
31990,opportunity,,,,,100,0,0,319
32000,opportunity,,,,,100,0,0,319
32010,opportunity,,,,,100,0,0,319
32020,opportunity,,,,,100,0,0,319
32030,tension,,,,,100,0,0,319
32040,tension,,,,,100,0,0,319
32050,tension,,,,,100,0,0,319
32060,tension,,,,,100,0,0,319
32070,tension,,,,,100,0,0,319
32080,tension,,,,,100,0,0,319
32090,violence,,,,,100,0,0,319
32100,violence,,,,,100,0,0,319
32110,violence,,,,,100,0,0,319
32120,violence,,,,,100,0,0,319
32130,violence,,,,,100,0,0,319
32140,aftermath,,,,,100,0,0,319
32150,aftermath,,,,,100,0,0,319
32160,aftermath,,,,,100,0,0,319
32170,aftermath,,,,,100,0,0,319
32180,aftermath,,,,,100,0,0,320
32190,aftermath,,,,,100,0,0,320
32200,quiet,,,,,100,0,0,320
32210,quiet,,,,,100,0,0,320
32220,quiet,,,,,100,0,1,320
32230,quiet,,,,,100,0,0,321
32240,quiet,,,,,100,0,0,321
32250,quiet,,,,,100,0,0,321
32260,quiet,,,,,100,0,0,321
32270,quiet,,,,,100,0,1,321
32280,quiet,,,,,100,0,1,321
32290,work,,,,,100,0,1,321
32300,work,,,,,100,0,1,321
32310,work,,,,,100,0,2,321
32320,work,,,,,100,0,2,321
32330,work,,,,,100,0,2,321
32340,travel,,,,,100,0,2,321
32350,travel,,,,,100,0,2,321
32360,violence,,,,,100,1,2,322
32370,violence,,,,,100,1,2,322
32380,violence,,,,,100,1,1,323
32390,aftermath,,,,,100,0,1,323
32400,aftermath,,,,,100,0,2,323
32410,aftermath,,,,,100,0,1,324
32420,aftermath,,,,,100,0,1,324
32430,aftermath,,,,,100,0,1,324
32440,aftermath,,,,,100,0,1,324
32450,quiet,,,,,100,0,2,324
32460,quiet,,,,,100,0,2,324
32470,quiet,,,,,100,0,2,324
32480,quiet,,,,,100,0,2,324
32490,quiet,,,,,100,0,3,324
32500,quiet,,,,,100,0,3,324
32510,quiet,,,,,100,0,3,324
32520,quiet,,,,,100,0,3,324
32530,quiet,,,,,100,0,3,324
32540,work,,,,,100,0,4,324
32550,work,,,,,100,0,4,324
32560,violence,,,,,100,1,3,325
32570,violence,,,,,100,1,3,325
32580,violence,,,,,100,1,4,325
32590,aftermath,,,,,100,0,4,325
32600,aftermath,,,,,100,0,4,325
32610,aftermath,,,,,100,0,4,325
32620,aftermath,,,,,100,0,4,325
32630,aftermath,,,,,100,0,5,325
32640,aftermath,,,,,100,0,5,325
32650,quiet,,,,,100,0,5,325
32660,quiet,,,,,100,0,5,325
32670,quiet,,,,,100,0,6,325
32680,quiet,,,,,100,0,5,326
32690,quiet,,,,,100,0,5,326
32700,quiet,,,,,100,0,5,326
32710,quiet,,,,,100,0,5,326
32720,quiet,,,,,100,0,5,327
32730,quiet,,,,,100,0,5,327
32740,work,,,,,100,0,5,327
32750,work,,,,,100,0,5,327
32760,travel,,,,,100,0,6,327
32770,violence,,,,,100,1,5,328
32780,violence,,,,,100,1,5,328
32790,violence,,,,,100,1,5,328
32800,aftermath,,,,,100,0,5,328
32810,aftermath,,,,,100,0,6,328
32820,aftermath,,,,,100,0,6,328
32830,aftermath,,,,,100,0,6,328
32840,aftermath,,,,,100,0,6,328
32850,aftermath,,,,,100,0,7,328
32860,quiet,,,,,100,0,7,328
32870,quiet,,,,,100,0,7,328
32880,quiet,,,,,100,0,7,328
32890,quiet,,,,,100,0,7,328
32900,quiet,,,,,100,0,7,329
32910,quiet,,,,,100,0,7,329
32920,quiet,,,,,100,0,7,329
32930,quiet,,,,,100,0,7,329
32940,quiet,,,,,100,0,8,329
32950,work,,,,,100,0,7,330
32960,work,,,,,100,0,7,330
32970,violence,,,,,100,1,6,331
32980,violence,,,,,100,1,6,331
32990,violence,,,,,100,1,7,331
33000,aftermath,,,,,100,0,7,331
33010,aftermath,,,,,100,0,7,331
33020,aftermath,,,,,100,0,7,331
33030,aftermath,,,,,100,0,8,331
33040,aftermath,,,,,100,0,8,331
33050,aftermath,,,,,100,0,8,331
33060,quiet,,,,,100,0,8,331
33070,quiet,,,,,100,0,8,331
33080,quiet,,,,,100,0,9,331
33090,quiet,,,,,100,0,9,331
33100,quiet,,,,,100,0,9,331
33110,quiet,,,,,100,0,9,331
33120,quiet,,,,,100,0,10,331
33130,quiet,,,,,100,0,10,331
33140,quiet,,,,,100,0,10,331
33150,work,,,,,100,0,10,331
33160,work,,,,,100,0,10,331
33170,violence,,,,,100,1,9,333
33180,violence,,,,,100,1,9,333
33190,violence,,,,,100,1,9,333
33200,violence,,,,,100,1,9,333
33210,aftermath,,,,,100,0,10,333
33220,aftermath,,,,,100,0,10,333
33230,aftermath,,,,,100,0,10,333
33240,aftermath,,,,,100,0,10,333
33250,aftermath,,,,,100,0,10,333
33260,aftermath,,,,,100,0,10,334
33270,quiet,,,,,100,0,10,334
33280,quiet,,,,,100,0,10,334
33290,quiet,,,,,100,0,10,334
33300,quiet,,,,,100,0,11,334
33310,quiet,,,,,100,0,11,334
33320,quiet,,,,,100,0,11,334
33330,quiet,,,,,100,0,11,334
33340,quiet,,,,,100,0,11,334
33350,quiet,,,,,100,0,11,335
33360,work,,,,,100,0,11,335
33370,work,,,,,100,0,11,335
33380,travel,,,,,100,0,11,335
33390,violence,,,,,100,1,11,336
33400,violence,,,,,100,1,11,336
33410,violence,,,,,100,1,11,336
33420,aftermath,,,,,100,0,11,336
33430,aftermath,,,,,100,0,11,336
33440,aftermath,,,,,100,0,11,337
33450,aftermath,,,,,100,0,11,337
33460,aftermath,,,,,100,0,11,337
33470,aftermath,,,,,100,0,11,337
33480,quiet,,,,,100,0,12,337
33490,quiet,,,,,100,0,11,338
33500,quiet,,,,,100,0,11,338
33510,quiet,,,,,100,0,11,338
33520,quiet,,,,,100,0,11,338
33530,quiet,,,,,100,0,12,338
33540,quiet,,,,,100,0,12,338
33550,quiet,,,,,100,0,12,338
33560,quiet,,,,,100,0,12,338
33570,work,,,,,100,0,13,338
33580,work,,,,,100,0,12,339
33590,violence,,,,,100,1,11,340
33600,violence,,,,,100,1,11,340
33610,violence,,,,,100,1,11,340
33620,aftermath,,,,,100,0,12,340
33630,aftermath,,,,,100,0,12,340
33640,aftermath,,,,,100,0,12,340
33650,aftermath,,,,,100,0,12,340
33660,aftermath,,,,,100,0,13,340
33670,aftermath,,,,,100,0,13,340
33680,quiet,,,,,100,0,13,340
33690,quiet,,,,,100,0,13,340
33700,quiet,,,,,100,0,13,340
33710,quiet,,,,,100,0,14,340
33720,quiet,,,,,100,0,14,340
33730,quiet,,,,,100,0,14,340
33740,quiet,,,,,100,0,14,340
33750,quiet,,,,,100,0,15,340
33760,quiet,,,,,100,0,15,340
33770,work,,,,,100,0,15,340
33780,work,,,,,100,0,15,340
33790,violence,,,,,100,1,14,341
33800,violence,,,,,100,1,14,342
33810,violence,,,,,100,1,14,342
33820,aftermath,,,,,100,0,14,342
33830,aftermath,,,,,100,0,14,342
33840,aftermath,,,,,100,0,15,342
33850,aftermath,,,,,100,0,14,343
33860,aftermath,,,,,100,0,14,343
33870,aftermath,,,,,100,0,14,343
33880,quiet,,,,,100,0,14,343
33890,quiet,,,,,100,0,14,344
33900,quiet,,,,,100,0,14,344
33910,quiet,,,,,100,0,14,344
33920,quiet,,,,,100,0,14,344
33930,quiet,,,,,100,0,15,344
33940,quiet,,,,,100,0,14,345
33950,quiet,,,,,100,0,14,345
33960,quiet,,,,,100,0,14,345
33970,work,,,,,100,0,14,345
33980,work,,,,,100,0,15,345
33990,travel,,,,,100,0,15,345
34000,violence,,,,,100,1,14,346
34010,violence,,,,,100,1,14,346
34020,violence,,,,,100,1,15,346
34030,aftermath,,,,,100,0,15,346
34040,aftermath,,,,,100,0,15,346
34050,aftermath,,,,,100,0,15,346
34060,aftermath,,,,,100,0,15,346
34070,aftermath,,,,,100,0,16,346
34080,aftermath,,,,,100,0,16,346
34090,quiet,,,,,100,0,16,346
34100,quiet,,,,,100,0,16,346
34110,quiet,,,,,100,0,17,346
34120,quiet,,,,,100,0,17,346
34130,quiet,,,,,100,0,17,346
34140,quiet,,,,,100,0,17,346
34150,quiet,,,,,100,0,17,346
34160,quiet,,,,,100,0,18,346
34170,quiet,,,,,100,0,18,346
34180,work,,,,,100,0,18,346
34190,work,,,,,100,0,18,346
34200,violence,,,,,100,1,18,347
34210,violence,,,,,100,1,18,347
34220,violence,,,,,100,1,18,347
34230,aftermath,,,,,100,0,18,347
34240,aftermath,,,,,100,0,18,347
34250,aftermath,,,,,100,0,19,347
34260,aftermath,,,,,100,0,19,347
34270,aftermath,,,,,100,0,19,347
34280,aftermath,,,,,100,0,19,347
34290,quiet,,,,,100,0,20,347
34300,quiet,,,,,100,0,20,347
34310,quiet,,,,,100,0,20,347
34320,quiet,,,,,100,0,20,347
34330,quiet,,,,,100,0,20,347
34340,quiet,,,,,100,0,20,347
34350,quiet,,,,,100,0,20,347
34360,quiet,,,,,100,0,20,347
34370,quiet,,,,,100,0,20,347
34380,work,,,,,100,0,20,347
34390,work,,,,,100,0,20,347
34400,violence,,,,,100,1,19,348
34410,violence,,,,,100,1,19,348
34420,violence,,,,,100,1,19,348
34430,aftermath,,,,,100,0,20,348
34440,aftermath,,,,,100,0,20,348
34450,aftermath,,,,,100,0,20,348
34460,aftermath,,,,,100,0,20,348
34470,aftermath,,,,,100,0,20,348
34480,aftermath,,,,,100,0,20,348
34490,quiet,,,,,100,0,20,348
34500,quiet,,,,,100,0,20,348
34510,quiet,,,,,100,0,20,348
34520,quiet,,,,,100,0,20,348
34530,quiet,,,,,100,0,20,348
34540,quiet,,,,,100,0,20,348
34550,quiet,,,,,100,0,20,348
34560,quiet,,,,,100,0,20,348
34570,quiet,,,,,100,0,20,348
34580,work,,,,,100,0,20,348
34590,work,,,,,100,0,20,348
34600,travel,,,,,100,0,20,348
34610,violence,,,,,100,1,19,349
34620,violence,,,,,100,1,19,349
34630,violence,,,,,100,1,19,349
34640,aftermath,,,,,100,0,19,349
34650,aftermath,,,,,100,0,20,349
34660,aftermath,,,,,100,0,20,349
34670,aftermath,,,,,100,0,20,349
34680,aftermath,,,,,100,0,20,349
34690,aftermath,,,,,100,0,20,349
34700,quiet,,,,,100,0,20,349
34710,quiet,,,,,100,0,20,349
34720,quiet,,,,,100,0,20,349
34730,quiet,,,,,100,0,20,349
34740,quiet,,,,,100,0,20,349
34750,quiet,,,,,100,0,20,349
34760,quiet,,,,,100,0,20,349
34770,quiet,,,,,100,0,20,349
34780,quiet,,,,,100,0,20,349
34790,work,,,,,100,0,20,349
34800,work,,,,,100,0,20,349
34810,violence,,,,,100,1,19,350
34820,violence,,,,,100,1,19,350
34830,violence,,,,,100,1,20,350
34840,aftermath,,,,,100,0,19,351
34850,aftermath,,,,,100,0,19,351
34860,aftermath,,,,,100,0,19,351
34870,aftermath,,,,,100,0,19,351
34880,aftermath,,,,,100,0,20,351
34890,aftermath,,,,,100,0,20,351
34900,quiet,,,,,100,0,20,351
34910,quiet,,,,,100,0,20,351
34920,quiet,,,,,100,0,20,351
34930,quiet,,,,,100,0,20,351
34940,quiet,,,,,100,0,20,351
34950,quiet,,,,,100,0,20,351
34960,quiet,,,,,100,0,20,351
34970,quiet,,,,,100,0,20,351
34980,quiet,,,,,100,0,20,351
34990,work,,,,,100,0,20,351
35000,work,,,,,100,0,20,351
35010,travel,,,,,100,1,19,352
35020,violence,,,,,100,1,19,352
35030,violence,,,,,100,1,19,352
35040,violence,,,,,100,1,19,352
35050,aftermath,,,,,100,0,19,352
35060,aftermath,,,,,100,0,20,352
35070,aftermath,,,,,100,0,20,352
35080,aftermath,,,,,100,0,20,352
35090,aftermath,,,,,100,0,20,352
35100,aftermath,,,,,100,0,20,352
35110,quiet,,,,,100,0,20,352
35120,quiet,,,,,100,0,20,352
35130,quiet,,,,,100,0,20,352
35140,quiet,,,,,100,0,20,352
35150,quiet,,,,,100,0,20,352
35160,quiet,,,,,100,0,20,352
35170,quiet,,,,,100,0,20,352
35180,quiet,,,,,100,0,20,352
35190,quiet,,,,,100,0,20,352
35200,work,,,,,100,0,20,352
35210,work,,,,,100,0,20,352
35220,violence,,,,,100,1,19,353
35230,violence,,,,,100,1,19,353
35240,violence,,,,,100,1,20,353
35250,aftermath,,,,,100,0,20,353
35260,aftermath,,,,,100,0,20,353
35270,aftermath,,,,,100,0,20,353
35280,aftermath,,,,,100,0,20,353
35290,aftermath,,,,,100,0,20,353
35300,aftermath,,,,,100,0,20,353
35310,quiet,,,,,100,0,20,353
35320,quiet,,,,,100,0,20,353
35330,quiet,,,,,100,0,20,353
35340,quiet,,,,,100,0,20,353
35350,quiet,,,,,100,0,20,353
35360,quiet,,,,,100,0,20,353
35370,quiet,,,,,100,0,20,353
35380,quiet,,,,,100,0,20,353
35390,quiet,,,,,100,0,20,353
35400,work,,,,,100,0,20,353
35410,work,,,,,100,0,20,353
35420,violence,,,,,100,1,19,354
35430,violence,,,,,100,1,19,354
35440,violence,,,,,100,1,19,354
35450,violence,,,,,100,1,19,354
35460,aftermath,,,,,100,0,20,354
35470,aftermath,,,,,100,0,20,354
35480,aftermath,,,,,100,0,20,354
35490,aftermath,,,,,100,0,20,354
35500,aftermath,,,,,100,0,20,354
35510,aftermath,,,,,100,0,20,354
35520,quiet,,,,,100,0,20,354
35530,quiet,,,,,100,0,20,354
35540,quiet,,,,,100,0,20,354
35550,quiet,,,,,100,0,20,354
35560,quiet,,,,,100,0,20,354
35570,quiet,,,,,100,0,20,354
35580,quiet,,,,,100,0,20,354
35590,quiet,,,,,100,0,20,354
35600,quiet,,,,,100,0,20,354
35610,work,,,,,100,0,20,354
35620,work,,,,,100,0,20,354
35630,violence,,,,,100,1,19,355
35640,violence,,,,,100,1,20,355
35650,violence,,,,,100,1,20,355
35660,aftermath,,,,,100,0,20,355
35670,aftermath,,,,,100,0,20,355
35680,aftermath,,,,,100,0,20,355
35690,aftermath,,,,,100,0,20,355
35700,aftermath,,,,,100,0,20,355
35710,aftermath,,,,,100,0,20,355
35720,quiet,,,,,100,0,20,355
35730,quiet,,,,,100,0,20,355
35740,quiet,,,,,100,0,20,355
35750,quiet,,,,,100,0,20,355
35760,quiet,,,,,100,0,20,355
35770,quiet,,,,,100,0,20,355
35780,quiet,,,,,100,0,20,355
35790,quiet,,,,,100,0,20,355
35800,quiet,,,,,100,0,20,355
35810,work,,,,,100,0,20,355
35820,work,,,,,100,0,20,355
35830,violence,,,,,100,1,19,356
35840,violence,,,,,100,1,19,356
35850,violence,,,,,100,1,19,356
35860,aftermath,,,,,100,0,19,356
35870,aftermath,,,,,100,0,20,356
35880,aftermath,,,,,100,0,20,356
35890,aftermath,,,,,100,0,20,356
35900,aftermath,,,,,100,0,20,356
35910,aftermath,,,,,100,0,20,356
35920,quiet,,,,,100,0,20,356
35930,quiet,,,,,100,0,20,356
35940,quiet,,,,,100,0,20,356
35950,quiet,,,,,100,0,20,356
35960,quiet,,,,,100,0,20,356
35970,quiet,,,,,100,0,20,356
35980,quiet,,,,,100,0,20,356
35990,quiet,,,,,100,0,20,356
