t,phase,motif,requested,observed,fatigue,hull,liveCombat,pending,totalSpawns
0,travel,,,,,100,0,1,0
10,travel,,,,,100,0,1,0
20,travel,,,,,100,0,1,0
30,travel,,,,,100,0,1,0
40,travel,,,,,100,0,1,0
50,travel,,,,,100,0,2,0
60,travel,,,,,100,0,2,0
70,violence,,,,,100,1,1,1
80,violence,,,,,100,1,1,1
90,violence,,,,,100,1,2,1
100,violence,,,,,100,1,1,2
110,violence,,,,,100,1,1,2
120,aftermath,,,,,100,0,1,2
130,aftermath,,,,,100,0,1,2
140,aftermath,,,,,100,0,2,2
150,aftermath,,,,,100,0,2,2
160,aftermath,,,,,100,0,2,2
170,aftermath,,,,,100,0,2,2
180,quiet,,,,,100,0,3,2
190,quiet,,,,,100,0,3,2
200,quiet,,,,,100,0,3,2
210,quiet,,,,,100,0,3,2
220,quiet,,,,,100,0,3,2
230,quiet,,,,,100,0,4,2
240,quiet,,,,,100,0,4,2
250,quiet,,,,,100,0,4,2
260,quiet,,,,,100,0,4,2
270,work,,,,,100,0,5,2
280,work,,,,,100,0,4,3
290,travel,,,,,100,1,3,4
300,violence,,,,,100,1,3,4
310,violence,,,,,100,1,3,4
320,violence,,,,,100,1,4,4
330,violence,,,,,100,1,4,4
340,violence,,,,,100,1,4,4
350,aftermath,,,,,100,0,4,4
360,aftermath,,,,,100,0,5,4
370,aftermath,,,,,100,0,5,4
380,aftermath,,,,,100,0,5,4
390,aftermath,,,,,100,0,5,4
400,aftermath,,,,,100,0,5,4
410,quiet,,,,,100,0,6,4
420,quiet,,,,,100,0,6,4
430,quiet,,,,,100,0,6,4
440,quiet,,,,,100,0,6,4
450,quiet,,,,,100,0,7,4
460,quiet,,,,,100,0,6,5
470,quiet,,,,,100,0,6,5
480,quiet,,,,,100,0,6,5
490,quiet,,,,,100,0,6,5
500,work,,,,,100,0,7,5
510,work,,,,,100,0,7,5
520,violence,,,,,100,1,6,6
530,violence,,,,,100,1,6,6
540,violence,,,,,100,1,7,6
550,violence,,,,,100,1,6,7
560,violence,,,,,100,1,6,7
570,aftermath,,,,,100,0,6,7
580,aftermath,,,,,100,0,6,7
590,aftermath,,,,,100,0,6,8
600,aftermath,,,,,100,0,6,8
610,aftermath,,,,,100,0,6,8
620,aftermath,,,,,100,0,6,8
630,quiet,,,,,100,0,7,8
640,quiet,,,,,100,0,7,8
650,quiet,,,,,100,0,7,8
660,quiet,,,,,100,0,7,8
670,quiet,,,,,100,0,7,8
680,quiet,,,,,100,0,8,8
690,quiet,,,,,100,0,8,8
700,quiet,,,,,100,0,8,8
710,quiet,,,,,100,0,8,8
720,work,,,,,100,0,9,8
730,work,,,,,100,0,9,8
740,travel,,,,,100,0,9,8
750,travel,,,,,100,0,9,8
760,travel,,,,,100,0,9,8
770,travel,,,,,100,0,10,8
780,travel,,,,,100,0,10,8
790,violence,,,,,100,1,9,9
800,violence,,,,,100,1,9,9
810,violence,,,,,100,1,9,10
820,violence,,,,,100,1,9,10
830,violence,,,,,100,1,9,10
840,aftermath,,,,,100,0,9,10
850,aftermath,,,,,100,0,9,10
860,aftermath,,,,,100,0,10,10
870,aftermath,,,,,100,0,10,10
880,aftermath,,,,,100,0,10,10
890,aftermath,,,,,100,0,10,10
900,quiet,,,,,100,0,11,10
910,quiet,,,,,100,0,10,11
920,quiet,,,,,100,0,10,11
930,quiet,,,,,100,0,10,11
940,quiet,,,,,100,0,10,11
950,quiet,,,,,100,0,10,12
960,quiet,,,,,100,0,10,12
970,quiet,,,,,100,0,10,12
980,quiet,,,,,100,0,10,12
990,work,,,,,100,0,11,12
1000,work,,,,,100,0,11,12
1010,travel,,,,,100,1,10,13
1020,violence,,,,,100,1,10,13
1030,violence,,,,,100,1,10,13
1040,violence,,,,,100,1,11,13
1050,violence,,,,,100,1,11,13
1060,violence,,,,,100,1,11,13
1070,aftermath,,,,,100,0,11,13
1080,aftermath,,,,,100,0,12,13
1090,aftermath,,,,,100,0,12,13
1100,aftermath,,,,,100,0,12,13
1110,aftermath,,,,,100,0,12,13
1120,aftermath,,,,,100,0,12,13
1130,quiet,,,,,100,0,13,13
1140,quiet,,,,,100,0,13,13
1150,quiet,,,,,100,0,13,13
1160,quiet,,,,,100,0,13,13
1170,quiet,,,,,100,0,14,13
1180,quiet,,,,,100,0,14,13
1190,quiet,,,,,100,0,14,13
1200,quiet,,,,,100,0,14,13
1210,quiet,,,,,100,0,14,13
1220,work,,,,,100,0,15,13
1230,work,,,,,100,0,15,13
1240,violence,,,,,100,1,14,14
1250,violence,,,,,100,1,14,14
1260,violence,,,,,100,1,15,14
1270,violence,,,,,100,1,15,14
1280,violence,,,,,100,1,15,14
1290,aftermath,,,,,100,0,15,14
1300,aftermath,,,,,100,0,15,14
1310,aftermath,,,,,100,0,16,14
1320,aftermath,,,,,100,0,16,14
1330,aftermath,,,,,100,0,16,14
1340,aftermath,,,,,100,0,16,14
1350,quiet,,,,,100,0,17,14
1360,quiet,,,,,100,0,17,14
1370,quiet,,,,,100,0,17,14
1380,quiet,,,,,100,0,17,14
1390,quiet,,,,,100,0,17,14
1400,quiet,,,,,100,0,17,15
1410,quiet,,,,,100,0,17,15
1420,quiet,,,,,100,0,17,15
1430,quiet,,,,,100,0,17,15
1440,work,,,,,100,0,18,15
1450,work,,,,,100,0,17,16
1460,travel,,,,,100,0,17,16
1470,violence,,,,,100,1,16,17
1480,violence,,,,,100,1,16,17
1490,violence,,,,,100,1,16,18
1500,violence,,,,,100,1,16,18
1510,violence,,,,,100,1,16,18
1520,aftermath,,,,,100,0,16,18
1530,aftermath,,,,,100,0,17,18
1540,aftermath,,,,,100,0,16,19
1550,aftermath,,,,,100,0,16,19
1560,aftermath,,,,,100,0,16,19
1570,aftermath,,,,,100,0,16,19
1580,quiet,,,,,100,0,16,20
1590,quiet,,,,,100,0,16,20
1600,quiet,,,,,100,0,16,20
1610,quiet,,,,,100,0,16,20
1620,quiet,,,,,100,0,17,20
1630,quiet,,,,,100,0,17,20
1640,quiet,,,,,100,0,17,20
1650,quiet,,,,,100,0,17,20
1660,quiet,,,,,100,0,17,20
1670,work,,,,,100,0,18,20
1680,work,,,,,100,0,18,20
1690,violence,,,,,100,1,17,21
1700,violence,,,,,100,1,17,21
1710,violence,,,,,100,1,18,21
1720,violence,,,,,100,1,18,21
1730,violence,,,,,100,1,18,21
1740,violence,,,,,100,1,18,21
1750,aftermath,,,,,100,0,18,21
1760,aftermath,,,,,100,0,18,22
1770,aftermath,,,,,100,0,18,22
1780,aftermath,,,,,100,0,18,22
1790,aftermath,,,,,100,0,18,22
1800,aftermath,,,,,100,0,19,22
1810,quiet,,,,,100,0,19,22
1820,quiet,,,,,100,0,19,22
1830,quiet,,,,,100,0,19,22
1840,quiet,,,,,100,0,19,22
1850,quiet,,,,,100,0,19,23
1860,quiet,,,,,100,0,19,23
1870,quiet,,,,,100,0,19,23
1880,quiet,,,,,100,0,19,23
1890,quiet,,,,,100,0,20,23
1900,work,,,,,100,0,20,23
1910,work,,,,,100,0,20,23
1920,violence,,,,,100,1,19,24
1930,violence,,,,,100,1,19,24
1940,violence,,,,,100,1,20,24
1950,violence,,,,,100,1,20,24
1960,violence,,,,,100,1,20,24
1970,violence,,,,,100,1,20,24
1980,aftermath,,,,,100,0,20,24
1990,aftermath,,,,,100,0,20,24
2000,aftermath,,,,,100,0,20,24
2010,aftermath,,,,,100,0,20,24
2020,aftermath,,,,,100,0,20,24
2030,aftermath,,,,,100,0,20,24
2040,quiet,,,,,100,0,20,24
2050,quiet,,,,,100,0,20,24
2060,quiet,,,,,100,0,20,24
2070,quiet,,,,,100,0,20,24
2080,quiet,,,,,100,0,20,24
2090,quiet,,,,,100,0,20,24
2100,quiet,,,,,100,0,20,24
2110,quiet,,,,,100,0,20,24
2120,quiet,,,,,100,0,20,24
2130,work,,,,,100,0,20,24
2140,work,,,,,100,0,20,24
2150,violence,,,,,100,1,19,25
2160,violence,,,,,100,1,20,25
2170,violence,,,,,100,1,20,25
2180,violence,,,,,100,1,20,25
2190,violence,,,,,100,1,20,25
2200,aftermath,,,,,100,0,20,25
2210,aftermath,,,,,100,0,20,25
2220,aftermath,,,,,100,0,20,25
2230,aftermath,,,,,100,0,20,25
2240,aftermath,,,,,100,0,20,25
2250,aftermath,,,,,100,0,20,25
2260,quiet,,,,,100,0,20,25
2270,quiet,,,,,100,0,20,25
2280,quiet,,,,,100,0,20,25
2290,quiet,,,,,100,0,20,25
2300,quiet,,,,,100,0,20,25
2310,quiet,,,,,100,0,20,25
2320,quiet,,,,,100,0,20,25
2330,quiet,,,,,100,0,20,25
2340,quiet,,,,,100,0,20,25
2350,work,,,,,100,0,20,25
2360,work,,,,,100,0,20,25
2370,violence,,,,,100,1,19,26
2380,violence,,,,,100,1,19,26
2390,violence,,,,,100,1,19,27
2400,violence,,,,,100,1,19,27
2410,violence,,,,,100,1,19,27
2420,violence,,,,,100,1,19,27
2430,aftermath,,,,,100,0,20,27
2440,aftermath,,,,,100,0,20,27
2450,aftermath,,,,,100,0,20,27
2460,aftermath,,,,,100,0,20,27
2470,aftermath,,,,,100,0,20,27
2480,aftermath,,,,,100,0,20,27
2490,quiet,,,,,100,0,20,27
2500,quiet,,,,,100,0,20,27
2510,quiet,,,,,100,0,20,27
2520,quiet,,,,,100,0,20,27
2530,quiet,,,,,100,0,20,27
2540,quiet,,,,,100,0,20,27
2550,quiet,,,,,100,0,20,27
2560,quiet,,,,,100,0,20,27
2570,quiet,,,,,100,0,20,27
2580,work,,,,,100,0,20,27
2590,work,,,,,100,0,20,27
2600,violence,,,,,100,1,19,28
2610,violence,,,,,100,1,20,28
2620,violence,,,,,100,1,20,28
2630,violence,,,,,100,1,20,28
2640,violence,,,,,100,1,20,28
2650,aftermath,,,,,100,0,20,28
2660,aftermath,,,,,100,0,20,28
2670,aftermath,,,,,100,0,20,28
2680,aftermath,,,,,100,0,20,28
2690,aftermath,,,,,100,0,20,28
2700,aftermath,,,,,100,0,20,28
2710,quiet,,,,,100,0,20,28
2720,quiet,,,,,100,0,20,28
2730,quiet,,,,,100,0,20,28
2740,quiet,,,,,100,0,20,28
2750,quiet,,,,,100,0,20,28
2760,quiet,,,,,100,0,20,28
2770,quiet,,,,,100,0,20,28
2780,quiet,,,,,100,0,20,28
2790,quiet,,,,,100,0,20,28
2800,work,,,,,100,0,20,28
2810,work,,,,,100,0,20,28
2820,travel,,,,,100,0,20,28
2830,violence,,,,,100,1,19,29
2840,violence,,,,,100,1,19,30
2850,violence,,,,,100,1,19,30
2860,violence,,,,,100,1,19,30
2870,violence,,,,,100,1,19,30
2880,aftermath,,,,,100,0,20,30
2890,aftermath,,,,,100,0,20,30
2900,aftermath,,,,,100,0,20,30
2910,aftermath,,,,,100,0,20,30
2920,aftermath,,,,,100,0,20,30
2930,aftermath,,,,,100,0,20,30
2940,quiet,,,,,100,0,20,30
2950,quiet,,,,,100,0,20,30
2960,quiet,,,,,100,0,20,30
2970,quiet,,,,,100,0,20,30
2980,quiet,,,,,100,0,20,30
2990,quiet,,,,,100,0,20,30
3000,quiet,,,,,100,0,0,30
3010,quiet,,,,,100,0,0,30
3020,quiet,,,,,100,0,0,30
3030,work,,,,,100,0,0,30
3040,work,,,,,100,0,0,30
3050,travel,,,,,100,0,0,30
3060,travel,,,,,100,0,0,30
3070,travel,,,,,100,0,0,30
3080,travel,,,,,100,0,0,30
3090,travel,,,,,100,0,0,30
3100,travel,,,,,100,0,0,30
3110,travel,,,,,100,0,0,30
3120,travel,,,,,100,0,0,30
3130,curiosity,,,,,100,0,0,30
3140,curiosity,,,,,100,0,0,30
3150,curiosity,,,,,100,0,0,30
3160,curiosity,,,,,100,0,0,30
3170,curiosity,,,,,100,0,0,30
3180,curiosity,,,,,100,0,0,30
3190,curiosity,,,,,100,0,0,30
3200,opportunity,,,,,100,0,0,30
3210,opportunity,,,,,100,0,0,30
3220,opportunity,,,,,100,0,0,30
3230,opportunity,,,,,100,0,0,30
3240,opportunity,,,,,100,0,0,30
3250,opportunity,,,,,100,0,0,30
3260,opportunity,,,,,100,0,0,30
3270,opportunity,,,,,100,0,0,30
3280,tension,,,,,100,0,0,30
3290,tension,,,,,100,0,0,30
3300,tension,,,,,100,0,0,30
3310,tension,,,,,100,0,0,30
3320,tension,,,,,100,0,0,30
3330,tension,,,,,100,0,0,30
3340,violence,,,,,100,0,0,30
3350,violence,,,,,100,0,0,30
3360,violence,,,,,100,0,0,30
3370,violence,,,,,100,0,0,30
3380,violence,,,,,100,1,0,31
3390,violence,,,,,100,1,0,31
3400,violence,,,,,100,1,0,31
3410,violence,,,,,100,1,0,31
3420,violence,,,,,100,1,1,31
3430,violence,,,,,100,1,1,31
3440,aftermath,,,,,100,0,1,31
3450,aftermath,,,,,100,0,1,31
3460,aftermath,,,,,100,0,1,31
3470,aftermath,,,,,100,0,2,31
3480,aftermath,,,,,100,0,2,31
3490,aftermath,,,,,100,0,2,31
3500,quiet,,,,,100,0,2,31
3510,quiet,,,,,100,0,3,31
3520,quiet,,,,,100,0,3,31
3530,quiet,,,,,100,0,3,31
3540,quiet,,,,,100,0,3,31
3550,quiet,,,,,100,0,3,31
3560,quiet,,,,,100,0,3,32
3570,quiet,,,,,100,0,3,32
3580,quiet,,,,,100,0,3,32
3590,work,,,,,100,0,3,32
3600,work,,,,,100,0,4,32
3610,travel,,,,,100,0,3,33
3620,violence,,,,,100,1,2,34
3630,violence,,,,,100,1,2,34
3640,violence,,,,,100,1,2,34
3650,violence,,,,,100,1,2,35
3660,violence,,,,,100,1,2,35
3670,aftermath,,,,,100,0,2,35
3680,aftermath,,,,,100,0,2,35
3690,aftermath,,,,,100,0,3,35
3700,aftermath,,,,,100,0,3,35
3710,aftermath,,,,,100,0,3,35
3720,aftermath,,,,,100,0,3,35
3730,quiet,,,,,100,0,3,35
3740,quiet,,,,,100,0,4,35
3750,quiet,,,,,100,0,4,35
3760,quiet,,,,,100,0,4,35
3770,quiet,,,,,100,0,4,35
3780,quiet,,,,,100,0,5,35
3790,quiet,,,,,100,0,4,36
3800,quiet,,,,,100,0,4,36
3810,quiet,,,,,100,0,4,36
3820,work,,,,,100,0,4,36
3830,work,,,,,100,0,5,36
3840,travel,,,,,100,0,5,36
3850,violence,,,,,100,1,4,37
3860,violence,,,,,100,1,4,37
3870,violence,,,,,100,1,5,37
3880,violence,,,,,100,1,5,37
3890,violence,,,,,100,1,5,37
3900,aftermath,,,,,100,0,5,37
3910,aftermath,,,,,100,0,5,37
3920,aftermath,,,,,100,0,6,37
3930,aftermath,,,,,100,0,6,37
3940,aftermath,,,,,100,0,6,37
3950,aftermath,,,,,100,0,6,37
3960,quiet,,,,,100,0,7,37
3970,quiet,,,,,100,0,6,38
3980,quiet,,,,,100,0,6,38
3990,quiet,,,,,100,0,6,38
4000,quiet,,,,,100,0,6,38
4010,quiet,,,,,100,0,6,39
4020,quiet,,,,,100,0,6,39
4030,quiet,,,,,100,0,6,39
4040,quiet,,,,,100,0,6,39
4050,work,,,,,100,0,7,39
4060,work,,,,,100,0,6,40
4070,travel,,,,,100,1,5,41
4080,violence,,,,,100,1,5,41
4090,violence,,,,,100,1,5,41
4100,violence,,,,,100,1,5,42
4110,violence,,,,,100,1,5,42
4120,violence,,,,,100,1,5,42
4130,aftermath,,,,,100,0,5,42
4140,aftermath,,,,,100,0,6,42
4150,aftermath,,,,,100,0,6,42
4160,aftermath,,,,,100,0,6,42
4170,aftermath,,,,,100,0,6,42
4180,aftermath,,,,,100,0,6,42
4190,quiet,,,,,100,0,6,43
4200,quiet,,,,,100,0,6,43
4210,quiet,,,,,100,0,6,43
4220,quiet,,,,,100,0,6,43
4230,quiet,,,,,100,0,7,43
4240,quiet,,,,,100,0,6,44
4250,quiet,,,,,100,0,6,44
4260,quiet,,,,,100,0,6,44
4270,quiet,,,,,100,0,6,44
4280,work,,,,,100,0,7,44
4290,work,,,,,100,0,7,44
4300,violence,,,,,100,1,6,45
4310,violence,,,,,100,1,6,45
4320,violence,,,,,100,1,7,45
4330,violence,,,,,100,1,7,45
4340,violence,,,,,100,1,7,45
4350,aftermath,,,,,100,0,7,45
4360,aftermath,,,,,100,0,7,45
4370,aftermath,,,,,100,0,7,46
4380,aftermath,,,,,100,0,7,46
4390,aftermath,,,,,100,0,7,46
4400,aftermath,,,,,100,0,7,46
4410,quiet,,,,,100,0,8,46
4420,quiet,,,,,100,0,8,46
4430,quiet,,,,,100,0,8,46
4440,quiet,,,,,100,0,8,46
4450,quiet,,,,,100,0,8,46
4460,quiet,,,,,100,0,8,47
4470,quiet,,,,,100,0,8,47
4480,quiet,,,,,100,0,8,47
4490,quiet,,,,,100,0,8,47
4500,work,,,,,100,0,9,47
4510,work,,,,,100,0,9,47
4520,travel,,,,,100,0,9,47
4530,travel,,,,,100,0,9,47
4540,violence,,,,,100,1,8,48
4550,violence,,,,,100,1,9,48
4560,violence,,,,,100,1,9,48
4570,violence,,,,,100,1,9,48
4580,violence,,,,,100,1,9,48
4590,violence,,,,,100,1,10,48
4600,aftermath,,,,,100,0,10,48
4610,aftermath,,,,,100,0,10,48
4620,aftermath,,,,,100,0,10,48
4630,aftermath,,,,,100,0,10,48
4640,aftermath,,,,,100,0,10,49
4650,aftermath,,,,,100,0,10,49
4660,quiet,,,,,100,0,10,49
4670,quiet,,,,,100,0,10,49
4680,quiet,,,,,100,0,11,49
4690,quiet,,,,,100,0,10,50
4700,quiet,,,,,100,0,10,50
4710,quiet,,,,,100,0,10,50
4720,quiet,,,,,100,0,10,50
4730,quiet,,,,,100,0,11,50
4740,quiet,,,,,100,0,11,50
4750,work,,,,,100,0,11,50
4760,work,,,,,100,0,11,50
4770,violence,,,,,100,1,11,51
4780,violence,,,,,100,1,11,51
4790,violence,,,,,100,1,11,51
4800,violence,,,,,100,1,10,52
4810,violence,,,,,100,1,10,52
4820,violence,,,,,100,1,10,53
4830,aftermath,,,,,100,0,10,53
4840,aftermath,,,,,100,0,10,53
4850,aftermath,,,,,100,0,10,53
4860,aftermath,,,,,100,0,11,53
4870,aftermath,,,,,100,0,10,54
4880,aftermath,,,,,100,0,10,54
4890,quiet,,,,,100,0,10,54
4900,quiet,,,,,100,0,10,54
4910,quiet,,,,,100,0,10,55
4920,quiet,,,,,100,0,10,55
4930,quiet,,,,,100,0,10,55
4940,quiet,,,,,100,0,10,55
4950,quiet,,,,,100,0,11,55
4960,quiet,,,,,100,0,11,55
4970,quiet,,,,,100,0,11,55
4980,work,,,,,100,0,11,55
4990,work,,,,,100,0,11,55
5000,violence,,,,,100,1,11,56
5010,violence,,,,,100,1,11,56
5020,violence,,,,,100,1,10,57
5030,violence,,,,,100,1,10,57
5040,violence,,,,,100,1,11,57
5050,aftermath,,,,,100,0,10,58
5060,aftermath,,,,,100,0,10,58
5070,aftermath,,,,,100,0,10,58
5080,aftermath,,,,,100,0,10,58
5090,aftermath,,,,,100,0,10,59
5100,aftermath,,,,,100,0,10,59
5110,quiet,,,,,100,0,10,59
5120,quiet,,,,,100,0,10,59
5130,quiet,,,,,100,0,11,59
5140,quiet,,,,,100,0,10,60
5150,quiet,,,,,100,0,10,60
5160,quiet,,,,,100,0,10,60
5170,quiet,,,,,100,0,10,60
5180,quiet,,,,,100,0,10,61
5190,quiet,,,,,100,0,10,61
5200,work,,,,,100,0,10,61
5210,work,,,,,100,0,10,61
5220,travel,,,,,100,0,11,61
5230,violence,,,,,100,1,10,62
5240,violence,,,,,100,1,10,62
5250,violence,,,,,100,1,10,62
5260,violence,,,,,100,1,10,62
5270,violence,,,,,100,1,11,62
5280,aftermath,,,,,100,0,11,62
5290,aftermath,,,,,100,0,11,62
5300,aftermath,,,,,100,0,11,62
5310,aftermath,,,,,100,0,12,62
5320,aftermath,,,,,100,0,12,62
5330,aftermath,,,,,100,0,12,62
5340,quiet,,,,,100,0,12,62
5350,quiet,,,,,100,0,12,62
5360,quiet,,,,,100,0,12,63
5370,quiet,,,,,100,0,12,63
5380,quiet,,,,,100,0,11,64
5390,quiet,,,,,100,0,11,64
5400,quiet,,,,,100,0,12,64
5410,quiet,,,,,100,0,12,64
5420,quiet,,,,,100,0,12,64
5430,work,,,,,100,0,12,64
5440,work,,,,,100,0,12,64
5450,travel,,,,,100,0,13,64
5460,travel,,,,,100,0,13,64
5470,travel,,,,,100,0,13,64
5480,travel,,,,,100,0,13,64
5490,travel,,,,,100,0,14,64
5500,travel,,,,,100,0,14,64
5510,travel,,,,,100,0,14,64
5520,travel,,,,,100,0,14,64
5530,curiosity,,,,,100,0,14,64
5540,curiosity,,,,,100,0,15,64
5550,curiosity,,,,,100,0,15,64
5560,curiosity,,,,,100,0,15,64
5570,curiosity,,,,,100,0,15,64
5580,curiosity,,,,,100,1,15,65
5590,violence,,,,,100,1,15,65
5600,violence,,,,,100,1,14,66
5610,violence,,,,,100,1,14,66
5620,violence,,,,,100,1,13,67
5630,violence,,,,,100,1,14,67
5640,aftermath,,,,,100,0,14,67
5650,aftermath,,,,,100,0,14,67
5660,aftermath,,,,,100,0,14,67
5670,aftermath,,,,,100,0,15,67
5680,aftermath,,,,,100,0,14,68
5690,aftermath,,,,,100,0,14,68
5700,quiet,,,,,100,0,14,68
5710,quiet,,,,,100,0,14,68
5720,quiet,,,,,100,0,14,69
5730,quiet,,,,,100,0,14,69
5740,quiet,,,,,100,0,14,69
5750,quiet,,,,,100,0,14,69
5760,quiet,,,,,100,0,15,69
5770,quiet,,,,,100,0,15,69
5780,quiet,,,,,100,0,15,69
5790,work,,,,,100,0,15,69
5800,work,,,,,100,0,15,69
5810,violence,,,,,100,1,15,70
5820,violence,,,,,100,1,15,70
5830,violence,,,,,100,1,15,70
5840,violence,,,,,100,1,15,70
5850,violence,,,,,100,1,16,70
5860,aftermath,,,,,100,0,16,70
5870,aftermath,,,,,100,0,16,70
5880,aftermath,,,,,100,0,16,70
5890,aftermath,,,,,100,0,16,70
5900,aftermath,,,,,100,0,16,71
5910,aftermath,,,,,100,0,16,71
5920,quiet,,,,,100,0,16,71
5930,quiet,,,,,100,0,16,71
5940,quiet,,,,,100,0,17,71
5950,quiet,,,,,100,0,17,71
5960,quiet,,,,,100,0,17,71
5970,quiet,,,,,100,0,17,71
5980,quiet,,,,,100,0,17,71
5990,quiet,,,,,100,0,18,71
6000,quiet,,,,,100,0,18,71
6010,work,,,,,100,0,18,71
6020,work,,,,,100,0,18,71
6030,travel,,,,,100,0,19,71
6040,violence,,,,,100,1,17,73
6050,violence,,,,,100,1,17,73
6060,violence,,,,,100,1,17,73
6070,violence,,,,,100,1,17,73
6080,violence,,,,,100,1,17,74
6090,aftermath,,,,,100,0,17,74
6100,aftermath,,,,,100,0,17,74
6110,aftermath,,,,,100,0,17,74
6120,aftermath,,,,,100,0,18,74
6130,aftermath,,,,,100,0,18,74
6140,aftermath,,,,,100,0,18,74
6150,quiet,,,,,100,0,18,74
6160,quiet,,,,,100,0,18,74
6170,quiet,,,,,100,0,18,75
6180,quiet,,,,,100,0,18,75
6190,quiet,,,,,100,0,18,75
6200,quiet,,,,,100,0,18,75
6210,quiet,,,,,100,0,19,75
6220,quiet,,,,,100,0,19,75
6230,quiet,,,,,100,0,19,75
6240,work,,,,,100,0,19,75
6250,work,,,,,100,0,19,75
6260,travel,,,,,100,1,19,76
6270,violence,,,,,100,1,19,76
6280,violence,,,,,100,1,19,76
6290,violence,,,,,100,1,19,76
6300,violence,,,,,100,1,20,76
6310,violence,,,,,100,1,19,77
6320,aftermath,,,,,100,0,19,77
6330,aftermath,,,,,100,0,19,77
6340,aftermath,,,,,100,0,19,77
6350,aftermath,,,,,100,0,19,78
6360,aftermath,,,,,100,0,19,78
6370,aftermath,,,,,100,0,19,78
6380,quiet,,,,,100,0,19,78
6390,quiet,,,,,100,0,20,78
6400,quiet,,,,,100,0,19,79
6410,quiet,,,,,100,0,19,79
6420,quiet,,,,,100,0,19,79
6430,quiet,,,,,100,0,19,79
6440,quiet,,,,,100,0,19,80
6450,quiet,,,,,100,0,19,80
6460,quiet,,,,,100,0,19,80
6470,work,,,,,100,0,19,80
6480,work,,,,,100,0,20,80
6490,violence,,,,,100,1,19,81
6500,violence,,,,,100,1,19,81
6510,violence,,,,,100,1,19,81
6520,violence,,,,,100,1,19,81
6530,violence,,,,,100,1,20,81
6540,aftermath,,,,,100,0,20,81
6550,aftermath,,,,,100,0,20,81
6560,aftermath,,,,,100,0,20,81
6570,aftermath,,,,,100,0,20,81
6580,aftermath,,,,,100,0,20,81
6590,aftermath,,,,,100,0,20,81
6600,quiet,,,,,100,0,20,81
6610,quiet,,,,,100,0,20,81
6620,quiet,,,,,100,0,20,81
6630,quiet,,,,,100,0,20,81
6640,quiet,,,,,100,0,20,81
6650,quiet,,,,,100,0,20,81
6660,quiet,,,,,100,0,20,81
6670,quiet,,,,,100,0,20,81
6680,quiet,,,,,100,0,20,81
6690,work,,,,,100,0,20,81
6700,work,,,,,100,0,20,81
6710,travel,,,,,100,0,20,81
6720,violence,,,,,100,1,19,82
6730,violence,,,,,100,1,19,82
6740,violence,,,,,100,1,19,82
6750,violence,,,,,100,1,20,82
6760,violence,,,,,100,1,19,83
6770,aftermath,,,,,100,0,19,83
6780,aftermath,,,,,100,0,19,83
6790,aftermath,,,,,100,0,19,83
6800,aftermath,,,,,100,0,19,84
6810,aftermath,,,,,100,0,19,84
6820,aftermath,,,,,100,0,19,84
6830,quiet,,,,,100,0,19,84
6840,quiet,,,,,100,0,20,84
6850,quiet,,,,,100,0,20,84
6860,quiet,,,,,100,0,20,84
6870,quiet,,,,,100,0,20,84
6880,quiet,,,,,100,0,20,84
6890,quiet,,,,,100,0,20,84
6900,quiet,,,,,100,0,20,84
6910,quiet,,,,,100,0,20,84
6920,work,,,,,100,0,20,84
6930,work,,,,,100,0,20,84
6940,travel,,,,,100,1,19,85
6950,violence,,,,,100,1,19,85
6960,violence,,,,,100,1,19,85
6970,violence,,,,,100,1,19,85
6980,violence,,,,,100,1,19,86
6990,violence,,,,,100,1,19,86
7000,aftermath,,,,,100,0,19,86
7010,aftermath,,,,,100,0,19,86
7020,aftermath,,,,,100,0,20,86
7030,aftermath,,,,,100,0,19,87
7040,aftermath,,,,,100,0,19,87
7050,aftermath,,,,,100,0,19,87
7060,quiet,,,,,100,0,19,87
7070,quiet,,,,,100,0,19,88
7080,quiet,,,,,100,0,19,88
7090,quiet,,,,,100,0,19,88
7100,quiet,,,,,100,0,19,88
7110,quiet,,,,,100,0,20,88
7120,quiet,,,,,100,0,20,88
7130,quiet,,,,,100,0,20,88
7140,quiet,,,,,100,0,20,88
7150,work,,,,,100,0,20,88
7160,work,,,,,100,0,20,88
7170,violence,,,,,100,1,19,89
7180,violence,,,,,100,1,19,89
7190,violence,,,,,100,1,19,89
7200,violence,,,,,100,1,20,89
7210,violence,,,,,100,1,19,90
7220,aftermath,,,,,100,0,19,90
7230,aftermath,,,,,100,0,19,90
7240,aftermath,,,,,100,0,19,90
7250,aftermath,,,,,100,0,19,91
7260,aftermath,,,,,100,0,19,91
7270,aftermath,,,,,100,0,19,91
7280,quiet,,,,,100,0,19,91
7290,quiet,,,,,100,0,20,91
7300,quiet,,,,,100,0,20,91
7310,quiet,,,,,100,0,20,91
7320,quiet,,,,,100,0,20,91
7330,quiet,,,,,100,0,20,91
7340,quiet,,,,,100,0,20,91
7350,quiet,,,,,100,0,20,91
7360,quiet,,,,,100,0,20,91
7370,work,,,,,100,0,20,91
7380,work,,,,,100,0,20,91
7390,travel,,,,,100,0,20,91
7400,violence,,,,,100,1,19,92
7410,violence,,,,,100,1,19,92
7420,violence,,,,,100,1,19,92
7430,violence,,,,,100,1,19,93
7440,violence,,,,,100,1,19,93
7450,aftermath,,,,,100,0,19,93
7460,aftermath,,,,,100,0,19,93
7470,aftermath,,,,,100,0,20,93
7480,aftermath,,,,,100,0,19,94
7490,aftermath,,,,,100,0,19,94
7500,aftermath,,,,,100,0,19,94
7510,quiet,,,,,100,0,19,94
7520,quiet,,,,,100,0,20,94
7530,quiet,,,,,100,0,20,94
7540,quiet,,,,,100,0,20,94
7550,quiet,,,,,100,0,20,94
7560,quiet,,,,,100,0,20,94
7570,quiet,,,,,100,0,20,94
7580,quiet,,,,,100,0,20,94
7590,quiet,,,,,100,0,20,94
7600,work,,,,,100,0,20,94
7610,work,,,,,100,0,20,94
7620,violence,,,,,100,1,19,95
7630,violence,,,,,100,1,19,95
7640,violence,,,,,100,1,19,95
7650,violence,,,,,100,1,20,95
7660,violence,,,,,100,1,20,95
7670,violence,,,,,100,1,20,95
7680,aftermath,,,,,100,0,20,95
7690,aftermath,,,,,100,0,20,95
7700,aftermath,,,,,100,0,20,95
7710,aftermath,,,,,100,0,20,95
7720,aftermath,,,,,100,0,20,95
7730,aftermath,,,,,100,0,20,95
7740,quiet,,,,,100,0,20,95
7750,quiet,,,,,100,0,20,95
7760,quiet,,,,,100,0,20,95
7770,quiet,,,,,100,0,20,95
7780,quiet,,,,,100,0,20,95
7790,quiet,,,,,100,0,20,95
7800,quiet,,,,,100,0,20,95
7810,quiet,,,,,100,0,20,95
7820,quiet,,,,,100,0,20,95
7830,work,,,,,100,0,20,95
7840,work,,,,,100,0,20,95
7850,travel,,,,,100,0,20,95
7860,travel,,,,,100,0,20,95
7870,travel,,,,,100,0,20,95
7880,travel,,,,,100,0,20,95
7890,travel,,,,,100,0,20,95
7900,travel,,,,,100,0,20,95
7910,travel,,,,,100,0,20,95
7920,curiosity,,,,,100,0,20,95
7930,curiosity,,,,,100,0,20,95
7940,curiosity,,,,,100,0,20,95
7950,curiosity,,,,,100,0,20,95
7960,curiosity,,,,,100,0,20,95
7970,curiosity,,,,,100,0,20,95
7980,curiosity,,,,,100,0,20,95
7990,violence,,,,,100,1,19,96
8000,violence,,,,,100,1,19,96
8010,violence,,,,,100,1,20,96
8020,violence,,,,,100,1,20,96
8030,violence,,,,,100,1,20,96
8040,aftermath,,,,,100,0,20,96
8050,aftermath,,,,,100,0,20,96
8060,aftermath,,,,,100,0,20,96
8070,aftermath,,,,,100,0,20,96
8080,aftermath,,,,,100,0,20,96
8090,aftermath,,,,,100,0,20,96
8100,quiet,,,,,100,0,20,96
8110,quiet,,,,,100,0,20,96
8120,quiet,,,,,100,0,20,96
8130,quiet,,,,,100,0,20,96
8140,quiet,,,,,100,0,20,96
8150,quiet,,,,,100,0,20,96
8160,quiet,,,,,100,0,20,96
8170,quiet,,,,,100,0,20,96
8180,quiet,,,,,100,0,20,96
8190,work,,,,,100,0,20,96
8200,work,,,,,100,0,20,96
8210,travel,,,,,100,0,20,96
8220,violence,,,,,100,1,19,97
8230,violence,,,,,100,1,19,97
8240,violence,,,,,100,1,20,97
8250,violence,,,,,100,1,20,97
8260,violence,,,,,100,1,20,97
8270,aftermath,,,,,100,0,20,97
8280,aftermath,,,,,100,0,20,97
8290,aftermath,,,,,100,0,20,97
8300,aftermath,,,,,100,0,20,97
8310,aftermath,,,,,100,0,20,97
8320,aftermath,,,,,100,0,20,97
8330,quiet,,,,,100,0,20,97
8340,quiet,,,,,100,0,20,97
8350,quiet,,,,,100,0,20,97
8360,quiet,,,,,100,0,20,97
8370,quiet,,,,,100,0,20,97
8380,quiet,,,,,100,0,20,97
8390,quiet,,,,,100,0,20,97
8400,quiet,,,,,100,0,20,97
8410,quiet,,,,,100,0,20,97
8420,work,,,,,100,0,20,97
8430,work,,,,,100,0,20,97
8440,violence,,,,,100,1,19,98
8450,violence,,,,,100,1,19,98
8460,violence,,,,,100,1,20,98
8470,violence,,,,,100,1,20,98
8480,violence,,,,,100,1,20,98
8490,violence,,,,,100,1,20,98
8500,aftermath,,,,,100,0,20,98
8510,aftermath,,,,,100,0,20,98
8520,aftermath,,,,,100,0,20,98
8530,aftermath,,,,,100,0,20,98
8540,aftermath,,,,,100,0,20,98
8550,aftermath,,,,,100,0,20,98
8560,quiet,,,,,100,0,20,98
8570,quiet,,,,,100,0,20,98
8580,quiet,,,,,100,0,20,98
8590,quiet,,,,,100,0,20,98
8600,quiet,,,,,100,0,20,98
8610,quiet,,,,,100,0,20,98
8620,quiet,,,,,100,0,20,98
8630,quiet,,,,,100,0,20,98
8640,quiet,,,,,100,0,20,98
8650,work,,,,,100,0,20,98
8660,work,,,,,100,0,20,98
8670,violence,,,,,100,1,19,99
8680,violence,,,,,100,1,19,99
8690,violence,,,,,100,1,19,100
8700,violence,,,,,100,1,19,100
8710,violence,,,,,100,1,19,100
8720,aftermath,,,,,100,0,19,100
8730,aftermath,,,,,100,0,20,100
8740,aftermath,,,,,100,0,19,101
8750,aftermath,,,,,100,0,19,101
8760,aftermath,,,,,100,0,19,101
8770,aftermath,,,,,100,0,19,101
8780,quiet,,,,,100,0,20,101
8790,quiet,,,,,100,0,20,101
8800,quiet,,,,,100,0,20,101
8810,quiet,,,,,100,0,20,101
8820,quiet,,,,,100,0,20,101
8830,quiet,,,,,100,0,20,101
8840,quiet,,,,,100,0,20,101
8850,quiet,,,,,100,0,20,101
8860,quiet,,,,,100,0,20,101
8870,work,,,,,100,0,20,101
8880,work,,,,,100,0,20,101
8890,travel,,,,,100,0,20,101
8900,violence,,,,,100,1,19,102
8910,violence,,,,,100,1,20,102
8920,violence,,,,,100,1,20,102
8930,violence,,,,,100,1,20,102
8940,violence,,,,,100,1,20,102
8950,aftermath,,,,,100,0,20,102
8960,aftermath,,,,,100,0,20,102
8970,aftermath,,,,,100,0,20,102
8980,aftermath,,,,,100,0,20,102
8990,aftermath,,,,,100,0,20,102
9000,aftermath,,,,,100,0,20,102
9010,quiet,,,,,100,0,20,102
9020,quiet,,,,,100,0,20,102
9030,quiet,,,,,100,0,20,102
9040,quiet,,,,,100,0,20,102
9050,quiet,,,,,100,0,20,102
9060,quiet,,,,,100,0,20,102
9070,quiet,,,,,100,0,20,102
9080,quiet,,,,,100,0,20,102
9090,quiet,,,,,100,0,20,102
9100,work,,,,,100,0,20,102
9110,work,,,,,100,0,20,102
9120,violence,,,,,100,1,19,103
9130,violence,,,,,100,1,19,103
9140,violence,,,,,100,1,20,103
9150,violence,,,,,100,1,20,103
9160,violence,,,,,100,1,20,103
9170,violence,,,,,100,1,20,103
9180,aftermath,,,,,100,0,20,103
9190,aftermath,,,,,100,0,20,103
9200,aftermath,,,,,100,0,20,103
9210,aftermath,,,,,100,0,20,103
9220,aftermath,,,,,100,0,20,103
9230,aftermath,,,,,100,0,20,103
9240,quiet,,,,,100,0,20,103
9250,quiet,,,,,100,0,20,103
9260,quiet,,,,,100,0,20,103
9270,quiet,,,,,100,0,20,103
9280,quiet,,,,,100,0,20,103
9290,quiet,,,,,100,0,20,103
9300,quiet,,,,,100,0,20,103
9310,quiet,,,,,100,0,20,103
9320,quiet,,,,,100,0,20,103
9330,work,,,,,100,0,20,103
9340,work,,,,,100,0,20,103
9350,violence,,,,,100,1,19,104
9360,violence,,,,,100,1,20,104
9370,violence,,,,,100,1,20,104
9380,violence,,,,,100,1,20,104
9390,violence,,,,,100,1,20,104
9400,aftermath,,,,,100,0,20,104
9410,aftermath,,,,,100,0,20,104
9420,aftermath,,,,,100,0,20,104
9430,aftermath,,,,,100,0,20,104
9440,aftermath,,,,,100,0,20,104
9450,aftermath,,,,,100,0,20,104
9460,quiet,,,,,100,0,20,104
9470,quiet,,,,,100,0,20,104
9480,quiet,,,,,100,0,20,104
9490,quiet,,,,,100,0,20,104
9500,quiet,,,,,100,0,20,104
9510,quiet,,,,,100,0,20,104
9520,quiet,,,,,100,0,20,104
9530,quiet,,,,,100,0,20,104
9540,quiet,,,,,100,0,20,104
9550,work,,,,,100,0,20,104
9560,work,,,,,100,0,20,104
9570,travel,,,,,100,1,19,105
9580,violence,,,,,100,1,19,105
9590,violence,,,,,100,1,20,105
9600,violence,,,,,100,1,20,105
9610,violence,,,,,100,1,20,105
9620,violence,,,,,100,1,20,105
9630,aftermath,,,,,100,0,20,105
9640,aftermath,,,,,100,0,20,105
9650,aftermath,,,,,100,0,20,105
9660,aftermath,,,,,100,0,20,105
9670,aftermath,,,,,100,0,20,105
9680,aftermath,,,,,100,0,20,105
9690,quiet,,,,,100,0,20,105
9700,quiet,,,,,100,0,20,105
9710,quiet,,,,,100,0,20,105
9720,quiet,,,,,100,0,20,105
9730,quiet,,,,,100,0,20,105
9740,quiet,,,,,100,0,20,105
9750,quiet,,,,,100,0,20,105
9760,quiet,,,,,100,0,20,105
9770,quiet,,,,,100,0,20,105
9780,work,,,,,100,0,20,105
9790,work,,,,,100,0,20,105
9800,violence,,,,,100,1,19,106
9810,violence,,,,,100,1,20,106
9820,violence,,,,,100,1,19,107
9830,violence,,,,,100,1,19,107
9840,violence,,,,,100,1,19,107
9850,aftermath,,,,,100,0,19,107
9860,aftermath,,,,,100,0,20,107
9870,aftermath,,,,,100,0,20,107
9880,aftermath,,,,,100,0,20,107
9890,aftermath,,,,,100,0,20,107
9900,aftermath,,,,,100,0,20,107
9910,quiet,,,,,100,0,20,107
9920,quiet,,,,,100,0,20,107
9930,quiet,,,,,100,0,20,107
9940,quiet,,,,,100,0,20,107
9950,quiet,,,,,100,0,20,107
9960,quiet,,,,,100,0,20,107
9970,quiet,,,,,100,0,20,107
9980,quiet,,,,,100,0,20,107
9990,quiet,,,,,100,0,20,107
10000,work,,,,,100,0,20,107
10010,work,,,,,100,0,20,107
10020,travel,,,,,100,1,19,108
10030,violence,,,,,100,1,19,108
10040,violence,,,,,100,1,20,108
10050,violence,,,,,100,1,20,108
10060,violence,,,,,100,1,20,108
10070,violence,,,,,100,1,20,108
10080,aftermath,,,,,100,0,20,108
10090,aftermath,,,,,100,0,20,108
10100,aftermath,,,,,100,0,20,108
10110,aftermath,,,,,100,0,20,108
10120,aftermath,,,,,100,0,20,108
10130,aftermath,,,,,100,0,20,108
10140,quiet,,,,,100,0,20,108
10150,quiet,,,,,100,0,20,108
10160,quiet,,,,,100,0,20,108
10170,quiet,,,,,100,0,20,108
10180,quiet,,,,,100,0,20,108
10190,quiet,,,,,100,0,20,108
10200,quiet,,,,,100,0,0,108
10210,quiet,,,,,100,0,0,108
10220,quiet,,,,,100,0,0,108
10230,work,,,,,100,0,0,108
10240,work,,,,,100,0,0,108
10250,travel,,,,,100,0,0,108
10260,travel,,,,,100,0,0,108
10270,travel,,,,,100,0,0,108
10280,travel,,,,,100,0,0,108
10290,travel,,,,,100,0,0,108
10300,travel,,,,,100,0,0,108
10310,travel,,,,,100,0,0,108
10320,curiosity,,,,,100,0,0,108
10330,curiosity,,,,,100,0,0,108
10340,curiosity,,,,,100,0,0,108
10350,curiosity,,,,,100,0,0,108
10360,curiosity,,,,,100,0,0,108
10370,curiosity,,,,,100,0,0,108
10380,curiosity,,,,,100,0,0,108
10390,curiosity,,,,,100,0,0,108
10400,opportunity,,,,,100,0,0,108
10410,opportunity,,,,,100,0,0,108
10420,opportunity,,,,,100,0,0,108
10430,opportunity,,,,,100,0,0,108
10440,opportunity,,,,,100,0,0,108
10450,opportunity,,,,,100,0,0,108
10460,opportunity,,,,,100,0,0,108
10470,tension,,,,,100,0,0,108
10480,tension,,,,,100,0,0,108
10490,tension,,,,,100,0,0,108
10500,tension,,,,,100,0,0,108
10510,tension,,,,,100,0,0,108
10520,tension,,,,,100,0,0,108
10530,violence,,,,,100,0,0,108
10540,violence,,,,,100,0,0,108
10550,violence,,,,,100,0,0,108
10560,violence,,,,,100,0,0,108
10570,violence,,,,,100,0,0,108
10580,aftermath,,,,,100,0,1,108
10590,aftermath,,,,,100,0,1,108
10600,aftermath,,,,,100,0,1,108
10610,aftermath,,,,,100,0,1,108
10620,aftermath,,,,,100,0,2,108
10630,aftermath,,,,,100,0,1,109
10640,quiet,,,,,100,0,1,109
10650,quiet,,,,,100,0,1,109
10660,quiet,,,,,100,0,1,109
10670,quiet,,,,,100,0,1,110
10680,quiet,,,,,100,0,1,110
10690,quiet,,,,,100,0,1,110
10700,quiet,,,,,100,0,1,110
10710,quiet,,,,,100,0,2,110
10720,quiet,,,,,100,0,2,110
10730,work,,,,,100,0,2,110
10740,work,,,,,100,0,2,110
10750,violence,,,,,100,1,1,111
10760,violence,,,,,100,1,1,112
10770,violence,,,,,100,1,1,112
10780,violence,,,,,100,1,0,113
10790,violence,,,,,100,1,0,113
10800,aftermath,,,,,100,0,1,113
10810,aftermath,,,,,100,0,1,113
10820,aftermath,,,,,100,0,1,113
10830,aftermath,,,,,100,0,1,113
10840,aftermath,,,,,100,0,1,113
10850,aftermath,,,,,100,0,2,113
10860,quiet,,,,,100,0,2,113
10870,quiet,,,,,100,0,2,113
10880,quiet,,,,,100,0,2,113
10890,quiet,,,,,100,0,3,113
10900,quiet,,,,,100,0,2,114
10910,quiet,,,,,100,0,2,114
10920,quiet,,,,,100,0,2,114
10930,quiet,,,,,100,0,2,114
10940,quiet,,,,,100,0,2,115
10950,work,,,,,100,0,2,115
10960,work,,,,,100,0,2,115
10970,travel,,,,,100,1,1,116
10980,violence,,,,,100,1,2,116
10990,violence,,,,,100,1,2,116
11000,violence,,,,,100,1,2,116
11010,violence,,,,,100,1,2,116
11020,violence,,,,,100,1,2,116
11030,aftermath,,,,,100,0,3,116
11040,aftermath,,,,,100,0,3,116
11050,aftermath,,,,,100,0,3,116
11060,aftermath,,,,,100,0,3,116
11070,aftermath,,,,,100,0,4,116
11080,aftermath,,,,,100,0,4,116
11090,quiet,,,,,100,0,4,116
11100,quiet,,,,,100,0,4,116
11110,quiet,,,,,100,0,4,116
11120,quiet,,,,,100,0,5,116
11130,quiet,,,,,100,0,5,116
11140,quiet,,,,,100,0,5,116
11150,quiet,,,,,100,0,5,116
11160,quiet,,,,,100,0,6,116
11170,quiet,,,,,100,0,6,116
11180,work,,,,,100,0,6,116
11190,work,,,,,100,0,6,116
11200,travel,,,,,100,0,6,116
11210,violence,,,,,100,1,6,117
11220,violence,,,,,100,1,6,117
11230,violence,,,,,100,1,6,117
11240,violence,,,,,100,1,6,117
11250,violence,,,,,100,1,7,117
11260,aftermath,,,,,100,0,6,118
11270,aftermath,,,,,100,0,6,118
11280,aftermath,,,,,100,0,6,118
11290,aftermath,,,,,100,0,6,118
11300,aftermath,,,,,100,0,6,119
11310,aftermath,,,,,100,0,6,119
11320,quiet,,,,,100,0,6,119
11330,quiet,,,,,100,0,6,119
11340,quiet,,,,,100,0,7,119
11350,quiet,,,,,100,0,7,119
11360,quiet,,,,,100,0,7,119
11370,quiet,,,,,100,0,7,119
11380,quiet,,,,,100,0,7,119
11390,quiet,,,,,100,0,8,119
11400,quiet,,,,,100,0,8,119
11410,work,,,,,100,0,8,119
11420,work,,,,,100,0,8,119
11430,violence,,,,,100,1,8,120
11440,violence,,,,,100,1,8,120
11450,violence,,,,,100,1,8,120
11460,violence,,,,,100,1,8,120
11470,violence,,,,,100,1,8,120
11480,violence,,,,,100,1,8,121
11490,aftermath,,,,,100,0,8,121
11500,aftermath,,,,,100,0,8,121
11510,aftermath,,,,,100,0,8,121
11520,aftermath,,,,,100,0,9,121
11530,aftermath,,,,,100,0,8,122
11540,aftermath,,,,,100,0,8,122
11550,quiet,,,,,100,0,8,122
11560,quiet,,,,,100,0,8,122
11570,quiet,,,,,100,0,9,122
11580,quiet,,,,,100,0,9,122
11590,quiet,,,,,100,0,9,122
11600,quiet,,,,,100,0,9,122
11610,quiet,,,,,100,0,10,122
11620,quiet,,,,,100,0,10,122
11630,quiet,,,,,100,0,10,122
11640,work,,,,,100,0,10,122
11650,work,,,,,100,0,10,122
11660,violence,,,,,100,1,10,123
11670,violence,,,,,100,1,10,123
11680,violence,,,,,100,1,10,123
11690,violence,,,,,100,1,10,123
11700,violence,,,,,100,1,11,123
11710,violence,,,,,100,1,11,123
11720,aftermath,,,,,100,0,11,123
11730,aftermath,,,,,100,0,11,123
11740,aftermath,,,,,100,0,11,123
11750,aftermath,,,,,100,0,11,124
11760,aftermath,,,,,100,0,11,124
11770,aftermath,,,,,100,0,11,124
11780,quiet,,,,,100,0,11,124
11790,quiet,,,,,100,0,12,124
11800,quiet,,,,,100,0,12,124
11810,quiet,,,,,100,0,12,124
11820,quiet,,,,,100,0,12,124
11830,quiet,,,,,100,0,12,124
11840,quiet,,,,,100,0,13,124
11850,quiet,,,,,100,0,13,124
11860,quiet,,,,,100,0,13,124
11870,work,,,,,100,0,13,124
11880,work,,,,,100,0,14,124
11890,violence,,,,,100,1,13,125
11900,violence,,,,,100,1,13,125
11910,violence,,,,,100,1,13,125
11920,violence,,,,,100,1,13,125
11930,violence,,,,,100,1,14,125
11940,aftermath,,,,,100,0,14,125
11950,aftermath,,,,,100,0,14,125
11960,aftermath,,,,,100,0,14,125
11970,aftermath,,,,,100,0,15,125
11980,aftermath,,,,,100,0,15,125
11990,aftermath,,,,,100,0,15,125
12000,quiet,,,,,100,0,15,125
12010,quiet,,,,,100,0,15,125
12020,quiet,,,,,100,0,16,125
12030,quiet,,,,,100,0,16,125
12040,quiet,,,,,100,0,16,125
12050,quiet,,,,,100,0,16,125
12060,quiet,,,,,100,0,17,125
12070,quiet,,,,,100,0,16,126
12080,quiet,,,,,100,0,16,126
12090,work,,,,,100,0,16,126
12100,work,,,,,100,0,16,126
12110,violence,,,,,100,1,15,128
12120,violence,,,,,100,1,15,128
12130,violence,,,,,100,1,15,128
12140,violence,,,,,100,1,15,128
12150,violence,,,,,100,1,16,128
12160,violence,,,,,100,1,15,129
12170,aftermath,,,,,100,0,15,129
12180,aftermath,,,,,100,0,15,129
12190,aftermath,,,,,100,0,15,129
12200,aftermath,,,,,100,0,16,129
12210,aftermath,,,,,100,0,16,129
12220,aftermath,,,,,100,0,16,129
12230,quiet,,,,,100,0,16,129
12240,quiet,,,,,100,0,17,129
12250,quiet,,,,,100,0,17,129
12260,quiet,,,,,100,0,17,129
12270,quiet,,,,,100,0,17,129
12280,quiet,,,,,100,0,17,129
12290,quiet,,,,,100,0,17,130
12300,quiet,,,,,100,0,17,130
12310,quiet,,,,,100,0,17,130
12320,work,,,,,100,0,17,130
12330,work,,,,,100,0,18,130
12340,violence,,,,,100,1,17,131
12350,violence,,,,,100,1,17,131
12360,violence,,,,,100,1,17,131
12370,violence,,,,,100,1,17,131
12380,violence,,,,,100,1,18,131
12390,aftermath,,,,,100,0,18,131
12400,aftermath,,,,,100,0,18,131
12410,aftermath,,,,,100,0,18,131
12420,aftermath,,,,,100,0,19,131
12430,aftermath,,,,,100,0,19,131
12440,aftermath,,,,,100,0,19,131
12450,quiet,,,,,100,0,19,131
12460,quiet,,,,,100,0,19,131
12470,quiet,,,,,100,0,20,131
12480,quiet,,,,,100,0,20,131
12490,quiet,,,,,100,0,20,131
12500,quiet,,,,,100,0,20,131
12510,quiet,,,,,100,0,20,131
12520,quiet,,,,,100,0,20,131
12530,quiet,,,,,100,0,20,131
12540,work,,,,,100,0,20,131
12550,work,,,,,100,0,20,131
12560,travel,,,,,100,1,19,132
12570,violence,,,,,100,1,19,132
12580,violence,,,,,100,1,19,132
12590,violence,,,,,100,1,19,132
12600,violence,,,,,100,1,20,132
12610,violence,,,,,100,1,20,132
12620,aftermath,,,,,100,0,20,132
12630,aftermath,,,,,100,0,20,132
12640,aftermath,,,,,100,0,20,132
12650,aftermath,,,,,100,0,20,132
12660,aftermath,,,,,100,0,20,132
12670,aftermath,,,,,100,0,20,132
12680,quiet,,,,,100,0,20,132
12690,quiet,,,,,100,0,20,132
12700,quiet,,,,,100,0,20,132
12710,quiet,,,,,100,0,20,132
12720,quiet,,,,,100,0,20,132
12730,quiet,,,,,100,0,20,132
12740,quiet,,,,,100,0,20,132
12750,quiet,,,,,100,0,20,132
12760,quiet,,,,,100,0,20,132
12770,work,,,,,100,0,20,132
12780,work,,,,,100,0,20,132
12790,violence,,,,,100,1,19,133
12800,violence,,,,,100,1,19,133
12810,violence,,,,,100,1,19,133
12820,violence,,,,,100,1,19,133
12830,violence,,,,,100,1,19,134
12840,aftermath,,,,,100,0,19,134
12850,aftermath,,,,,100,0,19,134
12860,aftermath,,,,,100,0,19,134
12870,aftermath,,,,,100,0,20,134
12880,aftermath,,,,,100,0,20,134
12890,aftermath,,,,,100,0,20,134
12900,quiet,,,,,100,0,20,134
12910,quiet,,,,,100,0,20,134
12920,quiet,,,,,100,0,20,134
12930,quiet,,,,,100,0,20,134
12940,quiet,,,,,100,0,20,134
12950,quiet,,,,,100,0,20,134
12960,quiet,,,,,100,0,20,134
12970,quiet,,,,,100,0,20,134
12980,quiet,,,,,100,0,20,134
12990,work,,,,,100,0,20,134
13000,work,,,,,100,0,20,134
13010,travel,,,,,100,1,19,135
13020,violence,,,,,100,1,19,135
13030,violence,,,,,100,1,19,135
13040,violence,,,,,100,1,19,135
13050,violence,,,,,100,1,20,135
13060,violence,,,,,100,1,20,135
13070,aftermath,,,,,100,0,20,135
13080,aftermath,,,,,100,0,20,135
13090,aftermath,,,,,100,0,20,135
13100,aftermath,,,,,100,0,20,135
13110,aftermath,,,,,100,0,20,135
13120,aftermath,,,,,100,0,20,135
13130,quiet,,,,,100,0,20,135
13140,quiet,,,,,100,0,20,135
13150,quiet,,,,,100,0,20,135
13160,quiet,,,,,100,0,20,135
13170,quiet,,,,,100,0,20,135
13180,quiet,,,,,100,0,20,135
13190,quiet,,,,,100,0,20,135
13200,quiet,,,,,100,0,20,135
13210,quiet,,,,,100,0,20,135
13220,work,,,,,100,0,20,135
13230,work,,,,,100,0,20,135
13240,violence,,,,,100,1,19,136
13250,violence,,,,,100,1,19,136
13260,violence,,,,,100,1,19,136
13270,violence,,,,,100,1,19,136
13280,violence,,,,,100,1,19,137
13290,violence,,,,,100,1,19,137
13300,aftermath,,,,,100,0,19,137
13310,aftermath,,,,,100,0,19,137
13320,aftermath,,,,,100,0,20,137
13330,aftermath,,,,,100,0,20,137
13340,aftermath,,,,,100,0,20,137
13350,aftermath,,,,,100,0,20,137
13360,quiet,,,,,100,0,20,137
13370,quiet,,,,,100,0,20,137
13380,quiet,,,,,100,0,20,137
13390,quiet,,,,,100,0,20,137
13400,quiet,,,,,100,0,20,137
13410,quiet,,,,,100,0,20,137
13420,quiet,,,,,100,0,20,137
13430,quiet,,,,,100,0,20,137
13440,quiet,,,,,100,0,20,137
13450,work,,,,,100,0,20,137
13460,work,,,,,100,0,20,137
13470,violence,,,,,100,1,19,138
13480,violence,,,,,100,1,19,138
13490,violence,,,,,100,1,19,138
13500,violence,,,,,100,1,20,138
13510,violence,,,,,100,1,19,139
13520,aftermath,,,,,100,0,19,139
13530,aftermath,,,,,100,0,19,139
13540,aftermath,,,,,100,0,19,139
13550,aftermath,,,,,100,0,20,139
13560,aftermath,,,,,100,0,20,139
13570,aftermath,,,,,100,0,20,139
13580,quiet,,,,,100,0,20,139
13590,quiet,,,,,100,0,20,139
13600,quiet,,,,,100,0,20,139
13610,quiet,,,,,100,0,20,139
13620,quiet,,,,,100,0,20,139
13630,quiet,,,,,100,0,20,139
13640,quiet,,,,,100,0,20,139
13650,quiet,,,,,100,0,20,139
13660,quiet,,,,,100,0,20,139
13670,work,,,,,100,0,20,139
13680,work,,,,,100,0,20,139
13690,violence,,,,,100,1,19,140
13700,violence,,,,,100,1,19,140
13710,violence,,,,,100,1,19,140
13720,violence,,,,,100,1,19,140
13730,violence,,,,,100,1,19,141
13740,violence,,,,,100,1,19,141
13750,aftermath,,,,,100,0,19,141
13760,aftermath,,,,,100,0,19,141
13770,aftermath,,,,,100,0,20,141
13780,aftermath,,,,,100,0,20,141
13790,aftermath,,,,,100,0,20,141
13800,aftermath,,,,,100,0,20,141
13810,quiet,,,,,100,0,20,141
13820,quiet,,,,,100,0,20,141
13830,quiet,,,,,100,0,20,141
13840,quiet,,,,,100,0,20,141
13850,quiet,,,,,100,0,20,141
13860,quiet,,,,,100,0,20,141
13870,quiet,,,,,100,0,20,141
13880,quiet,,,,,100,0,20,141
13890,quiet,,,,,100,0,20,141
13900,work,,,,,100,0,20,141
13910,work,,,,,100,0,20,141
13920,violence,,,,,100,1,19,142
13930,violence,,,,,100,1,19,142
13940,violence,,,,,100,1,19,142
13950,violence,,,,,100,1,20,142
13960,violence,,,,,100,1,20,142
13970,violence,,,,,100,1,20,142
13980,aftermath,,,,,100,0,20,142
13990,aftermath,,,,,100,0,20,142
14000,aftermath,,,,,100,0,20,142
14010,aftermath,,,,,100,0,20,142
14020,aftermath,,,,,100,0,20,142
14030,aftermath,,,,,100,0,20,142
14040,quiet,,,,,100,0,20,142
14050,quiet,,,,,100,0,20,142
14060,quiet,,,,,100,0,20,142
14070,quiet,,,,,100,0,20,142
14080,quiet,,,,,100,0,20,142
14090,quiet,,,,,100,0,20,142
14100,quiet,,,,,100,0,20,142
14110,quiet,,,,,100,0,20,142
14120,quiet,,,,,100,0,20,142
14130,work,,,,,100,0,20,142
14140,work,,,,,100,0,20,142
14150,violence,,,,,100,1,19,143
14160,violence,,,,,100,1,19,143
14170,violence,,,,,100,1,19,143
14180,violence,,,,,100,1,19,144
14190,violence,,,,,100,1,19,144
14200,aftermath,,,,,100,0,19,144
14210,aftermath,,,,,100,0,19,144
14220,aftermath,,,,,100,0,20,144
14230,aftermath,,,,,100,0,19,145
14240,aftermath,,,,,100,0,19,145
14250,aftermath,,,,,100,0,19,145
14260,quiet,,,,,100,0,19,145
14270,quiet,,,,,100,0,20,145
14280,quiet,,,,,100,0,20,145
14290,quiet,,,,,100,0,20,145
14300,quiet,,,,,100,0,20,145
14310,quiet,,,,,100,0,20,145
14320,quiet,,,,,100,0,20,145
14330,quiet,,,,,100,0,20,145
14340,quiet,,,,,100,0,20,145
14350,work,,,,,100,0,20,145
14360,work,,,,,100,0,20,145
14370,travel,,,,,100,0,20,145
14380,violence,,,,,100,1,19,146
14390,violence,,,,,100,1,19,146
14400,violence,,,,,100,1,20,146
14410,violence,,,,,100,1,20,146
14420,violence,,,,,100,1,20,146
14430,aftermath,,,,,100,0,20,146
14440,aftermath,,,,,100,0,20,146
14450,aftermath,,,,,100,0,20,146
14460,aftermath,,,,,100,0,20,146
14470,aftermath,,,,,100,0,20,146
14480,aftermath,,,,,100,0,20,146
14490,quiet,,,,,100,0,20,146
14500,quiet,,,,,100,0,20,146
14510,quiet,,,,,100,0,20,146
14520,quiet,,,,,100,0,20,146
14530,quiet,,,,,100,0,20,146
14540,quiet,,,,,100,0,20,146
14550,quiet,,,,,100,0,20,146
14560,quiet,,,,,100,0,20,146
14570,quiet,,,,,100,0,20,146
14580,work,,,,,100,0,20,146
14590,work,,,,,100,0,20,146
14600,violence,,,,,100,1,19,147
14610,violence,,,,,100,1,19,147
14620,violence,,,,,100,1,19,147
14630,violence,,,,,100,1,20,147
14640,violence,,,,,100,1,20,147
14650,violence,,,,,100,1,20,147
14660,aftermath,,,,,100,0,20,147
14670,aftermath,,,,,100,0,20,147
14680,aftermath,,,,,100,0,20,147
14690,aftermath,,,,,100,0,20,147
14700,aftermath,,,,,100,0,20,147
14710,aftermath,,,,,100,0,20,147
14720,quiet,,,,,100,0,20,147
14730,quiet,,,,,100,0,20,147
14740,quiet,,,,,100,0,20,147
14750,quiet,,,,,100,0,20,147
14760,quiet,,,,,100,0,20,147
14770,quiet,,,,,100,0,20,147
14780,quiet,,,,,100,0,20,147
14790,quiet,,,,,100,0,20,147
14800,quiet,,,,,100,0,20,147
14810,work,,,,,100,0,20,147
14820,work,,,,,100,0,20,147
14830,violence,,,,,100,1,19,148
14840,violence,,,,,100,1,19,148
14850,violence,,,,,100,1,20,148
14860,violence,,,,,100,1,19,149
14870,violence,,,,,100,1,19,149
14880,aftermath,,,,,100,0,19,149
14890,aftermath,,,,,100,0,19,149
14900,aftermath,,,,,100,0,20,149
14910,aftermath,,,,,100,0,20,149
14920,aftermath,,,,,100,0,20,149
14930,aftermath,,,,,100,0,20,149
14940,quiet,,,,,100,0,20,149
14950,quiet,,,,,100,0,20,149
14960,quiet,,,,,100,0,20,149
14970,quiet,,,,,100,0,20,149
14980,quiet,,,,,100,0,20,149
14990,quiet,,,,,100,0,20,149
15000,quiet,,,,,100,0,20,149
15010,quiet,,,,,100,0,20,149
15020,quiet,,,,,100,0,20,149
15030,work,,,,,100,0,20,149
15040,work,,,,,100,0,20,149
15050,travel,,,,,100,0,20,149
15060,travel,,,,,100,0,20,149
15070,travel,,,,,100,0,20,149
15080,travel,,,,,100,0,20,149
15090,travel,,,,,100,0,20,149
15100,travel,,,,,100,0,20,149
15110,travel,,,,,100,0,20,149
15120,travel,,,,,100,0,20,149
15130,curiosity,,,,,100,0,20,149
15140,curiosity,,,,,100,0,20,149
15150,curiosity,,,,,100,0,20,149
15160,curiosity,,,,,100,0,20,149
15170,curiosity,,,,,100,0,20,149
15180,curiosity,,,,,100,1,19,150
15190,violence,,,,,100,1,19,150
15200,violence,,,,,100,1,19,150
15210,violence,,,,,100,1,20,150
15220,violence,,,,,100,1,20,150
15230,violence,,,,,100,1,20,150
15240,aftermath,,,,,100,0,20,150
15250,aftermath,,,,,100,0,20,150
15260,aftermath,,,,,100,0,20,150
15270,aftermath,,,,,100,0,20,150
15280,aftermath,,,,,100,0,20,150
15290,aftermath,,,,,100,0,20,150
15300,quiet,,,,,100,0,20,150
15310,quiet,,,,,100,0,20,150
15320,quiet,,,,,100,0,20,150
15330,quiet,,,,,100,0,20,150
15340,quiet,,,,,100,0,20,150
15350,quiet,,,,,100,0,20,150
15360,quiet,,,,,100,0,20,150
15370,quiet,,,,,100,0,20,150
15380,quiet,,,,,100,0,20,150
15390,work,,,,,100,0,20,150
15400,work,,,,,100,0,20,150
15410,violence,,,,,100,1,19,151
15420,violence,,,,,100,1,19,151
15430,violence,,,,,100,1,19,151
15440,violence,,,,,100,1,20,151
15450,violence,,,,,100,1,20,151
15460,violence,,,,,100,1,20,151
15470,aftermath,,,,,100,0,20,151
15480,aftermath,,,,,100,0,20,151
15490,aftermath,,,,,100,0,20,151
15500,aftermath,,,,,100,0,20,151
15510,aftermath,,,,,100,0,20,151
15520,aftermath,,,,,100,0,20,151
15530,quiet,,,,,100,0,20,151
15540,quiet,,,,,100,0,20,151
15550,quiet,,,,,100,0,20,151
15560,quiet,,,,,100,0,20,151
15570,quiet,,,,,100,0,20,151
15580,quiet,,,,,100,0,20,151
15590,quiet,,,,,100,0,20,151
15600,quiet,,,,,100,0,20,151
15610,quiet,,,,,100,0,20,151
15620,work,,,,,100,0,20,151
15630,work,,,,,100,0,20,151
15640,violence,,,,,100,1,19,152
15650,violence,,,,,100,1,19,152
15660,violence,,,,,100,1,20,152
15670,violence,,,,,100,1,20,152
15680,violence,,,,,100,1,20,152
15690,aftermath,,,,,100,0,20,152
15700,aftermath,,,,,100,0,20,152
15710,aftermath,,,,,100,0,20,152
15720,aftermath,,,,,100,0,20,152
15730,aftermath,,,,,100,0,20,152
15740,aftermath,,,,,100,0,20,152
15750,quiet,,,,,100,0,20,152
15760,quiet,,,,,100,0,20,152
15770,quiet,,,,,100,0,20,152
15780,quiet,,,,,100,0,20,152
15790,quiet,,,,,100,0,20,152
15800,quiet,,,,,100,0,20,152
15810,quiet,,,,,100,0,20,152
15820,quiet,,,,,100,0,20,152
15830,quiet,,,,,100,0,20,152
15840,work,,,,,100,0,20,152
15850,work,,,,,100,0,20,152
15860,violence,,,,,100,1,19,153
15870,violence,,,,,100,1,19,153
15880,violence,,,,,100,1,19,153
15890,violence,,,,,100,1,20,153
15900,violence,,,,,100,1,20,153
15910,violence,,,,,100,1,20,153
15920,aftermath,,,,,100,0,20,153
15930,aftermath,,,,,100,0,20,153
15940,aftermath,,,,,100,0,20,153
15950,aftermath,,,,,100,0,20,153
15960,aftermath,,,,,100,0,20,153
15970,aftermath,,,,,100,0,20,153
15980,quiet,,,,,100,0,20,153
15990,quiet,,,,,100,0,20,153
16000,quiet,,,,,100,0,20,153
16010,quiet,,,,,100,0,20,153
16020,quiet,,,,,100,0,20,153
16030,quiet,,,,,100,0,20,153
16040,quiet,,,,,100,0,20,153
16050,quiet,,,,,100,0,20,153
16060,quiet,,,,,100,0,20,153
16070,work,,,,,100,0,20,153
16080,work,,,,,100,0,20,153
16090,violence,,,,,100,1,19,154
16100,violence,,,,,100,1,19,154
16110,violence,,,,,100,1,20,154
16120,violence,,,,,100,1,20,154
16130,violence,,,,,100,1,20,154
16140,aftermath,,,,,100,0,20,154
16150,aftermath,,,,,100,0,20,154
16160,aftermath,,,,,100,0,20,154
16170,aftermath,,,,,100,0,20,154
16180,aftermath,,,,,100,0,20,154
16190,aftermath,,,,,100,0,20,154
16200,quiet,,,,,100,0,20,154
16210,quiet,,,,,100,0,20,154
16220,quiet,,,,,100,0,20,154
16230,quiet,,,,,100,0,20,154
16240,quiet,,,,,100,0,20,154
16250,quiet,,,,,100,0,20,154
16260,quiet,,,,,100,0,20,154
16270,quiet,,,,,100,0,20,154
16280,quiet,,,,,100,0,20,154
16290,work,,,,,100,0,20,154
16300,work,,,,,100,0,20,154
16310,violence,,,,,100,1,19,155
16320,violence,,,,,100,1,19,155
16330,violence,,,,,100,1,19,155
16340,violence,,,,,100,1,20,155
16350,violence,,,,,100,1,20,155
16360,violence,,,,,100,1,20,155
16370,aftermath,,,,,100,0,20,155
16380,aftermath,,,,,100,0,20,155
16390,aftermath,,,,,100,0,20,155
16400,aftermath,,,,,100,0,20,155
16410,aftermath,,,,,100,0,20,155
16420,aftermath,,,,,100,0,20,155
16430,quiet,,,,,100,0,20,155
16440,quiet,,,,,100,0,20,155
16450,quiet,,,,,100,0,20,155
16460,quiet,,,,,100,0,20,155
16470,quiet,,,,,100,0,20,155
16480,quiet,,,,,100,0,20,155
16490,quiet,,,,,100,0,20,155
16500,quiet,,,,,100,0,20,155
16510,quiet,,,,,100,0,20,155
16520,work,,,,,100,0,20,155
16530,work,,,,,100,0,20,155
16540,violence,,,,,100,1,19,156
16550,violence,,,,,100,1,19,156
16560,violence,,,,,100,1,20,156
16570,violence,,,,,100,1,20,156
16580,violence,,,,,100,1,20,156
16590,aftermath,,,,,100,0,20,156
16600,aftermath,,,,,100,0,20,156
16610,aftermath,,,,,100,0,20,156
16620,aftermath,,,,,100,0,20,156
16630,aftermath,,,,,100,0,20,156
16640,aftermath,,,,,100,0,20,156
16650,quiet,,,,,100,0,20,156
16660,quiet,,,,,100,0,20,156
16670,quiet,,,,,100,0,20,156
16680,quiet,,,,,100,0,20,156
16690,quiet,,,,,100,0,20,156
16700,quiet,,,,,100,0,20,156
16710,quiet,,,,,100,0,20,156
16720,quiet,,,,,100,0,20,156
16730,quiet,,,,,100,0,20,156
16740,work,,,,,100,0,20,156
16750,work,,,,,100,0,20,156
16760,travel,,,,,100,1,19,157
16770,violence,,,,,100,1,19,157
16780,violence,,,,,100,1,19,157
16790,violence,,,,,100,1,20,157
16800,violence,,,,,100,1,20,157
16810,violence,,,,,100,1,20,157
16820,aftermath,,,,,100,0,20,157
16830,aftermath,,,,,100,0,20,157
16840,aftermath,,,,,100,0,20,157
16850,aftermath,,,,,100,0,20,157
16860,aftermath,,,,,100,0,20,157
16870,aftermath,,,,,100,0,20,157
16880,quiet,,,,,100,0,20,157
16890,quiet,,,,,100,0,20,157
16900,quiet,,,,,100,0,20,157
16910,quiet,,,,,100,0,20,157
16920,quiet,,,,,100,0,20,157
16930,quiet,,,,,100,0,20,157
16940,quiet,,,,,100,0,20,157
16950,quiet,,,,,100,0,20,157
16960,quiet,,,,,100,0,20,157
16970,work,,,,,100,0,20,157
16980,work,,,,,100,0,20,157
16990,violence,,,,,100,1,19,158
17000,violence,,,,,100,1,19,158
17010,violence,,,,,100,1,20,158
17020,violence,,,,,100,1,20,158
17030,violence,,,,,100,1,20,158
17040,aftermath,,,,,100,0,20,158
17050,aftermath,,,,,100,0,20,158
17060,aftermath,,,,,100,0,20,158
17070,aftermath,,,,,100,0,20,158
17080,aftermath,,,,,100,0,20,158
17090,aftermath,,,,,100,0,20,158
17100,quiet,,,,,100,0,20,158
17110,quiet,,,,,100,0,20,158
17120,quiet,,,,,100,0,20,158
17130,quiet,,,,,100,0,20,158
17140,quiet,,,,,100,0,20,158
17150,quiet,,,,,100,0,20,158
17160,quiet,,,,,100,0,20,158
17170,quiet,,,,,100,0,20,158
17180,quiet,,,,,100,0,20,158
17190,work,,,,,100,0,20,158
17200,work,,,,,100,0,20,158
17210,travel,,,,,100,0,20,158
17220,violence,,,,,100,1,19,159
17230,violence,,,,,100,1,19,159
17240,violence,,,,,100,1,20,159
17250,violence,,,,,100,1,20,159
17260,violence,,,,,100,1,20,159
17270,aftermath,,,,,100,0,20,159
17280,aftermath,,,,,100,0,20,159
17290,aftermath,,,,,100,0,20,159
17300,aftermath,,,,,100,0,20,159
17310,aftermath,,,,,100,0,20,159
17320,aftermath,,,,,100,0,20,159
17330,quiet,,,,,100,0,20,159
17340,quiet,,,,,100,0,20,159
17350,quiet,,,,,100,0,20,159
17360,quiet,,,,,100,0,20,159
17370,quiet,,,,,100,0,20,159
17380,quiet,,,,,100,0,20,159
17390,quiet,,,,,100,0,20,159
17400,quiet,,,,,100,0,0,159
17410,quiet,,,,,100,0,0,159
17420,work,,,,,100,0,0,159
17430,work,,,,,100,0,0,159
17440,travel,,,,,100,0,0,159
17450,travel,,,,,100,0,0,159
17460,travel,,,,,100,0,0,159
17470,travel,,,,,100,0,0,159
17480,travel,,,,,100,0,0,159
17490,travel,,,,,100,0,0,159
17500,travel,,,,,100,0,0,159
17510,travel,,,,,100,0,0,159
17520,curiosity,,,,,100,0,0,159
17530,curiosity,,,,,100,0,0,159
17540,curiosity,,,,,100,0,0,159
17550,curiosity,,,,,100,0,0,159
17560,curiosity,,,,,100,0,0,159
17570,curiosity,,,,,100,0,0,159
17580,curiosity,,,,,100,0,0,159
17590,opportunity,,,,,100,0,0,159
17600,opportunity,,,,,100,0,0,159
17610,opportunity,,,,,100,0,0,159
17620,opportunity,,,,,100,0,0,159
17630,opportunity,,,,,100,0,0,159
17640,opportunity,,,,,100,0,0,159
17650,opportunity,,,,,100,0,0,159
17660,opportunity,,,,,100,0,0,159
17670,tension,,,,,100,0,0,159
17680,tension,,,,,100,0,0,159
17690,tension,,,,,100,0,0,159
17700,tension,,,,,100,0,0,159
17710,tension,,,,,100,0,0,159
17720,tension,,,,,100,0,0,159
17730,violence,,,,,100,0,0,159
17740,violence,,,,,100,0,0,159
17750,violence,,,,,100,0,0,159
17760,violence,,,,,100,0,0,159
17770,aftermath,,,,,100,0,0,159
17780,aftermath,,,,,100,0,1,159
17790,aftermath,,,,,100,0,1,159
17800,aftermath,,,,,100,0,1,159
17810,aftermath,,,,,100,0,1,159
17820,aftermath,,,,,100,0,2,159
17830,quiet,,,,,100,0,2,159
17840,quiet,,,,,100,0,2,159
17850,quiet,,,,,100,0,2,159
17860,quiet,,,,,100,0,2,159
17870,quiet,,,,,100,0,2,160
17880,quiet,,,,,100,0,2,160
17890,quiet,,,,,100,0,2,160
17900,quiet,,,,,100,0,2,160
17910,quiet,,,,,100,0,3,160
17920,work,,,,,100,0,3,160
17930,work,,,,,100,0,3,160
17940,travel,,,,,100,0,3,160
17950,violence,,,,,100,1,2,161
17960,violence,,,,,100,1,3,161
17970,violence,,,,,100,1,3,161
17980,violence,,,,,100,1,3,161
17990,violence,,,,,100,1,3,161
18000,aftermath,,,,,100,0,4,161
18010,aftermath,,,,,100,0,3,162
18020,aftermath,,,,,100,0,3,162
18030,aftermath,,,,,100,0,3,162
18040,aftermath,,,,,100,0,3,162
18050,aftermath,,,,,100,0,3,163
18060,quiet,,,,,100,0,3,163
18070,quiet,,,,,100,0,3,163
18080,quiet,,,,,100,0,3,163
18090,quiet,,,,,100,0,4,163
18100,quiet,,,,,100,0,3,164
18110,quiet,,,,,100,0,3,164
18120,quiet,,,,,100,0,3,164
18130,quiet,,,,,100,0,3,164
18140,quiet,,,,,100,0,3,165
18150,work,,,,,100,0,3,165
18160,work,,,,,100,0,3,165
18170,travel,,,,,100,0,3,165
18180,violence,,,,,100,1,3,166
18190,violence,,,,,100,1,3,166
18200,violence,,,,,100,1,3,166
18210,violence,,,,,100,1,2,167
18220,violence,,,,,100,1,2,167
18230,violence,,,,,100,1,3,167
18240,aftermath,,,,,100,0,3,167
18250,aftermath,,,,,100,0,3,167
18260,aftermath,,,,,100,0,3,167
18270,aftermath,,,,,100,0,4,167
18280,aftermath,,,,,100,0,4,167
18290,aftermath,,,,,100,0,4,167
18300,quiet,,,,,100,0,4,167
18310,quiet,,,,,100,0,4,167
18320,quiet,,,,,100,0,4,168
18330,quiet,,,,,100,0,4,168
18340,quiet,,,,,100,0,4,168
18350,quiet,,,,,100,0,4,168
18360,quiet,,,,,100,0,5,168
18370,quiet,,,,,100,0,4,169
18380,quiet,,,,,100,0,4,169
18390,work,,,,,100,0,4,169
18400,work,,,,,100,0,4,169
18410,violence,,,,,100,1,4,170
18420,violence,,,,,100,1,4,170
18430,violence,,,,,100,1,4,170
18440,violence,,,,,100,1,4,170
18450,violence,,,,,100,1,5,170
18460,violence,,,,,100,1,4,171
18470,aftermath,,,,,100,0,4,171
18480,aftermath,,,,,100,0,4,171
18490,aftermath,,,,,100,0,4,171
18500,aftermath,,,,,100,0,5,171
18510,aftermath,,,,,100,0,5,171
18520,aftermath,,,,,100,0,5,171
18530,quiet,,,,,100,0,5,171
18540,quiet,,,,,100,0,6,171
18550,quiet,,,,,100,0,5,172
18560,quiet,,,,,100,0,5,172
18570,quiet,,,,,100,0,5,172
18580,quiet,,,,,100,0,5,172
18590,quiet,,,,,100,0,6,172
18600,quiet,,,,,100,0,6,172
18610,quiet,,,,,100,0,6,172
18620,work,,,,,100,0,6,172
18630,work,,,,,100,0,7,172
18640,travel,,,,,100,0,6,173
18650,violence,,,,,100,1,5,174
18660,violence,,,,,100,1,5,174
18670,violence,,,,,100,1,5,174
18680,violence,,,,,100,1,5,175
18690,violence,,,,,100,1,5,175
18700,violence,,,,,100,1,5,175
18710,aftermath,,,,,100,0,5,175
18720,aftermath,,,,,100,0,6,175
18730,aftermath,,,,,100,0,6,175
18740,aftermath,,,,,100,0,6,175
18750,aftermath,,,,,100,0,6,175
18760,aftermath,,,,,100,0,6,175
18770,quiet,,,,,100,0,7,175
18780,quiet,,,,,100,0,7,175
18790,quiet,,,,,100,0,7,175
18800,quiet,,,,,100,0,7,175
18810,quiet,,,,,100,0,8,175
18820,quiet,,,,,100,0,7,176
18830,quiet,,,,,100,0,7,176
18840,quiet,,,,,100,0,7,176
18850,quiet,,,,,100,0,7,176
18860,work,,,,,100,0,7,177
18870,work,,,,,100,0,7,177
18880,violence,,,,,100,1,6,178
18890,violence,,,,,100,1,6,178
18900,violence,,,,,100,1,7,178
18910,violence,,,,,100,1,6,179
18920,violence,,,,,100,1,6,179
18930,aftermath,,,,,100,0,6,179
18940,aftermath,,,,,100,0,6,179
18950,aftermath,,,,,100,0,6,180
18960,aftermath,,,,,100,0,6,180
18970,aftermath,,,,,100,0,6,180
18980,aftermath,,,,,100,0,6,180
18990,quiet,,,,,100,0,7,180
19000,quiet,,,,,100,0,6,181
19010,quiet,,,,,100,0,6,181
19020,quiet,,,,,100,0,6,181
19030,quiet,,,,,100,0,6,181
19040,quiet,,,,,100,0,7,181
19050,quiet,,,,,100,0,7,181
19060,quiet,,,,,100,0,7,181
19070,quiet,,,,,100,0,7,181
19080,work,,,,,100,0,8,181
19090,work,,,,,100,0,8,181
19100,travel,,,,,100,0,8,181
19110,violence,,,,,100,1,7,182
19120,violence,,,,,100,1,7,182
19130,violence,,,,,100,1,8,182
19140,violence,,,,,100,1,8,182
19150,violence,,,,,100,1,8,182
19160,aftermath,,,,,100,0,8,182
19170,aftermath,,,,,100,0,9,182
19180,aftermath,,,,,100,0,9,182
19190,aftermath,,,,,100,0,9,182
19200,aftermath,,,,,100,0,9,182
19210,aftermath,,,,,100,0,9,182
19220,quiet,,,,,100,0,10,182
19230,quiet,,,,,100,0,10,182
19240,quiet,,,,,100,0,10,182
19250,quiet,,,,,100,0,10,182
19260,quiet,,,,,100,0,11,182
19270,quiet,,,,,100,0,11,182
19280,quiet,,,,,100,0,11,182
19290,quiet,,,,,100,0,11,182
19300,quiet,,,,,100,0,11,182
19310,work,,,,,100,0,12,182
19320,work,,,,,100,0,12,182
19330,violence,,,,,100,1,11,183
19340,violence,,,,,100,1,11,183
19350,violence,,,,,100,1,12,183
19360,violence,,,,,100,1,12,183
19370,violence,,,,,100,1,12,183
19380,violence,,,,,100,1,12,183
19390,aftermath,,,,,100,0,12,183
19400,aftermath,,,,,100,0,12,184
19410,aftermath,,,,,100,0,12,184
19420,aftermath,,,,,100,0,12,184
19430,aftermath,,,,,100,0,12,184
19440,aftermath,,,,,100,0,13,184
19450,quiet,,,,,100,0,13,184
19460,quiet,,,,,100,0,13,184
19470,quiet,,,,,100,0,13,184
19480,quiet,,,,,100,0,13,184
19490,quiet,,,,,100,0,14,184
19500,quiet,,,,,100,0,14,184
19510,quiet,,,,,100,0,14,184
19520,quiet,,,,,100,0,14,184
19530,quiet,,,,,100,0,15,184
19540,work,,,,,100,0,15,184
19550,work,,,,,100,0,15,184
19560,violence,,,,,100,1,14,185
19570,violence,,,,,100,1,14,185
19580,violence,,,,,100,1,15,185
19590,violence,,,,,100,1,15,185
19600,violence,,,,,100,1,15,185
19610,aftermath,,,,,100,0,15,185
19620,aftermath,,,,,100,0,16,185
19630,aftermath,,,,,100,0,15,186
19640,aftermath,,,,,100,0,15,186
19650,aftermath,,,,,100,0,15,186
19660,aftermath,,,,,100,0,15,186
19670,quiet,,,,,100,0,16,186
19680,quiet,,,,,100,0,16,186
19690,quiet,,,,,100,0,16,186
19700,quiet,,,,,100,0,16,186
19710,quiet,,,,,100,0,17,186
19720,quiet,,,,,100,0,17,186
19730,quiet,,,,,100,0,17,186
19740,quiet,,,,,100,0,17,186
19750,quiet,,,,,100,0,17,186
19760,work,,,,,100,0,17,187
19770,work,,,,,100,0,17,187
19780,violence,,,,,100,1,16,188
19790,violence,,,,,100,1,16,188
19800,violence,,,,,100,1,17,188
19810,violence,,,,,100,1,17,188
19820,violence,,,,,100,1,17,188
19830,violence,,,,,100,1,17,188
19840,aftermath,,,,,100,0,17,188
19850,aftermath,,,,,100,0,18,188
19860,aftermath,,,,,100,0,18,188
19870,aftermath,,,,,100,0,18,188
19880,aftermath,,,,,100,0,18,188
19890,aftermath,,,,,100,0,19,188
19900,quiet,,,,,100,0,19,188
19910,quiet,,,,,100,0,19,188
19920,quiet,,,,,100,0,19,188
19930,quiet,,,,,100,0,19,188
19940,quiet,,,,,100,0,20,188
19950,quiet,,,,,100,0,20,188
19960,quiet,,,,,100,0,20,188
19970,quiet,,,,,100,0,20,188
19980,quiet,,,,,100,0,20,188
19990,work,,,,,100,0,20,188
20000,work,,,,,100,0,19,189
20010,violence,,,,,100,1,18,190
20020,violence,,,,,100,1,17,191
20030,violence,,,,,100,1,18,191
20040,violence,,,,,100,1,18,191
20050,violence,,,,,100,1,17,192
20060,violence,,,,,100,1,17,192
20070,aftermath,,,,,100,0,18,192
20080,aftermath,,,,,100,0,17,193
20090,aftermath,,,,,100,0,17,193
20100,aftermath,,,,,100,0,17,193
20110,aftermath,,,,,100,0,17,193
20120,aftermath,,,,,100,0,17,194
20130,quiet,,,,,100,0,17,194
20140,quiet,,,,,100,0,17,194
20150,quiet,,,,,100,0,17,194
20160,quiet,,,,,100,0,18,194
20170,quiet,,,,,100,0,17,195
20180,quiet,,,,,100,0,17,195
20190,quiet,,,,,100,0,17,195
20200,quiet,,,,,100,0,17,195
20210,quiet,,,,,100,0,18,195
20220,work,,,,,100,0,18,195
20230,work,,,,,100,0,18,195
20240,violence,,,,,100,1,17,196
20250,violence,,,,,100,1,18,196
20260,violence,,,,,100,1,18,196
20270,violence,,,,,100,1,18,196
20280,violence,,,,,100,1,18,196
20290,violence,,,,,100,1,18,196
20300,aftermath,,,,,100,0,18,197
20310,aftermath,,,,,100,0,18,197
20320,aftermath,,,,,100,0,18,197
20330,aftermath,,,,,100,0,18,197
20340,aftermath,,,,,100,0,19,197
20350,aftermath,,,,,100,0,19,197
20360,quiet,,,,,100,0,19,197
20370,quiet,,,,,100,0,19,197
20380,quiet,,,,,100,0,19,197
20390,quiet,,,,,100,0,20,197
20400,quiet,,,,,100,0,20,197
20410,quiet,,,,,100,0,20,197
20420,quiet,,,,,100,0,20,197
20430,quiet,,,,,100,0,20,197
20440,quiet,,,,,100,0,20,197
20450,work,,,,,100,0,20,197
20460,work,,,,,100,0,20,197
20470,violence,,,,,100,1,19,198
20480,violence,,,,,100,1,20,198
20490,violence,,,,,100,1,20,198
20500,violence,,,,,100,1,20,198
20510,violence,,,,,100,1,20,198
20520,aftermath,,,,,100,0,20,198
20530,aftermath,,,,,100,0,20,198
20540,aftermath,,,,,100,0,20,198
20550,aftermath,,,,,100,0,20,198
20560,aftermath,,,,,100,0,20,198
20570,aftermath,,,,,100,0,20,198
20580,quiet,,,,,100,0,20,198
20590,quiet,,,,,100,0,20,198
20600,quiet,,,,,100,0,20,198
20610,quiet,,,,,100,0,20,198
20620,quiet,,,,,100,0,20,198
20630,quiet,,,,,100,0,20,198
20640,quiet,,,,,100,0,20,198
20650,quiet,,,,,100,0,20,198
20660,quiet,,,,,100,0,20,198
20670,work,,,,,100,0,20,198
20680,work,,,,,100,0,20,198
20690,violence,,,,,100,1,19,199
20700,violence,,,,,100,1,20,199
20710,violence,,,,,100,1,20,199
20720,violence,,,,,100,1,20,199
20730,violence,,,,,100,1,20,199
20740,violence,,,,,100,1,20,199
20750,aftermath,,,,,100,0,20,199
20760,aftermath,,,,,100,0,20,199
20770,aftermath,,,,,100,0,20,199
20780,aftermath,,,,,100,0,20,199
20790,aftermath,,,,,100,0,20,199
20800,aftermath,,,,,100,0,20,199
20810,quiet,,,,,100,0,20,199
20820,quiet,,,,,100,0,20,199
20830,quiet,,,,,100,0,20,199
20840,quiet,,,,,100,0,20,199
20850,quiet,,,,,100,0,20,199
20860,quiet,,,,,100,0,20,199
20870,quiet,,,,,100,0,20,199
20880,quiet,,,,,100,0,20,199
20890,quiet,,,,,100,0,20,199
20900,work,,,,,100,0,20,199
20910,work,,,,,100,0,20,199
20920,violence,,,,,100,1,19,200
20930,violence,,,,,100,1,20,200
20940,violence,,,,,100,1,20,200
20950,violence,,,,,100,1,20,200
20960,violence,,,,,100,1,20,200
20970,aftermath,,,,,100,0,20,200
20980,aftermath,,,,,100,0,20,200
20990,aftermath,,,,,100,0,20,200
21000,aftermath,,,,,100,0,20,200
21010,aftermath,,,,,100,0,20,200
21020,aftermath,,,,,100,0,20,200
21030,quiet,,,,,100,0,20,200
21040,quiet,,,,,100,0,20,200
21050,quiet,,,,,100,0,20,200
21060,quiet,,,,,100,0,20,200
21070,quiet,,,,,100,0,20,200
21080,quiet,,,,,100,0,20,200
21090,quiet,,,,,100,0,20,200
21100,quiet,,,,,100,0,20,200
21110,quiet,,,,,100,0,20,200
21120,work,,,,,100,0,20,200
21130,work,,,,,100,0,20,200
21140,violence,,,,,100,1,19,201
21150,violence,,,,,100,1,20,201
21160,violence,,,,,100,1,20,201
21170,violence,,,,,100,1,20,201
21180,violence,,,,,100,1,20,201
21190,violence,,,,,100,1,20,201
21200,aftermath,,,,,100,0,20,201
21210,aftermath,,,,,100,0,20,201
21220,aftermath,,,,,100,0,20,201
21230,aftermath,,,,,100,0,20,201
21240,aftermath,,,,,100,0,20,201
21250,aftermath,,,,,100,0,20,201
21260,quiet,,,,,100,0,20,201
21270,quiet,,,,,100,0,20,201
21280,quiet,,,,,100,0,20,201
21290,quiet,,,,,100,0,20,201
21300,quiet,,,,,100,0,20,201
21310,quiet,,,,,100,0,20,201
21320,quiet,,,,,100,0,20,201
21330,quiet,,,,,100,0,20,201
21340,quiet,,,,,100,0,20,201
21350,work,,,,,100,0,20,201
21360,work,,,,,100,0,20,201
21370,violence,,,,,100,1,19,202
21380,violence,,,,,100,1,20,202
21390,violence,,,,,100,1,20,202
21400,violence,,,,,100,1,20,202
21410,violence,,,,,100,1,20,202
21420,aftermath,,,,,100,0,20,202
21430,aftermath,,,,,100,0,20,202
21440,aftermath,,,,,100,0,20,202
21450,aftermath,,,,,100,0,20,202
21460,aftermath,,,,,100,0,20,202
21470,aftermath,,,,,100,0,20,202
21480,quiet,,,,,100,0,20,202
21490,quiet,,,,,100,0,20,202
21500,quiet,,,,,100,0,20,202
21510,quiet,,,,,100,0,20,202
21520,quiet,,,,,100,0,20,202
21530,quiet,,,,,100,0,20,202
21540,quiet,,,,,100,0,20,202
21550,quiet,,,,,100,0,20,202
21560,quiet,,,,,100,0,20,202
21570,work,,,,,100,0,20,202
21580,work,,,,,100,0,20,202
21590,violence,,,,,100,1,19,203
21600,violence,,,,,100,1,20,203
21610,violence,,,,,100,1,20,203
21620,violence,,,,,100,1,20,203
21630,violence,,,,,100,1,20,203
21640,violence,,,,,100,1,20,203
21650,aftermath,,,,,100,0,20,203
21660,aftermath,,,,,100,0,20,203
21670,aftermath,,,,,100,0,20,203
21680,aftermath,,,,,100,0,20,203
21690,aftermath,,,,,100,0,20,203
21700,aftermath,,,,,100,0,20,203
21710,quiet,,,,,100,0,20,203
21720,quiet,,,,,100,0,20,203
21730,quiet,,,,,100,0,20,203
21740,quiet,,,,,100,0,20,203
21750,quiet,,,,,100,0,20,203
21760,quiet,,,,,100,0,20,203
21770,quiet,,,,,100,0,20,203
21780,quiet,,,,,100,0,20,203
21790,quiet,,,,,100,0,20,203
21800,work,,,,,100,0,20,203
21810,work,,,,,100,0,20,203
21820,violence,,,,,100,1,19,204
21830,violence,,,,,100,1,19,205
21840,violence,,,,,100,1,19,205
21850,violence,,,,,100,1,19,205
21860,violence,,,,,100,1,19,205
21870,aftermath,,,,,100,0,20,205
21880,aftermath,,,,,100,0,19,206
21890,aftermath,,,,,100,0,19,206
21900,aftermath,,,,,100,0,19,206
21910,aftermath,,,,,100,0,19,206
21920,aftermath,,,,,100,0,20,206
21930,quiet,,,,,100,0,20,206
21940,quiet,,,,,100,0,20,206
21950,quiet,,,,,100,0,20,206
21960,quiet,,,,,100,0,20,206
21970,quiet,,,,,100,0,20,206
21980,quiet,,,,,100,0,20,206
21990,quiet,,,,,100,0,20,206
22000,quiet,,,,,100,0,20,206
22010,quiet,,,,,100,0,20,206
22020,work,,,,,100,0,20,206
22030,work,,,,,100,0,20,206
22040,violence,,,,,100,1,19,207
22050,violence,,,,,100,1,20,207
22060,violence,,,,,100,1,19,208
22070,violence,,,,,100,1,19,208
22080,violence,,,,,100,1,19,208
22090,violence,,,,,100,1,19,208
22100,aftermath,,,,,100,0,20,208
22110,aftermath,,,,,100,0,20,208
22120,aftermath,,,,,100,0,20,208
22130,aftermath,,,,,100,0,20,208
22140,aftermath,,,,,100,0,20,208
22150,aftermath,,,,,100,0,20,208
22160,quiet,,,,,100,0,20,208
22170,quiet,,,,,100,0,20,208
22180,quiet,,,,,100,0,20,208
22190,quiet,,,,,100,0,20,208
22200,quiet,,,,,100,0,20,208
22210,quiet,,,,,100,0,20,208
22220,quiet,,,,,100,0,20,208
22230,quiet,,,,,100,0,20,208
22240,quiet,,,,,100,0,20,208
22250,work,,,,,100,0,20,208
22260,work,,,,,100,0,20,208
22270,travel,,,,,100,0,20,208
22280,travel,,,,,100,0,20,208
22290,travel,,,,,100,0,20,208
22300,travel,,,,,100,0,20,208
22310,travel,,,,,100,0,20,208
22320,travel,,,,,100,0,20,208
22330,travel,,,,,100,0,20,208
22340,curiosity,,,,,100,0,20,208
22350,curiosity,,,,,100,0,20,208
22360,curiosity,,,,,100,0,20,208
22370,curiosity,,,,,100,0,20,208
22380,curiosity,,,,,100,1,19,209
22390,violence,,,,,100,1,19,209
22400,violence,,,,,100,1,19,209
22410,violence,,,,,100,1,20,209
22420,violence,,,,,100,1,20,209
22430,violence,,,,,100,1,20,209
22440,aftermath,,,,,100,0,20,209
22450,aftermath,,,,,100,0,20,209
22460,aftermath,,,,,100,0,20,209
22470,aftermath,,,,,100,0,20,209
22480,aftermath,,,,,100,0,20,209
22490,aftermath,,,,,100,0,20,209
22500,quiet,,,,,100,0,20,209
22510,quiet,,,,,100,0,20,209
22520,quiet,,,,,100,0,20,209
22530,quiet,,,,,100,0,20,209
22540,quiet,,,,,100,0,20,209
22550,quiet,,,,,100,0,20,209
22560,quiet,,,,,100,0,20,209
22570,quiet,,,,,100,0,20,209
22580,quiet,,,,,100,0,20,209
22590,work,,,,,100,0,20,209
22600,work,,,,,100,0,20,209
22610,violence,,,,,100,1,19,210
22620,violence,,,,,100,1,19,210
22630,violence,,,,,100,1,19,210
22640,violence,,,,,100,1,20,210
22650,violence,,,,,100,1,20,210
22660,aftermath,,,,,100,0,20,210
22670,aftermath,,,,,100,0,20,210
22680,aftermath,,,,,100,0,20,210
22690,aftermath,,,,,100,0,20,210
22700,aftermath,,,,,100,0,20,210
22710,aftermath,,,,,100,0,20,210
22720,quiet,,,,,100,0,20,210
22730,quiet,,,,,100,0,20,210
22740,quiet,,,,,100,0,20,210
22750,quiet,,,,,100,0,20,210
22760,quiet,,,,,100,0,20,210
22770,quiet,,,,,100,0,20,210
22780,quiet,,,,,100,0,20,210
22790,quiet,,,,,100,0,20,210
22800,quiet,,,,,100,0,20,210
22810,work,,,,,100,0,20,210
22820,work,,,,,100,0,20,210
22830,travel,,,,,100,0,20,210
22840,violence,,,,,100,1,19,211
22850,violence,,,,,100,1,19,211
22860,violence,,,,,100,1,20,211
22870,violence,,,,,100,1,19,212
22880,violence,,,,,100,1,19,212
22890,aftermath,,,,,100,0,19,212
22900,aftermath,,,,,100,0,19,212
22910,aftermath,,,,,100,0,20,212
22920,aftermath,,,,,100,0,20,212
22930,aftermath,,,,,100,0,20,212
22940,aftermath,,,,,100,0,20,212
22950,quiet,,,,,100,0,20,212
22960,quiet,,,,,100,0,20,212
22970,quiet,,,,,100,0,20,212
22980,quiet,,,,,100,0,20,212
22990,quiet,,,,,100,0,20,212
23000,quiet,,,,,100,0,20,212
23010,quiet,,,,,100,0,20,212
23020,quiet,,,,,100,0,20,212
23030,quiet,,,,,100,0,20,212
23040,work,,,,,100,0,20,212
23050,work,,,,,100,0,20,212
23060,violence,,,,,100,1,19,213
23070,violence,,,,,100,1,19,213
23080,violence,,,,,100,1,19,213
23090,violence,,,,,100,1,19,214
23100,violence,,,,,100,1,19,214
23110,violence,,,,,100,1,19,214
23120,aftermath,,,,,100,0,19,214
23130,aftermath,,,,,100,0,20,214
23140,aftermath,,,,,100,0,20,214
23150,aftermath,,,,,100,0,20,214
23160,aftermath,,,,,100,0,20,214
23170,aftermath,,,,,100,0,20,214
23180,quiet,,,,,100,0,20,214
23190,quiet,,,,,100,0,20,214
23200,quiet,,,,,100,0,20,214
23210,quiet,,,,,100,0,20,214
23220,quiet,,,,,100,0,20,214
23230,quiet,,,,,100,0,20,214
23240,quiet,,,,,100,0,20,214
23250,quiet,,,,,100,0,20,214
23260,quiet,,,,,100,0,20,214
23270,work,,,,,100,0,20,214
23280,work,,,,,100,0,20,214
23290,violence,,,,,100,1,19,215
23300,violence,,,,,100,1,19,215
23310,violence,,,,,100,1,20,215
23320,violence,,,,,100,1,20,215
23330,violence,,,,,100,1,20,215
23340,aftermath,,,,,100,0,20,215
23350,aftermath,,,,,100,0,20,215
23360,aftermath,,,,,100,0,20,215
23370,aftermath,,,,,100,0,20,215
23380,aftermath,,,,,100,0,20,215
23390,aftermath,,,,,100,0,20,215
23400,quiet,,,,,100,0,20,215
23410,quiet,,,,,100,0,20,215
23420,quiet,,,,,100,0,20,215
23430,quiet,,,,,100,0,20,215
23440,quiet,,,,,100,0,20,215
23450,quiet,,,,,100,0,20,215
23460,quiet,,,,,100,0,20,215
23470,quiet,,,,,100,0,20,215
23480,quiet,,,,,100,0,20,215
23490,work,,,,,100,0,20,215
23500,work,,,,,100,0,20,215
23510,violence,,,,,100,1,19,216
23520,violence,,,,,100,1,19,216
23530,violence,,,,,100,1,19,216
23540,violence,,,,,100,1,20,216
23550,violence,,,,,100,1,20,216
23560,violence,,,,,100,1,20,216
23570,aftermath,,,,,100,0,20,216
23580,aftermath,,,,,100,0,20,216
23590,aftermath,,,,,100,0,20,216
23600,aftermath,,,,,100,0,20,216
23610,aftermath,,,,,100,0,20,216
23620,aftermath,,,,,100,0,20,216
23630,quiet,,,,,100,0,20,216
23640,quiet,,,,,100,0,20,216
23650,quiet,,,,,100,0,20,216
23660,quiet,,,,,100,0,20,216
23670,quiet,,,,,100,0,20,216
23680,quiet,,,,,100,0,20,216
23690,quiet,,,,,100,0,20,216
23700,quiet,,,,,100,0,20,216
23710,quiet,,,,,100,0,20,216
23720,work,,,,,100,0,20,216
23730,work,,,,,100,0,20,216
23740,violence,,,,,100,1,19,217
23750,violence,,,,,100,1,19,217
23760,violence,,,,,100,1,20,217
23770,violence,,,,,100,1,20,217
23780,violence,,,,,100,1,20,217
23790,aftermath,,,,,100,0,20,217
23800,aftermath,,,,,100,0,20,217
23810,aftermath,,,,,100,0,20,217
23820,aftermath,,,,,100,0,20,217
23830,aftermath,,,,,100,0,20,217
23840,aftermath,,,,,100,0,20,217
23850,quiet,,,,,100,0,20,217
23860,quiet,,,,,100,0,20,217
23870,quiet,,,,,100,0,20,217
23880,quiet,,,,,100,0,20,217
23890,quiet,,,,,100,0,20,217
23900,quiet,,,,,100,0,20,217
23910,quiet,,,,,100,0,20,217
23920,quiet,,,,,100,0,20,217
23930,quiet,,,,,100,0,20,217
23940,work,,,,,100,0,20,217
23950,work,,,,,100,0,20,217
23960,travel,,,,,100,1,19,218
23970,violence,,,,,100,1,19,218
23980,violence,,,,,100,1,19,218
23990,violence,,,,,100,1,19,219
24000,violence,,,,,100,1,19,219
24010,violence,,,,,100,1,19,219
24020,aftermath,,,,,100,0,19,219
24030,aftermath,,,,,100,0,20,219
24040,aftermath,,,,,100,0,20,219
24050,aftermath,,,,,100,0,20,219
24060,aftermath,,,,,100,0,20,219
24070,aftermath,,,,,100,0,20,219
24080,quiet,,,,,100,0,20,219
24090,quiet,,,,,100,0,20,219
24100,quiet,,,,,100,0,20,219
24110,quiet,,,,,100,0,20,219
24120,quiet,,,,,100,0,20,219
24130,quiet,,,,,100,0,20,219
24140,quiet,,,,,100,0,20,219
24150,quiet,,,,,100,0,20,219
24160,quiet,,,,,100,0,20,219
24170,work,,,,,100,0,20,219
24180,work,,,,,100,0,20,219
24190,violence,,,,,100,1,19,220
24200,violence,,,,,100,1,19,220
24210,violence,,,,,100,1,20,220
24220,violence,,,,,100,1,19,221
24230,violence,,,,,100,1,19,221
24240,aftermath,,,,,100,0,19,221
24250,aftermath,,,,,100,0,19,221
24260,aftermath,,,,,100,0,20,221
24270,aftermath,,,,,100,0,20,221
24280,aftermath,,,,,100,0,20,221
24290,aftermath,,,,,100,0,20,221
24300,quiet,,,,,100,0,20,221
24310,quiet,,,,,100,0,20,221
24320,quiet,,,,,100,0,20,221
24330,quiet,,,,,100,0,20,221
24340,quiet,,,,,100,0,20,221
24350,quiet,,,,,100,0,20,221
24360,quiet,,,,,100,0,20,221
24370,quiet,,,,,100,0,20,221
24380,quiet,,,,,100,0,20,221
24390,work,,,,,100,0,20,221
24400,work,,,,,100,0,20,221
24410,travel,,,,,100,1,19,222
24420,violence,,,,,100,1,19,222
24430,violence,,,,,100,1,19,222
24440,violence,,,,,100,1,19,223
24450,violence,,,,,100,1,19,223
24460,violence,,,,,100,1,19,223
24470,aftermath,,,,,100,0,19,223
24480,aftermath,,,,,100,0,20,223
24490,aftermath,,,,,100,0,20,223
24500,aftermath,,,,,100,0,20,223
24510,aftermath,,,,,100,0,20,223
24520,aftermath,,,,,100,0,20,223
24530,quiet,,,,,100,0,20,223
24540,quiet,,,,,100,0,20,223
24550,quiet,,,,,100,0,20,223
24560,quiet,,,,,100,0,20,223
24570,quiet,,,,,100,0,20,223
24580,quiet,,,,,100,0,20,223
24590,quiet,,,,,100,0,20,223
24600,quiet,,,,,100,0,0,223
24610,quiet,,,,,100,0,0,223
24620,work,,,,,100,0,0,223
24630,work,,,,,100,0,0,223
24640,travel,,,,,100,0,0,223
24650,travel,,,,,100,0,0,223
24660,travel,,,,,100,0,0,223
24670,travel,,,,,100,0,0,223
24680,travel,,,,,100,0,0,223
24690,travel,,,,,100,0,0,223
24700,travel,,,,,100,0,0,223
24710,curiosity,,,,,100,0,0,223
24720,curiosity,,,,,100,0,0,223
24730,curiosity,,,,,100,0,0,223
24740,curiosity,,,,,100,0,0,223
24750,curiosity,,,,,100,0,0,223
24760,curiosity,,,,,100,0,0,223
24770,curiosity,,,,,100,0,0,223
24780,curiosity,,,,,100,0,0,223
24790,opportunity,,,,,100,0,0,223
24800,opportunity,,,,,100,0,0,223
24810,opportunity,,,,,100,0,0,223
24820,opportunity,,,,,100,0,0,223
24830,opportunity,,,,,100,0,0,223
24840,opportunity,,,,,100,0,0,223
24850,opportunity,,,,,100,0,0,223
24860,tension,,,,,100,0,0,223
24870,tension,,,,,100,0,0,223
24880,tension,,,,,100,0,0,223
24890,tension,,,,,100,0,0,223
24900,tension,,,,,100,0,0,223
24910,tension,,,,,100,0,0,223
24920,violence,,,,,100,0,0,223
24930,violence,,,,,100,0,0,223
24940,violence,,,,,100,0,0,223
24950,violence,,,,,100,0,0,223
24960,violence,,,,,100,0,0,223
24970,aftermath,,,,,100,0,0,223
24980,aftermath,,,,,100,0,1,223
24990,aftermath,,,,,100,0,1,223
25000,aftermath,,,,,100,0,1,223
25010,aftermath,,,,,100,0,1,223
25020,aftermath,,,,,100,0,2,223
25030,quiet,,,,,100,0,1,224
25040,quiet,,,,,100,0,1,224
25050,quiet,,,,,100,0,1,224
25060,quiet,,,,,100,0,1,224
25070,quiet,,,,,100,0,2,224
25080,quiet,,,,,100,0,2,224
25090,quiet,,,,,100,0,2,224
25100,quiet,,,,,100,0,2,224
25110,quiet,,,,,100,0,3,224
25120,work,,,,,100,0,3,224
25130,work,,,,,100,0,3,224
25140,travel,,,,,100,0,3,224
25150,violence,,,,,100,1,2,225
25160,violence,,,,,100,1,2,226
25170,violence,,,,,100,1,2,226
25180,violence,,,,,100,1,2,226
25190,violence,,,,,100,1,2,226
25200,aftermath,,,,,100,0,3,226
25210,aftermath,,,,,100,0,2,227
25220,aftermath,,,,,100,0,2,227
25230,aftermath,,,,,100,0,2,227
25240,aftermath,,,,,100,0,2,227
25250,aftermath,,,,,100,0,2,228
25260,quiet,,,,,100,0,2,228
25270,quiet,,,,,100,0,2,228
25280,quiet,,,,,100,0,2,228
25290,quiet,,,,,100,0,3,228
25300,quiet,,,,,100,0,2,229
25310,quiet,,,,,100,0,2,229
25320,quiet,,,,,100,0,2,229
25330,quiet,,,,,100,0,2,229
25340,quiet,,,,,100,0,2,230
25350,work,,,,,100,0,2,230
25360,work,,,,,100,0,2,230
25370,travel,,,,,100,0,2,230
25380,travel,,,,,100,0,3,230
25390,violence,,,,,100,1,2,231
25400,violence,,,,,100,1,2,231
25410,violence,,,,,100,1,2,231
25420,violence,,,,,100,1,2,231
25430,violence,,,,,100,1,2,232
25440,aftermath,,,,,100,0,2,232
25450,aftermath,,,,,100,0,2,232
25460,aftermath,,,,,100,0,2,232
25470,aftermath,,,,,100,0,3,232
25480,aftermath,,,,,100,0,3,232
25490,aftermath,,,,,100,0,3,232
25500,quiet,,,,,100,0,3,232
25510,quiet,,,,,100,0,3,232
25520,quiet,,,,,100,0,3,233
25530,quiet,,,,,100,0,3,233
25540,quiet,,,,,100,0,3,233
25550,quiet,,,,,100,0,3,233
25560,quiet,,,,,100,0,4,233
25570,quiet,,,,,100,0,3,234
25580,quiet,,,,,100,0,3,234
25590,work,,,,,100,0,3,234
25600,work,,,,,100,0,3,234
25610,violence,,,,,100,1,3,235
25620,violence,,,,,100,1,3,235
25630,violence,,,,,100,1,3,235
25640,violence,,,,,100,1,3,235
25650,violence,,,,,100,1,4,235
25660,violence,,,,,100,1,4,235
25670,aftermath,,,,,100,0,4,235
25680,aftermath,,,,,100,0,4,235
25690,aftermath,,,,,100,0,4,235
25700,aftermath,,,,,100,0,4,236
25710,aftermath,,,,,100,0,4,236
25720,aftermath,,,,,100,0,4,236
25730,quiet,,,,,100,0,4,236
25740,quiet,,,,,100,0,5,236
25750,quiet,,,,,100,0,5,236
25760,quiet,,,,,100,0,5,236
25770,quiet,,,,,100,0,5,236
25780,quiet,,,,,100,0,5,236
25790,quiet,,,,,100,0,6,236
25800,quiet,,,,,100,0,6,236
25810,quiet,,,,,100,0,6,236
25820,work,,,,,100,0,6,236
25830,work,,,,,100,0,7,236
25840,travel,,,,,100,0,6,237
25850,violence,,,,,100,1,5,238
25860,violence,,,,,100,1,5,238
25870,violence,,,,,100,1,5,238
25880,violence,,,,,100,1,6,238
25890,violence,,,,,100,1,6,238
25900,violence,,,,,100,1,6,238
25910,aftermath,,,,,100,0,6,238
25920,aftermath,,,,,100,0,7,238
25930,aftermath,,,,,100,0,7,238
25940,aftermath,,,,,100,0,7,238
25950,aftermath,,,,,100,0,7,238
25960,aftermath,,,,,100,0,7,238
25970,quiet,,,,,100,0,7,239
25980,quiet,,,,,100,0,7,239
25990,quiet,,,,,100,0,7,239
26000,quiet,,,,,100,0,7,239
26010,quiet,,,,,100,0,8,239
26020,quiet,,,,,100,0,7,240
26030,quiet,,,,,100,0,7,240
26040,quiet,,,,,100,0,7,240
26050,quiet,,,,,100,0,7,240
26060,work,,,,,100,0,8,240
26070,work,,,,,100,0,8,240
26080,violence,,,,,100,1,7,241
26090,violence,,,,,100,1,7,241
26100,violence,,,,,100,1,8,241
26110,violence,,,,,100,1,7,242
26120,violence,,,,,100,1,7,242
26130,aftermath,,,,,100,0,7,242
26140,aftermath,,,,,100,0,7,242
26150,aftermath,,,,,100,0,7,243
26160,aftermath,,,,,100,0,7,243
26170,aftermath,,,,,100,0,7,243
26180,aftermath,,,,,100,0,7,243
26190,quiet,,,,,100,0,8,243
26200,quiet,,,,,100,0,8,243
26210,quiet,,,,,100,0,8,243
26220,quiet,,,,,100,0,8,243
26230,quiet,,,,,100,0,8,243
26240,quiet,,,,,100,0,9,243
26250,quiet,,,,,100,0,9,243
26260,quiet,,,,,100,0,9,243
26270,quiet,,,,,100,0,9,243
26280,work,,,,,100,0,10,243
26290,work,,,,,100,0,9,244
26300,violence,,,,,100,1,8,245
26310,violence,,,,,100,1,8,245
26320,violence,,,,,100,1,8,245
26330,violence,,,,,100,1,8,246
26340,violence,,,,,100,1,8,246
26350,violence,,,,,100,1,8,246
26360,aftermath,,,,,100,0,8,246
26370,aftermath,,,,,100,0,9,246
26380,aftermath,,,,,100,0,8,247
26390,aftermath,,,,,100,0,8,247
26400,aftermath,,,,,100,0,8,247
26410,aftermath,,,,,100,0,8,247
26420,quiet,,,,,100,0,8,248
26430,quiet,,,,,100,0,8,248
26440,quiet,,,,,100,0,8,248
26450,quiet,,,,,100,0,8,248
26460,quiet,,,,,100,0,9,248
26470,quiet,,,,,100,0,8,249
26480,quiet,,,,,100,0,8,249
26490,quiet,,,,,100,0,8,249
26500,quiet,,,,,100,0,8,249
26510,work,,,,,100,0,9,249
26520,work,,,,,100,0,9,249
26530,violence,,,,,100,1,8,250
26540,violence,,,,,100,1,8,250
26550,violence,,,,,100,1,9,250
26560,violence,,,,,100,1,8,251
26570,violence,,,,,100,1,8,251
26580,aftermath,,,,,100,0,8,251
26590,aftermath,,,,,100,0,8,251
26600,aftermath,,,,,100,0,8,252
26610,aftermath,,,,,100,0,8,252
26620,aftermath,,,,,100,0,8,252
26630,aftermath,,,,,100,0,8,252
26640,quiet,,,,,100,0,9,252
26650,quiet,,,,,100,0,9,252
26660,quiet,,,,,100,0,9,252
26670,quiet,,,,,100,0,9,252
26680,quiet,,,,,100,0,9,252
26690,quiet,,,,,100,0,10,252
26700,quiet,,,,,100,0,10,252
26710,quiet,,,,,100,0,10,252
26720,quiet,,,,,100,0,10,252
26730,work,,,,,100,0,11,252
26740,work,,,,,100,0,11,252
26750,travel,,,,,100,0,11,252
26760,violence,,,,,100,1,10,253
26770,violence,,,,,100,1,10,253
26780,violence,,,,,100,1,10,254
26790,violence,,,,,100,1,10,254
26800,violence,,,,,100,1,10,254
26810,aftermath,,,,,100,0,10,254
26820,aftermath,,,,,100,0,11,254
26830,aftermath,,,,,100,0,10,255
26840,aftermath,,,,,100,0,10,255
26850,aftermath,,,,,100,0,10,255
26860,aftermath,,,,,100,0,10,255
26870,quiet,,,,,100,0,10,256
26880,quiet,,,,,100,0,10,256
26890,quiet,,,,,100,0,10,256
26900,quiet,,,,,100,0,10,256
26910,quiet,,,,,100,0,11,256
26920,quiet,,,,,100,0,11,256
26930,quiet,,,,,100,0,11,256
26940,quiet,,,,,100,0,11,256
26950,quiet,,,,,100,0,11,256
26960,work,,,,,100,0,12,256
26970,work,,,,,100,0,12,256
26980,violence,,,,,100,1,11,257
26990,violence,,,,,100,1,11,257
27000,violence,,,,,100,1,12,257
27010,violence,,,,,100,1,12,257
27020,violence,,,,,100,1,12,257
27030,violence,,,,,100,1,12,257
27040,aftermath,,,,,100,0,12,257
27050,aftermath,,,,,100,0,13,257
27060,aftermath,,,,,100,0,13,257
27070,aftermath,,,,,100,0,13,257
27080,aftermath,,,,,100,0,13,257
27090,aftermath,,,,,100,0,14,257
27100,quiet,,,,,100,0,14,257
27110,quiet,,,,,100,0,14,257
27120,quiet,,,,,100,0,14,257
27130,quiet,,,,,100,0,14,257
27140,quiet,,,,,100,0,15,257
27150,quiet,,,,,100,0,15,257
27160,quiet,,,,,100,0,15,257
27170,quiet,,,,,100,0,15,257
27180,quiet,,,,,100,0,15,258
27190,work,,,,,100,0,15,258
27200,work,,,,,100,0,15,258
27210,violence,,,,,100,1,14,259
27220,violence,,,,,100,1,13,260
27230,violence,,,,,100,1,14,260
27240,violence,,,,,100,1,14,260
27250,violence,,,,,100,1,14,260
27260,aftermath,,,,,100,0,14,260
27270,aftermath,,,,,100,0,15,260
27280,aftermath,,,,,100,0,15,260
27290,aftermath,,,,,100,0,15,260
27300,aftermath,,,,,100,0,15,260
27310,aftermath,,,,,100,0,15,260
27320,quiet,,,,,100,0,16,260
27330,quiet,,,,,100,0,16,260
27340,quiet,,,,,100,0,16,260
27350,quiet,,,,,100,0,16,260
27360,quiet,,,,,100,0,17,260
27370,quiet,,,,,100,0,16,261
27380,quiet,,,,,100,0,16,261
27390,quiet,,,,,100,0,16,261
27400,quiet,,,,,100,0,16,261
27410,work,,,,,100,0,17,261
27420,work,,,,,100,0,17,261
27430,violence,,,,,100,1,16,262
27440,violence,,,,,100,1,16,262
27450,violence,,,,,100,1,17,262
27460,violence,,,,,100,1,16,263
27470,violence,,,,,100,1,16,263
27480,violence,,,,,100,1,16,263
27490,aftermath,,,,,100,0,16,263
27500,aftermath,,,,,100,0,16,264
27510,aftermath,,,,,100,0,16,264
27520,aftermath,,,,,100,0,16,264
27530,aftermath,,,,,100,0,16,264
27540,aftermath,,,,,100,0,17,264
27550,quiet,,,,,100,0,16,265
27560,quiet,,,,,100,0,16,265
27570,quiet,,,,,100,0,16,265
27580,quiet,,,,,100,0,16,265
27590,quiet,,,,,100,0,16,266
27600,quiet,,,,,100,0,16,266
27610,quiet,,,,,100,0,16,266
27620,quiet,,,,,100,0,16,266
27630,quiet,,,,,100,0,17,266
27640,work,,,,,100,0,17,266
27650,work,,,,,100,0,17,266
27660,violence,,,,,100,1,16,267
27670,violence,,,,,100,1,16,267
27680,violence,,,,,100,1,17,267
27690,violence,,,,,100,1,17,267
27700,violence,,,,,100,1,17,267
27710,aftermath,,,,,100,0,17,267
27720,aftermath,,,,,100,0,18,267
27730,aftermath,,,,,100,0,18,267
27740,aftermath,,,,,100,0,18,267
27750,aftermath,,,,,100,0,18,267
27760,aftermath,,,,,100,0,18,267
27770,quiet,,,,,100,0,18,268
27780,quiet,,,,,100,0,18,268
27790,quiet,,,,,100,0,18,268
27800,quiet,,,,,100,0,18,268
27810,quiet,,,,,100,0,19,268
27820,quiet,,,,,100,0,19,268
27830,quiet,,,,,100,0,19,268
27840,quiet,,,,,100,0,19,268
27850,quiet,,,,,100,0,19,268
27860,work,,,,,100,0,20,268
27870,work,,,,,100,0,20,268
27880,violence,,,,,100,1,19,269
27890,violence,,,,,100,1,19,269
27900,violence,,,,,100,1,20,269
27910,violence,,,,,100,1,20,269
27920,violence,,,,,100,1,20,269
27930,violence,,,,,100,1,20,269
27940,aftermath,,,,,100,0,20,269
27950,aftermath,,,,,100,0,20,269
27960,aftermath,,,,,100,0,20,269
27970,aftermath,,,,,100,0,20,269
27980,aftermath,,,,,100,0,20,269
27990,aftermath,,,,,100,0,20,269
28000,quiet,,,,,100,0,20,269
28010,quiet,,,,,100,0,20,269
28020,quiet,,,,,100,0,20,269
28030,quiet,,,,,100,0,20,269
28040,quiet,,,,,100,0,20,269
28050,quiet,,,,,100,0,20,269
28060,quiet,,,,,100,0,20,269
28070,quiet,,,,,100,0,20,269
28080,quiet,,,,,100,0,20,269
28090,work,,,,,100,0,20,269
28100,work,,,,,100,0,20,269
28110,violence,,,,,100,1,19,270
28120,violence,,,,,100,1,19,270
28130,violence,,,,,100,1,20,270
28140,violence,,,,,100,1,20,270
28150,violence,,,,,100,1,20,270
28160,violence,,,,,100,1,20,270
28170,aftermath,,,,,100,0,20,270
28180,aftermath,,,,,100,0,20,270
28190,aftermath,,,,,100,0,20,270
28200,aftermath,,,,,100,0,20,270
28210,aftermath,,,,,100,0,20,270
28220,aftermath,,,,,100,0,20,270
28230,quiet,,,,,100,0,20,270
28240,quiet,,,,,100,0,20,270
28250,quiet,,,,,100,0,20,270
28260,quiet,,,,,100,0,20,270
28270,quiet,,,,,100,0,20,270
28280,quiet,,,,,100,0,20,270
28290,quiet,,,,,100,0,20,270
28300,quiet,,,,,100,0,20,270
28310,quiet,,,,,100,0,20,270
28320,work,,,,,100,0,20,270
28330,work,,,,,100,0,20,270
28340,violence,,,,,100,1,19,271
28350,violence,,,,,100,1,20,271
28360,violence,,,,,100,1,19,272
28370,violence,,,,,100,1,19,272
28380,violence,,,,,100,1,19,272
28390,aftermath,,,,,100,0,19,272
28400,aftermath,,,,,100,0,20,272
28410,aftermath,,,,,100,0,20,272
28420,aftermath,,,,,100,0,20,272
28430,aftermath,,,,,100,0,20,272
28440,aftermath,,,,,100,0,20,272
28450,quiet,,,,,100,0,20,272
28460,quiet,,,,,100,0,20,272
28470,quiet,,,,,100,0,20,272
28480,quiet,,,,,100,0,20,272
28490,quiet,,,,,100,0,20,272
28500,quiet,,,,,100,0,20,272
28510,quiet,,,,,100,0,20,272
28520,quiet,,,,,100,0,20,272
28530,quiet,,,,,100,0,20,272
28540,work,,,,,100,0,20,272
28550,work,,,,,100,0,20,272
28560,violence,,,,,100,1,19,273
28570,violence,,,,,100,1,19,273
28580,violence,,,,,100,1,19,274
28590,violence,,,,,100,1,19,274
28600,violence,,,,,100,1,19,274
28610,violence,,,,,100,1,19,274
28620,aftermath,,,,,100,0,20,274
28630,aftermath,,,,,100,0,20,274
28640,aftermath,,,,,100,0,20,274
28650,aftermath,,,,,100,0,20,274
28660,aftermath,,,,,100,0,20,274
28670,aftermath,,,,,100,0,20,274
28680,quiet,,,,,100,0,20,274
28690,quiet,,,,,100,0,20,274
28700,quiet,,,,,100,0,20,274
28710,quiet,,,,,100,0,20,274
28720,quiet,,,,,100,0,20,274
28730,quiet,,,,,100,0,20,274
28740,quiet,,,,,100,0,20,274
28750,quiet,,,,,100,0,20,274
28760,quiet,,,,,100,0,20,274
28770,work,,,,,100,0,20,274
28780,work,,,,,100,0,20,274
28790,violence,,,,,100,1,19,275
28800,violence,,,,,100,1,20,275
28810,violence,,,,,100,1,19,276
28820,violence,,,,,100,1,19,276
28830,violence,,,,,100,1,19,276
28840,aftermath,,,,,100,0,19,276
28850,aftermath,,,,,100,0,20,276
28860,aftermath,,,,,100,0,20,276
28870,aftermath,,,,,100,0,20,276
28880,aftermath,,,,,100,0,20,276
28890,aftermath,,,,,100,0,20,276
28900,quiet,,,,,100,0,20,276
28910,quiet,,,,,100,0,20,276
28920,quiet,,,,,100,0,20,276
28930,quiet,,,,,100,0,20,276
28940,quiet,,,,,100,0,20,276
28950,quiet,,,,,100,0,20,276
28960,quiet,,,,,100,0,20,276
28970,quiet,,,,,100,0,20,276
28980,quiet,,,,,100,0,20,276
28990,work,,,,,100,0,20,276
29000,work,,,,,100,0,20,276
29010,violence,,,,,100,1,19,277
29020,violence,,,,,100,1,19,277
29030,violence,,,,,100,1,20,277
29040,violence,,,,,100,1,20,277
29050,violence,,,,,100,1,20,277
29060,violence,,,,,100,1,20,277
29070,aftermath,,,,,100,0,20,277
29080,aftermath,,,,,100,0,20,277
29090,aftermath,,,,,100,0,20,277
29100,aftermath,,,,,100,0,20,277
29110,aftermath,,,,,100,0,20,277
29120,aftermath,,,,,100,0,20,277
29130,quiet,,,,,100,0,20,277
29140,quiet,,,,,100,0,20,277
29150,quiet,,,,,100,0,20,277
29160,quiet,,,,,100,0,20,277
29170,quiet,,,,,100,0,20,277
29180,quiet,,,,,100,0,20,277
29190,quiet,,,,,100,0,20,277
29200,quiet,,,,,100,0,20,277
29210,quiet,,,,,100,0,20,277
29220,work,,,,,100,0,20,277
29230,work,,,,,100,0,20,277
29240,violence,,,,,100,1,19,278
29250,violence,,,,,100,1,20,278
29260,violence,,,,,100,1,19,279
29270,violence,,,,,100,1,19,279
29280,violence,,,,,100,1,19,279
29290,aftermath,,,,,100,0,19,279
29300,aftermath,,,,,100,0,20,279
29310,aftermath,,,,,100,0,20,279
29320,aftermath,,,,,100,0,20,279
29330,aftermath,,,,,100,0,20,279
29340,aftermath,,,,,100,0,20,279
29350,quiet,,,,,100,0,20,279
29360,quiet,,,,,100,0,20,279
29370,quiet,,,,,100,0,20,279
29380,quiet,,,,,100,0,20,279
29390,quiet,,,,,100,0,20,279
29400,quiet,,,,,100,0,20,279
29410,quiet,,,,,100,0,20,279
29420,quiet,,,,,100,0,20,279
29430,quiet,,,,,100,0,20,279
29440,work,,,,,100,0,20,279
29450,work,,,,,100,0,20,279
29460,travel,,,,,100,0,20,279
29470,travel,,,,,100,0,20,279
29480,travel,,,,,100,0,20,279
29490,travel,,,,,100,0,20,279
29500,travel,,,,,100,0,20,279
29510,travel,,,,,100,0,20,279
29520,travel,,,,,100,0,20,279
29530,travel,,,,,100,0,20,279
29540,curiosity,,,,,100,0,20,279
29550,curiosity,,,,,100,0,20,279
29560,curiosity,,,,,100,0,20,279
29570,curiosity,,,,,100,0,20,279
29580,curiosity,,,,,100,0,20,279
29590,violence,,,,,100,1,19,280
29600,violence,,,,,100,1,19,280
29610,violence,,,,,100,1,20,280
29620,violence,,,,,100,1,20,280
29630,violence,,,,,100,1,20,280
29640,aftermath,,,,,100,0,20,280
29650,aftermath,,,,,100,0,20,280
29660,aftermath,,,,,100,0,20,280
29670,aftermath,,,,,100,0,20,280
29680,aftermath,,,,,100,0,20,280
29690,aftermath,,,,,100,0,20,280
29700,quiet,,,,,100,0,20,280
29710,quiet,,,,,100,0,20,280
29720,quiet,,,,,100,0,20,280
29730,quiet,,,,,100,0,20,280
29740,quiet,,,,,100,0,20,280
29750,quiet,,,,,100,0,20,280
29760,quiet,,,,,100,0,20,280
29770,quiet,,,,,100,0,20,280
29780,quiet,,,,,100,0,20,280
29790,work,,,,,100,0,20,280
29800,work,,,,,100,0,20,280
29810,violence,,,,,100,1,19,281
29820,violence,,,,,100,1,19,281
29830,violence,,,,,100,1,19,281
29840,violence,,,,,100,1,19,282
29850,violence,,,,,100,1,19,282
29860,violence,,,,,100,1,19,282
29870,aftermath,,,,,100,0,19,282
29880,aftermath,,,,,100,0,20,282
29890,aftermath,,,,,100,0,20,282
29900,aftermath,,,,,100,0,20,282
29910,aftermath,,,,,100,0,20,282
29920,aftermath,,,,,100,0,20,282
29930,quiet,,,,,100,0,20,282
29940,quiet,,,,,100,0,20,282
29950,quiet,,,,,100,0,20,282
29960,quiet,,,,,100,0,20,282
29970,quiet,,,,,100,0,20,282
29980,quiet,,,,,100,0,20,282
29990,quiet,,,,,100,0,20,282
30000,quiet,,,,,100,0,20,282
30010,quiet,,,,,100,0,20,282
30020,work,,,,,100,0,20,282
30030,work,,,,,100,0,20,282
30040,violence,,,,,100,1,19,283
30050,violence,,,,,100,1,19,283
30060,violence,,,,,100,1,20,283
30070,violence,,,,,100,1,20,283
30080,violence,,,,,100,1,20,283
30090,aftermath,,,,,100,0,20,283
30100,aftermath,,,,,100,0,20,283
30110,aftermath,,,,,100,0,20,283
30120,aftermath,,,,,100,0,20,283
30130,aftermath,,,,,100,0,20,283
30140,aftermath,,,,,100,0,20,283
30150,quiet,,,,,100,0,20,283
30160,quiet,,,,,100,0,20,283
30170,quiet,,,,,100,0,20,283
30180,quiet,,,,,100,0,20,283
30190,quiet,,,,,100,0,20,283
30200,quiet,,,,,100,0,20,283
30210,quiet,,,,,100,0,20,283
30220,quiet,,,,,100,0,20,283
30230,quiet,,,,,100,0,20,283
30240,work,,,,,100,0,20,283
30250,work,,,,,100,0,20,283
30260,violence,,,,,100,1,19,284
30270,violence,,,,,100,1,19,284
30280,violence,,,,,100,1,19,284
30290,violence,,,,,100,1,20,284
30300,violence,,,,,100,1,20,284
30310,violence,,,,,100,1,20,284
30320,aftermath,,,,,100,0,20,284
30330,aftermath,,,,,100,0,20,284
30340,aftermath,,,,,100,0,20,284
30350,aftermath,,,,,100,0,20,284
30360,aftermath,,,,,100,0,20,284
30370,aftermath,,,,,100,0,20,284
30380,quiet,,,,,100,0,20,284
30390,quiet,,,,,100,0,20,284
30400,quiet,,,,,100,0,20,284
30410,quiet,,,,,100,0,20,284
30420,quiet,,,,,100,0,20,284
30430,quiet,,,,,100,0,20,284
30440,quiet,,,,,100,0,20,284
30450,quiet,,,,,100,0,20,284
30460,quiet,,,,,100,0,20,284
30470,work,,,,,100,0,20,284
30480,work,,,,,100,0,20,284
30490,violence,,,,,100,1,19,285
30500,violence,,,,,100,1,19,285
30510,violence,,,,,100,1,20,285
30520,violence,,,,,100,1,20,285
30530,violence,,,,,100,1,20,285
30540,aftermath,,,,,100,0,20,285
30550,aftermath,,,,,100,0,20,285
30560,aftermath,,,,,100,0,19,286
30570,aftermath,,,,,100,0,19,286
30580,aftermath,,,,,100,0,19,286
30590,aftermath,,,,,100,0,19,286
30600,quiet,,,,,100,0,20,286
30610,quiet,,,,,100,0,20,286
30620,quiet,,,,,100,0,20,286
30630,quiet,,,,,100,0,20,286
30640,quiet,,,,,100,0,20,286
30650,quiet,,,,,100,0,20,286
30660,quiet,,,,,100,0,20,286
30670,quiet,,,,,100,0,20,286
30680,quiet,,,,,100,0,20,286
30690,work,,,,,100,0,20,286
30700,work,,,,,100,0,20,286
30710,violence,,,,,100,1,19,287
30720,violence,,,,,100,1,19,287
30730,violence,,,,,100,1,19,287
30740,violence,,,,,100,1,20,287
30750,violence,,,,,100,1,20,287
30760,violence,,,,,100,1,20,287
30770,aftermath,,,,,100,0,20,287
30780,aftermath,,,,,100,0,20,287
30790,aftermath,,,,,100,0,20,287
30800,aftermath,,,,,100,0,20,287
30810,aftermath,,,,,100,0,20,287
30820,aftermath,,,,,100,0,20,287
30830,quiet,,,,,100,0,20,287
30840,quiet,,,,,100,0,20,287
30850,quiet,,,,,100,0,20,287
30860,quiet,,,,,100,0,20,287
30870,quiet,,,,,100,0,20,287
30880,quiet,,,,,100,0,20,287
30890,quiet,,,,,100,0,20,287
30900,quiet,,,,,100,0,20,287
30910,quiet,,,,,100,0,20,287
30920,work,,,,,100,0,20,287
30930,work,,,,,100,0,20,287
30940,violence,,,,,100,1,19,288
30950,violence,,,,,100,1,19,288
30960,violence,,,,,100,1,20,288
30970,violence,,,,,100,1,19,289
30980,violence,,,,,100,1,19,289
30990,aftermath,,,,,100,0,19,289
31000,aftermath,,,,,100,0,19,289
31010,aftermath,,,,,100,0,20,289
31020,aftermath,,,,,100,0,20,289
31030,aftermath,,,,,100,0,20,289
31040,aftermath,,,,,100,0,20,289
31050,quiet,,,,,100,0,20,289
31060,quiet,,,,,100,0,20,289
31070,quiet,,,,,100,0,20,289
31080,quiet,,,,,100,0,20,289
31090,quiet,,,,,100,0,20,289
31100,quiet,,,,,100,0,20,289
31110,quiet,,,,,100,0,20,289
31120,quiet,,,,,100,0,20,289
31130,quiet,,,,,100,0,20,289
31140,work,,,,,100,0,20,289
31150,work,,,,,100,0,20,289
31160,violence,,,,,100,1,19,290
31170,violence,,,,,100,1,19,290
31180,violence,,,,,100,1,19,290
31190,violence,,,,,100,1,20,290
31200,violence,,,,,100,1,20,290
31210,violence,,,,,100,1,20,290
31220,aftermath,,,,,100,0,20,290
31230,aftermath,,,,,100,0,20,290
31240,aftermath,,,,,100,0,20,290
31250,aftermath,,,,,100,0,20,290
31260,aftermath,,,,,100,0,20,290
31270,aftermath,,,,,100,0,20,290
31280,quiet,,,,,100,0,20,290
31290,quiet,,,,,100,0,20,290
31300,quiet,,,,,100,0,20,290
31310,quiet,,,,,100,0,20,290
31320,quiet,,,,,100,0,20,290
31330,quiet,,,,,100,0,20,290
31340,quiet,,,,,100,0,20,290
31350,quiet,,,,,100,0,20,290
31360,quiet,,,,,100,0,20,290
31370,work,,,,,100,0,20,290
31380,work,,,,,100,0,20,290
31390,violence,,,,,100,1,19,291
31400,violence,,,,,100,1,19,291
31410,violence,,,,,100,1,20,291
31420,violence,,,,,100,1,19,292
31430,violence,,,,,100,1,19,292
31440,aftermath,,,,,100,0,19,292
31450,aftermath,,,,,100,0,19,292
31460,aftermath,,,,,100,0,20,292
31470,aftermath,,,,,100,0,20,292
31480,aftermath,,,,,100,0,20,292
31490,aftermath,,,,,100,0,20,292
31500,quiet,,,,,100,0,20,292
31510,quiet,,,,,100,0,20,292
31520,quiet,,,,,100,0,20,292
31530,quiet,,,,,100,0,20,292
31540,quiet,,,,,100,0,20,292
31550,quiet,,,,,100,0,20,292
31560,quiet,,,,,100,0,20,292
31570,quiet,,,,,100,0,20,292
31580,quiet,,,,,100,0,20,292
31590,work,,,,,100,0,20,292
31600,work,,,,,100,0,20,292
31610,travel,,,,,100,0,20,292
31620,violence,,,,,100,1,19,293
31630,violence,,,,,100,1,19,293
31640,violence,,,,,100,1,19,294
31650,violence,,,,,100,1,19,294
31660,violence,,,,,100,1,19,294
31670,aftermath,,,,,100,0,19,294
31680,aftermath,,,,,100,0,20,294
31690,aftermath,,,,,100,0,19,295
31700,aftermath,,,,,100,0,19,295
31710,aftermath,,,,,100,0,19,295
31720,aftermath,,,,,100,0,19,295
31730,quiet,,,,,100,0,19,296
31740,quiet,,,,,100,0,19,296
31750,quiet,,,,,100,0,19,296
31760,quiet,,,,,100,0,19,296
31770,quiet,,,,,100,0,20,296
31780,quiet,,,,,100,0,20,296
31790,quiet,,,,,100,0,20,296
31800,quiet,,,,,100,0,0,296
31810,quiet,,,,,100,0,0,296
31820,work,,,,,100,0,0,296
31830,work,,,,,100,0,0,296
31840,travel,,,,,100,0,0,296
31850,travel,,,,,100,0,0,296
31860,travel,,,,,100,0,0,296
31870,travel,,,,,100,0,0,296
31880,travel,,,,,100,0,0,296
31890,travel,,,,,100,0,0,296
31900,travel,,,,,100,0,0,296
31910,travel,,,,,100,0,0,296
31920,curiosity,,,,,100,0,0,296
31930,curiosity,,,,,100,0,0,296
31940,curiosity,,,,,100,0,0,296
31950,curiosity,,,,,100,0,0,296
31960,curiosity,,,,,100,0,0,296
31970,curiosity,,,,,100,0,0,296
31980,curiosity,,,,,100,0,0,296
31990,opportunity,,,,,100,0,0,296
32000,opportunity,,,,,100,0,0,296
32010,opportunity,,,,,100,0,0,296
32020,opportunity,,,,,100,0,0,296
32030,opportunity,,,,,100,0,0,296
32040,opportunity,,,,,100,0,0,296
32050,opportunity,,,,,100,0,0,296
32060,opportunity,,,,,100,0,0,296
32070,tension,,,,,100,0,0,296
32080,tension,,,,,100,0,0,296
32090,tension,,,,,100,0,0,296
32100,tension,,,,,100,0,0,296
32110,tension,,,,,100,0,0,296
32120,tension,,,,,100,0,0,296
32130,violence,,,,,100,0,0,296
32140,violence,,,,,100,0,0,296
32150,violence,,,,,100,0,0,296
32160,violence,,,,,100,0,0,296
32170,aftermath,,,,,100,0,0,296
32180,aftermath,,,,,100,0,0,297
32190,aftermath,,,,,100,0,0,297
32200,aftermath,,,,,100,0,0,297
32210,aftermath,,,,,100,0,0,297
32220,aftermath,,,,,100,0,1,297
32230,quiet,,,,,100,0,0,298
32240,quiet,,,,,100,0,0,298
32250,quiet,,,,,100,0,0,298
32260,quiet,,,,,100,0,0,298
32270,quiet,,,,,100,0,1,298
32280,quiet,,,,,100,0,1,298
32290,quiet,,,,,100,0,1,298
32300,quiet,,,,,100,0,1,298
32310,quiet,,,,,100,0,2,298
32320,work,,,,,100,0,2,298
32330,work,,,,,100,0,2,298
32340,travel,,,,,100,0,2,298
32350,travel,,,,,100,0,2,298
32360,violence,,,,,100,1,2,299
32370,violence,,,,,100,1,2,299
32380,violence,,,,,100,1,1,300
32390,violence,,,,,100,1,1,300
32400,violence,,,,,100,1,2,300
32410,aftermath,,,,,100,0,1,301
32420,aftermath,,,,,100,0,1,301
32430,aftermath,,,,,100,0,1,301
32440,aftermath,,,,,100,0,1,301
32450,aftermath,,,,,100,0,2,301
32460,aftermath,,,,,100,0,2,301
32470,quiet,,,,,100,0,2,301
32480,quiet,,,,,100,0,2,301
32490,quiet,,,,,100,0,3,301
32500,quiet,,,,,100,0,3,301
32510,quiet,,,,,100,0,3,301
32520,quiet,,,,,100,0,3,301
32530,quiet,,,,,100,0,3,301
32540,quiet,,,,,100,0,4,301
32550,quiet,,,,,100,0,4,301
32560,work,,,,,100,0,4,301
32570,work,,,,,100,0,4,301
32580,violence,,,,,100,1,4,302
32590,violence,,,,,100,1,4,302
32600,violence,,,,,100,1,4,302
32610,violence,,,,,100,1,4,302
32620,violence,,,,,100,1,4,302
32630,violence,,,,,100,1,5,302
32640,aftermath,,,,,100,0,5,302
32650,aftermath,,,,,100,0,5,302
32660,aftermath,,,,,100,0,5,302
32670,aftermath,,,,,100,0,6,302
32680,aftermath,,,,,100,0,5,303
32690,aftermath,,,,,100,0,5,303
32700,quiet,,,,,100,0,5,303
32710,quiet,,,,,100,0,5,303
32720,quiet,,,,,100,0,5,304
32730,quiet,,,,,100,0,5,304
32740,quiet,,,,,100,0,5,304
32750,quiet,,,,,100,0,5,304
32760,quiet,,,,,100,0,6,304
32770,quiet,,,,,100,0,6,304
32780,quiet,,,,,100,0,6,304
32790,work,,,,,100,0,6,304
32800,work,,,,,100,0,6,304
32810,violence,,,,,100,1,6,305
32820,violence,,,,,100,1,6,305
32830,violence,,,,,100,1,6,305
32840,violence,,,,,100,1,6,305
32850,violence,,,,,100,1,7,305
32860,aftermath,,,,,100,0,7,305
32870,aftermath,,,,,100,0,7,305
32880,aftermath,,,,,100,0,7,305
32890,aftermath,,,,,100,0,7,305
32900,aftermath,,,,,100,0,7,306
32910,aftermath,,,,,100,0,7,306
32920,quiet,,,,,100,0,7,306
32930,quiet,,,,,100,0,7,306
32940,quiet,,,,,100,0,8,306
32950,quiet,,,,,100,0,7,307
32960,quiet,,,,,100,0,7,307
32970,quiet,,,,,100,0,7,307
32980,quiet,,,,,100,0,7,307
32990,quiet,,,,,100,0,8,307
33000,quiet,,,,,100,0,8,307
33010,work,,,,,100,0,8,307
33020,work,,,,,100,0,8,307
33030,violence,,,,,100,1,8,308
33040,violence,,,,,100,1,8,308
33050,violence,,,,,100,1,8,308
33060,violence,,,,,100,1,8,308
33070,violence,,,,,100,1,8,308
33080,violence,,,,,100,1,9,308
33090,aftermath,,,,,100,0,9,308
33100,aftermath,,,,,100,0,9,308
33110,aftermath,,,,,100,0,9,308
33120,aftermath,,,,,100,0,10,308
33130,aftermath,,,,,100,0,10,308
33140,aftermath,,,,,100,0,10,308
33150,quiet,,,,,100,0,10,308
33160,quiet,,,,,100,0,10,308
33170,quiet,,,,,100,0,10,309
33180,quiet,,,,,100,0,10,309
33190,quiet,,,,,100,0,10,309
33200,quiet,,,,,100,0,10,309
33210,quiet,,,,,100,0,11,309
33220,quiet,,,,,100,0,11,309
33230,quiet,,,,,100,0,11,309
33240,work,,,,,100,0,11,309
33250,work,,,,,100,0,11,309
33260,violence,,,,,100,1,11,310
33270,violence,,,,,100,1,11,310
33280,violence,,,,,100,1,10,311
33290,violence,,,,,100,1,10,311
33300,violence,,,,,100,1,11,311
33310,aftermath,,,,,100,0,11,311
33320,aftermath,,,,,100,0,11,311
33330,aftermath,,,,,100,0,11,311
33340,aftermath,,,,,100,0,11,311
33350,aftermath,,,,,100,0,11,312
33360,aftermath,,,,,100,0,11,312
33370,quiet,,,,,100,0,11,312
33380,quiet,,,,,100,0,11,312
33390,quiet,,,,,100,0,12,312
33400,quiet,,,,,100,0,12,312
33410,quiet,,,,,100,0,12,312
33420,quiet,,,,,100,0,12,312
33430,quiet,,,,,100,0,12,312
33440,quiet,,,,,100,0,12,313
33450,quiet,,,,,100,0,12,313
33460,work,,,,,100,0,12,313
33470,work,,,,,100,0,12,313
33480,travel,,,,,100,0,13,313
33490,violence,,,,,100,1,11,315
33500,violence,,,,,100,1,11,315
33510,violence,,,,,100,1,11,315
33520,violence,,,,,100,1,11,315
33530,violence,,,,,100,1,12,315
33540,violence,,,,,100,1,12,315
33550,aftermath,,,,,100,0,12,315
33560,aftermath,,,,,100,0,12,315
33570,aftermath,,,,,100,0,13,315
33580,aftermath,,,,,100,0,12,316
33590,aftermath,,,,,100,0,12,316
33600,aftermath,,,,,100,0,12,316
33610,quiet,,,,,100,0,12,316
33620,quiet,,,,,100,0,13,316
33630,quiet,,,,,100,0,13,316
33640,quiet,,,,,100,0,13,316
33650,quiet,,,,,100,0,13,316
33660,quiet,,,,,100,0,14,316
33670,quiet,,,,,100,0,14,316
33680,quiet,,,,,100,0,14,316
33690,quiet,,,,,100,0,14,316
33700,work,,,,,100,0,14,316
33710,work,,,,,100,0,15,316
33720,violence,,,,,100,1,14,317
33730,violence,,,,,100,1,14,317
33740,violence,,,,,100,1,14,317
33750,violence,,,,,100,1,15,317
33760,violence,,,,,100,1,15,317
33770,aftermath,,,,,100,0,15,317
33780,aftermath,,,,,100,0,15,317
33790,aftermath,,,,,100,0,15,317
33800,aftermath,,,,,100,0,15,318
33810,aftermath,,,,,100,0,15,318
33820,aftermath,,,,,100,0,15,318
33830,quiet,,,,,100,0,15,318
33840,quiet,,,,,100,0,16,318
33850,quiet,,,,,100,0,15,319
33860,quiet,,,,,100,0,15,319
33870,quiet,,,,,100,0,15,319
33880,quiet,,,,,100,0,15,319
33890,quiet,,,,,100,0,15,320
33900,quiet,,,,,100,0,15,320
33910,quiet,,,,,100,0,15,320
33920,work,,,,,100,0,15,320
33930,work,,,,,100,0,16,320
33940,violence,,,,,100,1,14,322
33950,violence,,,,,100,1,14,322
33960,violence,,,,,100,1,14,322
33970,violence,,,,,100,1,14,322
33980,violence,,,,,100,1,15,322
33990,violence,,,,,100,1,15,322
34000,aftermath,,,,,100,0,15,322
34010,aftermath,,,,,100,0,15,322
34020,aftermath,,,,,100,0,16,322
34030,aftermath,,,,,100,0,16,322
34040,aftermath,,,,,100,0,16,322
34050,aftermath,,,,,100,0,16,322
34060,quiet,,,,,100,0,16,322
34070,quiet,,,,,100,0,17,322
34080,quiet,,,,,100,0,17,322
34090,quiet,,,,,100,0,17,322
34100,quiet,,,,,100,0,17,322
34110,quiet,,,,,100,0,18,322
34120,quiet,,,,,100,0,18,322
34130,quiet,,,,,100,0,18,322
34140,quiet,,,,,100,0,18,322
34150,work,,,,,100,0,18,322
34160,work,,,,,100,0,19,322
34170,violence,,,,,100,1,18,323
34180,violence,,,,,100,1,18,323
34190,violence,,,,,100,1,18,323
34200,violence,,,,,100,1,19,323
34210,violence,,,,,100,1,19,323
34220,aftermath,,,,,100,0,19,323
34230,aftermath,,,,,100,0,19,323
34240,aftermath,,,,,100,0,19,323
34250,aftermath,,,,,100,0,20,323
34260,aftermath,,,,,100,0,20,323
34270,aftermath,,,,,100,0,20,323
34280,quiet,,,,,100,0,20,323
34290,quiet,,,,,100,0,20,323
34300,quiet,,,,,100,0,20,323
34310,quiet,,,,,100,0,20,323
34320,quiet,,,,,100,0,20,323
34330,quiet,,,,,100,0,20,323
34340,quiet,,,,,100,0,20,323
34350,quiet,,,,,100,0,20,323
34360,quiet,,,,,100,0,20,323
34370,work,,,,,100,0,20,323
34380,work,,,,,100,0,20,323
34390,violence,,,,,100,1,19,324
34400,violence,,,,,100,1,19,324
34410,violence,,,,,100,1,19,324
34420,violence,,,,,100,1,19,324
34430,violence,,,,,100,1,20,324
34440,violence,,,,,100,1,20,324
34450,aftermath,,,,,100,0,20,324
34460,aftermath,,,,,100,0,20,324
34470,aftermath,,,,,100,0,20,324
34480,aftermath,,,,,100,0,20,324
34490,aftermath,,,,,100,0,20,324
34500,aftermath,,,,,100,0,20,324
34510,quiet,,,,,100,0,20,324
34520,quiet,,,,,100,0,20,324
34530,quiet,,,,,100,0,20,324
34540,quiet,,,,,100,0,20,324
34550,quiet,,,,,100,0,20,324
34560,quiet,,,,,100,0,20,324
34570,quiet,,,,,100,0,20,324
34580,quiet,,,,,100,0,20,324
34590,quiet,,,,,100,0,20,324
34600,work,,,,,100,0,20,324
34610,work,,,,,100,0,20,324
34620,violence,,,,,100,1,19,325
34630,violence,,,,,100,1,19,325
34640,violence,,,,,100,1,19,325
34650,violence,,,,,100,1,20,325
34660,violence,,,,,100,1,20,325
34670,aftermath,,,,,100,0,20,325
34680,aftermath,,,,,100,0,20,325
34690,aftermath,,,,,100,0,20,325
34700,aftermath,,,,,100,0,20,325
34710,aftermath,,,,,100,0,20,325
34720,aftermath,,,,,100,0,20,325
34730,quiet,,,,,100,0,20,325
34740,quiet,,,,,100,0,20,325
34750,quiet,,,,,100,0,20,325
34760,quiet,,,,,100,0,20,325
34770,quiet,,,,,100,0,20,325
34780,quiet,,,,,100,0,20,325
34790,quiet,,,,,100,0,20,325
34800,quiet,,,,,100,0,20,325
34810,quiet,,,,,100,0,20,325
34820,work,,,,,100,0,20,325
34830,work,,,,,100,0,20,325
34840,travel,,,,,100,1,19,326
34850,violence,,,,,100,1,19,326
34860,violence,,,,,100,1,19,326
34870,violence,,,,,100,1,19,326
34880,violence,,,,,100,1,20,326
34890,violence,,,,,100,1,20,326
34900,aftermath,,,,,100,0,20,326
34910,aftermath,,,,,100,0,20,326
34920,aftermath,,,,,100,0,20,326
34930,aftermath,,,,,100,0,20,326
34940,aftermath,,,,,100,0,20,326
34950,aftermath,,,,,100,0,20,326
34960,quiet,,,,,100,0,20,326
34970,quiet,,,,,100,0,20,326
34980,quiet,,,,,100,0,20,326
34990,quiet,,,,,100,0,20,326
35000,quiet,,,,,100,0,20,326
35010,quiet,,,,,100,0,20,326
35020,quiet,,,,,100,0,20,326
35030,quiet,,,,,100,0,20,326
35040,quiet,,,,,100,0,20,326
35050,work,,,,,100,0,20,326
35060,work,,,,,100,0,20,326
35070,violence,,,,,100,1,19,327
35080,violence,,,,,100,1,19,327
35090,violence,,,,,100,1,19,327
35100,violence,,,,,100,1,20,327
35110,violence,,,,,100,1,19,328
35120,aftermath,,,,,100,0,19,328
35130,aftermath,,,,,100,0,19,328
35140,aftermath,,,,,100,0,19,328
35150,aftermath,,,,,100,0,20,328
35160,aftermath,,,,,100,0,20,328
35170,aftermath,,,,,100,0,20,328
35180,quiet,,,,,100,0,20,328
35190,quiet,,,,,100,0,20,328
35200,quiet,,,,,100,0,20,328
35210,quiet,,,,,100,0,20,328
35220,quiet,,,,,100,0,20,328
35230,quiet,,,,,100,0,20,328
35240,quiet,,,,,100,0,20,328
35250,quiet,,,,,100,0,20,328
35260,quiet,,,,,100,0,20,328
35270,work,,,,,100,0,20,328
35280,work,,,,,100,0,20,328
35290,travel,,,,,100,1,19,329
35300,violence,,,,,100,1,19,329
35310,violence,,,,,100,1,19,329
35320,violence,,,,,100,1,19,329
35330,violence,,,,,100,1,19,330
35340,violence,,,,,100,1,19,330
35350,aftermath,,,,,100,0,19,330
35360,aftermath,,,,,100,0,19,330
35370,aftermath,,,,,100,0,20,330
35380,aftermath,,,,,100,0,20,330
35390,aftermath,,,,,100,0,20,330
35400,aftermath,,,,,100,0,20,330
35410,quiet,,,,,100,0,20,330
35420,quiet,,,,,100,0,20,330
35430,quiet,,,,,100,0,20,330
35440,quiet,,,,,100,0,20,330
35450,quiet,,,,,100,0,20,330
35460,quiet,,,,,100,0,20,330
35470,quiet,,,,,100,0,20,330
35480,quiet,,,,,100,0,20,330
35490,quiet,,,,,100,0,20,330
35500,work,,,,,100,0,20,330
35510,work,,,,,100,0,20,330
35520,violence,,,,,100,1,19,331
35530,violence,,,,,100,1,19,331
35540,violence,,,,,100,1,19,331
35550,violence,,,,,100,1,20,331
35560,violence,,,,,100,1,20,331
35570,aftermath,,,,,100,0,20,331
35580,aftermath,,,,,100,0,20,331
35590,aftermath,,,,,100,0,20,331
35600,aftermath,,,,,100,0,20,331
35610,aftermath,,,,,100,0,20,331
35620,aftermath,,,,,100,0,20,331
35630,quiet,,,,,100,0,20,331
35640,quiet,,,,,100,0,20,331
35650,quiet,,,,,100,0,20,331
35660,quiet,,,,,100,0,20,331
35670,quiet,,,,,100,0,20,331
35680,quiet,,,,,100,0,20,331
35690,quiet,,,,,100,0,20,331
35700,quiet,,,,,100,0,20,331
35710,quiet,,,,,100,0,20,331
35720,work,,,,,100,0,20,331
35730,work,,,,,100,0,20,331
35740,travel,,,,,100,1,19,332
35750,violence,,,,,100,1,19,332
35760,violence,,,,,100,1,19,332
35770,violence,,,,,100,1,19,332
35780,violence,,,,,100,1,19,333
35790,violence,,,,,100,1,19,333
35800,aftermath,,,,,100,0,19,333
35810,aftermath,,,,,100,0,19,333
35820,aftermath,,,,,100,0,20,333
35830,aftermath,,,,,100,0,20,333
35840,aftermath,,,,,100,0,20,333
35850,aftermath,,,,,100,0,20,333
35860,quiet,,,,,100,0,20,333
35870,quiet,,,,,100,0,20,333
35880,quiet,,,,,100,0,20,333
35890,quiet,,,,,100,0,20,333
35900,quiet,,,,,100,0,20,333
35910,quiet,,,,,100,0,20,333
35920,quiet,,,,,100,0,20,333
35930,quiet,,,,,100,0,20,333
35940,quiet,,,,,100,0,20,333
35950,work,,,,,100,0,20,333
35960,work,,,,,100,0,20,333
35970,violence,,,,,100,1,19,334
35980,violence,,,,,100,1,19,334
35990,violence,,,,,100,1,19,334
