t,phase,motif,requested,observed,fatigue,hull,liveCombat,pending,totalSpawns
0,travel,,,,,100,0,1,0
10,travel,,,,,100,0,0,1
20,travel,,,,,100,0,0,1
30,travel,,,,,100,0,0,1
40,travel,,,,,100,0,0,1
50,travel,,,,,100,0,0,2
60,travel,,,,,100,0,0,2
70,travel,,,,,100,0,0,2
80,curiosity,,,,,100,0,0,2
90,curiosity,,,,,100,0,1,2
100,violence,,,,,100,1,0,3
110,violence,,,,,100,1,0,3
120,violence,,,,,100,1,0,3
130,violence,,,,,100,1,0,3
140,violence,,,,,100,1,0,4
150,aftermath,,,,,100,0,0,4
160,aftermath,,,,,100,0,0,4
170,aftermath,,,,,100,0,0,4
180,aftermath,,,,,100,0,1,4
190,aftermath,,,,,100,0,1,4
200,aftermath,,,,,100,0,1,4
210,quiet,,,,,100,0,1,4
220,quiet,,,,,100,0,1,4
230,quiet,,,,,100,0,2,4
240,quiet,,,,,100,0,2,4
250,quiet,,,,,100,0,2,4
260,quiet,,,,,100,0,2,4
270,quiet,,,,,100,0,3,4
280,quiet,,,,,100,0,3,4
290,quiet,,,,,100,0,3,4
300,work,,,,,100,0,3,4
310,work,,,,,100,0,3,4
320,travel,,,,,100,0,3,5
330,violence,,,,,100,1,2,6
340,violence,,,,,100,1,2,6
350,violence,,,,,100,1,2,6
360,violence,,,,,100,1,3,6
370,violence,,,,,100,1,2,7
380,violence,,,,,100,1,2,7
390,aftermath,,,,,100,0,2,7
400,aftermath,,,,,100,0,2,7
410,aftermath,,,,,100,0,3,7
420,aftermath,,,,,100,0,3,7
430,aftermath,,,,,100,0,3,7
440,aftermath,,,,,100,0,3,7
450,quiet,,,,,100,0,4,7
460,quiet,,,,,100,0,4,7
470,quiet,,,,,100,0,4,7
480,quiet,,,,,100,0,4,7
490,quiet,,,,,100,0,4,7
500,quiet,,,,,100,0,4,8
510,quiet,,,,,100,0,4,8
520,quiet,,,,,100,0,4,8
530,quiet,,,,,100,0,4,8
540,work,,,,,100,0,5,8
550,work,,,,,100,0,5,8
560,violence,,,,,100,1,4,9
570,violence,,,,,100,1,4,9
580,violence,,,,,100,1,4,9
590,violence,,,,,100,1,5,9
600,violence,,,,,100,1,5,9
610,violence,,,,,100,1,5,9
620,aftermath,,,,,100,0,5,9
630,aftermath,,,,,100,0,6,9
640,aftermath,,,,,100,0,6,9
650,aftermath,,,,,100,0,6,9
660,aftermath,,,,,100,0,6,9
670,aftermath,,,,,100,0,6,9
680,quiet,,,,,100,0,7,9
690,quiet,,,,,100,0,7,9
700,quiet,,,,,100,0,7,9
710,quiet,,,,,100,0,7,9
720,quiet,,,,,100,0,8,9
730,quiet,,,,,100,0,8,9
740,quiet,,,,,100,0,8,9
750,quiet,,,,,100,0,8,9
760,quiet,,,,,100,0,8,9
770,work,,,,,100,0,9,9
780,work,,,,,100,0,9,9
790,violence,,,,,100,1,7,11
800,violence,,,,,100,1,6,12
810,violence,,,,,100,1,7,12
820,violence,,,,,100,1,7,12
830,violence,,,,,100,1,6,13
840,aftermath,,,,,100,0,6,13
850,aftermath,,,,,100,0,6,13
860,aftermath,,,,,100,0,6,14
870,aftermath,,,,,100,0,6,14
880,aftermath,,,,,100,0,6,14
890,aftermath,,,,,100,0,6,14
900,quiet,,,,,100,0,7,14
910,quiet,,,,,100,0,6,15
920,quiet,,,,,100,0,6,15
930,quiet,,,,,100,0,6,15
940,quiet,,,,,100,0,6,15
950,quiet,,,,,100,0,6,16
960,quiet,,,,,100,0,6,16
970,quiet,,,,,100,0,6,16
980,quiet,,,,,100,0,6,16
990,work,,,,,100,0,7,16
1000,work,,,,,100,0,6,17
1010,travel,,,,,100,0,6,17
1020,travel,,,,,100,0,6,17
1030,violence,,,,,100,1,5,18
1040,violence,,,,,100,1,6,18
1050,violence,,,,,100,1,6,18
1060,violence,,,,,100,1,6,18
1070,violence,,,,,100,1,6,18
1080,aftermath,,,,,100,0,7,18
1090,aftermath,,,,,100,0,7,18
1100,aftermath,,,,,100,0,7,18
1110,aftermath,,,,,100,0,7,18
1120,aftermath,,,,,100,0,7,18
1130,aftermath,,,,,100,0,7,19
1140,quiet,,,,,100,0,7,19
1150,quiet,,,,,100,0,7,19
1160,quiet,,,,,100,0,7,19
1170,quiet,,,,,100,0,8,19
1180,quiet,,,,,100,0,8,19
1190,quiet,,,,,100,0,8,19
1200,quiet,,,,,100,0,8,19
1210,quiet,,,,,100,0,8,19
1220,quiet,,,,,100,0,9,19
1230,work,,,,,100,0,9,19
1240,work,,,,,100,0,9,19
1250,travel,,,,,100,1,8,20
1260,violence,,,,,100,1,9,20
1270,violence,,,,,100,1,9,20
1280,violence,,,,,100,1,9,20
1290,violence,,,,,100,1,9,20
1300,violence,,,,,100,1,9,20
1310,aftermath,,,,,100,0,9,21
1320,aftermath,,,,,100,0,9,21
1330,aftermath,,,,,100,0,9,21
1340,aftermath,,,,,100,0,9,21
1350,aftermath,,,,,100,0,10,21
1360,aftermath,,,,,100,0,10,21
1370,quiet,,,,,100,0,10,21
1380,quiet,,,,,100,0,10,21
1390,quiet,,,,,100,0,10,21
1400,quiet,,,,,100,0,10,22
1410,quiet,,,,,100,0,10,22
1420,quiet,,,,,100,0,10,22
1430,quiet,,,,,100,0,10,22
1440,quiet,,,,,100,0,11,22
1450,quiet,,,,,100,0,10,23
1460,work,,,,,100,0,10,23
1470,work,,,,,100,0,10,23
1480,violence,,,,,100,1,9,24
1490,violence,,,,,100,1,10,24
1500,violence,,,,,100,1,10,24
1510,violence,,,,,100,1,10,24
1520,violence,,,,,100,1,10,24
1530,violence,,,,,100,1,11,24
1540,aftermath,,,,,100,0,11,24
1550,aftermath,,,,,100,0,11,24
1560,aftermath,,,,,100,0,11,24
1570,aftermath,,,,,100,0,11,24
1580,aftermath,,,,,100,0,12,24
1590,aftermath,,,,,100,0,12,24
1600,quiet,,,,,100,0,12,24
1610,quiet,,,,,100,0,12,24
1620,quiet,,,,,100,0,13,24
1630,quiet,,,,,100,0,12,25
1640,quiet,,,,,100,0,12,25
1650,quiet,,,,,100,0,12,25
1660,quiet,,,,,100,0,12,25
1670,quiet,,,,,100,0,12,26
1680,quiet,,,,,100,0,12,26
1690,work,,,,,100,0,12,26
1700,work,,,,,100,0,12,26
1710,work,,,,,100,0,13,26
1720,work,,,,,100,0,13,26
1730,work,,,,,100,0,13,26
1740,travel,,,,,100,1,12,27
1750,violence,,,,,100,1,12,27
1760,violence,,,,,100,1,12,28
1770,violence,,,,,100,1,12,28
1780,violence,,,,,100,1,12,28
1790,violence,,,,,100,1,12,28
1800,aftermath,,,,,100,0,13,28
1810,aftermath,,,,,100,0,12,29
1820,aftermath,,,,,100,0,12,29
1830,aftermath,,,,,100,0,12,29
1840,aftermath,,,,,100,0,12,29
1850,aftermath,,,,,100,0,13,29
1860,quiet,,,,,100,0,13,29
1870,quiet,,,,,100,0,13,29
1880,quiet,,,,,100,0,13,29
1890,quiet,,,,,100,0,14,29
1900,quiet,,,,,100,0,13,30
1910,quiet,,,,,100,0,13,30
1920,quiet,,,,,100,0,13,30
1930,quiet,,,,,100,0,13,30
1940,quiet,,,,,100,0,13,31
1950,work,,,,,100,0,13,31
1960,work,,,,,100,0,13,31
1970,travel,,,,,100,1,12,32
1980,violence,,,,,100,1,13,32
1990,violence,,,,,100,1,13,32
2000,violence,,,,,100,1,13,32
2010,violence,,,,,100,1,13,32
2020,violence,,,,,100,1,13,32
2030,aftermath,,,,,100,0,13,33
2040,aftermath,,,,,100,0,13,33
2050,aftermath,,,,,100,0,13,33
2060,aftermath,,,,,100,0,13,33
2070,aftermath,,,,,100,0,14,33
2080,aftermath,,,,,100,0,13,34
2090,quiet,,,,,100,0,13,34
2100,quiet,,,,,100,0,13,34
2110,quiet,,,,,100,0,13,34
2120,quiet,,,,,100,0,13,35
2130,quiet,,,,,100,0,13,35
2140,quiet,,,,,100,0,13,35
2150,quiet,,,,,100,0,13,35
2160,quiet,,,,,100,0,14,35
2170,quiet,,,,,100,0,14,35
2180,work,,,,,100,0,14,35
2190,work,,,,,100,0,14,35
2200,violence,,,,,100,1,13,36
2210,violence,,,,,100,1,13,37
2220,violence,,,,,100,1,13,37
2230,violence,,,,,100,1,13,37
2240,violence,,,,,100,1,13,37
2250,aftermath,,,,,100,0,14,37
2260,aftermath,,,,,100,0,14,37
2270,aftermath,,,,,100,0,14,37
2280,aftermath,,,,,100,0,14,37
2290,aftermath,,,,,100,0,14,37
2300,aftermath,,,,,100,0,15,37
2310,quiet,,,,,100,0,15,37
2320,quiet,,,,,100,0,15,37
2330,quiet,,,,,100,0,15,37
2340,quiet,,,,,100,0,16,37
2350,quiet,,,,,100,0,16,37
2360,quiet,,,,,100,0,16,37
2370,quiet,,,,,100,0,16,37
2380,quiet,,,,,100,0,16,37
2390,quiet,,,,,100,0,16,38
2400,work,,,,,100,0,16,38
2410,work,,,,,100,0,16,38
2420,travel,,,,,100,0,16,38
2430,violence,,,,,100,1,16,39
2440,violence,,,,,100,1,15,40
2450,violence,,,,,100,1,15,40
2460,violence,,,,,100,1,15,40
2470,violence,,,,,100,1,15,40
2480,aftermath,,,,,100,0,15,41
2490,aftermath,,,,,100,0,15,41
2500,aftermath,,,,,100,0,15,41
2510,aftermath,,,,,100,0,15,41
2520,aftermath,,,,,100,0,16,41
2530,aftermath,,,,,100,0,16,41
2540,quiet,,,,,100,0,16,41
2550,quiet,,,,,100,0,16,41
2560,quiet,,,,,100,0,16,41
2570,quiet,,,,,100,0,17,41
2580,quiet,,,,,100,0,17,41
2590,quiet,,,,,100,0,17,41
2600,quiet,,,,,100,0,17,41
2610,quiet,,,,,100,0,18,41
2620,quiet,,,,,100,0,18,41
2630,work,,,,,100,0,18,41
2640,work,,,,,100,0,18,41
2650,violence,,,,,100,1,17,42
2660,violence,,,,,100,1,18,42
2670,violence,,,,,100,1,18,42
2680,violence,,,,,100,1,18,42
2690,violence,,,,,100,1,18,42
2700,violence,,,,,100,1,19,42
2710,aftermath,,,,,100,0,19,42
2720,aftermath,,,,,100,0,19,42
2730,aftermath,,,,,100,0,19,42
2740,aftermath,,,,,100,0,19,42
2750,aftermath,,,,,100,0,20,42
2760,aftermath,,,,,100,0,20,42
2770,quiet,,,,,100,0,20,42
2780,quiet,,,,,100,0,20,42
2790,quiet,,,,,100,0,20,42
2800,quiet,,,,,100,0,20,42
2810,quiet,,,,,100,0,20,42
2820,quiet,,,,,100,0,20,42
2830,quiet,,,,,100,0,20,42
2840,quiet,,,,,100,0,20,42
2850,quiet,,,,,100,0,20,42
2860,work,,,,,100,0,20,42
2870,work,,,,,100,0,20,42
2880,violence,,,,,100,1,20,43
2890,violence,,,,,100,1,20,43
2900,violence,,,,,100,1,20,43
2910,violence,,,,,100,1,20,43
2920,violence,,,,,100,1,20,43
2930,aftermath,,,,,100,0,20,43
2940,aftermath,,,,,100,0,20,43
2950,aftermath,,,,,100,0,20,43
2960,aftermath,,,,,100,0,20,43
2970,aftermath,,,,,100,0,20,43
2980,aftermath,,,,,100,0,20,43
2990,quiet,,,,,100,0,20,43
3000,quiet,,,,,100,0,0,43
3010,quiet,,,,,100,0,0,43
3020,quiet,,,,,100,0,0,43
3030,quiet,,,,,100,0,0,43
3040,quiet,,,,,100,0,0,43
3050,quiet,,,,,100,0,0,43
3060,quiet,,,,,100,0,0,43
3070,quiet,,,,,100,0,0,43
3080,work,,,,,100,0,0,43
3090,work,,,,,100,0,0,43
3100,travel,,,,,100,0,0,43
3110,travel,,,,,100,0,0,43
3120,travel,,,,,100,0,0,43
3130,travel,,,,,100,0,0,43
3140,travel,,,,,100,0,0,43
3150,travel,,,,,100,0,0,43
3160,travel,,,,,100,0,0,43
3170,travel,,,,,100,0,0,43
3180,curiosity,,,,,100,0,0,43
3190,curiosity,,,,,100,0,0,43
3200,curiosity,,,,,100,0,0,43
3210,curiosity,,,,,100,0,0,43
3220,curiosity,,,,,100,0,0,43
3230,curiosity,,,,,100,0,0,43
3240,curiosity,,,,,100,0,0,43
3250,opportunity,,,,,100,0,0,43
3260,opportunity,,,,,100,0,0,43
3270,opportunity,,,,,100,0,0,43
3280,opportunity,,,,,100,0,0,43
3290,opportunity,,,,,100,0,0,43
3300,opportunity,,,,,100,0,0,43
3310,opportunity,,,,,100,0,0,43
3320,opportunity,,,,,100,0,0,43
3330,tension,,,,,100,0,0,43
3340,tension,,,,,100,0,0,43
3350,tension,,,,,100,0,0,43
3360,tension,,,,,100,0,0,43
3370,tension,,,,,100,0,0,43
3380,tension,,,,,100,0,0,44
3390,violence,,,,,100,0,0,44
3400,violence,,,,,100,0,0,44
3410,aftermath,,,,,100,0,0,44
3420,aftermath,,,,,100,0,1,44
3430,aftermath,,,,,100,0,1,44
3440,aftermath,,,,,100,0,1,44
3450,aftermath,,,,,100,0,1,44
3460,aftermath,,,,,100,0,1,44
3470,quiet,,,,,100,0,1,45
3480,quiet,,,,,100,0,1,45
3490,quiet,,,,,100,0,1,45
3500,quiet,,,,,100,0,1,45
3510,quiet,,,,,100,0,2,45
3520,quiet,,,,,100,0,2,45
3530,quiet,,,,,100,0,2,45
3540,quiet,,,,,100,0,2,45
3550,quiet,,,,,100,0,2,45
3560,work,,,,,100,0,3,45
3570,work,,,,,100,0,3,45
3580,violence,,,,,100,1,2,46
3590,violence,,,,,100,1,2,46
3600,violence,,,,,100,1,3,46
3610,violence,,,,,100,1,3,46
3620,violence,,,,,100,1,3,46
3630,aftermath,,,,,100,0,3,46
3640,aftermath,,,,,100,0,3,46
3650,aftermath,,,,,100,0,4,46
3660,aftermath,,,,,100,0,4,46
3670,aftermath,,,,,100,0,4,46
3680,aftermath,,,,,100,0,4,46
3690,quiet,,,,,100,0,5,46
3700,quiet,,,,,100,0,5,46
3710,quiet,,,,,100,0,5,46
3720,quiet,,,,,100,0,5,46
3730,quiet,,,,,100,0,5,46
3740,quiet,,,,,100,0,6,46
3750,quiet,,,,,100,0,6,46
3760,quiet,,,,,100,0,6,46
3770,quiet,,,,,100,0,6,46
3780,work,,,,,100,0,7,46
3790,work,,,,,100,0,7,46
3800,travel,,,,,100,1,6,47
3810,violence,,,,,100,1,6,47
3820,violence,,,,,100,1,6,47
3830,violence,,,,,100,1,6,48
3840,violence,,,,,100,1,6,48
3850,violence,,,,,100,1,6,48
3860,aftermath,,,,,100,0,6,48
3870,aftermath,,,,,100,0,7,48
3880,aftermath,,,,,100,0,7,48
3890,aftermath,,,,,100,0,7,48
3900,aftermath,,,,,100,0,7,48
3910,aftermath,,,,,100,0,7,48
3920,quiet,,,,,100,0,8,48
3930,quiet,,,,,100,0,8,48
3940,quiet,,,,,100,0,8,48
3950,quiet,,,,,100,0,8,48
3960,quiet,,,,,100,0,9,48
3970,quiet,,,,,100,0,9,48
3980,quiet,,,,,100,0,9,48
3990,quiet,,,,,100,0,9,48
4000,quiet,,,,,100,0,9,48
4010,work,,,,,100,0,9,49
4020,work,,,,,100,0,9,49
4030,violence,,,,,100,1,8,50
4040,violence,,,,,100,1,8,50
4050,violence,,,,,100,1,9,50
4060,violence,,,,,100,1,8,51
4070,violence,,,,,100,1,8,51
4080,aftermath,,,,,100,0,8,51
4090,aftermath,,,,,100,0,8,51
4100,aftermath,,,,,100,0,9,51
4110,aftermath,,,,,100,0,9,51
4120,aftermath,,,,,100,0,9,51
4130,aftermath,,,,,100,0,9,51
4140,quiet,,,,,100,0,10,51
4150,quiet,,,,,100,0,10,51
4160,quiet,,,,,100,0,10,51
4170,quiet,,,,,100,0,10,51
4180,quiet,,,,,100,0,10,51
4190,quiet,,,,,100,0,11,51
4200,quiet,,,,,100,0,11,51
4210,quiet,,,,,100,0,11,51
4220,quiet,,,,,100,0,11,51
4230,work,,,,,100,0,12,51
4240,work,,,,,100,0,12,51
4250,travel,,,,,100,1,11,52
4260,violence,,,,,100,1,11,52
4270,violence,,,,,100,1,11,52
4280,violence,,,,,100,1,12,52
4290,violence,,,,,100,1,12,52
4300,violence,,,,,100,1,12,52
4310,aftermath,,,,,100,0,12,52
4320,aftermath,,,,,100,0,13,52
4330,aftermath,,,,,100,0,12,53
4340,aftermath,,,,,100,0,12,53
4350,aftermath,,,,,100,0,12,53
4360,aftermath,,,,,100,0,12,53
4370,quiet,,,,,100,0,12,54
4380,quiet,,,,,100,0,12,54
4390,quiet,,,,,100,0,12,54
4400,quiet,,,,,100,0,12,54
4410,quiet,,,,,100,0,13,54
4420,quiet,,,,,100,0,13,54
4430,quiet,,,,,100,0,13,54
4440,quiet,,,,,100,0,13,54
4450,quiet,,,,,100,0,13,54
4460,work,,,,,100,0,14,54
4470,work,,,,,100,0,14,54
4480,violence,,,,,100,1,13,55
4490,violence,,,,,100,1,13,55
4500,violence,,,,,100,1,14,55
4510,violence,,,,,100,1,14,55
4520,violence,,,,,100,1,14,55
4530,aftermath,,,,,100,0,14,55
4540,aftermath,,,,,100,0,14,55
4550,aftermath,,,,,100,0,14,56
4560,aftermath,,,,,100,0,14,56
4570,aftermath,,,,,100,0,14,56
4580,aftermath,,,,,100,0,14,56
4590,quiet,,,,,100,0,15,56
4600,quiet,,,,,100,0,15,56
4610,quiet,,,,,100,0,15,56
4620,quiet,,,,,100,0,15,56
4630,quiet,,,,,100,0,15,56
4640,quiet,,,,,100,0,16,56
4650,quiet,,,,,100,0,16,56
4660,quiet,,,,,100,0,16,56
4670,quiet,,,,,100,0,16,56
4680,work,,,,,100,0,17,56
4690,work,,,,,100,0,16,57
4700,travel,,,,,100,0,16,57
4710,violence,,,,,100,1,15,58
4720,violence,,,,,100,1,15,58
4730,violence,,,,,100,1,16,58
4740,violence,,,,,100,1,16,58
4750,violence,,,,,100,1,16,58
4760,aftermath,,,,,100,0,16,58
4770,aftermath,,,,,100,0,17,58
4780,aftermath,,,,,100,0,16,59
4790,aftermath,,,,,100,0,16,59
4800,aftermath,,,,,100,0,16,59
4810,aftermath,,,,,100,0,16,59
4820,quiet,,,,,100,0,17,59
4830,quiet,,,,,100,0,17,59
4840,quiet,,,,,100,0,17,59
4850,quiet,,,,,100,0,17,59
4860,quiet,,,,,100,0,18,59
4870,quiet,,,,,100,0,17,60
4880,quiet,,,,,100,0,17,60
4890,quiet,,,,,100,0,17,60
4900,quiet,,,,,100,0,17,60
4910,work,,,,,100,0,18,60
4920,work,,,,,100,0,18,60
4930,violence,,,,,100,1,17,61
4940,violence,,,,,100,1,17,61
4950,violence,,,,,100,1,18,61
4960,violence,,,,,100,1,17,62
4970,violence,,,,,100,1,17,62
4980,violence,,,,,100,1,17,62
4990,aftermath,,,,,100,0,17,62
5000,aftermath,,,,,100,0,18,62
5010,aftermath,,,,,100,0,18,62
5020,aftermath,,,,,100,0,18,62
5030,aftermath,,,,,100,0,18,62
5040,aftermath,,,,,100,0,19,62
5050,quiet,,,,,100,0,19,62
5060,quiet,,,,,100,0,19,62
5070,quiet,,,,,100,0,19,62
5080,quiet,,,,,100,0,19,62
5090,quiet,,,,,100,0,20,62
5100,quiet,,,,,100,0,20,62
5110,quiet,,,,,100,0,20,62
5120,quiet,,,,,100,0,20,62
5130,quiet,,,,,100,0,20,62
5140,work,,,,,100,0,20,62
5150,work,,,,,100,0,20,62
5160,violence,,,,,100,1,19,63
5170,violence,,,,,100,1,19,63
5180,violence,,,,,100,1,19,64
5190,violence,,,,,100,1,19,64
5200,violence,,,,,100,1,19,64
5210,aftermath,,,,,100,0,19,64
5220,aftermath,,,,,100,0,20,64
5230,aftermath,,,,,100,0,19,65
5240,aftermath,,,,,100,0,19,65
5250,aftermath,,,,,100,0,19,65
5260,aftermath,,,,,100,0,19,65
5270,quiet,,,,,100,0,19,66
5280,quiet,,,,,100,0,19,66
5290,quiet,,,,,100,0,19,66
5300,quiet,,,,,100,0,19,66
5310,quiet,,,,,100,0,20,66
5320,quiet,,,,,100,0,20,66
5330,quiet,,,,,100,0,20,66
5340,quiet,,,,,100,0,20,66
5350,quiet,,,,,100,0,20,66
5360,work,,,,,100,0,19,67
5370,work,,,,,100,0,19,67
5380,travel,,,,,100,1,18,68
5390,violence,,,,,100,1,18,68
5400,violence,,,,,100,1,19,68
5410,violence,,,,,100,1,19,68
5420,violence,,,,,100,1,19,68
5430,violence,,,,,100,1,19,68
5440,aftermath,,,,,100,0,19,68
5450,aftermath,,,,,100,0,20,68
5460,aftermath,,,,,100,0,20,68
5470,aftermath,,,,,100,0,20,68
5480,aftermath,,,,,100,0,20,68
5490,aftermath,,,,,100,0,20,68
5500,quiet,,,,,100,0,20,68
5510,quiet,,,,,100,0,20,68
5520,quiet,,,,,100,0,20,68
5530,quiet,,,,,100,0,20,68
5540,quiet,,,,,100,0,20,68
5550,quiet,,,,,100,0,20,68
5560,quiet,,,,,100,0,20,68
5570,quiet,,,,,100,0,20,68
5580,quiet,,,,,100,0,20,68
5590,work,,,,,100,0,20,68
5600,work,,,,,100,0,19,69
5610,violence,,,,,100,1,18,70
5620,violence,,,,,100,1,18,70
5630,violence,,,,,100,1,18,71
5640,violence,,,,,100,1,18,71
5650,violence,,,,,100,1,18,71
5660,violence,,,,,100,1,18,71
5670,aftermath,,,,,100,0,19,71
5680,aftermath,,,,,100,0,18,72
5690,aftermath,,,,,100,0,18,72
5700,aftermath,,,,,100,0,18,72
5710,aftermath,,,,,100,0,18,72
5720,aftermath,,,,,100,0,19,72
5730,quiet,,,,,100,0,19,72
5740,quiet,,,,,100,0,19,72
5750,quiet,,,,,100,0,19,72
5760,quiet,,,,,100,0,20,72
5770,quiet,,,,,100,0,19,73
5780,quiet,,,,,100,0,19,73
5790,quiet,,,,,100,0,19,73
5800,quiet,,,,,100,0,19,73
5810,quiet,,,,,100,0,19,74
5820,work,,,,,100,0,19,74
5830,work,,,,,100,0,19,74
5840,violence,,,,,100,1,18,75
5850,violence,,,,,100,1,19,75
5860,violence,,,,,100,1,19,75
5870,violence,,,,,100,1,19,75
5880,violence,,,,,100,1,19,75
5890,violence,,,,,100,1,19,75
5900,aftermath,,,,,100,0,19,76
5910,aftermath,,,,,100,0,19,76
5920,aftermath,,,,,100,0,19,76
5930,aftermath,,,,,100,0,19,76
5940,aftermath,,,,,100,0,20,76
5950,aftermath,,,,,100,0,20,76
5960,quiet,,,,,100,0,20,76
5970,quiet,,,,,100,0,20,76
5980,quiet,,,,,100,0,20,76
5990,quiet,,,,,100,0,20,76
6000,quiet,,,,,100,0,20,76
6010,quiet,,,,,100,0,20,76
6020,quiet,,,,,100,0,20,76
6030,quiet,,,,,100,0,20,76
6040,quiet,,,,,100,0,20,76
6050,work,,,,,100,0,20,76
6060,work,,,,,100,0,20,76
6070,violence,,,,,100,1,19,77
6080,violence,,,,,100,1,20,77
6090,violence,,,,,100,1,20,77
6100,violence,,,,,100,1,20,77
6110,violence,,,,,100,1,20,77
6120,aftermath,,,,,100,0,20,77
6130,aftermath,,,,,100,0,20,77
6140,aftermath,,,,,100,0,20,77
6150,aftermath,,,,,100,0,20,77
6160,aftermath,,,,,100,0,20,77
6170,aftermath,,,,,100,0,20,77
6180,quiet,,,,,100,0,20,77
6190,quiet,,,,,100,0,20,77
6200,quiet,,,,,100,0,20,77
6210,quiet,,,,,100,0,20,77
6220,quiet,,,,,100,0,20,77
6230,quiet,,,,,100,0,20,77
6240,quiet,,,,,100,0,20,77
6250,quiet,,,,,100,0,20,77
6260,quiet,,,,,100,0,20,77
6270,work,,,,,100,0,20,77
6280,work,,,,,100,0,20,77
6290,violence,,,,,100,1,19,78
6300,violence,,,,,100,1,20,78
6310,violence,,,,,100,1,20,78
6320,violence,,,,,100,1,20,78
6330,violence,,,,,100,1,20,78
6340,violence,,,,,100,1,20,78
6350,aftermath,,,,,100,0,20,78
6360,aftermath,,,,,100,0,20,78
6370,aftermath,,,,,100,0,20,78
6380,aftermath,,,,,100,0,20,78
6390,aftermath,,,,,100,0,20,78
6400,aftermath,,,,,100,0,20,78
6410,quiet,,,,,100,0,20,78
6420,quiet,,,,,100,0,20,78
6430,quiet,,,,,100,0,20,78
6440,quiet,,,,,100,0,20,78
6450,quiet,,,,,100,0,20,78
6460,quiet,,,,,100,0,20,78
6470,quiet,,,,,100,0,20,78
6480,quiet,,,,,100,0,20,78
6490,quiet,,,,,100,0,20,78
6500,work,,,,,100,0,20,78
6510,work,,,,,100,0,20,78
6520,violence,,,,,100,1,19,79
6530,violence,,,,,100,1,19,80
6540,violence,,,,,100,1,19,80
6550,violence,,,,,100,1,19,80
6560,violence,,,,,100,1,19,80
6570,aftermath,,,,,100,0,20,80
6580,aftermath,,,,,100,0,20,80
6590,aftermath,,,,,100,0,20,80
6600,aftermath,,,,,100,0,20,80
6610,aftermath,,,,,100,0,20,80
6620,aftermath,,,,,100,0,20,80
6630,quiet,,,,,100,0,20,80
6640,quiet,,,,,100,0,20,80
6650,quiet,,,,,100,0,20,80
6660,quiet,,,,,100,0,20,80
6670,quiet,,,,,100,0,20,80
6680,quiet,,,,,100,0,20,80
6690,quiet,,,,,100,0,20,80
6700,quiet,,,,,100,0,20,80
6710,quiet,,,,,100,0,20,80
6720,work,,,,,100,0,20,80
6730,work,,,,,100,0,20,80
6740,violence,,,,,100,1,19,81
6750,violence,,,,,100,1,20,81
6760,violence,,,,,100,1,20,81
6770,violence,,,,,100,1,20,81
6780,violence,,,,,100,1,20,81
6790,violence,,,,,100,1,20,81
6800,aftermath,,,,,100,0,20,81
6810,aftermath,,,,,100,0,20,81
6820,aftermath,,,,,100,0,20,81
6830,aftermath,,,,,100,0,20,81
6840,aftermath,,,,,100,0,20,81
6850,aftermath,,,,,100,0,20,81
6860,quiet,,,,,100,0,20,81
6870,quiet,,,,,100,0,20,81
6880,quiet,,,,,100,0,20,81
6890,quiet,,,,,100,0,20,81
6900,quiet,,,,,100,0,20,81
6910,quiet,,,,,100,0,20,81
6920,quiet,,,,,100,0,20,81
6930,quiet,,,,,100,0,20,81
6940,quiet,,,,,100,0,20,81
6950,work,,,,,100,0,20,81
6960,work,,,,,100,0,20,81
6970,violence,,,,,100,1,19,82
6980,violence,,,,,100,1,19,83
6990,violence,,,,,100,1,19,83
7000,violence,,,,,100,1,19,83
7010,violence,,,,,100,1,19,83
7020,aftermath,,,,,100,0,20,83
7030,aftermath,,,,,100,0,20,83
7040,aftermath,,,,,100,0,20,83
7050,aftermath,,,,,100,0,20,83
7060,aftermath,,,,,100,0,20,83
7070,aftermath,,,,,100,0,20,83
7080,quiet,,,,,100,0,20,83
7090,quiet,,,,,100,0,20,83
7100,quiet,,,,,100,0,20,83
7110,quiet,,,,,100,0,20,83
7120,quiet,,,,,100,0,20,83
7130,quiet,,,,,100,0,20,83
7140,quiet,,,,,100,0,20,83
7150,quiet,,,,,100,0,20,83
7160,quiet,,,,,100,0,20,83
7170,work,,,,,100,0,20,83
7180,work,,,,,100,0,20,83
7190,violence,,,,,100,1,19,84
7200,violence,,,,,100,1,20,84
7210,violence,,,,,100,1,19,85
7220,violence,,,,,100,1,19,85
7230,violence,,,,,100,1,19,85
7240,violence,,,,,100,1,19,85
7250,aftermath,,,,,100,0,20,85
7260,aftermath,,,,,100,0,20,85
7270,aftermath,,,,,100,0,20,85
7280,aftermath,,,,,100,0,20,85
7290,aftermath,,,,,100,0,20,85
7300,aftermath,,,,,100,0,20,85
7310,quiet,,,,,100,0,20,85
7320,quiet,,,,,100,0,20,85
7330,quiet,,,,,100,0,20,85
7340,quiet,,,,,100,0,20,85
7350,quiet,,,,,100,0,20,85
7360,quiet,,,,,100,0,20,85
7370,quiet,,,,,100,0,20,85
7380,quiet,,,,,100,0,20,85
7390,quiet,,,,,100,0,20,85
7400,work,,,,,100,0,20,85
7410,work,,,,,100,0,20,85
7420,violence,,,,,100,1,19,86
7430,violence,,,,,100,1,19,87
7440,violence,,,,,100,1,19,87
7450,violence,,,,,100,1,19,87
7460,violence,,,,,100,1,19,87
7470,violence,,,,,100,1,20,87
7480,aftermath,,,,,100,0,20,87
7490,aftermath,,,,,100,0,20,87
7500,aftermath,,,,,100,0,20,87
7510,aftermath,,,,,100,0,20,87
7520,aftermath,,,,,100,0,20,87
7530,aftermath,,,,,100,0,20,87
7540,quiet,,,,,100,0,20,87
7550,quiet,,,,,100,0,20,87
7560,quiet,,,,,100,0,20,87
7570,quiet,,,,,100,0,20,87
7580,quiet,,,,,100,0,20,87
7590,quiet,,,,,100,0,20,87
7600,quiet,,,,,100,0,20,87
7610,quiet,,,,,100,0,20,87
7620,quiet,,,,,100,0,20,87
7630,work,,,,,100,0,20,87
7640,work,,,,,100,0,20,87
7650,violence,,,,,100,1,20,88
7660,violence,,,,,100,1,20,88
7670,violence,,,,,100,1,20,88
7680,violence,,,,,100,1,20,88
7690,violence,,,,,100,1,20,88
7700,aftermath,,,,,100,0,20,88
7710,aftermath,,,,,100,0,20,88
7720,aftermath,,,,,100,0,20,88
7730,aftermath,,,,,100,0,20,88
7740,aftermath,,,,,100,0,20,88
7750,aftermath,,,,,100,0,20,88
7760,quiet,,,,,100,0,20,88
7770,quiet,,,,,100,0,20,88
7780,quiet,,,,,100,0,20,88
7790,quiet,,,,,100,0,20,88
7800,quiet,,,,,100,0,20,88
7810,quiet,,,,,100,0,20,88
7820,quiet,,,,,100,0,20,88
7830,quiet,,,,,100,0,20,88
7840,quiet,,,,,100,0,20,88
7850,work,,,,,100,0,20,88
7860,work,,,,,100,0,20,88
7870,travel,,,,,100,0,20,88
7880,travel,,,,,100,0,20,88
7890,travel,,,,,100,0,20,88
7900,travel,,,,,100,0,20,88
7910,travel,,,,,100,0,20,88
7920,travel,,,,,100,0,20,88
7930,travel,,,,,100,0,20,88
7940,travel,,,,,100,0,20,88
7950,curiosity,,,,,100,0,20,88
7960,curiosity,,,,,100,0,20,88
7970,curiosity,,,,,100,0,20,88
7980,curiosity,,,,,100,0,20,88
7990,violence,,,,,100,1,19,89
8000,violence,,,,,100,1,19,89
8010,violence,,,,,100,1,20,89
8020,violence,,,,,100,1,20,89
8030,violence,,,,,100,1,20,89
8040,aftermath,,,,,100,0,20,89
8050,aftermath,,,,,100,0,20,89
8060,aftermath,,,,,100,0,20,89
8070,aftermath,,,,,100,0,20,89
8080,aftermath,,,,,100,0,20,89
8090,aftermath,,,,,100,0,20,89
8100,quiet,,,,,100,0,20,89
8110,quiet,,,,,100,0,20,89
8120,quiet,,,,,100,0,20,89
8130,quiet,,,,,100,0,20,89
8140,quiet,,,,,100,0,20,89
8150,quiet,,,,,100,0,20,89
8160,quiet,,,,,100,0,20,89
8170,quiet,,,,,100,0,20,89
8180,quiet,,,,,100,0,20,89
8190,work,,,,,100,0,20,89
8200,work,,,,,100,0,20,89
8210,violence,,,,,100,1,19,90
8220,violence,,,,,100,1,19,90
8230,violence,,,,,100,1,19,90
8240,violence,,,,,100,1,20,90
8250,violence,,,,,100,1,20,90
8260,violence,,,,,100,1,20,90
8270,aftermath,,,,,100,0,20,90
8280,aftermath,,,,,100,0,20,90
8290,aftermath,,,,,100,0,20,90
8300,aftermath,,,,,100,0,20,90
8310,aftermath,,,,,100,0,20,90
8320,aftermath,,,,,100,0,20,90
8330,quiet,,,,,100,0,20,90
8340,quiet,,,,,100,0,20,90
8350,quiet,,,,,100,0,20,90
8360,quiet,,,,,100,0,20,90
8370,quiet,,,,,100,0,20,90
8380,quiet,,,,,100,0,20,90
8390,quiet,,,,,100,0,20,90
8400,quiet,,,,,100,0,20,90
8410,quiet,,,,,100,0,20,90
8420,work,,,,,100,0,20,90
8430,work,,,,,100,0,20,90
8440,violence,,,,,100,1,19,91
8450,violence,,,,,100,1,19,91
8460,violence,,,,,100,1,20,91
8470,violence,,,,,100,1,20,91
8480,violence,,,,,100,1,20,91
8490,aftermath,,,,,100,0,20,91
8500,aftermath,,,,,100,0,20,91
8510,aftermath,,,,,100,0,20,91
8520,aftermath,,,,,100,0,20,91
8530,aftermath,,,,,100,0,20,91
8540,aftermath,,,,,100,0,20,91
8550,quiet,,,,,100,0,20,91
8560,quiet,,,,,100,0,20,91
8570,quiet,,,,,100,0,20,91
8580,quiet,,,,,100,0,20,91
8590,quiet,,,,,100,0,20,91
8600,quiet,,,,,100,0,20,91
8610,quiet,,,,,100,0,20,91
8620,quiet,,,,,100,0,20,91
8630,quiet,,,,,100,0,20,91
8640,work,,,,,100,0,20,91
8650,work,,,,,100,0,20,91
8660,violence,,,,,100,1,19,92
8670,violence,,,,,100,1,19,92
8680,violence,,,,,100,1,19,92
8690,violence,,,,,100,1,19,93
8700,violence,,,,,100,1,19,93
8710,violence,,,,,100,1,19,93
8720,aftermath,,,,,100,0,19,93
8730,aftermath,,,,,100,0,20,93
8740,aftermath,,,,,100,0,20,93
8750,aftermath,,,,,100,0,20,93
8760,aftermath,,,,,100,0,20,93
8770,aftermath,,,,,100,0,20,93
8780,quiet,,,,,100,0,20,93
8790,quiet,,,,,100,0,20,93
8800,quiet,,,,,100,0,20,93
8810,quiet,,,,,100,0,20,93
8820,quiet,,,,,100,0,20,93
8830,quiet,,,,,100,0,20,93
8840,quiet,,,,,100,0,20,93
8850,quiet,,,,,100,0,20,93
8860,quiet,,,,,100,0,20,93
8870,work,,,,,100,0,20,93
8880,work,,,,,100,0,20,93
8890,violence,,,,,100,1,19,94
8900,violence,,,,,100,1,19,94
8910,violence,,,,,100,1,20,94
8920,violence,,,,,100,1,20,94
8930,violence,,,,,100,1,20,94
8940,aftermath,,,,,100,0,20,94
8950,aftermath,,,,,100,0,20,94
8960,aftermath,,,,,100,0,20,94
8970,aftermath,,,,,100,0,20,94
8980,aftermath,,,,,100,0,20,94
8990,aftermath,,,,,100,0,20,94
9000,quiet,,,,,100,0,20,94
9010,quiet,,,,,100,0,20,94
9020,quiet,,,,,100,0,20,94
9030,quiet,,,,,100,0,20,94
9040,quiet,,,,,100,0,20,94
9050,quiet,,,,,100,0,20,94
9060,quiet,,,,,100,0,20,94
9070,quiet,,,,,100,0,20,94
9080,quiet,,,,,100,0,20,94
9090,work,,,,,100,0,20,94
9100,work,,,,,100,0,20,94
9110,violence,,,,,100,1,19,95
9120,violence,,,,,100,1,19,95
9130,violence,,,,,100,1,19,95
9140,violence,,,,,100,1,19,96
9150,violence,,,,,100,1,19,96
9160,violence,,,,,100,1,19,96
9170,aftermath,,,,,100,0,19,96
9180,aftermath,,,,,100,0,20,96
9190,aftermath,,,,,100,0,20,96
9200,aftermath,,,,,100,0,20,96
9210,aftermath,,,,,100,0,20,96
9220,aftermath,,,,,100,0,20,96
9230,quiet,,,,,100,0,20,96
9240,quiet,,,,,100,0,20,96
9250,quiet,,,,,100,0,20,96
9260,quiet,,,,,100,0,20,96
9270,quiet,,,,,100,0,20,96
9280,quiet,,,,,100,0,20,96
9290,quiet,,,,,100,0,20,96
9300,quiet,,,,,100,0,20,96
9310,quiet,,,,,100,0,20,96
9320,work,,,,,100,0,20,96
9330,work,,,,,100,0,20,96
9340,violence,,,,,100,1,19,97
9350,violence,,,,,100,1,19,97
9360,violence,,,,,100,1,20,97
9370,violence,,,,,100,1,19,98
9380,violence,,,,,100,1,19,98
9390,violence,,,,,100,1,19,98
9400,aftermath,,,,,100,0,19,98
9410,aftermath,,,,,100,0,19,99
9420,aftermath,,,,,100,0,19,99
9430,aftermath,,,,,100,0,19,99
9440,aftermath,,,,,100,0,19,99
9450,aftermath,,,,,100,0,20,99
9460,quiet,,,,,100,0,20,99
9470,quiet,,,,,100,0,20,99
9480,quiet,,,,,100,0,20,99
9490,quiet,,,,,100,0,20,99
9500,quiet,,,,,100,0,20,99
9510,quiet,,,,,100,0,20,99
9520,quiet,,,,,100,0,20,99
9530,quiet,,,,,100,0,20,99
9540,quiet,,,,,100,0,20,99
9550,work,,,,,100,0,20,99
9560,work,,,,,100,0,20,99
9570,violence,,,,,100,1,19,100
9580,violence,,,,,100,1,19,100
9590,violence,,,,,100,1,20,100
9600,violence,,,,,100,1,20,100
9610,violence,,,,,100,1,20,100
9620,aftermath,,,,,100,0,20,100
9630,aftermath,,,,,100,0,20,100
9640,aftermath,,,,,100,0,20,100
9650,aftermath,,,,,100,0,20,100
9660,aftermath,,,,,100,0,20,100
9670,aftermath,,,,,100,0,20,100
9680,quiet,,,,,100,0,20,100
9690,quiet,,,,,100,0,20,100
9700,quiet,,,,,100,0,20,100
9710,quiet,,,,,100,0,20,100
9720,quiet,,,,,100,0,20,100
9730,quiet,,,,,100,0,20,100
9740,quiet,,,,,100,0,20,100
9750,quiet,,,,,100,0,20,100
9760,quiet,,,,,100,0,20,100
9770,work,,,,,100,0,20,100
9780,work,,,,,100,0,20,100
9790,violence,,,,,100,1,19,101
9800,violence,,,,,100,1,19,101
9810,violence,,,,,100,1,20,101
9820,violence,,,,,100,1,20,101
9830,violence,,,,,100,1,20,101
9840,violence,,,,,100,1,20,101
9850,aftermath,,,,,100,0,20,101
9860,aftermath,,,,,100,0,20,101
9870,aftermath,,,,,100,0,20,101
9880,aftermath,,,,,100,0,20,101
9890,aftermath,,,,,100,0,20,101
9900,aftermath,,,,,100,0,20,101
9910,quiet,,,,,100,0,20,101
9920,quiet,,,,,100,0,20,101
9930,quiet,,,,,100,0,20,101
9940,quiet,,,,,100,0,20,101
9950,quiet,,,,,100,0,20,101
9960,quiet,,,,,100,0,20,101
9970,quiet,,,,,100,0,20,101
9980,quiet,,,,,100,0,20,101
9990,quiet,,,,,100,0,20,101
10000,work,,,,,100,0,20,101
10010,work,,,,,100,0,20,101
10020,violence,,,,,100,1,19,102
10030,violence,,,,,100,1,19,102
10040,violence,,,,,100,1,19,103
10050,violence,,,,,100,1,19,103
10060,violence,,,,,100,1,19,103
10070,aftermath,,,,,100,0,19,103
10080,aftermath,,,,,100,0,20,103
10090,aftermath,,,,,100,0,20,103
10100,aftermath,,,,,100,0,20,103
10110,aftermath,,,,,100,0,20,103
10120,aftermath,,,,,100,0,20,103
10130,quiet,,,,,100,0,20,103
10140,quiet,,,,,100,0,20,103
10150,quiet,,,,,100,0,20,103
10160,quiet,,,,,100,0,20,103
10170,quiet,,,,,100,0,20,103
10180,quiet,,,,,100,0,20,103
10190,quiet,,,,,100,0,20,103
10200,quiet,,,,,100,0,0,103
10210,quiet,,,,,100,0,0,103
10220,work,,,,,100,0,0,103
10230,work,,,,,100,0,0,103
10240,travel,,,,,100,0,0,103
10250,travel,,,,,100,0,0,103
10260,travel,,,,,100,0,0,103
10270,travel,,,,,100,0,0,103
10280,travel,,,,,100,0,0,103
10290,travel,,,,,100,0,0,103
10300,travel,,,,,100,0,0,103
10310,travel,,,,,100,0,0,103
10320,curiosity,,,,,100,0,0,103
10330,curiosity,,,,,100,0,0,103
10340,curiosity,,,,,100,0,0,103
10350,curiosity,,,,,100,0,0,103
10360,curiosity,,,,,100,0,0,103
10370,curiosity,,,,,100,0,0,103
10380,curiosity,,,,,100,0,0,103
10390,opportunity,,,,,100,0,0,103
10400,opportunity,,,,,100,0,0,103
10410,opportunity,,,,,100,0,0,103
10420,opportunity,,,,,100,0,0,103
10430,opportunity,,,,,100,0,0,103
10440,opportunity,,,,,100,0,0,103
10450,opportunity,,,,,100,0,0,103
10460,opportunity,,,,,100,0,0,103
10470,tension,,,,,100,0,0,103
10480,tension,,,,,100,0,0,103
10490,tension,,,,,100,0,0,103
10500,tension,,,,,100,0,0,103
10510,tension,,,,,100,0,0,103
10520,tension,,,,,100,0,0,103
10530,violence,,,,,100,0,0,103
10540,violence,,,,,100,0,0,103
10550,violence,,,,,100,0,0,103
10560,violence,,,,,100,0,0,103
10570,aftermath,,,,,100,0,0,103
10580,aftermath,,,,,100,0,0,104
10590,aftermath,,,,,100,0,0,104
10600,aftermath,,,,,100,0,0,104
10610,aftermath,,,,,100,0,0,104
10620,aftermath,,,,,100,0,1,104
10630,quiet,,,,,100,0,1,104
10640,quiet,,,,,100,0,1,104
10650,quiet,,,,,100,0,1,104
10660,quiet,,,,,100,0,1,104
10670,quiet,,,,,100,0,2,104
10680,quiet,,,,,100,0,2,104
10690,quiet,,,,,100,0,2,104
10700,quiet,,,,,100,0,2,104
10710,quiet,,,,,100,0,3,104
10720,work,,,,,100,0,3,104
10730,work,,,,,100,0,3,104
10740,travel,,,,,100,0,3,104
10750,violence,,,,,100,1,2,105
10760,violence,,,,,100,1,2,106
10770,violence,,,,,100,1,2,106
10780,violence,,,,,100,1,2,106
10790,violence,,,,,100,1,2,106
10800,violence,,,,,100,1,3,106
10810,aftermath,,,,,100,0,2,107
10820,aftermath,,,,,100,0,2,107
10830,aftermath,,,,,100,0,2,107
10840,aftermath,,,,,100,0,2,107
10850,aftermath,,,,,100,0,2,108
10860,aftermath,,,,,100,0,2,108
10870,quiet,,,,,100,0,2,108
10880,quiet,,,,,100,0,2,108
10890,quiet,,,,,100,0,3,108
10900,quiet,,,,,100,0,3,108
10910,quiet,,,,,100,0,3,108
10920,quiet,,,,,100,0,3,108
10930,quiet,,,,,100,0,3,108
10940,quiet,,,,,100,0,4,108
10950,quiet,,,,,100,0,4,108
10960,work,,,,,100,0,4,108
10970,work,,,,,100,0,4,108
10980,violence,,,,,100,1,4,109
10990,violence,,,,,100,1,4,109
11000,violence,,,,,100,1,4,109
11010,violence,,,,,100,1,4,109
11020,violence,,,,,100,1,4,109
11030,violence,,,,,100,1,5,109
11040,aftermath,,,,,100,0,5,109
11050,aftermath,,,,,100,0,5,109
11060,aftermath,,,,,100,0,5,109
11070,aftermath,,,,,100,0,6,109
11080,aftermath,,,,,100,0,6,109
11090,aftermath,,,,,100,0,6,109
11100,quiet,,,,,100,0,6,109
11110,quiet,,,,,100,0,6,109
11120,quiet,,,,,100,0,6,110
11130,quiet,,,,,100,0,6,110
11140,quiet,,,,,100,0,6,110
11150,quiet,,,,,100,0,6,110
11160,quiet,,,,,100,0,7,110
11170,quiet,,,,,100,0,7,110
11180,quiet,,,,,100,0,7,110
11190,work,,,,,100,0,7,110
11200,work,,,,,100,0,7,110
11210,violence,,,,,100,1,7,111
11220,violence,,,,,100,1,7,111
11230,violence,,,,,100,1,6,112
11240,violence,,,,,100,1,6,112
11250,violence,,,,,100,1,7,112
11260,aftermath,,,,,100,0,6,113
11270,aftermath,,,,,100,0,6,113
11280,aftermath,,,,,100,0,6,113
11290,aftermath,,,,,100,0,6,113
11300,aftermath,,,,,100,0,7,113
11310,aftermath,,,,,100,0,7,113
11320,quiet,,,,,100,0,7,113
11330,quiet,,,,,100,0,7,113
11340,quiet,,,,,100,0,8,113
11350,quiet,,,,,100,0,8,113
11360,quiet,,,,,100,0,8,113
11370,quiet,,,,,100,0,8,113
11380,quiet,,,,,100,0,8,113
11390,quiet,,,,,100,0,8,114
11400,quiet,,,,,100,0,8,114
11410,work,,,,,100,0,8,114
11420,work,,,,,100,0,8,114
11430,travel,,,,,100,0,9,114
11440,travel,,,,,100,0,9,114
11450,violence,,,,,100,1,8,115
11460,violence,,,,,100,1,8,115
11470,violence,,,,,100,1,8,115
11480,violence,,,,,100,1,8,116
11490,violence,,,,,100,1,8,116
11500,aftermath,,,,,100,0,8,116
11510,aftermath,,,,,100,0,8,116
11520,aftermath,,,,,100,0,9,116
11530,aftermath,,,,,100,0,8,117
11540,aftermath,,,,,100,0,8,117
11550,aftermath,,,,,100,0,8,117
11560,quiet,,,,,100,0,8,117
11570,quiet,,,,,100,0,9,117
11580,quiet,,,,,100,0,9,117
11590,quiet,,,,,100,0,9,117
11600,quiet,,,,,100,0,9,117
11610,quiet,,,,,100,0,10,117
11620,quiet,,,,,100,0,10,117
11630,quiet,,,,,100,0,10,117
11640,quiet,,,,,100,0,10,117
11650,work,,,,,100,0,10,117
11660,work,,,,,100,0,10,118
11670,travel,,,,,100,0,10,118
11680,violence,,,,,100,1,9,119
11690,violence,,,,,100,1,9,119
11700,violence,,,,,100,1,10,119
11710,violence,,,,,100,1,10,119
11720,violence,,,,,100,1,10,119
11730,aftermath,,,,,100,0,10,119
11740,aftermath,,,,,100,0,10,119
11750,aftermath,,,,,100,0,11,119
11760,aftermath,,,,,100,0,11,119
11770,aftermath,,,,,100,0,11,119
11780,aftermath,,,,,100,0,11,119
11790,quiet,,,,,100,0,12,119
11800,quiet,,,,,100,0,11,120
11810,quiet,,,,,100,0,11,120
11820,quiet,,,,,100,0,11,120
11830,quiet,,,,,100,0,11,120
11840,quiet,,,,,100,0,12,120
11850,quiet,,,,,100,0,12,120
11860,quiet,,,,,100,0,12,120
11870,quiet,,,,,100,0,12,120
11880,work,,,,,100,0,13,120
11890,work,,,,,100,0,13,120
11900,travel,,,,,100,1,12,121
11910,violence,,,,,100,1,12,121
11920,violence,,,,,100,1,12,121
11930,violence,,,,,100,1,13,121
11940,violence,,,,,100,1,13,121
11950,violence,,,,,100,1,13,121
11960,aftermath,,,,,100,0,13,121
11970,aftermath,,,,,100,0,14,121
11980,aftermath,,,,,100,0,13,122
11990,aftermath,,,,,100,0,13,122
12000,aftermath,,,,,100,0,13,122
12010,aftermath,,,,,100,0,13,122
12020,quiet,,,,,100,0,14,122
12030,quiet,,,,,100,0,14,122
12040,quiet,,,,,100,0,14,122
12050,quiet,,,,,100,0,14,122
12060,quiet,,,,,100,0,15,122
12070,quiet,,,,,100,0,15,122
12080,quiet,,,,,100,0,15,122
12090,quiet,,,,,100,0,15,122
12100,quiet,,,,,100,0,15,122
12110,work,,,,,100,0,16,122
12120,work,,,,,100,0,16,122
12130,violence,,,,,100,1,15,123
12140,violence,,,,,100,1,15,123
12150,violence,,,,,100,1,16,123
12160,violence,,,,,100,1,16,123
12170,violence,,,,,100,1,16,123
12180,aftermath,,,,,100,0,16,123
12190,aftermath,,,,,100,0,16,123
12200,aftermath,,,,,100,0,17,123
12210,aftermath,,,,,100,0,17,123
12220,aftermath,,,,,100,0,17,123
12230,aftermath,,,,,100,0,17,123
12240,quiet,,,,,100,0,18,123
12250,quiet,,,,,100,0,17,124
12260,quiet,,,,,100,0,17,124
12270,quiet,,,,,100,0,17,124
12280,quiet,,,,,100,0,17,124
12290,quiet,,,,,100,0,17,125
12300,quiet,,,,,100,0,17,125
12310,quiet,,,,,100,0,17,125
12320,quiet,,,,,100,0,17,125
12330,work,,,,,100,0,18,125
12340,work,,,,,100,0,18,125
12350,travel,,,,,100,0,18,125
12360,violence,,,,,100,1,17,126
12370,violence,,,,,100,1,17,126
12380,violence,,,,,100,1,17,127
12390,violence,,,,,100,1,17,127
12400,violence,,,,,100,1,17,127
12410,aftermath,,,,,100,0,17,127
12420,aftermath,,,,,100,0,18,127
12430,aftermath,,,,,100,0,17,128
12440,aftermath,,,,,100,0,17,128
12450,aftermath,,,,,100,0,17,128
12460,aftermath,,,,,100,0,17,128
12470,quiet,,,,,100,0,18,128
12480,quiet,,,,,100,0,18,128
12490,quiet,,,,,100,0,18,128
12500,quiet,,,,,100,0,18,128
12510,quiet,,,,,100,0,19,128
12520,quiet,,,,,100,0,19,128
12530,quiet,,,,,100,0,19,128
12540,quiet,,,,,100,0,19,128
12550,quiet,,,,,100,0,19,128
12560,work,,,,,100,0,19,129
12570,work,,,,,100,0,19,129
12580,travel,,,,,100,1,18,130
12590,violence,,,,,100,1,18,130
12600,violence,,,,,100,1,19,130
12610,violence,,,,,100,1,19,130
12620,violence,,,,,100,1,19,130
12630,violence,,,,,100,1,19,130
12640,aftermath,,,,,100,0,19,130
12650,aftermath,,,,,100,0,20,130
12660,aftermath,,,,,100,0,20,130
12670,aftermath,,,,,100,0,20,130
12680,aftermath,,,,,100,0,20,130
12690,aftermath,,,,,100,0,20,130
12700,quiet,,,,,100,0,20,130
12710,quiet,,,,,100,0,20,130
12720,quiet,,,,,100,0,20,130
12730,quiet,,,,,100,0,20,130
12740,quiet,,,,,100,0,20,130
12750,quiet,,,,,100,0,20,130
12760,quiet,,,,,100,0,20,130
12770,quiet,,,,,100,0,20,130
12780,quiet,,,,,100,0,20,130
12790,work,,,,,100,0,20,130
12800,work,,,,,100,0,20,130
12810,violence,,,,,100,1,19,131
12820,violence,,,,,100,1,19,131
12830,violence,,,,,100,1,20,131
12840,violence,,,,,100,1,20,131
12850,violence,,,,,100,1,20,131
12860,aftermath,,,,,100,0,20,131
12870,aftermath,,,,,100,0,20,131
12880,aftermath,,,,,100,0,20,131
12890,aftermath,,,,,100,0,20,131
12900,aftermath,,,,,100,0,20,131
12910,aftermath,,,,,100,0,20,131
12920,quiet,,,,,100,0,20,131
12930,quiet,,,,,100,0,20,131
12940,quiet,,,,,100,0,20,131
12950,quiet,,,,,100,0,20,131
12960,quiet,,,,,100,0,20,131
12970,quiet,,,,,100,0,20,131
12980,quiet,,,,,100,0,20,131
12990,quiet,,,,,100,0,20,131
13000,quiet,,,,,100,0,20,131
13010,work,,,,,100,0,20,131
13020,work,,,,,100,0,20,131
13030,travel,,,,,100,1,19,132
13040,violence,,,,,100,1,19,132
13050,violence,,,,,100,1,20,132
13060,violence,,,,,100,1,19,133
13070,violence,,,,,100,1,19,133
13080,violence,,,,,100,1,19,133
13090,aftermath,,,,,100,0,19,133
13100,aftermath,,,,,100,0,20,133
13110,aftermath,,,,,100,0,20,133
13120,aftermath,,,,,100,0,20,133
13130,aftermath,,,,,100,0,20,133
13140,aftermath,,,,,100,0,20,133
13150,quiet,,,,,100,0,20,133
13160,quiet,,,,,100,0,20,133
13170,quiet,,,,,100,0,20,133
13180,quiet,,,,,100,0,20,133
13190,quiet,,,,,100,0,20,133
13200,quiet,,,,,100,0,20,133
13210,quiet,,,,,100,0,20,133
13220,quiet,,,,,100,0,20,133
13230,quiet,,,,,100,0,20,133
13240,work,,,,,100,0,20,133
13250,work,,,,,100,0,20,133
13260,violence,,,,,100,1,19,134
13270,violence,,,,,100,1,19,134
13280,violence,,,,,100,1,19,135
13290,violence,,,,,100,1,19,135
13300,violence,,,,,100,1,19,135
13310,aftermath,,,,,100,0,19,135
13320,aftermath,,,,,100,0,20,135
13330,aftermath,,,,,100,0,19,136
13340,aftermath,,,,,100,0,19,136
13350,aftermath,,,,,100,0,19,136
13360,aftermath,,,,,100,0,19,136
13370,quiet,,,,,100,0,20,136
13380,quiet,,,,,100,0,20,136
13390,quiet,,,,,100,0,20,136
13400,quiet,,,,,100,0,20,136
13410,quiet,,,,,100,0,20,136
13420,quiet,,,,,100,0,20,136
13430,quiet,,,,,100,0,20,136
13440,quiet,,,,,100,0,20,136
13450,quiet,,,,,100,0,20,136
13460,work,,,,,100,0,20,136
13470,work,,,,,100,0,20,136
13480,travel,,,,,100,0,20,136
13490,violence,,,,,100,1,19,137
13500,violence,,,,,100,1,20,137
13510,violence,,,,,100,1,20,137
13520,violence,,,,,100,1,20,137
13530,violence,,,,,100,1,20,137
13540,aftermath,,,,,100,0,20,137
13550,aftermath,,,,,100,0,20,137
13560,aftermath,,,,,100,0,20,137
13570,aftermath,,,,,100,0,20,137
13580,aftermath,,,,,100,0,20,137
13590,aftermath,,,,,100,0,20,137
13600,quiet,,,,,100,0,20,137
13610,quiet,,,,,100,0,20,137
13620,quiet,,,,,100,0,20,137
13630,quiet,,,,,100,0,20,137
13640,quiet,,,,,100,0,20,137
13650,quiet,,,,,100,0,20,137
13660,quiet,,,,,100,0,20,137
13670,quiet,,,,,100,0,20,137
13680,quiet,,,,,100,0,20,137
13690,work,,,,,100,0,20,137
13700,work,,,,,100,0,20,137
13710,travel,,,,,100,0,20,137
13720,violence,,,,,100,1,19,138
13730,violence,,,,,100,1,20,138
13740,violence,,,,,100,1,20,138
13750,violence,,,,,100,1,20,138
13760,violence,,,,,100,1,20,138
13770,aftermath,,,,,100,0,20,138
13780,aftermath,,,,,100,0,20,138
13790,aftermath,,,,,100,0,20,138
13800,aftermath,,,,,100,0,20,138
13810,aftermath,,,,,100,0,20,138
13820,aftermath,,,,,100,0,20,138
13830,quiet,,,,,100,0,20,138
13840,quiet,,,,,100,0,20,138
13850,quiet,,,,,100,0,20,138
13860,quiet,,,,,100,0,20,138
13870,quiet,,,,,100,0,20,138
13880,quiet,,,,,100,0,20,138
13890,quiet,,,,,100,0,20,138
13900,quiet,,,,,100,0,20,138
13910,quiet,,,,,100,0,20,138
13920,work,,,,,100,0,20,138
13930,work,,,,,100,0,20,138
13940,violence,,,,,100,1,19,139
13950,violence,,,,,100,1,20,139
13960,violence,,,,,100,1,19,140
13970,violence,,,,,100,1,19,140
13980,violence,,,,,100,1,19,140
13990,violence,,,,,100,1,19,140
14000,aftermath,,,,,100,0,20,140
14010,aftermath,,,,,100,0,20,140
14020,aftermath,,,,,100,0,20,140
14030,aftermath,,,,,100,0,20,140
14040,aftermath,,,,,100,0,20,140
14050,aftermath,,,,,100,0,20,140
14060,quiet,,,,,100,0,20,140
14070,quiet,,,,,100,0,20,140
14080,quiet,,,,,100,0,20,140
14090,quiet,,,,,100,0,20,140
14100,quiet,,,,,100,0,20,140
14110,quiet,,,,,100,0,20,140
14120,quiet,,,,,100,0,20,140
14130,quiet,,,,,100,0,20,140
14140,quiet,,,,,100,0,20,140
14150,work,,,,,100,0,20,140
14160,work,,,,,100,0,20,140
14170,violence,,,,,100,1,19,141
14180,violence,,,,,100,1,20,141
14190,violence,,,,,100,1,20,141
14200,violence,,,,,100,1,20,141
14210,violence,,,,,100,1,20,141
14220,aftermath,,,,,100,0,20,141
14230,aftermath,,,,,100,0,20,141
14240,aftermath,,,,,100,0,20,141
14250,aftermath,,,,,100,0,20,141
14260,aftermath,,,,,100,0,20,141
14270,aftermath,,,,,100,0,20,141
14280,quiet,,,,,100,0,20,141
14290,quiet,,,,,100,0,20,141
14300,quiet,,,,,100,0,20,141
14310,quiet,,,,,100,0,20,141
14320,quiet,,,,,100,0,20,141
14330,quiet,,,,,100,0,20,141
14340,quiet,,,,,100,0,20,141
14350,quiet,,,,,100,0,20,141
14360,quiet,,,,,100,0,20,141
14370,work,,,,,100,0,20,141
14380,work,,,,,100,0,20,141
14390,violence,,,,,100,1,19,142
14400,violence,,,,,100,1,20,142
14410,violence,,,,,100,1,20,142
14420,violence,,,,,100,1,20,142
14430,violence,,,,,100,1,20,142
14440,violence,,,,,100,1,20,142
14450,aftermath,,,,,100,0,20,142
14460,aftermath,,,,,100,0,20,142
14470,aftermath,,,,,100,0,20,142
14480,aftermath,,,,,100,0,20,142
14490,aftermath,,,,,100,0,20,142
14500,aftermath,,,,,100,0,20,142
14510,quiet,,,,,100,0,20,142
14520,quiet,,,,,100,0,20,142
14530,quiet,,,,,100,0,20,142
14540,quiet,,,,,100,0,20,142
14550,quiet,,,,,100,0,20,142
14560,quiet,,,,,100,0,20,142
14570,quiet,,,,,100,0,20,142
14580,quiet,,,,,100,0,20,142
14590,quiet,,,,,100,0,20,142
14600,work,,,,,100,0,20,142
14610,work,,,,,100,0,20,142
14620,violence,,,,,100,1,19,143
14630,violence,,,,,100,1,20,143
14640,violence,,,,,100,1,20,143
14650,violence,,,,,100,1,20,143
14660,violence,,,,,100,1,20,143
14670,aftermath,,,,,100,0,20,143
14680,aftermath,,,,,100,0,20,143
14690,aftermath,,,,,100,0,20,143
14700,aftermath,,,,,100,0,20,143
14710,aftermath,,,,,100,0,20,143
14720,aftermath,,,,,100,0,20,143
14730,quiet,,,,,100,0,20,143
14740,quiet,,,,,100,0,20,143
14750,quiet,,,,,100,0,20,143
14760,quiet,,,,,100,0,20,143
14770,quiet,,,,,100,0,20,143
14780,quiet,,,,,100,0,20,143
14790,quiet,,,,,100,0,20,143
14800,quiet,,,,,100,0,20,143
14810,quiet,,,,,100,0,20,143
14820,work,,,,,100,0,20,143
14830,work,,,,,100,0,20,143
14840,violence,,,,,100,1,19,144
14850,violence,,,,,100,1,20,144
14860,violence,,,,,100,1,20,144
14870,violence,,,,,100,1,20,144
14880,violence,,,,,100,1,20,144
14890,violence,,,,,100,1,20,144
14900,aftermath,,,,,100,0,20,144
14910,aftermath,,,,,100,0,20,144
14920,aftermath,,,,,100,0,20,144
14930,aftermath,,,,,100,0,20,144
14940,aftermath,,,,,100,0,20,144
14950,aftermath,,,,,100,0,20,144
14960,quiet,,,,,100,0,20,144
14970,quiet,,,,,100,0,20,144
14980,quiet,,,,,100,0,20,144
14990,quiet,,,,,100,0,20,144
15000,quiet,,,,,100,0,20,144
15010,quiet,,,,,100,0,20,144
15020,quiet,,,,,100,0,20,144
15030,quiet,,,,,100,0,20,144
15040,quiet,,,,,100,0,20,144
15050,work,,,,,100,0,20,144
15060,work,,,,,100,0,20,144
15070,travel,,,,,100,0,20,144
15080,travel,,,,,100,0,20,144
15090,travel,,,,,100,0,20,144
15100,travel,,,,,100,0,20,144
15110,travel,,,,,100,0,20,144
15120,travel,,,,,100,0,20,144
15130,travel,,,,,100,0,20,144
15140,curiosity,,,,,100,0,20,144
15150,curiosity,,,,,100,0,20,144
15160,curiosity,,,,,100,0,20,144
15170,curiosity,,,,,100,0,20,144
15180,curiosity,,,,,100,1,19,145
15190,violence,,,,,100,1,19,145
15200,violence,,,,,100,1,19,145
15210,violence,,,,,100,1,20,145
15220,violence,,,,,100,1,20,145
15230,violence,,,,,100,1,20,145
15240,aftermath,,,,,100,0,20,145
15250,aftermath,,,,,100,0,20,145
15260,aftermath,,,,,100,0,20,145
15270,aftermath,,,,,100,0,20,145
15280,aftermath,,,,,100,0,20,145
15290,aftermath,,,,,100,0,20,145
15300,quiet,,,,,100,0,20,145
15310,quiet,,,,,100,0,20,145
15320,quiet,,,,,100,0,20,145
15330,quiet,,,,,100,0,20,145
15340,quiet,,,,,100,0,20,145
15350,quiet,,,,,100,0,20,145
15360,quiet,,,,,100,0,20,145
15370,quiet,,,,,100,0,20,145
15380,quiet,,,,,100,0,20,145
15390,work,,,,,100,0,20,145
15400,work,,,,,100,0,20,145
15410,violence,,,,,100,1,19,146
15420,violence,,,,,100,1,19,146
15430,violence,,,,,100,1,19,146
15440,violence,,,,,100,1,20,146
15450,violence,,,,,100,1,20,146
15460,violence,,,,,100,1,20,146
15470,aftermath,,,,,100,0,20,146
15480,aftermath,,,,,100,0,20,146
15490,aftermath,,,,,100,0,20,146
15500,aftermath,,,,,100,0,20,146
15510,aftermath,,,,,100,0,20,146
15520,aftermath,,,,,100,0,20,146
15530,quiet,,,,,100,0,20,146
15540,quiet,,,,,100,0,20,146
15550,quiet,,,,,100,0,20,146
15560,quiet,,,,,100,0,20,146
15570,quiet,,,,,100,0,20,146
15580,quiet,,,,,100,0,20,146
15590,quiet,,,,,100,0,20,146
15600,quiet,,,,,100,0,20,146
15610,quiet,,,,,100,0,20,146
15620,work,,,,,100,0,20,146
15630,work,,,,,100,0,20,146
15640,violence,,,,,100,1,19,147
15650,violence,,,,,100,1,19,147
15660,violence,,,,,100,1,20,147
15670,violence,,,,,100,1,19,148
15680,violence,,,,,100,1,19,148
15690,aftermath,,,,,100,0,19,148
15700,aftermath,,,,,100,0,19,148
15710,aftermath,,,,,100,0,20,148
15720,aftermath,,,,,100,0,20,148
15730,aftermath,,,,,100,0,20,148
15740,aftermath,,,,,100,0,20,148
15750,quiet,,,,,100,0,20,148
15760,quiet,,,,,100,0,20,148
15770,quiet,,,,,100,0,20,148
15780,quiet,,,,,100,0,20,148
15790,quiet,,,,,100,0,20,148
15800,quiet,,,,,100,0,20,148
15810,quiet,,,,,100,0,20,148
15820,quiet,,,,,100,0,20,148
15830,quiet,,,,,100,0,20,148
15840,work,,,,,100,0,20,148
15850,work,,,,,100,0,20,148
15860,violence,,,,,100,1,19,149
15870,violence,,,,,100,1,19,149
15880,violence,,,,,100,1,19,149
15890,violence,,,,,100,1,20,149
15900,violence,,,,,100,1,20,149
15910,violence,,,,,100,1,20,149
15920,aftermath,,,,,100,0,20,149
15930,aftermath,,,,,100,0,20,149
15940,aftermath,,,,,100,0,20,149
15950,aftermath,,,,,100,0,20,149
15960,aftermath,,,,,100,0,20,149
15970,aftermath,,,,,100,0,20,149
15980,quiet,,,,,100,0,20,149
15990,quiet,,,,,100,0,20,149
16000,quiet,,,,,100,0,20,149
16010,quiet,,,,,100,0,20,149
16020,quiet,,,,,100,0,20,149
16030,quiet,,,,,100,0,20,149
16040,quiet,,,,,100,0,20,149
16050,quiet,,,,,100,0,20,149
16060,quiet,,,,,100,0,20,149
16070,work,,,,,100,0,20,149
16080,work,,,,,100,0,20,149
16090,violence,,,,,100,1,19,150
16100,violence,,,,,100,1,19,150
16110,violence,,,,,100,1,20,150
16120,violence,,,,,100,1,20,150
16130,violence,,,,,100,1,20,150
16140,aftermath,,,,,100,0,20,150
16150,aftermath,,,,,100,0,20,150
16160,aftermath,,,,,100,0,20,150
16170,aftermath,,,,,100,0,20,150
16180,aftermath,,,,,100,0,20,150
16190,aftermath,,,,,100,0,20,150
16200,quiet,,,,,100,0,20,150
16210,quiet,,,,,100,0,20,150
16220,quiet,,,,,100,0,20,150
16230,quiet,,,,,100,0,20,150
16240,quiet,,,,,100,0,20,150
16250,quiet,,,,,100,0,20,150
16260,quiet,,,,,100,0,20,150
16270,quiet,,,,,100,0,20,150
16280,quiet,,,,,100,0,20,150
16290,work,,,,,100,0,20,150
16300,work,,,,,100,0,20,150
16310,violence,,,,,100,1,19,151
16320,violence,,,,,100,1,19,151
16330,violence,,,,,100,1,19,151
16340,violence,,,,,100,1,19,152
16350,violence,,,,,100,1,19,152
16360,violence,,,,,100,1,19,152
16370,aftermath,,,,,100,0,19,152
16380,aftermath,,,,,100,0,20,152
16390,aftermath,,,,,100,0,20,152
16400,aftermath,,,,,100,0,20,152
16410,aftermath,,,,,100,0,20,152
16420,aftermath,,,,,100,0,20,152
16430,quiet,,,,,100,0,20,152
16440,quiet,,,,,100,0,20,152
16450,quiet,,,,,100,0,20,152
16460,quiet,,,,,100,0,20,152
16470,quiet,,,,,100,0,20,152
16480,quiet,,,,,100,0,20,152
16490,quiet,,,,,100,0,20,152
16500,quiet,,,,,100,0,20,152
16510,quiet,,,,,100,0,20,152
16520,work,,,,,100,0,20,152
16530,work,,,,,100,0,20,152
16540,violence,,,,,100,1,19,153
16550,violence,,,,,100,1,19,153
16560,violence,,,,,100,1,20,153
16570,violence,,,,,100,1,19,154
16580,violence,,,,,100,1,19,154
16590,aftermath,,,,,100,0,19,154
16600,aftermath,,,,,100,0,19,154
16610,aftermath,,,,,100,0,19,155
16620,aftermath,,,,,100,0,19,155
16630,aftermath,,,,,100,0,19,155
16640,aftermath,,,,,100,0,19,155
16650,quiet,,,,,100,0,20,155
16660,quiet,,,,,100,0,20,155
16670,quiet,,,,,100,0,20,155
16680,quiet,,,,,100,0,20,155
16690,quiet,,,,,100,0,20,155
16700,quiet,,,,,100,0,20,155
16710,quiet,,,,,100,0,20,155
16720,quiet,,,,,100,0,20,155
16730,quiet,,,,,100,0,20,155
16740,work,,,,,100,0,20,155
16750,work,,,,,100,0,20,155
16760,violence,,,,,100,1,19,156
16770,violence,,,,,100,1,19,156
16780,violence,,,,,100,1,19,156
16790,violence,,,,,100,1,20,156
16800,violence,,,,,100,1,20,156
16810,violence,,,,,100,1,20,156
16820,aftermath,,,,,100,0,20,156
16830,aftermath,,,,,100,0,20,156
16840,aftermath,,,,,100,0,20,156
16850,aftermath,,,,,100,0,20,156
16860,aftermath,,,,,100,0,20,156
16870,aftermath,,,,,100,0,20,156
16880,quiet,,,,,100,0,20,156
16890,quiet,,,,,100,0,20,156
16900,quiet,,,,,100,0,20,156
16910,quiet,,,,,100,0,20,156
16920,quiet,,,,,100,0,20,156
16930,quiet,,,,,100,0,20,156
16940,quiet,,,,,100,0,20,156
16950,quiet,,,,,100,0,20,156
16960,quiet,,,,,100,0,20,156
16970,work,,,,,100,0,20,156
16980,work,,,,,100,0,20,156
16990,violence,,,,,100,1,19,157
17000,violence,,,,,100,1,19,157
17010,violence,,,,,100,1,20,157
17020,violence,,,,,100,1,20,157
17030,violence,,,,,100,1,20,157
17040,aftermath,,,,,100,0,20,157
17050,aftermath,,,,,100,0,20,157
17060,aftermath,,,,,100,0,20,157
17070,aftermath,,,,,100,0,20,157
17080,aftermath,,,,,100,0,20,157
17090,aftermath,,,,,100,0,20,157
17100,quiet,,,,,100,0,20,157
17110,quiet,,,,,100,0,20,157
17120,quiet,,,,,100,0,20,157
17130,quiet,,,,,100,0,20,157
17140,quiet,,,,,100,0,20,157
17150,quiet,,,,,100,0,20,157
17160,quiet,,,,,100,0,20,157
17170,quiet,,,,,100,0,20,157
17180,quiet,,,,,100,0,20,157
17190,work,,,,,100,0,20,157
17200,work,,,,,100,0,20,157
17210,violence,,,,,100,1,19,158
17220,violence,,,,,100,1,19,158
17230,violence,,,,,100,1,19,158
17240,violence,,,,,100,1,20,158
17250,violence,,,,,100,1,20,158
17260,violence,,,,,100,1,20,158
17270,aftermath,,,,,100,0,20,158
17280,aftermath,,,,,100,0,20,158
17290,aftermath,,,,,100,0,20,158
17300,aftermath,,,,,100,0,20,158
17310,aftermath,,,,,100,0,20,158
17320,aftermath,,,,,100,0,20,158
17330,quiet,,,,,100,0,20,158
17340,quiet,,,,,100,0,20,158
17350,quiet,,,,,100,0,20,158
17360,quiet,,,,,100,0,20,158
17370,quiet,,,,,100,0,20,158
17380,quiet,,,,,100,0,20,158
17390,quiet,,,,,100,0,20,158
17400,quiet,,,,,100,0,0,158
17410,quiet,,,,,100,0,0,158
17420,work,,,,,100,0,0,158
17430,work,,,,,100,0,0,158
17440,travel,,,,,100,0,0,158
17450,travel,,,,,100,0,0,158
17460,travel,,,,,100,0,0,158
17470,travel,,,,,100,0,0,158
17480,travel,,,,,100,0,0,158
17490,travel,,,,,100,0,0,158
17500,travel,,,,,100,0,0,158
17510,curiosity,,,,,100,0,0,158
17520,curiosity,,,,,100,0,0,158
17530,curiosity,,,,,100,0,0,158
17540,curiosity,,,,,100,0,0,158
17550,curiosity,,,,,100,0,0,158
17560,curiosity,,,,,100,0,0,158
17570,curiosity,,,,,100,0,0,158
17580,curiosity,,,,,100,0,0,158
17590,opportunity,,,,,100,0,0,158
17600,opportunity,,,,,100,0,0,158
17610,opportunity,,,,,100,0,0,158
17620,opportunity,,,,,100,0,0,158
17630,opportunity,,,,,100,0,0,158
17640,opportunity,,,,,100,0,0,158
17650,opportunity,,,,,100,0,0,158
17660,tension,,,,,100,0,0,158
17670,tension,,,,,100,0,0,158
17680,tension,,,,,100,0,0,158
17690,tension,,,,,100,0,0,158
17700,tension,,,,,100,0,0,158
17710,tension,,,,,100,0,0,158
17720,violence,,,,,100,0,0,158
17730,violence,,,,,100,0,0,158
17740,violence,,,,,100,0,0,158
17750,violence,,,,,100,0,0,158
17760,violence,,,,,100,0,0,158
17770,aftermath,,,,,100,0,0,158
17780,aftermath,,,,,100,0,0,159
17790,aftermath,,,,,100,0,0,159
17800,aftermath,,,,,100,0,0,159
17810,aftermath,,,,,100,0,0,159
17820,aftermath,,,,,100,0,1,159
17830,quiet,,,,,100,0,1,159
17840,quiet,,,,,100,0,1,159
17850,quiet,,,,,100,0,1,159
17860,quiet,,,,,100,0,1,159
17870,quiet,,,,,100,0,1,160
17880,quiet,,,,,100,0,1,160
17890,quiet,,,,,100,0,1,160
17900,quiet,,,,,100,0,1,160
17910,quiet,,,,,100,0,2,160
17920,work,,,,,100,0,2,160
17930,work,,,,,100,0,2,160
17940,travel,,,,,100,0,2,160
17950,violence,,,,,100,1,1,161
17960,violence,,,,,100,1,1,162
17970,violence,,,,,100,1,1,162
17980,violence,,,,,100,1,1,162
17990,violence,,,,,100,1,1,162
18000,violence,,,,,100,1,2,162
18010,aftermath,,,,,100,0,2,162
18020,aftermath,,,,,100,0,2,162
18030,aftermath,,,,,100,0,2,162
18040,aftermath,,,,,100,0,2,162
18050,aftermath,,,,,100,0,2,163
18060,aftermath,,,,,100,0,2,163
18070,quiet,,,,,100,0,2,163
18080,quiet,,,,,100,0,2,163
18090,quiet,,,,,100,0,3,163
18100,quiet,,,,,100,0,3,163
18110,quiet,,,,,100,0,3,163
18120,quiet,,,,,100,0,3,163
18130,quiet,,,,,100,0,3,163
18140,quiet,,,,,100,0,3,164
18150,quiet,,,,,100,0,3,164
18160,work,,,,,100,0,3,164
18170,work,,,,,100,0,3,164
18180,violence,,,,,100,1,3,165
18190,violence,,,,,100,1,3,165
18200,violence,,,,,100,1,3,165
18210,violence,,,,,100,1,3,165
18220,violence,,,,,100,1,3,165
18230,violence,,,,,100,1,4,165
18240,aftermath,,,,,100,0,4,165
18250,aftermath,,,,,100,0,4,165
18260,aftermath,,,,,100,0,4,165
18270,aftermath,,,,,100,0,5,165
18280,aftermath,,,,,100,0,5,165
18290,aftermath,,,,,100,0,5,165
18300,quiet,,,,,100,0,5,165
18310,quiet,,,,,100,0,5,165
18320,quiet,,,,,100,0,5,166
18330,quiet,,,,,100,0,5,166
18340,quiet,,,,,100,0,5,166
18350,quiet,,,,,100,0,5,166
18360,quiet,,,,,100,0,6,166
18370,quiet,,,,,100,0,5,167
18380,quiet,,,,,100,0,5,167
18390,work,,,,,100,0,5,167
18400,work,,,,,100,0,5,167
18410,violence,,,,,100,1,5,168
18420,violence,,,,,100,1,5,168
18430,violence,,,,,100,1,5,168
18440,violence,,,,,100,1,5,168
18450,violence,,,,,100,1,6,168
18460,aftermath,,,,,100,0,5,169
18470,aftermath,,,,,100,0,5,169
18480,aftermath,,,,,100,0,5,169
18490,aftermath,,,,,100,0,5,169
18500,aftermath,,,,,100,0,6,169
18510,aftermath,,,,,100,0,6,169
18520,quiet,,,,,100,0,6,169
18530,quiet,,,,,100,0,6,169
18540,quiet,,,,,100,0,7,169
18550,quiet,,,,,100,0,7,169
18560,quiet,,,,,100,0,7,169
18570,quiet,,,,,100,0,7,169
18580,quiet,,,,,100,0,7,169
18590,quiet,,,,,100,0,7,170
18600,quiet,,,,,100,0,7,170
18610,work,,,,,100,0,7,170
18620,work,,,,,100,0,7,170
18630,violence,,,,,100,1,7,171
18640,violence,,,,,100,1,7,171
18650,violence,,,,,100,1,7,171
18660,violence,,,,,100,1,7,171
18670,violence,,,,,100,1,7,171
18680,violence,,,,,100,1,7,172
18690,aftermath,,,,,100,0,7,172
18700,aftermath,,,,,100,0,7,172
18710,aftermath,,,,,100,0,7,172
18720,aftermath,,,,,100,0,8,172
18730,aftermath,,,,,100,0,8,172
18740,aftermath,,,,,100,0,8,172
18750,quiet,,,,,100,0,8,172
18760,quiet,,,,,100,0,8,172
18770,quiet,,,,,100,0,8,173
18780,quiet,,,,,100,0,8,173
18790,quiet,,,,,100,0,8,173
18800,quiet,,,,,100,0,8,173
18810,quiet,,,,,100,0,9,173
18820,quiet,,,,,100,0,9,173
18830,quiet,,,,,100,0,9,173
18840,work,,,,,100,0,9,173
18850,work,,,,,100,0,9,173
18860,violence,,,,,100,1,9,174
18870,violence,,,,,100,1,9,174
18880,violence,,,,,100,1,9,174
18890,violence,,,,,100,1,9,174
18900,violence,,,,,100,1,10,174
18910,aftermath,,,,,100,0,10,174
18920,aftermath,,,,,100,0,10,174
18930,aftermath,,,,,100,0,10,174
18940,aftermath,,,,,100,0,10,174
18950,aftermath,,,,,100,0,10,175
18960,aftermath,,,,,100,0,10,175
18970,quiet,,,,,100,0,10,175
18980,quiet,,,,,100,0,10,175
18990,quiet,,,,,100,0,11,175
19000,quiet,,,,,100,0,11,175
19010,quiet,,,,,100,0,11,175
19020,quiet,,,,,100,0,11,175
19030,quiet,,,,,100,0,11,175
19040,quiet,,,,,100,0,11,176
19050,quiet,,,,,100,0,11,176
19060,work,,,,,100,0,11,176
19070,work,,,,,100,0,11,176
19080,travel,,,,,100,0,12,176
19090,violence,,,,,100,1,11,177
19100,violence,,,,,100,1,11,177
19110,violence,,,,,100,1,11,177
19120,violence,,,,,100,1,11,177
19130,violence,,,,,100,1,11,178
19140,aftermath,,,,,100,0,11,178
19150,aftermath,,,,,100,0,11,178
19160,aftermath,,,,,100,0,11,178
19170,aftermath,,,,,100,0,12,178
19180,aftermath,,,,,100,0,12,178
19190,aftermath,,,,,100,0,12,178
19200,quiet,,,,,100,0,12,178
19210,quiet,,,,,100,0,12,178
19220,quiet,,,,,100,0,12,179
19230,quiet,,,,,100,0,12,179
19240,quiet,,,,,100,0,12,179
19250,quiet,,,,,100,0,12,179
19260,quiet,,,,,100,0,13,179
19270,quiet,,,,,100,0,13,179
19280,quiet,,,,,100,0,13,179
19290,work,,,,,100,0,13,179
19300,work,,,,,100,0,13,179
19310,violence,,,,,100,1,13,180
19320,violence,,,,,100,1,13,180
19330,violence,,,,,100,1,12,181
19340,violence,,,,,100,1,12,181
19350,violence,,,,,100,1,13,181
19360,violence,,,,,100,1,13,181
19370,aftermath,,,,,100,0,13,181
19380,aftermath,,,,,100,0,13,181
19390,aftermath,,,,,100,0,13,181
19400,aftermath,,,,,100,0,14,181
19410,aftermath,,,,,100,0,14,181
19420,aftermath,,,,,100,0,14,181
19430,quiet,,,,,100,0,14,181
19440,quiet,,,,,100,0,15,181
19450,quiet,,,,,100,0,15,181
19460,quiet,,,,,100,0,15,181
19470,quiet,,,,,100,0,15,181
19480,quiet,,,,,100,0,15,181
19490,quiet,,,,,100,0,16,181
19500,quiet,,,,,100,0,16,181
19510,quiet,,,,,100,0,16,181
19520,work,,,,,100,0,16,181
19530,work,,,,,100,0,17,181
19540,violence,,,,,100,1,16,182
19550,violence,,,,,100,1,16,182
19560,violence,,,,,100,1,15,183
19570,violence,,,,,100,1,15,183
19580,violence,,,,,100,1,15,184
19590,aftermath,,,,,100,0,15,184
19600,aftermath,,,,,100,0,15,184
19610,aftermath,,,,,100,0,15,184
19620,aftermath,,,,,100,0,16,184
19630,aftermath,,,,,100,0,16,184
19640,aftermath,,,,,100,0,16,184
19650,quiet,,,,,100,0,16,184
19660,quiet,,,,,100,0,16,184
19670,quiet,,,,,100,0,16,185
19680,quiet,,,,,100,0,16,185
19690,quiet,,,,,100,0,16,185
19700,quiet,,,,,100,0,16,185
19710,quiet,,,,,100,0,17,185
19720,quiet,,,,,100,0,17,185
19730,quiet,,,,,100,0,17,185
19740,work,,,,,100,0,17,185
19750,work,,,,,100,0,17,185
19760,travel,,,,,100,0,18,185
19770,violence,,,,,100,1,17,186
19780,violence,,,,,100,1,17,186
19790,violence,,,,,100,1,17,186
19800,violence,,,,,100,1,18,186
19810,violence,,,,,100,1,18,186
19820,aftermath,,,,,100,0,18,186
19830,aftermath,,,,,100,0,18,186
19840,aftermath,,,,,100,0,18,186
19850,aftermath,,,,,100,0,19,186
19860,aftermath,,,,,100,0,19,186
19870,aftermath,,,,,100,0,19,186
19880,quiet,,,,,100,0,19,186
19890,quiet,,,,,100,0,20,186
19900,quiet,,,,,100,0,20,186
19910,quiet,,,,,100,0,20,186
19920,quiet,,,,,100,0,20,186
19930,quiet,,,,,100,0,20,186
19940,quiet,,,,,100,0,20,186
19950,quiet,,,,,100,0,20,186
19960,quiet,,,,,100,0,20,186
19970,work,,,,,100,0,20,186
19980,work,,,,,100,0,20,186
19990,violence,,,,,100,1,19,187
20000,violence,,,,,100,1,19,187
20010,violence,,,,,100,1,19,187
20020,violence,,,,,100,1,18,188
20030,violence,,,,,100,1,19,188
20040,violence,,,,,100,1,19,188
20050,aftermath,,,,,100,0,19,188
20060,aftermath,,,,,100,0,19,188
20070,aftermath,,,,,100,0,20,188
20080,aftermath,,,,,100,0,20,188
20090,aftermath,,,,,100,0,20,188
20100,aftermath,,,,,100,0,20,188
20110,quiet,,,,,100,0,20,188
20120,quiet,,,,,100,0,20,188
20130,quiet,,,,,100,0,20,188
20140,quiet,,,,,100,0,20,188
20150,quiet,,,,,100,0,20,188
20160,quiet,,,,,100,0,20,188
20170,quiet,,,,,100,0,20,188
20180,quiet,,,,,100,0,20,188
20190,quiet,,,,,100,0,20,188
20200,work,,,,,100,0,20,188
20210,work,,,,,100,0,20,188
20220,violence,,,,,100,1,19,189
20230,violence,,,,,100,1,19,189
20240,violence,,,,,100,1,19,189
20250,violence,,,,,100,1,20,189
20260,violence,,,,,100,1,19,190
20270,aftermath,,,,,100,0,19,190
20280,aftermath,,,,,100,0,19,190
20290,aftermath,,,,,100,0,19,190
20300,aftermath,,,,,100,0,20,190
20310,aftermath,,,,,100,0,20,190
20320,aftermath,,,,,100,0,20,190
20330,quiet,,,,,100,0,20,190
20340,quiet,,,,,100,0,20,190
20350,quiet,,,,,100,0,20,190
20360,quiet,,,,,100,0,20,190
20370,quiet,,,,,100,0,20,190
20380,quiet,,,,,100,0,20,190
20390,quiet,,,,,100,0,20,190
20400,quiet,,,,,100,0,20,190
20410,quiet,,,,,100,0,20,190
20420,work,,,,,100,0,20,190
20430,work,,,,,100,0,20,190
20440,violence,,,,,100,1,19,191
20450,violence,,,,,100,1,19,191
20460,violence,,,,,100,1,19,191
20470,violence,,,,,100,1,19,191
20480,violence,,,,,100,1,19,192
20490,violence,,,,,100,1,19,192
20500,aftermath,,,,,100,0,19,192
20510,aftermath,,,,,100,0,19,192
20520,aftermath,,,,,100,0,20,192
20530,aftermath,,,,,100,0,19,193
20540,aftermath,,,,,100,0,19,193
20550,aftermath,,,,,100,0,19,193
20560,quiet,,,,,100,0,19,193
20570,quiet,,,,,100,0,20,193
20580,quiet,,,,,100,0,20,193
20590,quiet,,,,,100,0,20,193
20600,quiet,,,,,100,0,20,193
20610,quiet,,,,,100,0,20,193
20620,quiet,,,,,100,0,20,193
20630,quiet,,,,,100,0,20,193
20640,quiet,,,,,100,0,20,193
20650,work,,,,,100,0,20,193
20660,work,,,,,100,0,20,193
20670,violence,,,,,100,1,19,194
20680,violence,,,,,100,1,19,194
20690,violence,,,,,100,1,19,194
20700,violence,,,,,100,1,20,194
20710,violence,,,,,100,1,20,194
20720,aftermath,,,,,100,0,20,194
20730,aftermath,,,,,100,0,20,194
20740,aftermath,,,,,100,0,20,194
20750,aftermath,,,,,100,0,20,194
20760,aftermath,,,,,100,0,20,194
20770,aftermath,,,,,100,0,20,194
20780,quiet,,,,,100,0,20,194
20790,quiet,,,,,100,0,20,194
20800,quiet,,,,,100,0,20,194
20810,quiet,,,,,100,0,20,194
20820,quiet,,,,,100,0,20,194
20830,quiet,,,,,100,0,20,194
20840,quiet,,,,,100,0,20,194
20850,quiet,,,,,100,0,20,194
20860,quiet,,,,,100,0,20,194
20870,work,,,,,100,0,20,194
20880,work,,,,,100,0,20,194
20890,violence,,,,,100,1,19,195
20900,violence,,,,,100,1,19,195
20910,violence,,,,,100,1,19,195
20920,violence,,,,,100,1,19,195
20930,violence,,,,,100,1,19,196
20940,violence,,,,,100,1,19,196
20950,aftermath,,,,,100,0,19,196
20960,aftermath,,,,,100,0,19,196
20970,aftermath,,,,,100,0,20,196
20980,aftermath,,,,,100,0,20,196
20990,aftermath,,,,,100,0,20,196
21000,aftermath,,,,,100,0,20,196
21010,quiet,,,,,100,0,20,196
21020,quiet,,,,,100,0,20,196
21030,quiet,,,,,100,0,20,196
21040,quiet,,,,,100,0,20,196
21050,quiet,,,,,100,0,20,196
21060,quiet,,,,,100,0,20,196
21070,quiet,,,,,100,0,20,196
21080,quiet,,,,,100,0,20,196
21090,quiet,,,,,100,0,20,196
21100,work,,,,,100,0,20,196
21110,work,,,,,100,0,20,196
21120,violence,,,,,100,1,19,197
21130,violence,,,,,100,1,19,197
21140,violence,,,,,100,1,19,197
21150,violence,,,,,100,1,20,197
21160,violence,,,,,100,1,20,197
21170,violence,,,,,100,1,20,197
21180,aftermath,,,,,100,0,20,197
21190,aftermath,,,,,100,0,20,197
21200,aftermath,,,,,100,0,20,197
21210,aftermath,,,,,100,0,20,197
21220,aftermath,,,,,100,0,20,197
21230,aftermath,,,,,100,0,20,197
21240,quiet,,,,,100,0,20,197
21250,quiet,,,,,100,0,20,197
21260,quiet,,,,,100,0,20,197
21270,quiet,,,,,100,0,20,197
21280,quiet,,,,,100,0,20,197
21290,quiet,,,,,100,0,20,197
21300,quiet,,,,,100,0,20,197
21310,quiet,,,,,100,0,20,197
21320,quiet,,,,,100,0,20,197
21330,work,,,,,100,0,20,197
21340,work,,,,,100,0,20,197
21350,violence,,,,,100,1,19,198
21360,violence,,,,,100,1,19,198
21370,violence,,,,,100,1,19,198
21380,violence,,,,,100,1,20,198
21390,violence,,,,,100,1,20,198
21400,aftermath,,,,,100,0,20,198
21410,aftermath,,,,,100,0,20,198
21420,aftermath,,,,,100,0,20,198
21430,aftermath,,,,,100,0,20,198
21440,aftermath,,,,,100,0,20,198
21450,aftermath,,,,,100,0,20,198
21460,quiet,,,,,100,0,20,198
21470,quiet,,,,,100,0,20,198
21480,quiet,,,,,100,0,20,198
21490,quiet,,,,,100,0,20,198
21500,quiet,,,,,100,0,20,198
21510,quiet,,,,,100,0,20,198
21520,quiet,,,,,100,0,20,198
21530,quiet,,,,,100,0,20,198
21540,quiet,,,,,100,0,20,198
21550,work,,,,,100,0,20,198
21560,work,,,,,100,0,20,198
21570,violence,,,,,100,1,19,199
21580,violence,,,,,100,1,19,199
21590,violence,,,,,100,1,19,199
21600,violence,,,,,100,1,20,199
21610,violence,,,,,100,1,20,199
21620,violence,,,,,100,1,20,199
21630,aftermath,,,,,100,0,20,199
21640,aftermath,,,,,100,0,20,199
21650,aftermath,,,,,100,0,20,199
21660,aftermath,,,,,100,0,20,199
21670,aftermath,,,,,100,0,20,199
21680,aftermath,,,,,100,0,20,199
21690,quiet,,,,,100,0,20,199
21700,quiet,,,,,100,0,20,199
21710,quiet,,,,,100,0,20,199
21720,quiet,,,,,100,0,20,199
21730,quiet,,,,,100,0,20,199
21740,quiet,,,,,100,0,20,199
21750,quiet,,,,,100,0,20,199
21760,quiet,,,,,100,0,20,199
21770,quiet,,,,,100,0,20,199
21780,work,,,,,100,0,20,199
21790,work,,,,,100,0,20,199
21800,violence,,,,,100,1,19,200
21810,violence,,,,,100,1,19,200
21820,violence,,,,,100,1,19,200
21830,violence,,,,,100,1,19,201
21840,violence,,,,,100,1,19,201
21850,aftermath,,,,,100,0,19,201
21860,aftermath,,,,,100,0,19,201
21870,aftermath,,,,,100,0,20,201
21880,aftermath,,,,,100,0,20,201
21890,aftermath,,,,,100,0,20,201
21900,aftermath,,,,,100,0,20,201
21910,quiet,,,,,100,0,20,201
21920,quiet,,,,,100,0,20,201
21930,quiet,,,,,100,0,20,201
21940,quiet,,,,,100,0,20,201
21950,quiet,,,,,100,0,20,201
21960,quiet,,,,,100,0,20,201
21970,quiet,,,,,100,0,20,201
21980,quiet,,,,,100,0,20,201
21990,quiet,,,,,100,0,20,201
22000,work,,,,,100,0,20,201
22010,work,,,,,100,0,20,201
22020,travel,,,,,100,0,20,201
22030,violence,,,,,100,1,19,202
22040,violence,,,,,100,1,19,202
22050,violence,,,,,100,1,20,202
22060,violence,,,,,100,1,20,202
22070,violence,,,,,100,1,20,202
22080,aftermath,,,,,100,0,20,202
22090,aftermath,,,,,100,0,20,202
22100,aftermath,,,,,100,0,20,202
22110,aftermath,,,,,100,0,20,202
22120,aftermath,,,,,100,0,20,202
22130,aftermath,,,,,100,0,20,202
22140,quiet,,,,,100,0,20,202
22150,quiet,,,,,100,0,20,202
22160,quiet,,,,,100,0,20,202
22170,quiet,,,,,100,0,20,202
22180,quiet,,,,,100,0,20,202
22190,quiet,,,,,100,0,20,202
22200,quiet,,,,,100,0,20,202
22210,quiet,,,,,100,0,20,202
22220,quiet,,,,,100,0,20,202
22230,work,,,,,100,0,20,202
22240,work,,,,,100,0,20,202
22250,travel,,,,,100,0,20,202
22260,travel,,,,,100,0,20,202
22270,travel,,,,,100,0,20,202
22280,travel,,,,,100,0,20,202
22290,travel,,,,,100,0,20,202
22300,travel,,,,,100,0,20,202
22310,travel,,,,,100,0,20,202
22320,travel,,,,,100,0,20,202
22330,curiosity,,,,,100,0,20,202
22340,curiosity,,,,,100,0,20,202
22350,curiosity,,,,,100,0,20,202
22360,curiosity,,,,,100,0,20,202
22370,curiosity,,,,,100,0,20,202
22380,curiosity,,,,,100,0,20,202
22390,violence,,,,,100,1,19,203
22400,violence,,,,,100,1,19,203
22410,violence,,,,,100,1,20,203
22420,violence,,,,,100,1,19,204
22430,violence,,,,,100,1,19,204
22440,aftermath,,,,,100,0,19,204
22450,aftermath,,,,,100,0,19,204
22460,aftermath,,,,,100,0,20,204
22470,aftermath,,,,,100,0,20,204
22480,aftermath,,,,,100,0,20,204
22490,aftermath,,,,,100,0,20,204
22500,quiet,,,,,100,0,20,204
22510,quiet,,,,,100,0,20,204
22520,quiet,,,,,100,0,20,204
22530,quiet,,,,,100,0,20,204
22540,quiet,,,,,100,0,20,204
22550,quiet,,,,,100,0,20,204
22560,quiet,,,,,100,0,20,204
22570,quiet,,,,,100,0,20,204
22580,quiet,,,,,100,0,20,204
22590,work,,,,,100,0,20,204
22600,work,,,,,100,0,20,204
22610,violence,,,,,100,1,19,205
22620,violence,,,,,100,1,19,205
22630,violence,,,,,100,1,19,205
22640,violence,,,,,100,1,20,205
22650,violence,,,,,100,1,20,205
22660,violence,,,,,100,1,20,205
22670,aftermath,,,,,100,0,20,205
22680,aftermath,,,,,100,0,20,205
22690,aftermath,,,,,100,0,20,205
22700,aftermath,,,,,100,0,20,205
22710,aftermath,,,,,100,0,20,205
22720,aftermath,,,,,100,0,20,205
22730,quiet,,,,,100,0,20,205
22740,quiet,,,,,100,0,20,205
22750,quiet,,,,,100,0,20,205
22760,quiet,,,,,100,0,20,205
22770,quiet,,,,,100,0,20,205
22780,quiet,,,,,100,0,20,205
22790,quiet,,,,,100,0,20,205
22800,quiet,,,,,100,0,20,205
22810,quiet,,,,,100,0,20,205
22820,work,,,,,100,0,20,205
22830,work,,,,,100,0,20,205
22840,violence,,,,,100,1,19,206
22850,violence,,,,,100,1,19,206
22860,violence,,,,,100,1,20,206
22870,violence,,,,,100,1,19,207
22880,violence,,,,,100,1,19,207
22890,aftermath,,,,,100,0,19,207
22900,aftermath,,,,,100,0,19,207
22910,aftermath,,,,,100,0,19,208
22920,aftermath,,,,,100,0,19,208
22930,aftermath,,,,,100,0,19,208
22940,aftermath,,,,,100,0,19,208
22950,quiet,,,,,100,0,20,208
22960,quiet,,,,,100,0,19,209
22970,quiet,,,,,100,0,19,209
22980,quiet,,,,,100,0,19,209
22990,quiet,,,,,100,0,19,209
23000,quiet,,,,,100,0,19,210
23010,quiet,,,,,100,0,19,210
23020,quiet,,,,,100,0,19,210
23030,quiet,,,,,100,0,19,210
23040,work,,,,,100,0,20,210
23050,work,,,,,100,0,20,210
23060,travel,,,,,100,1,19,211
23070,violence,,,,,100,1,19,211
23080,violence,,,,,100,1,19,211
23090,violence,,,,,100,1,19,212
23100,violence,,,,,100,1,19,212
23110,violence,,,,,100,1,19,212
23120,aftermath,,,,,100,0,19,212
23130,aftermath,,,,,100,0,20,212
23140,aftermath,,,,,100,0,19,213
23150,aftermath,,,,,100,0,19,213
23160,aftermath,,,,,100,0,19,213
23170,aftermath,,,,,100,0,19,213
23180,quiet,,,,,100,0,19,214
23190,quiet,,,,,100,0,19,214
23200,quiet,,,,,100,0,19,214
23210,quiet,,,,,100,0,19,214
23220,quiet,,,,,100,0,20,214
23230,quiet,,,,,100,0,19,215
23240,quiet,,,,,100,0,19,215
23250,quiet,,,,,100,0,19,215
23260,quiet,,,,,100,0,19,215
23270,work,,,,,100,0,20,215
23280,work,,,,,100,0,20,215
23290,travel,,,,,100,1,19,216
23300,violence,,,,,100,1,19,216
23310,violence,,,,,100,1,20,216
23320,violence,,,,,100,1,20,216
23330,violence,,,,,100,1,20,216
23340,violence,,,,,100,1,20,216
23350,aftermath,,,,,100,0,20,216
23360,aftermath,,,,,100,0,20,216
23370,aftermath,,,,,100,0,20,216
23380,aftermath,,,,,100,0,20,216
23390,aftermath,,,,,100,0,20,216
23400,aftermath,,,,,100,0,20,216
23410,quiet,,,,,100,0,20,216
23420,quiet,,,,,100,0,20,216
23430,quiet,,,,,100,0,20,216
23440,quiet,,,,,100,0,20,216
23450,quiet,,,,,100,0,20,216
23460,quiet,,,,,100,0,20,216
23470,quiet,,,,,100,0,20,216
23480,quiet,,,,,100,0,20,216
23490,quiet,,,,,100,0,20,216
23500,work,,,,,100,0,20,216
23510,work,,,,,100,0,20,216
23520,violence,,,,,100,1,19,217
23530,violence,,,,,100,1,19,217
23540,violence,,,,,100,1,19,218
23550,violence,,,,,100,1,19,218
23560,violence,,,,,100,1,19,218
23570,aftermath,,,,,100,0,19,218
23580,aftermath,,,,,100,0,20,218
23590,aftermath,,,,,100,0,20,218
23600,aftermath,,,,,100,0,20,218
23610,aftermath,,,,,100,0,20,218
23620,aftermath,,,,,100,0,20,218
23630,quiet,,,,,100,0,20,218
23640,quiet,,,,,100,0,20,218
23650,quiet,,,,,100,0,20,218
23660,quiet,,,,,100,0,20,218
23670,quiet,,,,,100,0,20,218
23680,quiet,,,,,100,0,20,218
23690,quiet,,,,,100,0,20,218
23700,quiet,,,,,100,0,20,218
23710,quiet,,,,,100,0,20,218
23720,work,,,,,100,0,20,218
23730,work,,,,,100,0,20,218
23740,travel,,,,,100,0,20,218
23750,violence,,,,,100,1,19,219
23760,violence,,,,,100,1,20,219
23770,violence,,,,,100,1,19,220
23780,violence,,,,,100,1,19,220
23790,violence,,,,,100,1,19,220
23800,aftermath,,,,,100,0,19,220
23810,aftermath,,,,,100,0,19,221
23820,aftermath,,,,,100,0,19,221
23830,aftermath,,,,,100,0,19,221
23840,aftermath,,,,,100,0,19,221
23850,aftermath,,,,,100,0,20,221
23860,quiet,,,,,100,0,19,222
23870,quiet,,,,,100,0,19,222
23880,quiet,,,,,100,0,19,222
23890,quiet,,,,,100,0,19,222
23900,quiet,,,,,100,0,19,223
23910,quiet,,,,,100,0,19,223
23920,quiet,,,,,100,0,19,223
23930,quiet,,,,,100,0,19,223
23940,quiet,,,,,100,0,20,223
23950,work,,,,,100,0,20,223
23960,work,,,,,100,0,20,223
23970,violence,,,,,100,1,19,224
23980,violence,,,,,100,1,19,224
23990,violence,,,,,100,1,20,224
24000,violence,,,,,100,1,20,224
24010,violence,,,,,100,1,20,224
24020,violence,,,,,100,1,20,224
24030,aftermath,,,,,100,0,20,224
24040,aftermath,,,,,100,0,20,224
24050,aftermath,,,,,100,0,20,224
24060,aftermath,,,,,100,0,20,224
24070,aftermath,,,,,100,0,20,224
24080,aftermath,,,,,100,0,20,224
24090,quiet,,,,,100,0,20,224
24100,quiet,,,,,100,0,20,224
24110,quiet,,,,,100,0,20,224
24120,quiet,,,,,100,0,20,224
24130,quiet,,,,,100,0,20,224
24140,quiet,,,,,100,0,20,224
24150,quiet,,,,,100,0,20,224
24160,quiet,,,,,100,0,20,224
24170,quiet,,,,,100,0,20,224
24180,work,,,,,100,0,20,224
24190,work,,,,,100,0,20,224
24200,violence,,,,,100,1,19,225
24210,violence,,,,,100,1,20,225
24220,violence,,,,,100,1,19,226
24230,violence,,,,,100,1,19,226
24240,violence,,,,,100,1,19,226
24250,aftermath,,,,,100,0,19,226
24260,aftermath,,,,,100,0,20,226
24270,aftermath,,,,,100,0,20,226
24280,aftermath,,,,,100,0,20,226
24290,aftermath,,,,,100,0,20,226
24300,aftermath,,,,,100,0,20,226
24310,quiet,,,,,100,0,20,226
24320,quiet,,,,,100,0,20,226
24330,quiet,,,,,100,0,20,226
24340,quiet,,,,,100,0,20,226
24350,quiet,,,,,100,0,20,226
24360,quiet,,,,,100,0,20,226
24370,quiet,,,,,100,0,20,226
24380,quiet,,,,,100,0,20,226
24390,quiet,,,,,100,0,20,226
24400,work,,,,,100,0,20,226
24410,work,,,,,100,0,20,226
24420,violence,,,,,100,1,19,227
24430,violence,,,,,100,1,19,227
24440,violence,,,,,100,1,20,227
24450,violence,,,,,100,1,20,227
24460,violence,,,,,100,1,20,227
24470,violence,,,,,100,1,20,227
24480,aftermath,,,,,100,0,20,227
24490,aftermath,,,,,100,0,20,227
24500,aftermath,,,,,100,0,20,227
24510,aftermath,,,,,100,0,20,227
24520,aftermath,,,,,100,0,20,227
24530,aftermath,,,,,100,0,20,227
24540,quiet,,,,,100,0,20,227
24550,quiet,,,,,100,0,20,227
24560,quiet,,,,,100,0,20,227
24570,quiet,,,,,100,0,20,227
24580,quiet,,,,,100,0,20,227
24590,quiet,,,,,100,0,20,227
24600,quiet,,,,,100,0,0,227
24610,quiet,,,,,100,0,0,227
24620,quiet,,,,,100,0,0,227
24630,work,,,,,100,0,0,227
24640,work,,,,,100,0,0,227
24650,travel,,,,,100,0,0,227
24660,travel,,,,,100,0,0,227
24670,travel,,,,,100,0,0,227
24680,travel,,,,,100,0,0,227
24690,travel,,,,,100,0,0,227
24700,travel,,,,,100,0,0,227
24710,travel,,,,,100,0,0,227
24720,curiosity,,,,,100,0,0,227
24730,curiosity,,,,,100,0,0,227
24740,curiosity,,,,,100,0,0,227
24750,curiosity,,,,,100,0,0,227
24760,curiosity,,,,,100,0,0,227
24770,curiosity,,,,,100,0,0,227
24780,curiosity,,,,,100,0,0,227
24790,curiosity,,,,,100,0,0,227
24800,opportunity,,,,,100,0,0,227
24810,opportunity,,,,,100,0,0,227
24820,opportunity,,,,,100,0,0,227
24830,opportunity,,,,,100,0,0,227
24840,opportunity,,,,,100,0,0,227
24850,opportunity,,,,,100,0,0,227
24860,opportunity,,,,,100,0,0,227
24870,tension,,,,,100,0,0,227
24880,tension,,,,,100,0,0,227
24890,tension,,,,,100,0,0,227
24900,tension,,,,,100,0,0,227
24910,tension,,,,,100,0,0,227
24920,tension,,,,,100,0,0,227
24930,violence,,,,,100,0,0,227
24940,violence,,,,,100,0,0,227
24950,violence,,,,,100,0,0,227
24960,violence,,,,,100,0,0,227
24970,violence,,,,,100,0,0,227
24980,aftermath,,,,,100,0,0,228
24990,aftermath,,,,,100,0,0,228
25000,aftermath,,,,,100,0,0,228
25010,aftermath,,,,,100,0,0,228
25020,aftermath,,,,,100,0,1,228
25030,aftermath,,,,,100,0,1,228
25040,quiet,,,,,100,0,1,228
25050,quiet,,,,,100,0,1,228
25060,quiet,,,,,100,0,1,228
25070,quiet,,,,,100,0,1,229
25080,quiet,,,,,100,0,1,229
25090,quiet,,,,,100,0,1,229
25100,quiet,,,,,100,0,1,229
25110,quiet,,,,,100,0,2,229
25120,quiet,,,,,100,0,2,229
25130,work,,,,,100,0,2,229
25140,work,,,,,100,0,2,229
25150,violence,,,,,100,1,1,230
25160,violence,,,,,100,1,2,230
25170,violence,,,,,100,1,2,230
25180,violence,,,,,100,1,2,230
25190,violence,,,,,100,1,2,230
25200,violence,,,,,100,1,3,230
25210,aftermath,,,,,100,0,2,231
25220,aftermath,,,,,100,0,2,231
25230,aftermath,,,,,100,0,2,231
25240,aftermath,,,,,100,0,2,231
25250,aftermath,,,,,100,0,2,232
25260,aftermath,,,,,100,0,2,232
25270,quiet,,,,,100,0,2,232
25280,quiet,,,,,100,0,2,232
25290,quiet,,,,,100,0,3,232
25300,quiet,,,,,100,0,2,233
25310,quiet,,,,,100,0,2,233
25320,quiet,,,,,100,0,2,233
25330,quiet,,,,,100,0,2,233
25340,quiet,,,,,100,0,3,233
25350,quiet,,,,,100,0,3,233
25360,work,,,,,100,0,3,233
25370,work,,,,,100,0,3,233
25380,violence,,,,,100,1,3,234
25390,violence,,,,,100,1,3,234
25400,violence,,,,,100,1,3,234
25410,violence,,,,,100,1,3,234
25420,violence,,,,,100,1,3,234
25430,violence,,,,,100,1,3,235
25440,aftermath,,,,,100,0,3,235
25450,aftermath,,,,,100,0,3,235
25460,aftermath,,,,,100,0,3,235
25470,aftermath,,,,,100,0,4,235
25480,aftermath,,,,,100,0,4,235
25490,aftermath,,,,,100,0,4,235
25500,quiet,,,,,100,0,4,235
25510,quiet,,,,,100,0,4,235
25520,quiet,,,,,100,0,5,235
25530,quiet,,,,,100,0,5,235
25540,quiet,,,,,100,0,5,235
25550,quiet,,,,,100,0,5,235
25560,quiet,,,,,100,0,6,235
25570,quiet,,,,,100,0,5,236
25580,quiet,,,,,100,0,5,236
25590,work,,,,,100,0,5,236
25600,work,,,,,100,0,5,236
25610,violence,,,,,100,1,5,237
25620,violence,,,,,100,1,5,237
25630,violence,,,,,100,1,5,237
25640,violence,,,,,100,1,5,237
25650,violence,,,,,100,1,6,237
25660,violence,,,,,100,1,6,237
25670,aftermath,,,,,100,0,6,237
25680,aftermath,,,,,100,0,6,237
25690,aftermath,,,,,100,0,6,237
25700,aftermath,,,,,100,0,7,237
25710,aftermath,,,,,100,0,7,237
25720,aftermath,,,,,100,0,7,237
25730,quiet,,,,,100,0,7,237
25740,quiet,,,,,100,0,8,237
25750,quiet,,,,,100,0,7,238
25760,quiet,,,,,100,0,7,238
25770,quiet,,,,,100,0,7,238
25780,quiet,,,,,100,0,7,238
25790,quiet,,,,,100,0,7,239
25800,quiet,,,,,100,0,7,239
25810,quiet,,,,,100,0,7,239
25820,work,,,,,100,0,7,239
25830,work,,,,,100,0,8,239
25840,violence,,,,,100,1,7,240
25850,violence,,,,,100,1,7,240
25860,violence,,,,,100,1,7,240
25870,violence,,,,,100,1,7,240
25880,violence,,,,,100,1,7,241
25890,aftermath,,,,,100,0,7,241
25900,aftermath,,,,,100,0,7,241
25910,aftermath,,,,,100,0,7,241
25920,aftermath,,,,,100,0,8,241
25930,aftermath,,,,,100,0,7,242
25940,aftermath,,,,,100,0,7,242
25950,quiet,,,,,100,0,7,242
25960,quiet,,,,,100,0,7,242
25970,quiet,,,,,100,0,8,242
25980,quiet,,,,,100,0,8,242
25990,quiet,,,,,100,0,8,242
26000,quiet,,,,,100,0,8,242
26010,quiet,,,,,100,0,9,242
26020,quiet,,,,,100,0,9,242
26030,quiet,,,,,100,0,9,242
26040,work,,,,,100,0,9,242
26050,work,,,,,100,0,9,242
26060,travel,,,,,100,0,9,243
26070,violence,,,,,100,1,8,244
26080,violence,,,,,100,1,8,244
26090,violence,,,,,100,1,8,244
26100,violence,,,,,100,1,9,244
26110,violence,,,,,100,1,8,245
26120,aftermath,,,,,100,0,8,245
26130,aftermath,,,,,100,0,8,245
26140,aftermath,,,,,100,0,8,245
26150,aftermath,,,,,100,0,8,246
26160,aftermath,,,,,100,0,8,246
26170,aftermath,,,,,100,0,8,246
26180,quiet,,,,,100,0,8,246
26190,quiet,,,,,100,0,9,246
26200,quiet,,,,,100,0,8,247
26210,quiet,,,,,100,0,8,247
26220,quiet,,,,,100,0,8,247
26230,quiet,,,,,100,0,8,247
26240,quiet,,,,,100,0,9,247
26250,quiet,,,,,100,0,9,247
26260,quiet,,,,,100,0,9,247
26270,work,,,,,100,0,9,247
26280,work,,,,,100,0,10,247
26290,travel,,,,,100,0,9,248
26300,travel,,,,,100,1,8,249
26310,violence,,,,,100,1,8,249
26320,violence,,,,,100,1,8,249
26330,violence,,,,,100,1,9,249
26340,violence,,,,,100,1,9,249
26350,violence,,,,,100,1,9,249
26360,aftermath,,,,,100,0,9,249
26370,aftermath,,,,,100,0,10,249
26380,aftermath,,,,,100,0,9,250
26390,aftermath,,,,,100,0,9,250
26400,aftermath,,,,,100,0,9,250
26410,aftermath,,,,,100,0,9,250
26420,quiet,,,,,100,0,9,251
26430,quiet,,,,,100,0,9,251
26440,quiet,,,,,100,0,9,251
26450,quiet,,,,,100,0,9,251
26460,quiet,,,,,100,0,10,251
26470,quiet,,,,,100,0,10,251
26480,quiet,,,,,100,0,10,251
26490,quiet,,,,,100,0,10,251
26500,quiet,,,,,100,0,10,251
26510,work,,,,,100,0,10,252
26520,work,,,,,100,0,10,252
26530,travel,,,,,100,0,10,252
26540,violence,,,,,100,1,9,253
26550,violence,,,,,100,1,10,253
26560,violence,,,,,100,1,10,253
26570,violence,,,,,100,1,10,253
26580,violence,,,,,100,1,10,253
26590,violence,,,,,100,1,10,253
26600,aftermath,,,,,100,0,11,253
26610,aftermath,,,,,100,0,11,253
26620,aftermath,,,,,100,0,11,253
26630,aftermath,,,,,100,0,11,253
26640,aftermath,,,,,100,0,12,253
26650,aftermath,,,,,100,0,12,253
26660,quiet,,,,,100,0,12,253
26670,quiet,,,,,100,0,12,253
26680,quiet,,,,,100,0,12,253
26690,quiet,,,,,100,0,13,253
26700,quiet,,,,,100,0,13,253
26710,quiet,,,,,100,0,13,253
26720,quiet,,,,,100,0,13,253
26730,quiet,,,,,100,0,14,253
26740,quiet,,,,,100,0,14,253
26750,work,,,,,100,0,14,253
26760,work,,,,,100,0,14,253
26770,violence,,,,,100,1,13,254
26780,violence,,,,,100,1,14,254
26790,violence,,,,,100,1,14,254
26800,violence,,,,,100,1,14,254
26810,violence,,,,,100,1,14,254
26820,aftermath,,,,,100,0,15,254
26830,aftermath,,,,,100,0,15,254
26840,aftermath,,,,,100,0,15,254
26850,aftermath,,,,,100,0,15,254
26860,aftermath,,,,,100,0,15,254
26870,aftermath,,,,,100,0,16,254
26880,quiet,,,,,100,0,16,254
26890,quiet,,,,,100,0,16,254
26900,quiet,,,,,100,0,16,254
26910,quiet,,,,,100,0,17,254
26920,quiet,,,,,100,0,17,254
26930,quiet,,,,,100,0,17,254
26940,quiet,,,,,100,0,17,254
26950,quiet,,,,,100,0,17,254
26960,quiet,,,,,100,0,17,255
26970,work,,,,,100,0,17,255
26980,work,,,,,100,0,17,255
26990,violence,,,,,100,1,16,256
27000,violence,,,,,100,1,17,256
27010,violence,,,,,100,1,17,256
27020,violence,,,,,100,1,17,256
27030,violence,,,,,100,1,17,256
27040,violence,,,,,100,1,17,256
27050,aftermath,,,,,100,0,18,256
27060,aftermath,,,,,100,0,18,256
27070,aftermath,,,,,100,0,18,256
27080,aftermath,,,,,100,0,18,256
27090,aftermath,,,,,100,0,19,256
27100,aftermath,,,,,100,0,19,256
27110,quiet,,,,,100,0,19,256
27120,quiet,,,,,100,0,19,256
27130,quiet,,,,,100,0,19,256
27140,quiet,,,,,100,0,20,256
27150,quiet,,,,,100,0,20,256
27160,quiet,,,,,100,0,20,256
27170,quiet,,,,,100,0,20,256
27180,quiet,,,,,100,0,19,257
27190,quiet,,,,,100,0,19,257
27200,work,,,,,100,0,18,258
27210,work,,,,,100,0,18,258
27220,violence,,,,,100,1,17,259
27230,violence,,,,,100,1,18,259
27240,violence,,,,,100,1,18,259
27250,violence,,,,,100,1,18,259
27260,violence,,,,,100,1,18,259
27270,violence,,,,,100,1,19,259
27280,aftermath,,,,,100,0,19,259
27290,aftermath,,,,,100,0,19,259
27300,aftermath,,,,,100,0,19,259
27310,aftermath,,,,,100,0,19,259
27320,aftermath,,,,,100,0,19,260
27330,aftermath,,,,,100,0,19,260
27340,quiet,,,,,100,0,19,260
27350,quiet,,,,,100,0,19,260
27360,quiet,,,,,100,0,20,260
27370,quiet,,,,,100,0,20,260
27380,quiet,,,,,100,0,20,260
27390,quiet,,,,,100,0,20,260
27400,quiet,,,,,100,0,20,260
27410,quiet,,,,,100,0,20,260
27420,quiet,,,,,100,0,20,260
27430,work,,,,,100,0,20,260
27440,work,,,,,100,0,20,260
27450,violence,,,,,100,1,20,261
27460,violence,,,,,100,1,20,261
27470,violence,,,,,100,1,20,261
27480,violence,,,,,100,1,20,261
27490,violence,,,,,100,1,20,261
27500,aftermath,,,,,100,0,20,261
27510,aftermath,,,,,100,0,20,261
27520,aftermath,,,,,100,0,20,261
27530,aftermath,,,,,100,0,20,261
27540,aftermath,,,,,100,0,20,261
27550,aftermath,,,,,100,0,20,261
27560,quiet,,,,,100,0,20,261
27570,quiet,,,,,100,0,20,261
27580,quiet,,,,,100,0,20,261
27590,quiet,,,,,100,0,20,261
27600,quiet,,,,,100,0,20,261
27610,quiet,,,,,100,0,20,261
27620,quiet,,,,,100,0,20,261
27630,quiet,,,,,100,0,20,261
27640,quiet,,,,,100,0,20,261
27650,work,,,,,100,0,20,261
27660,work,,,,,100,0,20,261
27670,violence,,,,,100,1,19,262
27680,violence,,,,,100,1,20,262
27690,violence,,,,,100,1,20,262
27700,violence,,,,,100,1,20,262
27710,violence,,,,,100,1,20,262
27720,violence,,,,,100,1,20,262
27730,aftermath,,,,,100,0,20,262
27740,aftermath,,,,,100,0,20,262
27750,aftermath,,,,,100,0,20,262
27760,aftermath,,,,,100,0,20,262
27770,aftermath,,,,,100,0,20,262
27780,aftermath,,,,,100,0,20,262
27790,quiet,,,,,100,0,20,262
27800,quiet,,,,,100,0,20,262
27810,quiet,,,,,100,0,20,262
27820,quiet,,,,,100,0,20,262
27830,quiet,,,,,100,0,20,262
27840,quiet,,,,,100,0,20,262
27850,quiet,,,,,100,0,20,262
27860,quiet,,,,,100,0,20,262
27870,quiet,,,,,100,0,20,262
27880,work,,,,,100,0,20,262
27890,work,,,,,100,0,20,262
27900,violence,,,,,100,1,20,263
27910,violence,,,,,100,1,20,263
27920,violence,,,,,100,1,20,263
27930,violence,,,,,100,1,20,263
27940,violence,,,,,100,1,20,263
27950,aftermath,,,,,100,0,20,263
27960,aftermath,,,,,100,0,20,263
27970,aftermath,,,,,100,0,20,263
27980,aftermath,,,,,100,0,20,263
27990,aftermath,,,,,100,0,20,263
28000,aftermath,,,,,100,0,20,263
28010,quiet,,,,,100,0,20,263
28020,quiet,,,,,100,0,20,263
28030,quiet,,,,,100,0,20,263
28040,quiet,,,,,100,0,20,263
28050,quiet,,,,,100,0,20,263
28060,quiet,,,,,100,0,20,263
28070,quiet,,,,,100,0,20,263
28080,quiet,,,,,100,0,20,263
28090,quiet,,,,,100,0,20,263
28100,work,,,,,100,0,20,263
28110,work,,,,,100,0,20,263
28120,violence,,,,,100,1,19,264
28130,violence,,,,,100,1,20,264
28140,violence,,,,,100,1,20,264
28150,violence,,,,,100,1,20,264
28160,violence,,,,,100,1,20,264
28170,violence,,,,,100,1,20,264
28180,aftermath,,,,,100,0,20,264
28190,aftermath,,,,,100,0,20,264
28200,aftermath,,,,,100,0,20,264
28210,aftermath,,,,,100,0,20,264
28220,aftermath,,,,,100,0,20,264
28230,aftermath,,,,,100,0,20,264
28240,quiet,,,,,100,0,20,264
28250,quiet,,,,,100,0,20,264
28260,quiet,,,,,100,0,20,264
28270,quiet,,,,,100,0,20,264
28280,quiet,,,,,100,0,20,264
28290,quiet,,,,,100,0,20,264
28300,quiet,,,,,100,0,20,264
28310,quiet,,,,,100,0,20,264
28320,quiet,,,,,100,0,20,264
28330,work,,,,,100,0,20,264
28340,work,,,,,100,0,20,264
28350,violence,,,,,100,1,20,265
28360,violence,,,,,100,1,19,266
28370,violence,,,,,100,1,19,266
28380,violence,,,,,100,1,19,266
28390,violence,,,,,100,1,19,266
28400,aftermath,,,,,100,0,19,267
28410,aftermath,,,,,100,0,19,267
28420,aftermath,,,,,100,0,19,267
28430,aftermath,,,,,100,0,19,267
28440,aftermath,,,,,100,0,20,267
28450,aftermath,,,,,100,0,20,267
28460,quiet,,,,,100,0,20,267
28470,quiet,,,,,100,0,20,267
28480,quiet,,,,,100,0,20,267
28490,quiet,,,,,100,0,20,267
28500,quiet,,,,,100,0,20,267
28510,quiet,,,,,100,0,20,267
28520,quiet,,,,,100,0,20,267
28530,quiet,,,,,100,0,20,267
28540,quiet,,,,,100,0,20,267
28550,work,,,,,100,0,20,267
28560,work,,,,,100,0,20,267
28570,travel,,,,,100,1,19,268
28580,violence,,,,,100,1,19,269
28590,violence,,,,,100,1,19,269
28600,violence,,,,,100,1,19,269
28610,violence,,,,,100,1,19,269
28620,violence,,,,,100,1,20,269
28630,aftermath,,,,,100,0,20,269
28640,aftermath,,,,,100,0,20,269
28650,aftermath,,,,,100,0,20,269
28660,aftermath,,,,,100,0,20,269
28670,aftermath,,,,,100,0,20,269
28680,aftermath,,,,,100,0,20,269
28690,quiet,,,,,100,0,20,269
28700,quiet,,,,,100,0,20,269
28710,quiet,,,,,100,0,20,269
28720,quiet,,,,,100,0,20,269
28730,quiet,,,,,100,0,20,269
28740,quiet,,,,,100,0,20,269
28750,quiet,,,,,100,0,20,269
28760,quiet,,,,,100,0,20,269
28770,quiet,,,,,100,0,20,269
28780,work,,,,,100,0,20,269
28790,work,,,,,100,0,20,269
28800,violence,,,,,100,1,20,270
28810,violence,,,,,100,1,20,270
28820,violence,,,,,100,1,20,270
28830,violence,,,,,100,1,20,270
28840,violence,,,,,100,1,20,270
28850,violence,,,,,100,1,20,270
28860,aftermath,,,,,100,0,20,270
28870,aftermath,,,,,100,0,20,270
28880,aftermath,,,,,100,0,20,270
28890,aftermath,,,,,100,0,20,270
28900,aftermath,,,,,100,0,20,270
28910,aftermath,,,,,100,0,20,270
28920,quiet,,,,,100,0,20,270
28930,quiet,,,,,100,0,20,270
28940,quiet,,,,,100,0,20,270
28950,quiet,,,,,100,0,20,270
28960,quiet,,,,,100,0,20,270
28970,quiet,,,,,100,0,20,270
28980,quiet,,,,,100,0,20,270
28990,quiet,,,,,100,0,20,270
29000,quiet,,,,,100,0,20,270
29010,work,,,,,100,0,20,270
29020,work,,,,,100,0,20,270
29030,violence,,,,,100,1,20,271
29040,violence,,,,,100,1,20,271
29050,violence,,,,,100,1,20,271
29060,violence,,,,,100,1,20,271
29070,violence,,,,,100,1,20,271
29080,aftermath,,,,,100,0,20,271
29090,aftermath,,,,,100,0,20,271
29100,aftermath,,,,,100,0,20,271
29110,aftermath,,,,,100,0,20,271
29120,aftermath,,,,,100,0,20,271
29130,aftermath,,,,,100,0,20,271
29140,quiet,,,,,100,0,20,271
29150,quiet,,,,,100,0,20,271
29160,quiet,,,,,100,0,20,271
29170,quiet,,,,,100,0,20,271
29180,quiet,,,,,100,0,20,271
29190,quiet,,,,,100,0,20,271
29200,quiet,,,,,100,0,20,271
29210,quiet,,,,,100,0,20,271
29220,quiet,,,,,100,0,20,271
29230,work,,,,,100,0,20,271
29240,work,,,,,100,0,20,271
29250,violence,,,,,100,1,20,272
29260,violence,,,,,100,1,20,272
29270,violence,,,,,100,1,20,272
29280,violence,,,,,100,1,19,273
29290,violence,,,,,100,1,19,273
29300,violence,,,,,100,1,19,274
29310,aftermath,,,,,100,0,19,274
29320,aftermath,,,,,100,0,19,274
29330,aftermath,,,,,100,0,19,274
29340,aftermath,,,,,100,0,20,274
29350,aftermath,,,,,100,0,19,275
29360,aftermath,,,,,100,0,19,275
29370,quiet,,,,,100,0,19,275
29380,quiet,,,,,100,0,19,275
29390,quiet,,,,,100,0,19,276
29400,quiet,,,,,100,0,19,276
29410,quiet,,,,,100,0,19,276
29420,quiet,,,,,100,0,19,276
29430,quiet,,,,,100,0,20,276
29440,quiet,,,,,100,0,20,276
29450,quiet,,,,,100,0,20,276
29460,work,,,,,100,0,20,276
29470,work,,,,,100,0,20,276
29480,travel,,,,,100,0,20,276
29490,travel,,,,,100,0,20,276
29500,travel,,,,,100,0,20,276
29510,travel,,,,,100,0,20,276
29520,travel,,,,,100,0,20,276
29530,travel,,,,,100,0,20,276
29540,travel,,,,,100,0,20,276
29550,curiosity,,,,,100,0,20,276
29560,curiosity,,,,,100,0,20,276
29570,curiosity,,,,,100,0,20,276
29580,curiosity,,,,,100,0,20,276
29590,violence,,,,,100,1,19,277
29600,violence,,,,,100,1,19,277
29610,violence,,,,,100,1,20,277
29620,violence,,,,,100,1,20,277
29630,violence,,,,,100,1,20,277
29640,aftermath,,,,,100,0,20,277
29650,aftermath,,,,,100,0,20,277
29660,aftermath,,,,,100,0,20,277
29670,aftermath,,,,,100,0,20,277
29680,aftermath,,,,,100,0,20,277
29690,aftermath,,,,,100,0,20,277
29700,quiet,,,,,100,0,20,277
29710,quiet,,,,,100,0,20,277
29720,quiet,,,,,100,0,20,277
29730,quiet,,,,,100,0,20,277
29740,quiet,,,,,100,0,20,277
29750,quiet,,,,,100,0,20,277
29760,quiet,,,,,100,0,20,277
29770,quiet,,,,,100,0,20,277
29780,quiet,,,,,100,0,20,277
29790,work,,,,,100,0,20,277
29800,work,,,,,100,0,20,277
29810,violence,,,,,100,1,19,278
29820,violence,,,,,100,1,19,278
29830,violence,,,,,100,1,19,278
29840,violence,,,,,100,1,20,278
29850,violence,,,,,100,1,20,278
29860,violence,,,,,100,1,20,278
29870,aftermath,,,,,100,0,20,278
29880,aftermath,,,,,100,0,20,278
29890,aftermath,,,,,100,0,20,278
29900,aftermath,,,,,100,0,20,278
29910,aftermath,,,,,100,0,20,278
29920,aftermath,,,,,100,0,20,278
29930,quiet,,,,,100,0,20,278
29940,quiet,,,,,100,0,20,278
29950,quiet,,,,,100,0,20,278
29960,quiet,,,,,100,0,20,278
29970,quiet,,,,,100,0,20,278
29980,quiet,,,,,100,0,20,278
29990,quiet,,,,,100,0,20,278
30000,quiet,,,,,100,0,20,278
30010,quiet,,,,,100,0,20,278
30020,work,,,,,100,0,20,278
30030,work,,,,,100,0,20,278
30040,violence,,,,,100,1,19,279
30050,violence,,,,,100,1,19,279
30060,violence,,,,,100,1,20,279
30070,violence,,,,,100,1,20,279
30080,violence,,,,,100,1,20,279
30090,aftermath,,,,,100,0,20,279
30100,aftermath,,,,,100,0,20,279
30110,aftermath,,,,,100,0,20,279
30120,aftermath,,,,,100,0,20,279
30130,aftermath,,,,,100,0,20,279
30140,aftermath,,,,,100,0,20,279
30150,quiet,,,,,100,0,20,279
30160,quiet,,,,,100,0,20,279
30170,quiet,,,,,100,0,20,279
30180,quiet,,,,,100,0,20,279
30190,quiet,,,,,100,0,20,279
30200,quiet,,,,,100,0,20,279
30210,quiet,,,,,100,0,20,279
30220,quiet,,,,,100,0,20,279
30230,quiet,,,,,100,0,20,279
30240,work,,,,,100,0,20,279
30250,work,,,,,100,0,20,279
30260,violence,,,,,100,1,19,280
30270,violence,,,,,100,1,19,280
30280,violence,,,,,100,1,19,280
30290,violence,,,,,100,1,19,281
30300,violence,,,,,100,1,19,281
30310,violence,,,,,100,1,19,281
30320,aftermath,,,,,100,0,19,281
30330,aftermath,,,,,100,0,20,281
30340,aftermath,,,,,100,0,20,281
30350,aftermath,,,,,100,0,20,281
30360,aftermath,,,,,100,0,20,281
30370,aftermath,,,,,100,0,20,281
30380,quiet,,,,,100,0,20,281
30390,quiet,,,,,100,0,20,281
30400,quiet,,,,,100,0,20,281
30410,quiet,,,,,100,0,20,281
30420,quiet,,,,,100,0,20,281
30430,quiet,,,,,100,0,20,281
30440,quiet,,,,,100,0,20,281
30450,quiet,,,,,100,0,20,281
30460,quiet,,,,,100,0,20,281
30470,work,,,,,100,0,20,281
30480,work,,,,,100,0,20,281
30490,violence,,,,,100,1,19,282
30500,violence,,,,,100,1,19,282
30510,violence,,,,,100,1,20,282
30520,violence,,,,,100,1,20,282
30530,violence,,,,,100,1,20,282
30540,aftermath,,,,,100,0,20,282
30550,aftermath,,,,,100,0,20,282
30560,aftermath,,,,,100,0,19,283
30570,aftermath,,,,,100,0,19,283
30580,aftermath,,,,,100,0,19,283
30590,aftermath,,,,,100,0,19,283
30600,quiet,,,,,100,0,20,283
30610,quiet,,,,,100,0,20,283
30620,quiet,,,,,100,0,20,283
30630,quiet,,,,,100,0,20,283
30640,quiet,,,,,100,0,20,283
30650,quiet,,,,,100,0,20,283
30660,quiet,,,,,100,0,20,283
30670,quiet,,,,,100,0,20,283
30680,quiet,,,,,100,0,20,283
30690,work,,,,,100,0,20,283
30700,work,,,,,100,0,20,283
30710,violence,,,,,100,1,19,284
30720,violence,,,,,100,1,19,284
30730,violence,,,,,100,1,19,284
30740,violence,,,,,100,1,20,284
30750,violence,,,,,100,1,20,284
30760,violence,,,,,100,1,20,284
30770,aftermath,,,,,100,0,20,284
30780,aftermath,,,,,100,0,20,284
30790,aftermath,,,,,100,0,20,284
30800,aftermath,,,,,100,0,20,284
30810,aftermath,,,,,100,0,20,284
30820,aftermath,,,,,100,0,20,284
30830,quiet,,,,,100,0,20,284
30840,quiet,,,,,100,0,20,284
30850,quiet,,,,,100,0,20,284
30860,quiet,,,,,100,0,20,284
30870,quiet,,,,,100,0,20,284
30880,quiet,,,,,100,0,20,284
30890,quiet,,,,,100,0,20,284
30900,quiet,,,,,100,0,20,284
30910,quiet,,,,,100,0,20,284
30920,work,,,,,100,0,20,284
30930,work,,,,,100,0,20,284
30940,violence,,,,,100,1,19,285
30950,violence,,,,,100,1,19,285
30960,violence,,,,,100,1,20,285
30970,violence,,,,,100,1,19,286
30980,violence,,,,,100,1,19,286
30990,aftermath,,,,,100,0,19,286
31000,aftermath,,,,,100,0,19,286
31010,aftermath,,,,,100,0,20,286
31020,aftermath,,,,,100,0,20,286
31030,aftermath,,,,,100,0,20,286
31040,aftermath,,,,,100,0,20,286
31050,quiet,,,,,100,0,20,286
31060,quiet,,,,,100,0,20,286
31070,quiet,,,,,100,0,20,286
31080,quiet,,,,,100,0,20,286
31090,quiet,,,,,100,0,20,286
31100,quiet,,,,,100,0,20,286
31110,quiet,,,,,100,0,20,286
31120,quiet,,,,,100,0,20,286
31130,quiet,,,,,100,0,20,286
31140,work,,,,,100,0,20,286
31150,work,,,,,100,0,20,286
31160,violence,,,,,100,1,19,287
31170,violence,,,,,100,1,19,287
31180,violence,,,,,100,1,19,287
31190,violence,,,,,100,1,20,287
31200,violence,,,,,100,1,20,287
31210,violence,,,,,100,1,20,287
31220,aftermath,,,,,100,0,20,287
31230,aftermath,,,,,100,0,20,287
31240,aftermath,,,,,100,0,20,287
31250,aftermath,,,,,100,0,20,287
31260,aftermath,,,,,100,0,20,287
31270,aftermath,,,,,100,0,20,287
31280,quiet,,,,,100,0,20,287
31290,quiet,,,,,100,0,20,287
31300,quiet,,,,,100,0,20,287
31310,quiet,,,,,100,0,20,287
31320,quiet,,,,,100,0,20,287
31330,quiet,,,,,100,0,20,287
31340,quiet,,,,,100,0,20,287
31350,quiet,,,,,100,0,20,287
31360,quiet,,,,,100,0,20,287
31370,work,,,,,100,0,20,287
31380,work,,,,,100,0,20,287
31390,violence,,,,,100,1,19,288
31400,violence,,,,,100,1,19,288
31410,violence,,,,,100,1,20,288
31420,violence,,,,,100,1,19,289
31430,violence,,,,,100,1,19,289
31440,violence,,,,,100,1,19,289
31450,aftermath,,,,,100,0,19,289
31460,aftermath,,,,,100,0,20,289
31470,aftermath,,,,,100,0,20,289
31480,aftermath,,,,,100,0,20,289
31490,aftermath,,,,,100,0,20,289
31500,aftermath,,,,,100,0,20,289
31510,quiet,,,,,100,0,20,289
31520,quiet,,,,,100,0,20,289
31530,quiet,,,,,100,0,20,289
31540,quiet,,,,,100,0,20,289
31550,quiet,,,,,100,0,20,289
31560,quiet,,,,,100,0,20,289
31570,quiet,,,,,100,0,20,289
31580,quiet,,,,,100,0,20,289
31590,quiet,,,,,100,0,20,289
31600,work,,,,,100,0,20,289
31610,work,,,,,100,0,20,289
31620,violence,,,,,100,1,19,290
31630,violence,,,,,100,1,19,290
31640,violence,,,,,100,1,20,290
31650,violence,,,,,100,1,20,290
31660,violence,,,,,100,1,20,290
31670,aftermath,,,,,100,0,20,290
31680,aftermath,,,,,100,0,20,290
31690,aftermath,,,,,100,0,20,290
31700,aftermath,,,,,100,0,20,290
31710,aftermath,,,,,100,0,20,290
31720,aftermath,,,,,100,0,20,290
31730,quiet,,,,,100,0,20,290
31740,quiet,,,,,100,0,20,290
31750,quiet,,,,,100,0,20,290
31760,quiet,,,,,100,0,20,290
31770,quiet,,,,,100,0,20,290
31780,quiet,,,,,100,0,20,290
31790,quiet,,,,,100,0,20,290
31800,quiet,,,,,100,0,0,290
31810,quiet,,,,,100,0,0,290
31820,work,,,,,100,0,0,290
31830,work,,,,,100,0,0,290
31840,travel,,,,,100,0,0,290
31850,travel,,,,,100,0,0,290
31860,travel,,,,,100,0,0,290
31870,travel,,,,,100,0,0,290
31880,travel,,,,,100,0,0,290
31890,travel,,,,,100,0,0,290
31900,travel,,,,,100,0,0,290
31910,travel,,,,,100,0,0,290
31920,curiosity,,,,,100,0,0,290
31930,curiosity,,,,,100,0,0,290
31940,curiosity,,,,,100,0,0,290
31950,curiosity,,,,,100,0,0,290
31960,curiosity,,,,,100,0,0,290
31970,curiosity,,,,,100,0,0,290
31980,curiosity,,,,,100,0,0,290
31990,opportunity,,,,,100,0,0,290
32000,opportunity,,,,,100,0,0,290
32010,opportunity,,,,,100,0,0,290
32020,opportunity,,,,,100,0,0,290
32030,opportunity,,,,,100,0,0,290
32040,opportunity,,,,,100,0,0,290
32050,opportunity,,,,,100,0,0,290
32060,opportunity,,,,,100,0,0,290
32070,tension,,,,,100,0,0,290
32080,tension,,,,,100,0,0,290
32090,tension,,,,,100,0,0,290
32100,tension,,,,,100,0,0,290
32110,tension,,,,,100,0,0,290
32120,tension,,,,,100,0,0,290
32130,violence,,,,,100,0,0,290
32140,violence,,,,,100,0,0,290
32150,violence,,,,,100,0,0,290
32160,violence,,,,,100,0,0,290
32170,aftermath,,,,,100,0,0,290
32180,aftermath,,,,,100,0,1,290
32190,aftermath,,,,,100,0,1,290
32200,aftermath,,,,,100,0,1,290
32210,aftermath,,,,,100,0,1,290
32220,aftermath,,,,,100,0,2,290
32230,quiet,,,,,100,0,2,290
32240,quiet,,,,,100,0,2,290
32250,quiet,,,,,100,0,2,290
32260,quiet,,,,,100,0,2,290
32270,quiet,,,,,100,0,3,290
32280,quiet,,,,,100,0,3,290
32290,quiet,,,,,100,0,3,290
32300,quiet,,,,,100,0,3,290
32310,quiet,,,,,100,0,4,290
32320,work,,,,,100,0,4,290
32330,work,,,,,100,0,4,290
32340,travel,,,,,100,0,4,290
32350,violence,,,,,100,1,3,291
32360,violence,,,,,100,1,4,291
32370,violence,,,,,100,1,4,291
32380,violence,,,,,100,1,4,291
32390,violence,,,,,100,1,4,291
32400,aftermath,,,,,100,0,5,291
32410,aftermath,,,,,100,0,4,292
32420,aftermath,,,,,100,0,4,292
32430,aftermath,,,,,100,0,4,292
32440,aftermath,,,,,100,0,4,292
32450,aftermath,,,,,100,0,4,293
32460,quiet,,,,,100,0,4,293
32470,quiet,,,,,100,0,4,293
32480,quiet,,,,,100,0,4,293
32490,quiet,,,,,100,0,5,293
32500,quiet,,,,,100,0,5,293
32510,quiet,,,,,100,0,5,293
32520,quiet,,,,,100,0,5,293
32530,quiet,,,,,100,0,5,293
32540,quiet,,,,,100,0,6,293
32550,work,,,,,100,0,6,293
32560,work,,,,,100,0,6,293
32570,travel,,,,,100,0,6,293
32580,violence,,,,,100,1,6,294
32590,violence,,,,,100,1,6,294
32600,violence,,,,,100,1,6,294
32610,violence,,,,,100,1,5,295
32620,violence,,,,,100,1,5,295
32630,violence,,,,,100,1,6,295
32640,aftermath,,,,,100,0,6,295
32650,aftermath,,,,,100,0,6,295
32660,aftermath,,,,,100,0,6,295
32670,aftermath,,,,,100,0,7,295
32680,aftermath,,,,,100,0,7,295
32690,aftermath,,,,,100,0,7,295
32700,quiet,,,,,100,0,7,295
32710,quiet,,,,,100,0,7,295
32720,quiet,,,,,100,0,8,295
32730,quiet,,,,,100,0,8,295
32740,quiet,,,,,100,0,8,295
32750,quiet,,,,,100,0,8,295
32760,quiet,,,,,100,0,9,295
32770,quiet,,,,,100,0,9,295
32780,quiet,,,,,100,0,9,295
32790,work,,,,,100,0,9,295
32800,work,,,,,100,0,9,295
32810,violence,,,,,100,1,9,296
32820,violence,,,,,100,1,9,296
32830,violence,,,,,100,1,8,297
32840,violence,,,,,100,1,8,297
32850,violence,,,,,100,1,9,297
32860,aftermath,,,,,100,0,8,298
32870,aftermath,,,,,100,0,8,298
32880,aftermath,,,,,100,0,8,298
32890,aftermath,,,,,100,0,8,298
32900,aftermath,,,,,100,0,8,299
32910,aftermath,,,,,100,0,8,299
32920,quiet,,,,,100,0,8,299
32930,quiet,,,,,100,0,8,299
32940,quiet,,,,,100,0,9,299
32950,quiet,,,,,100,0,8,300
32960,quiet,,,,,100,0,8,300
32970,quiet,,,,,100,0,8,300
32980,quiet,,,,,100,0,8,300
32990,quiet,,,,,100,0,9,300
33000,quiet,,,,,100,0,9,300
33010,work,,,,,100,0,9,300
33020,work,,,,,100,0,9,300
33030,violence,,,,,100,1,9,301
33040,violence,,,,,100,1,9,301
33050,violence,,,,,100,1,9,301
33060,violence,,,,,100,1,9,301
33070,violence,,,,,100,1,9,301
33080,violence,,,,,100,1,10,301
33090,aftermath,,,,,100,0,10,301
33100,aftermath,,,,,100,0,10,301
33110,aftermath,,,,,100,0,10,301
33120,aftermath,,,,,100,0,11,301
33130,aftermath,,,,,100,0,11,301
33140,aftermath,,,,,100,0,11,301
33150,quiet,,,,,100,0,11,301
33160,quiet,,,,,100,0,11,301
33170,quiet,,,,,100,0,12,301
33180,quiet,,,,,100,0,12,301
33190,quiet,,,,,100,0,12,301
33200,quiet,,,,,100,0,12,301
33210,quiet,,,,,100,0,13,301
33220,quiet,,,,,100,0,13,301
33230,quiet,,,,,100,0,13,301
33240,work,,,,,100,0,13,301
33250,work,,,,,100,0,13,301
33260,travel,,,,,100,1,12,303
33270,violence,,,,,100,1,12,303
33280,violence,,,,,100,1,12,303
33290,violence,,,,,100,1,12,303
33300,violence,,,,,100,1,13,303
33310,violence,,,,,100,1,13,303
33320,aftermath,,,,,100,0,13,303
33330,aftermath,,,,,100,0,13,303
33340,aftermath,,,,,100,0,13,303
33350,aftermath,,,,,100,0,14,303
33360,aftermath,,,,,100,0,14,303
33370,aftermath,,,,,100,0,14,303
33380,quiet,,,,,100,0,14,303
33390,quiet,,,,,100,0,15,303
33400,quiet,,,,,100,0,14,304
33410,quiet,,,,,100,0,14,304
33420,quiet,,,,,100,0,14,304
33430,quiet,,,,,100,0,14,304
33440,quiet,,,,,100,0,15,304
33450,quiet,,,,,100,0,15,304
33460,quiet,,,,,100,0,15,304
33470,work,,,,,100,0,15,304
33480,work,,,,,100,0,16,304
33490,violence,,,,,100,1,15,305
33500,violence,,,,,100,1,15,305
33510,violence,,,,,100,1,15,305
33520,violence,,,,,100,1,15,305
33530,violence,,,,,100,1,16,305
33540,aftermath,,,,,100,0,16,305
33550,aftermath,,,,,100,0,16,305
33560,aftermath,,,,,100,0,16,305
33570,aftermath,,,,,100,0,17,305
33580,aftermath,,,,,100,0,16,306
33590,aftermath,,,,,100,0,16,306
33600,quiet,,,,,100,0,16,306
33610,quiet,,,,,100,0,16,306
33620,quiet,,,,,100,0,17,306
33630,quiet,,,,,100,0,17,306
33640,quiet,,,,,100,0,17,306
33650,quiet,,,,,100,0,17,306
33660,quiet,,,,,100,0,18,306
33670,quiet,,,,,100,0,17,307
33680,quiet,,,,,100,0,17,307
33690,work,,,,,100,0,17,307
33700,work,,,,,100,0,17,307
33710,travel,,,,,100,1,17,308
33720,violence,,,,,100,1,17,308
33730,violence,,,,,100,1,17,308
33740,violence,,,,,100,1,17,308
33750,violence,,,,,100,1,18,308
33760,violence,,,,,100,1,18,308
33770,aftermath,,,,,100,0,18,308
33780,aftermath,,,,,100,0,18,308
33790,aftermath,,,,,100,0,18,308
33800,aftermath,,,,,100,0,19,308
33810,aftermath,,,,,100,0,19,308
33820,aftermath,,,,,100,0,19,308
33830,quiet,,,,,100,0,19,308
33840,quiet,,,,,100,0,20,308
33850,quiet,,,,,100,0,19,309
33860,quiet,,,,,100,0,19,309
33870,quiet,,,,,100,0,19,309
33880,quiet,,,,,100,0,19,309
33890,quiet,,,,,100,0,20,309
33900,quiet,,,,,100,0,20,309
33910,quiet,,,,,100,0,20,309
33920,work,,,,,100,0,20,309
33930,work,,,,,100,0,20,309
33940,violence,,,,,100,1,19,310
33950,violence,,,,,100,1,19,310
33960,violence,,,,,100,1,19,310
33970,violence,,,,,100,1,19,310
33980,violence,,,,,100,1,19,311
33990,aftermath,,,,,100,0,19,311
34000,aftermath,,,,,100,0,19,311
34010,aftermath,,,,,100,0,19,311
34020,aftermath,,,,,100,0,20,311
34030,aftermath,,,,,100,0,20,311
34040,aftermath,,,,,100,0,20,311
34050,quiet,,,,,100,0,20,311
34060,quiet,,,,,100,0,20,311
34070,quiet,,,,,100,0,20,311
34080,quiet,,,,,100,0,20,311
34090,quiet,,,,,100,0,20,311
34100,quiet,,,,,100,0,20,311
34110,quiet,,,,,100,0,20,311
34120,quiet,,,,,100,0,20,311
34130,quiet,,,,,100,0,20,311
34140,work,,,,,100,0,20,311
34150,work,,,,,100,0,20,311
34160,travel,,,,,100,1,19,312
34170,violence,,,,,100,1,19,312
34180,violence,,,,,100,1,19,312
34190,violence,,,,,100,1,19,312
34200,violence,,,,,100,1,20,312
34210,violence,,,,,100,1,20,312
34220,aftermath,,,,,100,0,20,312
34230,aftermath,,,,,100,0,20,312
34240,aftermath,,,,,100,0,20,312
34250,aftermath,,,,,100,0,20,312
34260,aftermath,,,,,100,0,20,312
34270,aftermath,,,,,100,0,20,312
34280,quiet,,,,,100,0,20,312
34290,quiet,,,,,100,0,20,312
34300,quiet,,,,,100,0,20,312
34310,quiet,,,,,100,0,20,312
34320,quiet,,,,,100,0,20,312
34330,quiet,,,,,100,0,20,312
34340,quiet,,,,,100,0,20,312
34350,quiet,,,,,100,0,20,312
34360,quiet,,,,,100,0,20,312
34370,work,,,,,100,0,20,312
34380,work,,,,,100,0,20,312
34390,violence,,,,,100,1,19,313
34400,violence,,,,,100,1,19,313
34410,violence,,,,,100,1,19,313
34420,violence,,,,,100,1,19,313
34430,violence,,,,,100,1,20,313
34440,violence,,,,,100,1,20,313
34450,aftermath,,,,,100,0,20,313
34460,aftermath,,,,,100,0,20,313
34470,aftermath,,,,,100,0,20,313
34480,aftermath,,,,,100,0,20,313
34490,aftermath,,,,,100,0,20,313
34500,aftermath,,,,,100,0,20,313
34510,quiet,,,,,100,0,20,313
34520,quiet,,,,,100,0,20,313
34530,quiet,,,,,100,0,20,313
34540,quiet,,,,,100,0,20,313
34550,quiet,,,,,100,0,20,313
34560,quiet,,,,,100,0,20,313
34570,quiet,,,,,100,0,20,313
34580,quiet,,,,,100,0,20,313
34590,quiet,,,,,100,0,20,313
34600,work,,,,,100,0,20,313
34610,work,,,,,100,0,20,313
34620,violence,,,,,100,1,19,314
34630,violence,,,,,100,1,19,314
34640,violence,,,,,100,1,19,314
34650,violence,,,,,100,1,20,314
34660,violence,,,,,100,1,19,315
34670,aftermath,,,,,100,0,19,315
34680,aftermath,,,,,100,0,19,315
34690,aftermath,,,,,100,0,19,315
34700,aftermath,,,,,100,0,20,315
34710,aftermath,,,,,100,0,20,315
34720,aftermath,,,,,100,0,20,315
34730,quiet,,,,,100,0,20,315
34740,quiet,,,,,100,0,20,315
34750,quiet,,,,,100,0,20,315
34760,quiet,,,,,100,0,20,315
34770,quiet,,,,,100,0,20,315
34780,quiet,,,,,100,0,20,315
34790,quiet,,,,,100,0,20,315
34800,quiet,,,,,100,0,20,315
34810,quiet,,,,,100,0,20,315
34820,work,,,,,100,0,20,315
34830,work,,,,,100,0,20,315
34840,violence,,,,,100,1,19,316
34850,violence,,,,,100,1,19,316
34860,violence,,,,,100,1,19,316
34870,violence,,,,,100,1,19,316
34880,violence,,,,,100,1,20,316
34890,violence,,,,,100,1,20,316
34900,aftermath,,,,,100,0,20,316
34910,aftermath,,,,,100,0,20,316
34920,aftermath,,,,,100,0,20,316
34930,aftermath,,,,,100,0,20,316
34940,aftermath,,,,,100,0,20,316
34950,aftermath,,,,,100,0,20,316
34960,quiet,,,,,100,0,20,316
34970,quiet,,,,,100,0,20,316
34980,quiet,,,,,100,0,20,316
34990,quiet,,,,,100,0,20,316
35000,quiet,,,,,100,0,20,316
35010,quiet,,,,,100,0,20,316
35020,quiet,,,,,100,0,20,316
35030,quiet,,,,,100,0,20,316
35040,quiet,,,,,100,0,20,316
35050,work,,,,,100,0,20,316
35060,work,,,,,100,0,20,316
35070,violence,,,,,100,1,19,317
35080,violence,,,,,100,1,19,317
35090,violence,,,,,100,1,19,317
35100,violence,,,,,100,1,20,317
35110,violence,,,,,100,1,19,318
35120,aftermath,,,,,100,0,19,318
35130,aftermath,,,,,100,0,19,318
35140,aftermath,,,,,100,0,19,318
35150,aftermath,,,,,100,0,19,319
35160,aftermath,,,,,100,0,19,319
35170,aftermath,,,,,100,0,19,319
35180,quiet,,,,,100,0,19,319
35190,quiet,,,,,100,0,20,319
35200,quiet,,,,,100,0,19,320
35210,quiet,,,,,100,0,19,320
35220,quiet,,,,,100,0,19,320
35230,quiet,,,,,100,0,19,320
35240,quiet,,,,,100,0,20,320
35250,quiet,,,,,100,0,20,320
35260,quiet,,,,,100,0,20,320
35270,work,,,,,100,0,20,320
35280,work,,,,,100,0,20,320
35290,violence,,,,,100,1,19,321
35300,violence,,,,,100,1,19,321
35310,violence,,,,,100,1,19,321
35320,violence,,,,,100,1,19,321
35330,violence,,,,,100,1,20,321
35340,violence,,,,,100,1,20,321
35350,aftermath,,,,,100,0,20,321
35360,aftermath,,,,,100,0,20,321
35370,aftermath,,,,,100,0,20,321
35380,aftermath,,,,,100,0,20,321
35390,aftermath,,,,,100,0,20,321
35400,aftermath,,,,,100,0,20,321
35410,quiet,,,,,100,0,20,321
35420,quiet,,,,,100,0,20,321
35430,quiet,,,,,100,0,20,321
35440,quiet,,,,,100,0,20,321
35450,quiet,,,,,100,0,20,321
35460,quiet,,,,,100,0,20,321
35470,quiet,,,,,100,0,20,321
35480,quiet,,,,,100,0,20,321
35490,quiet,,,,,100,0,20,321
35500,work,,,,,100,0,20,321
35510,work,,,,,100,0,20,321
35520,violence,,,,,100,1,19,322
35530,violence,,,,,100,1,19,322
35540,violence,,,,,100,1,19,322
35550,violence,,,,,100,1,20,322
35560,violence,,,,,100,1,19,323
35570,aftermath,,,,,100,0,19,323
35580,aftermath,,,,,100,0,19,323
35590,aftermath,,,,,100,0,19,323
35600,aftermath,,,,,100,0,20,323
35610,aftermath,,,,,100,0,20,323
35620,aftermath,,,,,100,0,20,323
35630,quiet,,,,,100,0,20,323
35640,quiet,,,,,100,0,20,323
35650,quiet,,,,,100,0,20,323
35660,quiet,,,,,100,0,20,323
35670,quiet,,,,,100,0,20,323
35680,quiet,,,,,100,0,20,323
35690,quiet,,,,,100,0,20,323
35700,quiet,,,,,100,0,20,323
35710,quiet,,,,,100,0,20,323
35720,work,,,,,100,0,20,323
35730,work,,,,,100,0,20,323
35740,violence,,,,,100,1,19,324
35750,violence,,,,,100,1,19,324
35760,violence,,,,,100,1,19,324
35770,violence,,,,,100,1,19,324
35780,violence,,,,,100,1,19,325
35790,violence,,,,,100,1,19,325
35800,aftermath,,,,,100,0,19,325
35810,aftermath,,,,,100,0,19,325
35820,aftermath,,,,,100,0,20,325
35830,aftermath,,,,,100,0,20,325
35840,aftermath,,,,,100,0,20,325
35850,aftermath,,,,,100,0,20,325
35860,quiet,,,,,100,0,20,325
35870,quiet,,,,,100,0,20,325
35880,quiet,,,,,100,0,20,325
35890,quiet,,,,,100,0,20,325
35900,quiet,,,,,100,0,20,325
35910,quiet,,,,,100,0,20,325
35920,quiet,,,,,100,0,20,325
35930,quiet,,,,,100,0,20,325
35940,quiet,,,,,100,0,20,325
35950,work,,,,,100,0,20,325
35960,work,,,,,100,0,20,325
35970,violence,,,,,100,1,19,326
35980,violence,,,,,100,1,19,326
35990,violence,,,,,100,1,19,326
