t,phase,motif,requested,observed,fatigue,hull,liveCombat,pending,totalSpawns
0,quiet,voyage,0.08,0,0,100,0,1,0
10,quiet,voyage,0.08,0,0,100,0,0,1
20,quiet,voyage,0.08,0,0,100,0,0,1
30,quiet,voyage,0.08,0,0,100,0,0,1
40,quiet,voyage,0.08,0,0,100,0,0,1
50,quiet,voyage,0.08,0,0,100,0,0,2
60,quiet,voyage,0.08,0,0,100,0,0,2
70,opportunity,voyage,0.188,0,0,100,0,0,2
80,opportunity,voyage,0.23,0,0,100,0,0,2
90,opportunity,voyage,0.23,0,0,100,0,1,2
100,peak,voyage,0.374,0.414542,0.016248,100,1,0,3
110,peak,voyage,0.554,0.430292,0.037342,100,1,0,3
120,peak,voyage,0.592898,0.438167,0.059188,100,1,0,3
130,peak,voyage,0.59023,0.430292,0.081414,100,1,0,3
140,peak,voyage,0.587558,0.438167,0.103684,100,1,0,4
150,peak,voyage,0.590976,0.383625,0.125202,100,0,0,4
160,aftermath,voyage,0.190513,0.355625,0.133345,100,0,0,4
170,aftermath,voyage,0.094908,0.075625,0.042435,100,0,0,4
180,aftermath,voyage,0.1,0,0,100,0,1,4
190,aftermath,voyage,0.1,0,0,100,0,1,4
200,aftermath,voyage,0.1,0,0,100,0,1,4
210,aftermath,voyage,0.1,0,0,100,0,1,4
220,aftermath,voyage,0.1,0,0,100,0,1,4
230,aftermath,voyage,0.1,0,0,100,0,2,4
240,aftermath,voyage,0.1,0,0,100,0,2,4
250,quiet,discovery,0.08,0,0,100,0,2,4
260,quiet,discovery,0.08,0,0,100,0,2,4
270,quiet,discovery,0.08,0,0,100,0,3,4
280,quiet,discovery,0.08,0,0,100,0,3,4
290,quiet,discovery,0.08,0,0,100,0,3,4
300,quiet,discovery,0.08,0,0,100,0,3,4
310,quiet,discovery,0.08,0,0,100,0,3,4
320,quiet,discovery,0.08,0,0,100,0,3,5
330,peak,discovery,0.116,0.065,0.00205,100,1,2,6
340,peak,discovery,0.296,0.422417,0.022795,100,1,2,6
350,peak,discovery,0.476,0.438167,0.044385,100,1,2,6
360,peak,discovery,0.597998,0.438167,0.066686,100,1,3,6
370,peak,discovery,0.595322,0.430292,0.088987,100,1,2,7
380,aftermath,discovery,0.294258,0.438167,0.111332,100,1,2,7
390,aftermath,discovery,0.084188,0.37575,0.131769,100,0,2,7
400,aftermath,discovery,0.087207,0.26375,0.106612,100,0,2,7
410,aftermath,discovery,0.098116,0,0.015703,100,0,3,7
420,aftermath,discovery,0.1,0,0,100,0,3,7
430,aftermath,discovery,0.1,0,0,100,0,3,7
440,aftermath,discovery,0.1,0,0,100,0,3,7
450,aftermath,discovery,0.1,0,0,100,0,4,7
460,aftermath,discovery,0.1,0,0,100,0,4,7
470,aftermath,discovery,0.1,0,0,100,0,4,7
480,quiet,hunt,0.08,0,0,100,0,4,7
490,quiet,hunt,0.08,0,0,100,0,4,7
500,quiet,hunt,0.08,0,0,100,0,4,8
510,quiet,hunt,0.08,0,0,100,0,4,8
520,quiet,hunt,0.08,0,0,100,0,4,8
530,opportunity,hunt,0.098,0,0,100,0,4,8
540,opportunity,hunt,0.23,0,0,100,0,5,8
550,opportunity,hunt,0.23,0,0,100,0,5,8
560,opportunity,hunt,0.23,0,0,100,0,5,8
570,opportunity,hunt,0.23,0,0,100,0,5,8
580,opportunity,hunt,0.23,0,0,100,0,5,8
590,opportunity,hunt,0.23,0,0,100,0,6,8
600,opportunity,hunt,0.23,0,0,100,0,6,8
610,opportunity,hunt,0.23,0,0,100,0,6,8
620,build,hunt,0.338,0,0,100,0,6,8
630,build,hunt,0.497,0,0,100,0,7,8
640,build,hunt,0.497,0,0,100,0,7,8
650,build,hunt,0.497,0,0,100,0,7,8
660,build,hunt,0.497,0,0,100,0,7,8
670,build,hunt,0.497,0,0,100,0,7,8
680,build,hunt,0.497,0,0,100,0,8,8
690,build,hunt,0.497,0,0,100,0,8,8
700,build,hunt,0.497,0,0,100,0,8,8
710,build,hunt,0.497,0,0,100,0,8,8
720,build,hunt,0.497,0,0,100,0,9,8
730,build,hunt,0.497,0,0,100,0,9,8
740,build,hunt,0.497,0,0,100,0,9,8
750,opportunity,hunt,0.447,0,0,100,0,9,8
760,opportunity,hunt,0.23,0,0,100,0,9,8
770,opportunity,hunt,0.23,0,0,100,0,10,8
780,opportunity,hunt,0.23,0,0,100,0,10,8
790,peak,hunt,0.32,0.325,0.010248,100,1,8,10
800,peak,hunt,0.5,0.430292,0.031342,100,1,7,11
810,peak,hunt,0.630618,0.438167,0.053188,100,1,8,11
820,peak,hunt,0.62795,0.430292,0.075414,100,1,8,11
830,peak,hunt,0.625278,0.438167,0.097684,100,1,7,12
840,peak,hunt,0.628602,0.418042,0.119981,100,1,6,13
850,peak,hunt,0.625954,0.422417,0.142054,100,1,6,13
860,peak,hunt,0.6233,0.430292,0.164169,100,1,6,14
870,aftermath,hunt,0.1233,0.438167,0.186657,100,1,6,14
880,aftermath,hunt,0.074857,0.430292,0.209526,100,1,6,14
890,aftermath,hunt,0.072107,0.438167,0.232439,100,1,6,14
900,aftermath,hunt,0.069512,0.383625,0.254064,100,0,7,14
910,aftermath,hunt,0.071125,0.299625,0.240622,100,0,6,15
920,aftermath,hunt,0.082034,0.019625,0.149713,100,0,6,15
930,aftermath,hunt,0.092944,0,0.058804,100,0,6,15
940,aftermath,hunt,0.1,0,0,100,0,6,15
950,aftermath,hunt,0.1,0,0,100,0,6,16
960,aftermath,hunt,0.1,0,0,100,0,6,16
970,quiet,discovery,0.08,0,0,100,0,6,16
980,quiet,discovery,0.08,0,0,100,0,6,16
990,quiet,discovery,0.08,0,0,100,0,7,16
1000,quiet,discovery,0.08,0,0,100,0,6,17
1010,quiet,discovery,0.08,0,0,100,0,6,17
1020,quiet,discovery,0.08,0,0,100,0,6,17
1030,quiet,discovery,0.08,0,0,100,0,6,17
1040,quiet,discovery,0.08,0,0,100,0,7,17
1050,quiet,discovery,0.08,0,0,100,0,7,17
1060,opportunity,discovery,0.188,0,0,100,0,7,17
1070,peak,discovery,0.284,0.195,0.006149,100,1,6,18
1080,peak,discovery,0.464,0.430292,0.027043,100,1,7,18
1090,peak,discovery,0.643151,0.430292,0.04874,100,1,7,18
1100,peak,discovery,0.640497,0.438167,0.07086,100,1,7,18
1110,peak,discovery,0.637803,0.438167,0.093311,100,1,7,18
1120,aftermath,discovery,0.237268,0.430292,0.115762,100,1,7,18
1130,aftermath,discovery,0.083768,0.37575,0.135264,100,0,7,19
1140,aftermath,discovery,0.089419,0.20775,0.088177,100,0,7,19
1150,aftermath,discovery,0.1,0,0,100,0,7,19
1160,aftermath,discovery,0.1,0,0,100,0,7,19
1170,aftermath,discovery,0.1,0,0,100,0,8,19
1180,aftermath,discovery,0.1,0,0,100,0,8,19
1190,aftermath,discovery,0.1,0,0,100,0,8,19
1200,aftermath,discovery,0.1,0,0,100,0,8,19
1210,aftermath,discovery,0.1,0,0,100,0,8,19
1220,aftermath,discovery,0.1,0,0,100,0,9,19
1230,quiet,voyage,0.08,0,0,100,0,9,19
1240,quiet,voyage,0.08,0,0,100,0,9,19
1250,quiet,voyage,0.08,0,0,100,0,9,19
1260,quiet,voyage,0.08,0,0,100,0,10,19
1270,quiet,voyage,0.08,0,0,100,0,10,19
1280,quiet,voyage,0.08,0,0,100,0,10,19
1290,quiet,voyage,0.08,0,0,100,0,10,19
1300,opportunity,voyage,0.206,0,0,100,0,10,19
1310,opportunity,voyage,0.23,0,0,100,0,10,20
1320,opportunity,voyage,0.23,0,0,100,0,10,20
1330,opportunity,voyage,0.23,0,0,100,0,10,20
1340,opportunity,voyage,0.23,0,0,100,0,10,20
1350,opportunity,voyage,0.23,0,0,100,0,11,20
1360,opportunity,voyage,0.23,0,0,100,0,11,20
1370,opportunity,voyage,0.23,0,0,100,0,11,20
1380,opportunity,voyage,0.23,0,0,100,0,11,20
1390,opportunity,voyage,0.23,0,0,100,0,11,20
1400,peak,voyage,0.32,0.325,0.010149,100,1,11,21
1410,peak,voyage,0.5,0.430292,0.031043,100,1,11,21
1420,peak,voyage,0.673671,0.430292,0.05274,100,1,10,22
1430,peak,voyage,0.671017,0.438167,0.07486,100,1,10,22
1440,peak,voyage,0.668323,0.438167,0.097311,100,1,11,22
1450,peak,voyage,0.671659,0.418042,0.119509,100,0,10,23
1460,aftermath,voyage,0.420353,0.438167,0.141689,100,1,9,24
1470,aftermath,voyage,0.080266,0.438167,0.164449,100,1,9,24
1480,aftermath,voyage,0.077535,0.430292,0.187211,100,1,9,24
1490,aftermath,voyage,0.074798,0.438167,0.210015,100,1,10,24
1500,recovery,voyage,0.022298,0.511042,0.234874,100,1,10,24
1510,recovery,voyage,0.02,0.64875,0.273688,100,0,10,24
1520,recovery,voyage,0.02,0.59275,0.284742,100,0,10,24
1530,recovery,voyage,0.02,0.31275,0.193833,100,0,11,24
1540,recovery,voyage,0.02,0.03275,0.102924,100,0,11,24
1550,recovery,voyage,0.028558,0,0.012015,100,0,11,24
1560,recovery,voyage,0.03,0,0,100,0,11,24
1570,recovery,voyage,0.03,0,0,100,0,11,24
1580,recovery,voyage,0.03,0,0,100,0,12,24
1590,aftermath,voyage,0.048,0,0,100,0,12,24
1600,aftermath,voyage,0.1,0,0,100,0,12,24
1610,aftermath,voyage,0.1,0,0,100,0,12,24
1620,aftermath,voyage,0.1,0,0,100,0,13,24
1630,aftermath,voyage,0.1,0,0,100,0,12,25
1640,aftermath,voyage,0.1,0,0,100,0,12,25
1650,aftermath,voyage,0.1,0,0,100,0,12,25
1660,aftermath,voyage,0.1,0,0,100,0,12,25
1670,aftermath,voyage,0.1,0,0,100,0,12,26
1680,aftermath,voyage,0.1,0,0,100,0,12,26
1690,aftermath,voyage,0.1,0,0,100,0,12,26
1700,suspended:docked,hunt,,0,0,100,0,12,26
1710,suspended:docked,hunt,,0,0,100,0,13,26
1720,suspended:docked,hunt,,0,0,100,0,13,26
1730,suspended:docked,hunt,,0,0,100,0,13,26
1740,quiet,hunt,0.08,0,0,100,0,13,26
1750,quiet,hunt,0.08,0,0,100,0,13,26
1760,quiet,hunt,0.08,0,0,100,0,13,27
1770,quiet,hunt,0.08,0,0,100,0,13,27
1780,quiet,hunt,0.08,0,0,100,0,13,27
1790,opportunity,hunt,0.116,0,0,100,0,13,27
1800,peak,hunt,0.296,0.26,0.00805,100,1,13,28
1810,peak,hunt,0.476,0.422417,0.028795,100,1,12,29
1820,peak,hunt,0.656,0.438167,0.050385,100,1,12,29
1830,peak,hunt,0.683278,0.438167,0.072686,100,1,12,29
1840,peak,hunt,0.630863,0.430292,0.094987,100,1,12,29
1850,peak,hunt,0.62792,0.438167,0.117332,100,1,13,29
1860,peak,hunt,0.631568,0.37575,0.136931,100,0,13,29
1870,aftermath,hunt,0.280898,0.17975,0.078884,100,0,13,29
1880,aftermath,hunt,0.1,0,0,100,0,13,29
1890,aftermath,hunt,0.1,0,0,100,0,14,29
1900,aftermath,hunt,0.1,0,0,100,0,13,30
1910,aftermath,hunt,0.1,0,0,100,0,13,30
1920,aftermath,hunt,0.1,0,0,100,0,13,30
1930,aftermath,hunt,0.1,0,0,100,0,13,30
1940,aftermath,hunt,0.1,0,0,100,0,13,31
1950,aftermath,hunt,0.1,0,0,100,0,13,31
1960,quiet,discovery,0.08,0,0,100,0,13,31
1970,quiet,discovery,0.08,0,0,100,0,13,31
1980,quiet,discovery,0.08,0,0,100,0,14,31
1990,quiet,discovery,0.08,0,0,100,0,14,31
2000,quiet,discovery,0.08,0,0,100,0,14,31
2010,quiet,discovery,0.08,0,0,100,0,14,31
2020,quiet,discovery,0.08,0,0,100,0,14,31
2030,quiet,discovery,0.08,0,0,100,0,14,32
2040,quiet,discovery,0.08,0,0,100,0,14,32
2050,peak,discovery,0.188,0.325,0.010248,100,1,13,33
2060,peak,discovery,0.368,0.430292,0.031342,100,1,13,33
2070,peak,discovery,0.548,0.438167,0.053188,100,1,14,33
2080,peak,discovery,0.63895,0.430292,0.075414,100,1,13,34
2090,peak,discovery,0.636278,0.438167,0.097684,100,1,13,34
2100,aftermath,discovery,0.136278,0.418042,0.119981,100,0,13,34
2110,aftermath,discovery,0.083305,0.367875,0.139126,100,0,13,34
2120,aftermath,discovery,0.091596,0.143875,0.070037,100,0,13,35
2130,aftermath,discovery,0.1,0,0,100,0,13,35
2140,aftermath,discovery,0.1,0,0,100,0,13,35
2150,aftermath,discovery,0.1,0,0,100,0,13,35
2160,aftermath,discovery,0.1,0,0,100,0,14,35
2170,aftermath,discovery,0.1,0,0,100,0,14,35
2180,aftermath,discovery,0.1,0,0,100,0,14,35
2190,aftermath,discovery,0.1,0,0,100,0,14,35
2200,quiet,voyage,0.08,0,0,100,0,14,35
2210,quiet,voyage,0.08,0,0,100,0,14,36
2220,quiet,voyage,0.08,0,0,100,0,14,36
2230,quiet,voyage,0.08,0,0,100,0,14,36
2240,quiet,voyage,0.08,0,0,100,0,14,36
2250,quiet,voyage,0.08,0,0,100,0,15,36
2260,opportunity,voyage,0.098,0,0,100,0,15,36
2270,opportunity,voyage,0.23,0,0,100,0,15,36
2280,opportunity,voyage,0.23,0,0,100,0,15,36
2290,opportunity,voyage,0.23,0,0,100,0,15,36
2300,opportunity,voyage,0.23,0,0,100,0,16,36
2310,opportunity,voyage,0.23,0,0,100,0,16,36
2320,opportunity,voyage,0.23,0,0,100,0,16,36
2330,opportunity,voyage,0.23,0,0,100,0,16,36
2340,opportunity,voyage,0.23,0,0,100,0,17,36
2350,opportunity,voyage,0.23,0,0,100,0,17,36
2360,opportunity,voyage,0.23,0,0,100,0,17,36
2370,opportunity,voyage,0.23,0,0,100,0,17,36
2380,peak,voyage,0.338,0.26,0.008,100,1,16,37
2390,peak,voyage,0.518,0.422417,0.028596,100,1,16,38
2400,peak,voyage,0.648002,0.438167,0.049988,100,1,16,38
2410,peak,voyage,0.645343,0.430292,0.072139,100,1,16,38
2420,peak,voyage,0.64268,0.438167,0.094334,100,1,16,38
2430,peak,voyage,0.639977,0.438167,0.116859,100,1,17,38
2440,aftermath,voyage,0.444488,0.430292,0.138275,100,1,15,40
2450,aftermath,voyage,0.080714,0.438167,0.160715,100,1,15,40
2460,aftermath,voyage,0.077982,0.438167,0.183486,100,1,15,40
2470,aftermath,voyage,0.075249,0.430292,0.206257,100,1,15,40
2480,aftermath,voyage,0.072511,0.438167,0.229072,100,1,15,41
2490,aftermath,voyage,0.069801,0.390042,0.251658,100,0,15,41
2500,aftermath,voyage,0.067442,0.367875,0.271316,100,0,15,41
2510,aftermath,voyage,0.077036,0.115875,0.191369,100,0,15,41
2520,aftermath,voyage,0.087945,0,0.10046,100,0,16,41
2530,quiet,hunt,0.078854,0,0.009551,100,0,16,41
2540,quiet,hunt,0.08,0,0,100,0,16,41
2550,quiet,hunt,0.08,0,0,100,0,16,41
2560,quiet,hunt,0.08,0,0,100,0,16,41
2570,quiet,hunt,0.08,0,0,100,0,17,41
2580,opportunity,hunt,0.116,0,0,100,0,17,41
2590,opportunity,hunt,0.23,0,0,100,0,17,41
2600,opportunity,hunt,0.23,0,0,100,0,17,41
2610,opportunity,hunt,0.23,0,0,100,0,18,41
2620,opportunity,hunt,0.23,0,0,100,0,18,41
2630,opportunity,hunt,0.23,0,0,100,0,18,41
2640,opportunity,hunt,0.23,0,0,100,0,18,41
2650,peak,hunt,0.302,0.26,0.008,100,1,17,42
2660,peak,hunt,0.482,0.422417,0.028596,100,1,18,42
2670,peak,hunt,0.662,0.438167,0.049988,100,1,18,42
2680,peak,hunt,0.682343,0.430292,0.072139,100,1,18,42
2690,peak,hunt,0.67968,0.438167,0.094334,100,1,18,42
2700,peak,hunt,0.676977,0.438167,0.116859,100,1,19,42
2710,peak,hunt,0.680625,0.37575,0.136459,100,0,19,42
2720,aftermath,hunt,0.329954,0.17975,0.078411,100,0,19,42
2730,aftermath,hunt,0.1,0,0,100,0,19,42
2740,aftermath,hunt,0.1,0,0,100,0,19,42
2750,aftermath,hunt,0.1,0,0,100,0,20,42
2760,aftermath,hunt,0.1,0,0,100,0,20,42
2770,aftermath,hunt,0.1,0,0,100,0,20,42
2780,aftermath,hunt,0.1,0,0,100,0,20,42
2790,aftermath,hunt,0.1,0,0,100,0,20,42
2800,aftermath,hunt,0.1,0,0,100,0,20,42
2810,aftermath,hunt,0.1,0,0,100,0,20,42
2820,aftermath,hunt,0.1,0,0,100,0,20,42
2830,quiet,discovery,0.08,0,0,100,0,20,42
2840,quiet,discovery,0.08,0,0,100,0,20,42
2850,quiet,discovery,0.08,0,0,100,0,20,42
2860,quiet,discovery,0.08,0,0,100,0,20,42
2870,quiet,discovery,0.08,0,0,100,0,20,42
2880,quiet,discovery,0.08,0,0,100,0,20,42
2890,quiet,discovery,0.08,0,0,100,0,20,42
2900,quiet,discovery,0.08,0,0,100,0,20,42
2910,opportunity,discovery,0.152,0,0,100,0,20,42
2920,opportunity,discovery,0.23,0,0,100,0,20,42
2930,opportunity,discovery,0.23,0,0,100,0,20,42
2940,opportunity,discovery,0.23,0,0,100,0,20,42
2950,opportunity,discovery,0.23,0,0,100,0,20,42
2960,opportunity,discovery,0.23,0,0,100,0,20,42
2970,opportunity,discovery,0.23,0,0,100,0,20,42
2980,opportunity,discovery,0.23,0,0,100,0,20,42
2990,opportunity,discovery,0.23,0,0,100,0,20,42
3000,opportunity,discovery,0.23,0,0,100,0,0,42
3010,opportunity,discovery,0.23,0,0,100,0,0,42
3020,opportunity,discovery,0.23,0,0,100,0,0,42
3030,opportunity,discovery,0.23,0,0,100,0,0,42
3040,opportunity,discovery,0.23,0,0,100,0,0,42
3050,opportunity,discovery,0.23,0,0,100,0,0,42
3060,opportunity,discovery,0.23,0,0,100,0,0,42
3070,build,discovery,0.392,0,0,100,0,0,42
3080,build,discovery,0.572,0,0,100,0,0,42
3090,build,discovery,0.582,0,0,100,0,0,42
3100,build,discovery,0.582,0,0,100,0,0,42
3110,build,discovery,0.582,0,0,100,0,0,42
3120,build,discovery,0.582,0,0,100,0,0,42
3130,build,discovery,0.582,0,0,100,0,0,42
3140,build,discovery,0.582,0,0,100,0,0,42
3150,build,discovery,0.582,0,0,100,0,0,42
3160,build,discovery,0.582,0,0,100,0,0,42
3170,opportunity,discovery,0.382,0,0,100,0,0,42
3180,opportunity,discovery,0.23,0,0,100,0,0,42
3190,opportunity,discovery,0.23,0,0,100,0,0,42
3200,opportunity,discovery,0.23,0,0,100,0,0,42
3210,opportunity,discovery,0.23,0,0,100,0,0,42
3220,opportunity,discovery,0.23,0,0,100,0,0,42
3230,opportunity,discovery,0.23,0,0,100,0,0,42
3240,opportunity,discovery,0.23,0,0,100,0,0,42
3250,opportunity,discovery,0.23,0,0,100,0,0,42
3260,opportunity,discovery,0.23,0,0,100,0,0,42
3270,opportunity,discovery,0.23,0,0,100,0,0,42
3280,opportunity,discovery,0.23,0,0,100,0,0,42
3290,opportunity,discovery,0.23,0,0,100,0,0,42
3300,opportunity,discovery,0.23,0,0,100,0,0,42
3310,opportunity,discovery,0.23,0,0,100,0,0,42
3320,opportunity,discovery,0.23,0,0,100,0,0,42
3330,build,discovery,0.392,0,0,100,0,0,42
3340,build,discovery,0.572,0,0,100,0,0,42
3350,build,discovery,0.582,0,0,100,0,0,42
3360,build,discovery,0.582,0,0,100,0,0,42
3370,build,discovery,0.582,0,0,100,0,0,42
3380,build,discovery,0.582,0,0,100,0,0,43
3390,build,discovery,0.582,0,0,100,0,0,43
3400,build,discovery,0.582,0,0,100,0,0,43
3410,build,discovery,0.582,0,0,100,0,0,43
3420,build,discovery,0.582,0,0,100,0,1,43
3430,aftermath,discovery,0.382,0,0,100,0,1,43
3440,aftermath,discovery,0.1,0,0,100,0,1,43
3450,aftermath,discovery,0.1,0,0,100,0,1,43
3460,aftermath,discovery,0.1,0,0,100,0,1,43
3470,aftermath,discovery,0.1,0,0,100,0,1,44
3480,aftermath,discovery,0.1,0,0,100,0,1,44
3490,aftermath,discovery,0.1,0,0,100,0,1,44
3500,suspended:docked,discovery,,0,0,100,0,1,44
3510,suspended:docked,discovery,,0,0,100,0,2,44
3520,suspended:docked,discovery,,0,0,100,0,2,44
3530,suspended:docked,discovery,,0,0,100,0,2,44
3540,aftermath,discovery,0.08,0,0,100,0,2,44
3550,aftermath,discovery,0.08,0,0,100,0,2,44
3560,aftermath,discovery,0.1,0,0,100,0,3,44
3570,aftermath,discovery,0.1,0,0,100,0,3,44
3580,aftermath,discovery,0.1,0,0,100,0,3,44
3590,aftermath,discovery,0.1,0,0,100,0,3,44
3600,quiet,voyage,0.08,0,0,100,0,4,44
3610,quiet,voyage,0.08,0,0,100,0,4,44
3620,quiet,voyage,0.08,0,0,100,0,4,44
3630,quiet,voyage,0.08,0,0,100,0,4,44
3640,quiet,voyage,0.08,0,0,100,0,4,44
3650,quiet,voyage,0.08,0,0,100,0,5,44
3660,peak,voyage,0.17,0.065,0.00205,100,1,4,45
3670,peak,voyage,0.35,0.422417,0.022795,100,1,4,45
3680,peak,voyage,0.53,0.438167,0.044385,100,1,4,45
3690,peak,voyage,0.663998,0.438167,0.066686,100,1,5,45
3700,peak,voyage,0.661322,0.430292,0.088987,100,1,5,45
3710,peak,voyage,0.65864,0.438167,0.111332,100,1,5,45
3720,aftermath,voyage,0.612321,0.430292,0.132851,100,1,4,46
3730,aftermath,voyage,0.112321,0.422417,0.154933,100,1,4,46
3740,aftermath,voyage,0.078748,0.438167,0.177101,100,1,5,46
3750,aftermath,voyage,0.076003,0.438167,0.199979,100,1,5,46
3760,aftermath,voyage,0.073257,0.430292,0.222858,100,1,5,46
3770,aftermath,voyage,0.070506,0.438167,0.24578,100,1,5,46
3780,aftermath,voyage,0.068085,0.37575,0.265957,100,0,6,46
3790,aftermath,voyage,0.07503,0.17975,0.208083,100,0,6,46
3800,aftermath,voyage,0.085939,0,0.117174,100,0,6,46
3810,aftermath,voyage,0.096848,0,0.026264,100,0,6,46
3820,quiet,hunt,0.08,0,0,100,0,6,46
3830,quiet,hunt,0.08,0,0,100,0,6,47
3840,quiet,hunt,0.08,0,0,100,0,6,47
3850,quiet,hunt,0.08,0,0,100,0,6,47
3860,quiet,hunt,0.08,0,0,100,0,6,47
3870,peak,hunt,0.242,0.422417,0.014397,100,1,6,48
3880,peak,hunt,0.422,0.430292,0.03564,100,1,6,48
3890,peak,hunt,0.602,0.438167,0.057684,100,1,6,48
3900,peak,hunt,0.674393,0.438167,0.08006,100,1,6,48
3910,peak,hunt,0.671708,0.430292,0.102437,100,1,6,48
3920,peak,hunt,0.675127,0.383625,0.123938,100,0,7,48
3930,peak,hunt,0.672838,0.367875,0.143018,100,0,7,48
3940,aftermath,hunt,0.172838,0.087875,0.052109,100,0,7,48
3950,aftermath,hunt,0.1,0,0,100,0,7,48
3960,aftermath,hunt,0.1,0,0,100,0,8,48
3970,aftermath,hunt,0.1,0,0,100,0,8,48
3980,aftermath,hunt,0.1,0,0,100,0,8,48
3990,aftermath,hunt,0.1,0,0,100,0,8,48
4000,aftermath,hunt,0.1,0,0,100,0,8,48
4010,aftermath,hunt,0.1,0,0,100,0,8,49
4020,aftermath,hunt,0.1,0,0,100,0,8,49
4030,quiet,discovery,0.08,0,0,100,0,8,49
4040,quiet,discovery,0.08,0,0,100,0,8,49
4050,quiet,discovery,0.08,0,0,100,0,9,49
4060,quiet,discovery,0.08,0,0,100,0,8,50
4070,quiet,discovery,0.08,0,0,100,0,8,50
4080,quiet,discovery,0.08,0,0,100,0,8,50
4090,quiet,discovery,0.08,0,0,100,0,8,50
4100,quiet,discovery,0.08,0,0,100,0,9,50
4110,quiet,discovery,0.08,0,0,100,0,9,50
4120,opportunity,discovery,0.23,0,0,100,0,9,50
4130,opportunity,discovery,0.23,0,0,100,0,9,50
4140,opportunity,discovery,0.23,0,0,100,0,10,50
4150,opportunity,discovery,0.23,0,0,100,0,10,50
4160,opportunity,discovery,0.23,0,0,100,0,10,50
4170,opportunity,discovery,0.23,0,0,100,0,10,50
4180,opportunity,discovery,0.23,0,0,100,0,10,50
4190,opportunity,discovery,0.23,0,0,100,0,11,50
4200,opportunity,discovery,0.23,0,0,100,0,11,50
4210,opportunity,discovery,0.23,0,0,100,0,11,50
4220,opportunity,discovery,0.23,0,0,100,0,11,50
4230,opportunity,discovery,0.23,0,0,100,0,12,50
4240,opportunity,discovery,0.23,0,0,100,0,12,50
4250,opportunity,discovery,0.23,0,0,100,0,12,50
4260,opportunity,discovery,0.23,0,0,100,1,11,51
4270,peak,discovery,0.41,0.414542,0.020248,100,1,11,51
4280,peak,discovery,0.59,0.430292,0.041342,100,1,12,51
4290,peak,discovery,0.7,0.438167,0.063188,100,1,12,51
4300,peak,discovery,0.7,0.430292,0.085414,100,1,12,51
4310,aftermath,discovery,0.45,0.438167,0.107684,100,1,12,51
4320,aftermath,discovery,0.08456,0.383625,0.128666,100,0,13,51
4330,aftermath,discovery,0.086227,0.299625,0.114775,100,0,12,52
4340,aftermath,discovery,0.097136,0.019625,0.023866,100,0,12,52
4350,aftermath,discovery,0.1,0,0,100,0,12,52
4360,aftermath,discovery,0.1,0,0,100,0,12,52
4370,aftermath,discovery,0.1,0,0,100,0,12,53
4380,aftermath,discovery,0.1,0,0,100,0,12,53
4390,aftermath,discovery,0.1,0,0,100,0,12,53
4400,aftermath,discovery,0.1,0,0,100,0,12,53
4410,aftermath,discovery,0.1,0,0,100,0,13,53
4420,aftermath,discovery,0.1,0,0,100,0,13,53
4430,quiet,hunt,0.08,0,0,100,0,13,53
4440,quiet,hunt,0.08,0,0,100,0,13,53
4450,quiet,hunt,0.08,0,0,100,0,13,53
4460,quiet,hunt,0.08,0,0,100,0,14,53
4470,quiet,hunt,0.08,0,0,100,0,14,53
4480,peak,hunt,0.242,0.26,0.008,100,1,13,54
4490,peak,hunt,0.422,0.422417,0.028596,100,1,13,54
4500,peak,hunt,0.602,0.438167,0.049988,100,1,14,54
4510,peak,hunt,0.7,0.430292,0.072139,100,1,14,54
4520,peak,hunt,0.7,0.438167,0.094334,100,1,14,54
4530,peak,hunt,0.7,0.438167,0.116859,100,1,14,54
4540,peak,hunt,0.7,0.430292,0.138824,100,1,13,55
4550,peak,hunt,0.7,0.438167,0.161329,100,1,14,55
4560,aftermath,hunt,0.25,0.438167,0.184164,100,1,13,56
4570,aftermath,hunt,0.07516,0.430292,0.207001,100,1,13,56
4580,aftermath,hunt,0.072414,0.438167,0.229881,100,1,13,56
4590,aftermath,hunt,0.069759,0.383625,0.252009,100,0,14,56
4600,aftermath,hunt,0.068716,0.355625,0.260701,100,0,14,56
4610,aftermath,hunt,0.079625,0.075625,0.169792,100,0,14,56
4620,aftermath,hunt,0.090534,0,0.078882,100,0,14,56
4630,aftermath,hunt,0.1,0,0,100,0,14,56
4640,aftermath,hunt,0.1,0,0,100,0,15,56
4650,aftermath,hunt,0.1,0,0,100,0,15,56
4660,aftermath,hunt,0.1,0,0,100,0,15,56
4670,quiet,voyage,0.08,0,0,100,0,15,56
4680,quiet,voyage,0.08,0,0,100,0,16,56
4690,quiet,voyage,0.08,0,0,100,0,15,57
4700,quiet,voyage,0.08,0,0,100,0,15,57
4710,quiet,voyage,0.08,0,0,100,0,15,57
4720,quiet,voyage,0.08,0,0,100,0,15,57
4730,opportunity,voyage,0.17,0,0,100,0,16,57
4740,opportunity,voyage,0.23,0,0,100,0,16,57
4750,opportunity,voyage,0.23,0,0,100,0,16,57
4760,opportunity,voyage,0.23,0,0,100,0,16,57
4770,opportunity,voyage,0.23,0,0,100,0,17,57
4780,opportunity,voyage,0.23,0,0,100,0,16,58
4790,opportunity,voyage,0.23,0,0,100,0,16,58
4800,opportunity,voyage,0.23,0,0,100,0,16,58
4810,opportunity,voyage,0.23,0,0,100,0,16,58
4820,opportunity,voyage,0.23,0,0,100,0,17,58
4830,opportunity,voyage,0.23,0,0,100,0,17,58
4840,opportunity,voyage,0.23,0,0,100,0,17,58
4850,build,voyage,0.41,0,0,100,0,17,58
4860,build,voyage,0.585,0,0,100,0,18,58
4870,peak,voyage,0.7,0.414542,0.018248,100,1,17,59
4880,peak,voyage,0.7,0.430292,0.039342,100,1,17,59
4890,peak,voyage,0.7,0.438167,0.061188,100,1,16,60
4900,peak,voyage,0.7,0.430292,0.083414,100,1,16,60
4910,peak,voyage,0.7,0.438167,0.105684,100,1,17,60
4920,peak,voyage,0.7,0.383625,0.126936,100,0,17,60
4930,aftermath,voyage,0.25,0.327625,0.12406,100,0,17,60
4940,aftermath,voyage,0.096022,0.047625,0.033151,100,0,17,60
4950,aftermath,voyage,0.1,0,0,100,0,18,60
4960,aftermath,voyage,0.1,0,0,100,0,17,61
4970,aftermath,voyage,0.1,0,0,100,0,17,61
4980,aftermath,voyage,0.1,0,0,100,0,17,61
4990,aftermath,voyage,0.1,0,0,100,0,17,61
5000,aftermath,voyage,0.1,0,0,100,0,18,61
5010,aftermath,voyage,0.1,0,0,100,0,18,61
5020,aftermath,voyage,0.1,0,0,100,0,18,61
5030,aftermath,voyage,0.1,0,0,100,0,18,61
5040,quiet,discovery,0.08,0,0,100,0,19,61
5050,quiet,discovery,0.08,0,0,100,0,19,61
5060,quiet,discovery,0.08,0,0,100,0,19,61
5070,quiet,discovery,0.08,0,0,100,0,19,61
5080,quiet,discovery,0.08,0,0,100,0,19,61
5090,quiet,discovery,0.08,0,0,100,0,20,61
5100,recovery,discovery,0.03,0.065,0.003473,100,0,20,61
5110,recovery,discovery,0.025438,0.633,0.038019,100,0,20,61
5120,recovery,discovery,0.03,0.409,0,100,0,20,61
5130,recovery,discovery,0.03,0.245,0,100,0,20,61
5140,recovery,discovery,0.03,0,0,100,0,20,61
5150,recovery,discovery,0.03,0,0,100,0,20,61
5160,recovery,discovery,0.03,0,0,100,0,20,61
5170,recovery,discovery,0.03,0,0,100,0,20,61
5180,recovery,discovery,0.03,0,0,100,0,20,61
5190,aftermath,discovery,0.048,0,0,100,0,20,61
5200,aftermath,discovery,0.1,0,0,100,0,20,61
5210,aftermath,discovery,0.1,0,0,100,0,20,61
5220,aftermath,discovery,0.1,0,0,100,0,20,61
5230,aftermath,discovery,0.1,0,0,100,0,20,61
5240,aftermath,discovery,0.1,0,0,100,0,20,61
5250,aftermath,discovery,0.1,0,0,100,0,20,61
5260,aftermath,discovery,0.1,0,0,100,0,20,61
5270,aftermath,discovery,0.1,0,0,100,0,20,61
5280,aftermath,discovery,0.1,0,0,100,0,20,61
5290,aftermath,discovery,0.1,0,0,100,0,20,61
5300,suspended:docked,discovery,,0,0,100,0,20,61
5310,suspended:docked,discovery,,0,0,100,0,20,61
5320,suspended:docked,discovery,,0,0,100,0,20,61
5330,suspended:docked,discovery,,0,0,100,0,20,61
5340,aftermath,discovery,0.08,0,0,100,0,20,61
5350,aftermath,discovery,0.08,0,0,100,0,20,61
5360,quiet,hunt,0.08,0,0,100,0,20,61
5370,quiet,hunt,0.08,0,0,100,0,20,61
5380,quiet,hunt,0.08,0,0,100,0,20,61
5390,quiet,hunt,0.08,0,0,100,0,20,61
5400,quiet,hunt,0.08,0,0,100,0,20,61
5410,opportunity,hunt,0.206,0,0,100,0,20,61
5420,opportunity,hunt,0.23,0,0,100,0,20,61
5430,opportunity,hunt,0.23,0,0,100,0,20,61
5440,opportunity,hunt,0.23,0,0,100,0,20,61
5450,opportunity,hunt,0.23,0,0,100,0,20,61
5460,opportunity,hunt,0.23,0,0,100,0,20,61
5470,opportunity,hunt,0.23,0,0,100,0,20,61
5480,opportunity,hunt,0.23,0,0,100,0,20,61
5490,build,hunt,0.266,0,0,100,0,20,61
5500,build,hunt,0.446,0,0,100,0,20,61
5510,build,hunt,0.61,0,0,100,0,20,61
5520,build,hunt,0.56,0,0,100,0,20,61
5530,build,hunt,0.56,0,0,100,0,20,61
5540,build,hunt,0.56,0,0,100,0,20,61
5550,build,hunt,0.56,0,0,100,0,20,61
5560,build,hunt,0.56,0,0,100,0,20,61
5570,build,hunt,0.56,0,0,100,0,20,61
5580,build,hunt,0.56,0,0,100,1,19,62
5590,peak,hunt,0.69757,0.414542,0.020248,100,1,19,62
5600,peak,hunt,0.695039,0.430292,0.041342,100,1,19,62
5610,peak,hunt,0.692417,0.438167,0.063188,100,1,19,62
5620,peak,hunt,0.68975,0.430292,0.085414,100,1,19,62
5630,peak,hunt,0.687078,0.438167,0.107684,100,1,20,62
5640,peak,hunt,0.684398,0.438167,0.130015,100,1,19,63
5650,peak,hunt,0.68169,0.430292,0.152584,100,1,19,63
5660,aftermath,hunt,0.430343,0.438167,0.175196,100,1,19,63
5670,aftermath,hunt,0.076223,0.438167,0.198139,100,1,19,64
5680,aftermath,hunt,0.07347,0.430292,0.221083,100,1,19,64
5690,aftermath,hunt,0.070742,0.418042,0.243817,100,0,19,64
5700,aftermath,hunt,0.068317,0.37575,0.264027,100,0,18,65
5710,aftermath,hunt,0.076582,0.15175,0.19515,100,0,18,65
5720,aftermath,hunt,0.087491,0,0.104241,100,0,19,65
5730,aftermath,hunt,0.0984,0,0.013332,100,0,19,65
5740,aftermath,hunt,0.1,0,0,100,0,19,65
5750,aftermath,hunt,0.1,0,0,100,0,19,65
5760,quiet,discovery,0.08,0,0,100,0,20,65
5770,quiet,discovery,0.08,0,0,100,0,19,66
5780,quiet,discovery,0.08,0,0,100,0,19,66
5790,quiet,discovery,0.08,0,0,100,0,19,66
5800,quiet,discovery,0.08,0,0,100,0,19,66
5810,quiet,discovery,0.08,0,0,100,0,19,67
5820,quiet,discovery,0.08,0,0,100,0,19,67
5830,quiet,discovery,0.08,0,0,100,0,19,67
5840,peak,discovery,0.134,0.13,0.004,100,1,18,68
5850,peak,discovery,0.314,0.422417,0.024398,100,1,19,68
5860,peak,discovery,0.494,0.430292,0.04564,100,1,19,68
5870,peak,discovery,0.674,0.438167,0.067684,100,1,19,68
5880,peak,discovery,0.689193,0.438167,0.09006,100,1,19,68
5890,aftermath,discovery,0.338393,0.430292,0.112437,100,1,19,68
5900,aftermath,discovery,0.084089,0.383625,0.13259,100,0,19,69
5910,aftermath,discovery,0.088399,0.243625,0.096677,100,0,19,69
5920,aftermath,discovery,0.099308,0,0.005768,100,0,19,69
5930,aftermath,discovery,0.1,0,0,100,0,19,69
5940,aftermath,discovery,0.1,0,0,100,0,20,69
5950,aftermath,discovery,0.1,0,0,100,0,20,69
5960,aftermath,discovery,0.1,0,0,100,0,20,69
5970,aftermath,discovery,0.1,0,0,100,0,20,69
5980,aftermath,discovery,0.1,0,0,100,0,20,69
5990,quiet,voyage,0.08,0,0,100,0,20,69
6000,quiet,voyage,0.08,0,0,100,0,20,69
6010,quiet,voyage,0.08,0,0,100,0,20,69
6020,quiet,voyage,0.08,0,0,100,0,20,69
6030,quiet,voyage,0.08,0,0,100,0,20,69
6040,quiet,voyage,0.08,0,0,100,0,20,69
6050,quiet,voyage,0.08,0,0,100,0,20,69
6060,opportunity,voyage,0.224,0,0,100,0,20,69
6070,opportunity,voyage,0.23,0,0,100,0,20,69
6080,opportunity,voyage,0.23,0,0,100,0,20,69
6090,opportunity,voyage,0.23,0,0,100,0,20,69
6100,opportunity,voyage,0.23,0,0,100,0,20,69
6110,opportunity,voyage,0.23,0,0,100,0,20,69
6120,opportunity,voyage,0.23,0,0,100,0,20,69
6130,opportunity,voyage,0.23,0,0,100,0,20,69
6140,opportunity,voyage,0.23,0,0,100,0,20,69
6150,opportunity,voyage,0.23,0,0,100,0,20,69
6160,opportunity,voyage,0.23,0,0,100,0,20,69
6170,build,voyage,0.284,0,0,100,0,20,69
6180,build,voyage,0.464,0,0,100,0,20,69
6190,peak,voyage,0.644,0.414542,0.014248,100,1,19,70
6200,peak,voyage,0.7,0.430292,0.035342,100,1,19,70
6210,peak,voyage,0.7,0.438167,0.057187,100,1,20,70
6220,peak,voyage,0.7,0.430292,0.079414,100,1,19,71
6230,peak,voyage,0.7,0.438167,0.101684,100,1,19,71
6240,peak,voyage,0.7,0.438167,0.124025,100,1,18,72
6250,aftermath,voyage,0.35,0.430292,0.146594,100,1,18,72
6260,aftermath,voyage,0.079695,0.438167,0.169206,100,1,19,72
6270,aftermath,voyage,0.076942,0.438167,0.192149,100,1,19,72
6280,aftermath,voyage,0.074189,0.430292,0.215093,100,1,19,72
6290,aftermath,voyage,0.07143,0.438167,0.23808,100,1,19,72
6300,aftermath,voyage,0.068934,0.37575,0.258884,100,0,20,72
6310,aftermath,voyage,0.07323,0.23575,0.223081,100,0,20,72
6320,aftermath,voyage,0.084139,0,0.132172,100,0,20,72
6330,aftermath,voyage,0.095048,0,0.041263,100,0,20,72
6340,aftermath,voyage,0.1,0,0,100,0,20,72
6350,quiet,hunt,0.08,0,0,100,0,20,72
6360,quiet,hunt,0.08,0,0,100,0,20,72
6370,quiet,hunt,0.08,0,0,100,0,20,72
6380,quiet,hunt,0.08,0,0,100,0,20,72
6390,quiet,hunt,0.08,0,0,100,0,20,72
6400,opportunity,hunt,0.152,0,0,100,0,20,72
6410,opportunity,hunt,0.23,0,0,100,0,20,72
6420,opportunity,hunt,0.23,0,0,100,0,20,72
6430,opportunity,hunt,0.23,0,0,100,0,20,72
6440,peak,hunt,0.248,0.065,0.002,100,1,19,73
6450,peak,hunt,0.428,0.422417,0.022398,100,1,19,73
6460,peak,hunt,0.608,0.430292,0.04364,100,1,19,73
6470,peak,hunt,0.7,0.438167,0.065684,100,1,19,73
6480,peak,hunt,0.7,0.438167,0.08806,100,1,20,73
6490,peak,hunt,0.7,0.430292,0.110437,100,1,19,74
6500,peak,hunt,0.7,0.383625,0.130866,100,0,19,74
6510,aftermath,hunt,0.5,0.271625,0.105962,100,0,19,74
6520,aftermath,hunt,0.098194,0,0.015053,100,0,19,74
6530,aftermath,hunt,0.1,0,0,100,0,19,75
6540,aftermath,hunt,0.1,0,0,100,0,19,75
6550,aftermath,hunt,0.1,0,0,100,0,19,75
6560,aftermath,hunt,0.1,0,0,100,0,19,75
6570,aftermath,hunt,0.1,0,0,100,0,20,75
6580,aftermath,hunt,0.1,0,0,100,0,20,75
6590,aftermath,hunt,0.1,0,0,100,0,20,75
6600,aftermath,hunt,0.1,0,0,100,0,20,75
6610,aftermath,hunt,0.1,0,0,100,0,20,75
6620,quiet,discovery,0.08,0,0,100,0,20,75
6630,quiet,discovery,0.08,0,0,100,0,20,75
6640,quiet,discovery,0.08,0,0,100,0,20,75
6650,quiet,discovery,0.08,0,0,100,0,20,75
6660,quiet,discovery,0.08,0,0,100,0,20,75
6670,quiet,discovery,0.08,0,0,100,0,20,75
6680,quiet,discovery,0.08,0,0,100,0,20,75
6690,quiet,discovery,0.08,0,0,100,0,20,75
6700,opportunity,discovery,0.098,0,0,100,0,20,75
6710,opportunity,discovery,0.23,0,0,100,0,20,75
6720,opportunity,discovery,0.23,0,0,100,0,20,75
6730,opportunity,discovery,0.23,0,0,100,0,20,75
6740,opportunity,discovery,0.23,0,0,100,0,20,75
6750,opportunity,discovery,0.23,0,0,100,0,20,75
6760,opportunity,discovery,0.23,0,0,100,0,20,75
6770,opportunity,discovery,0.23,0,0,100,0,20,75
6780,opportunity,discovery,0.23,0,0,100,0,20,75
6790,opportunity,discovery,0.23,0,0,100,0,20,75
6800,opportunity,discovery,0.23,0,0,100,0,20,75
6810,opportunity,discovery,0.23,0,0,100,0,20,75
6820,opportunity,discovery,0.23,0,0,100,0,20,75
6830,opportunity,discovery,0.23,0,0,100,0,20,75
6840,peak,discovery,0.248,0.065,0.00205,100,1,20,76
6850,peak,discovery,0.428,0.422417,0.022795,100,1,20,76
6860,peak,discovery,0.608,0.438167,0.044385,100,1,20,76
6870,peak,discovery,0.7,0.438167,0.066686,100,1,20,76
6880,peak,discovery,0.7,0.430292,0.088987,100,1,20,76
6890,aftermath,discovery,0.4,0.438167,0.111332,100,1,20,76
6900,aftermath,discovery,0.084188,0.37575,0.131769,100,0,20,76
6910,aftermath,discovery,0.087207,0.26375,0.106612,100,0,20,76
6920,aftermath,discovery,0.098116,0,0.015703,100,0,20,76
6930,aftermath,discovery,0.1,0,0,100,0,20,76
6940,aftermath,discovery,0.1,0,0,100,0,20,76
6950,aftermath,discovery,0.1,0,0,100,0,20,76
6960,aftermath,discovery,0.1,0,0,100,0,20,76
6970,aftermath,discovery,0.1,0,0,100,0,20,76
6980,aftermath,discovery,0.1,0,0,100,0,20,76
6990,aftermath,discovery,0.1,0,0,100,0,20,76
7000,aftermath,discovery,0.1,0,0,100,0,20,76
7010,aftermath,discovery,0.1,0,0,100,0,20,76
7020,quiet,hunt,0.08,0,0,100,0,20,76
7030,quiet,hunt,0.08,0,0,100,0,20,76
7040,quiet,hunt,0.08,0,0,100,0,20,76
7050,quiet,hunt,0.08,0,0,100,0,20,76
7060,quiet,hunt,0.08,0,0,100,0,20,76
7070,peak,hunt,0.206,0.39,0.012149,100,1,20,77
7080,peak,hunt,0.386,0.430292,0.033043,100,1,20,77
7090,peak,hunt,0.566,0.430292,0.05474,100,1,20,77
7100,suspended:docked,hunt,,0.446042,0.074646,100,1,19,78
7110,suspended:docked,hunt,,0.446042,0.074646,100,1,20,78
7120,suspended:docked,hunt,,0.446042,0.074646,100,0,20,78
7130,suspended:docked,hunt,,0.446042,0.074646,100,0,20,78
7140,aftermath,hunt,0.65,0.418042,0.065555,100,0,20,78
7150,aftermath,hunt,0.15,0.138042,0,100,0,20,78
7160,aftermath,hunt,0.1,0,0,100,0,20,78
7170,aftermath,hunt,0.1,0,0,100,0,20,78
7180,aftermath,hunt,0.1,0,0,100,0,20,78
7190,aftermath,hunt,0.1,0,0,100,0,20,78
7200,aftermath,hunt,0.1,0,0,100,0,20,78
7210,aftermath,hunt,0.1,0,0,100,0,20,78
7220,aftermath,hunt,0.1,0,0,100,0,20,78
7230,aftermath,hunt,0.1,0,0,100,0,20,78
7240,aftermath,hunt,0.1,0,0,100,0,20,78
7250,aftermath,hunt,0.1,0,0,100,0,20,78
7260,quiet,discovery,0.08,0,0,100,0,20,78
7270,quiet,discovery,0.08,0,0,100,0,20,78
7280,quiet,discovery,0.08,0,0,100,0,20,78
7290,quiet,discovery,0.08,0,0,100,0,20,78
7300,quiet,discovery,0.08,0,0,100,0,20,78
7310,quiet,discovery,0.08,0,0,100,0,20,78
7320,quiet,discovery,0.08,0,0,100,0,20,78
7330,quiet,discovery,0.08,0,0,100,0,20,78
7340,quiet,discovery,0.08,0,0,100,0,20,78
7350,opportunity,discovery,0.23,0,0,100,0,20,78
7360,opportunity,discovery,0.23,0,0,100,0,20,78
7370,opportunity,discovery,0.23,0,0,100,0,20,78
7380,opportunity,discovery,0.23,0,0,100,0,20,78
7390,opportunity,discovery,0.23,0,0,100,0,20,78
7400,opportunity,discovery,0.23,0,0,100,0,20,78
7410,opportunity,discovery,0.23,0,0,100,0,20,78
7420,opportunity,discovery,0.23,0,0,100,0,20,78
7430,opportunity,discovery,0.23,0,0,100,0,20,78
7440,opportunity,discovery,0.23,0,0,100,1,19,79
7450,peak,discovery,0.41,0.414542,0.020248,100,1,19,79
7460,peak,discovery,0.59,0.430292,0.041342,100,1,19,79
7470,peak,discovery,0.692417,0.438167,0.063188,100,1,20,79
7480,peak,discovery,0.68975,0.430292,0.085414,100,1,20,79
7490,aftermath,discovery,0.438424,0.438167,0.107684,100,1,20,79
7500,aftermath,discovery,0.08456,0.383625,0.128666,100,0,20,79
7510,aftermath,discovery,0.086227,0.299625,0.114775,100,0,20,79
7520,aftermath,discovery,0.097136,0.019625,0.023866,100,0,20,79
7530,aftermath,discovery,0.1,0,0,100,0,20,79
7540,aftermath,discovery,0.1,0,0,100,0,20,79
7550,aftermath,discovery,0.1,0,0,100,0,20,79
7560,aftermath,discovery,0.1,0,0,100,0,20,79
7570,aftermath,discovery,0.1,0,0,100,0,20,79
7580,aftermath,discovery,0.1,0,0,100,0,20,79
7590,quiet,voyage,0.08,0,0,100,0,20,79
7600,quiet,voyage,0.08,0,0,100,0,20,79
7610,quiet,voyage,0.08,0,0,100,0,20,79
7620,quiet,voyage,0.08,0,0,100,0,20,79
7630,quiet,voyage,0.08,0,0,100,0,20,79
7640,quiet,voyage,0.08,0,0,100,0,20,79
7650,quiet,voyage,0.08,0,0,100,0,20,79
7660,opportunity,voyage,0.188,0,0,100,0,20,79
7670,peak,voyage,0.32,0.325,0.010149,100,1,19,80
7680,peak,voyage,0.5,0.430292,0.031043,100,1,19,80
7690,peak,voyage,0.68,0.430292,0.05274,100,1,19,80
7700,peak,voyage,0.691017,0.438167,0.07486,100,1,19,81
7710,peak,voyage,0.688323,0.438167,0.097311,100,1,19,81
7720,peak,voyage,0.685659,0.418042,0.119509,100,1,18,82
7730,aftermath,voyage,0.434321,0.438167,0.141971,100,1,18,82
7740,aftermath,voyage,0.080228,0.438167,0.164764,100,1,19,82
7750,aftermath,voyage,0.077493,0.430292,0.187558,100,1,18,83
7760,aftermath,voyage,0.074753,0.438167,0.210395,100,1,18,83
7770,aftermath,voyage,0.071972,0.438167,0.233564,100,1,18,83
7780,aftermath,voyage,0.06941,0.37575,0.254916,100,0,18,83
7790,aftermath,voyage,0.071059,0.29175,0.241179,100,0,19,83
7800,aftermath,voyage,0.081968,0.01175,0.15027,100,0,19,83
7810,aftermath,voyage,0.092877,0,0.05936,100,0,19,83
7820,quiet,hunt,0.08,0,0,100,0,19,83
7830,quiet,hunt,0.08,0,0,100,0,20,83
7840,quiet,hunt,0.08,0,0,100,0,20,83
7850,quiet,hunt,0.08,0,0,100,0,20,83
7860,quiet,hunt,0.08,0,0,100,0,20,83
7870,opportunity,hunt,0.152,0,0,100,0,20,83
7880,opportunity,hunt,0.23,0,0,100,0,20,83
7890,opportunity,hunt,0.23,0,0,100,0,20,83
7900,opportunity,hunt,0.23,0,0,100,0,20,83
7910,opportunity,hunt,0.23,0,0,100,0,20,83
7920,opportunity,hunt,0.23,0,0,100,0,20,83
7930,opportunity,hunt,0.23,0,0,100,0,20,83
7940,opportunity,hunt,0.23,0,0,100,0,20,83
7950,opportunity,hunt,0.23,0,0,100,0,20,83
7960,build,hunt,0.392,0,0,100,0,20,83
7970,build,hunt,0.572,0,0,100,0,20,83
7980,build,hunt,0.585,0,0,100,0,20,83
7990,build,hunt,0.585,0,0,100,0,20,83
8000,build,hunt,0.585,0,0,100,0,19,84
8010,build,hunt,0.585,0,0,100,0,20,84
8020,build,hunt,0.585,0,0,100,0,20,84
8030,build,hunt,0.585,0,0,100,0,20,84
8040,build,hunt,0.585,0,0,100,0,20,84
8050,peak,hunt,0.7,0.414542,0.018248,100,1,19,85
8060,peak,hunt,0.7,0.430292,0.039342,100,1,20,85
8070,peak,hunt,0.7,0.438167,0.061188,100,1,20,85
8080,peak,hunt,0.7,0.430292,0.083414,100,1,20,85
8090,peak,hunt,0.7,0.438167,0.105684,100,1,20,85
8100,peak,hunt,0.7,0.383625,0.126936,100,0,20,85
8110,aftermath,hunt,0.6,0.327625,0.12406,100,0,20,85
8120,aftermath,hunt,0.1,0.047625,0.033151,100,0,20,85
8130,aftermath,hunt,0.1,0,0,100,0,20,85
8140,aftermath,hunt,0.1,0,0,100,0,20,85
8150,aftermath,hunt,0.1,0,0,100,0,20,85
8160,aftermath,hunt,0.1,0,0,100,0,20,85
8170,aftermath,hunt,0.1,0,0,100,0,20,85
8180,aftermath,hunt,0.1,0,0,100,0,20,85
8190,aftermath,hunt,0.1,0,0,100,0,20,85
8200,aftermath,hunt,0.1,0,0,100,0,20,85
8210,aftermath,hunt,0.1,0,0,100,0,20,85
8220,quiet,discovery,0.08,0,0,100,0,20,85
8230,quiet,discovery,0.08,0,0,100,0,20,85
8240,quiet,discovery,0.08,0,0,100,0,20,85
8250,quiet,discovery,0.08,0,0,100,0,20,85
8260,quiet,discovery,0.08,0,0,100,0,20,85
8270,quiet,discovery,0.08,0,0,100,0,20,85
8280,quiet,discovery,0.08,0,0,100,0,20,85
8290,quiet,discovery,0.08,0,0,100,0,20,85
8300,quiet,discovery,0.08,0,0,100,0,20,85
8310,peak,discovery,0.242,0.422417,0.014397,100,1,19,86
8320,peak,discovery,0.422,0.430292,0.03564,100,1,19,86
8330,peak,discovery,0.602,0.438167,0.057684,100,1,20,86
8340,peak,discovery,0.7,0.438167,0.08006,100,1,20,86
8350,aftermath,discovery,0.6,0.430292,0.102437,100,1,20,86
8360,aftermath,discovery,0.1,0.383625,0.123938,100,0,20,86
8370,aftermath,discovery,0.082838,0.367875,0.143018,100,0,20,86
8380,aftermath,discovery,0.093747,0.087875,0.052109,100,0,20,86
8390,aftermath,discovery,0.1,0,0,100,0,20,86
8400,aftermath,discovery,0.1,0,0,100,0,20,86
8410,aftermath,discovery,0.1,0,0,100,0,20,86
8420,aftermath,discovery,0.1,0,0,100,0,20,86
8430,aftermath,discovery,0.1,0,0,100,0,20,86
8440,aftermath,discovery,0.1,0,0,100,0,20,86
8450,aftermath,discovery,0.1,0,0,100,0,20,86
8460,aftermath,discovery,0.1,0,0,100,0,20,86
8470,quiet,hunt,0.08,0,0,100,0,20,86
8480,quiet,hunt,0.08,0,0,100,0,20,86
8490,quiet,hunt,0.08,0,0,100,0,20,86
8500,quiet,hunt,0.08,0,0,100,0,20,86
8510,quiet,hunt,0.08,0,0,100,0,20,86
8520,opportunity,hunt,0.17,0,0,100,0,20,86
8530,opportunity,hunt,0.23,0,0,100,0,20,86
8540,opportunity,hunt,0.23,0,0,100,0,20,86
8550,opportunity,hunt,0.23,0,0,100,0,20,86
8560,opportunity,hunt,0.23,0,0,100,0,20,86
8570,opportunity,hunt,0.23,0,0,100,0,20,86
8580,opportunity,hunt,0.23,0,0,100,0,20,86
8590,opportunity,hunt,0.23,0,0,100,0,20,86
8600,opportunity,hunt,0.23,0,0,100,0,20,86
8610,build,hunt,0.41,0,0,100,0,20,86
8620,peak,hunt,0.59,0.414542,0.018248,100,1,19,87
8630,peak,hunt,0.7,0.430292,0.039342,100,1,19,87
8640,peak,hunt,0.7,0.438167,0.061188,100,1,20,87
8650,peak,hunt,0.7,0.430292,0.083414,100,1,20,87
8660,peak,hunt,0.7,0.438167,0.105684,100,1,19,88
8670,peak,hunt,0.7,0.438167,0.128018,100,1,18,89
8680,peak,hunt,0.7,0.430292,0.150587,100,1,18,89
8690,aftermath,hunt,0.5,0.438167,0.173199,100,1,18,90
8700,recovery,hunt,0.026736,0.511042,0.197865,100,1,18,90
8710,recovery,hunt,0.02,0.703292,0.238034,100,1,18,90
8720,recovery,hunt,0.02,0.711167,0.278246,100,1,18,90
8730,recovery,hunt,0.02,0.6365,0.314251,100,0,19,90
8740,recovery,hunt,0.02,0.3565,0.257176,100,0,19,90
8750,recovery,hunt,0.02,0.0765,0.166267,100,0,19,90
8760,recovery,hunt,0.020957,0,0.075357,100,0,19,90
8770,recovery,hunt,0.03,0,0,100,0,19,90
8780,recovery,hunt,0.03,0,0,100,0,20,90
8790,aftermath,hunt,0.048,0,0,100,0,20,90
8800,aftermath,hunt,0.1,0,0,100,0,20,90
8810,aftermath,hunt,0.1,0,0,100,0,20,90
8820,aftermath,hunt,0.1,0,0,100,0,20,90
8830,aftermath,hunt,0.1,0,0,100,0,20,90
8840,aftermath,hunt,0.1,0,0,100,0,20,90
8850,aftermath,hunt,0.1,0,0,100,0,20,90
8860,aftermath,hunt,0.1,0,0,100,0,20,90
8870,aftermath,hunt,0.1,0,0,100,0,20,90
8880,aftermath,hunt,0.1,0,0,100,0,20,90
8890,aftermath,hunt,0.1,0,0,100,0,20,90
8900,suspended:docked,hunt,,0,0,100,0,20,90
8910,suspended:docked,hunt,,0,0,100,0,20,90
8920,suspended:docked,hunt,,0,0,100,0,20,90
8930,suspended:docked,hunt,,0,0,100,0,20,90
8940,aftermath,hunt,0.08,0,0,100,0,20,90
8950,quiet,voyage,0.08,0,0,100,0,20,90
8960,quiet,voyage,0.08,0,0,100,0,20,90
8970,quiet,voyage,0.08,0,0,100,0,20,90
8980,quiet,voyage,0.08,0,0,100,0,20,90
8990,quiet,voyage,0.08,0,0,100,0,20,90
9000,quiet,voyage,0.08,0,0,100,0,20,90
9010,opportunity,voyage,0.116,0,0,100,1,19,91
9020,peak,voyage,0.296,0.422417,0.020596,100,1,19,91
9030,peak,voyage,0.476,0.438167,0.041988,100,1,19,91
9040,peak,voyage,0.656,0.430292,0.064139,100,1,19,91
9050,peak,voyage,0.7,0.438167,0.086334,100,1,20,91
9060,peak,voyage,0.7,0.438167,0.108859,100,1,20,91
9070,peak,voyage,0.7,0.37575,0.129569,100,0,20,91
9080,aftermath,voyage,0.2,0.29175,0.115382,100,0,20,91
9090,aftermath,voyage,0.097063,0.01175,0.024473,100,0,20,91
9100,aftermath,voyage,0.1,0,0,100,0,20,91
9110,aftermath,voyage,0.1,0,0,100,0,20,91
9120,aftermath,voyage,0.1,0,0,100,0,20,91
9130,aftermath,voyage,0.1,0,0,100,0,20,91
9140,aftermath,voyage,0.1,0,0,100,0,20,91
9150,aftermath,voyage,0.1,0,0,100,0,20,91
9160,aftermath,voyage,0.1,0,0,100,0,20,91
9170,aftermath,voyage,0.1,0,0,100,0,20,91
9180,aftermath,voyage,0.1,0,0,100,0,20,91
9190,quiet,discovery,0.08,0,0,100,0,20,91
9200,quiet,discovery,0.08,0,0,100,0,20,91
9210,quiet,discovery,0.08,0,0,100,0,20,91
9220,quiet,discovery,0.08,0,0,100,0,20,91
9230,quiet,discovery,0.08,0,0,100,0,20,91
9240,quiet,discovery,0.08,0,0,100,0,20,91
9250,quiet,discovery,0.08,0,0,100,0,20,91
9260,quiet,discovery,0.08,0,0,100,0,20,91
9270,quiet,discovery,0.08,0,0,100,0,20,91
9280,peak,discovery,0.26,0.414542,0.016248,100,1,19,92
9290,peak,discovery,0.44,0.430292,0.037342,100,1,19,92
9300,peak,discovery,0.62,0.438167,0.059188,100,1,19,92
9310,peak,discovery,0.69023,0.430292,0.081414,100,1,19,92
9320,aftermath,discovery,0.53837,0.438167,0.103684,100,1,20,92
9330,aftermath,discovery,0.084976,0.383625,0.125202,100,0,20,92
9340,aftermath,discovery,0.083999,0.355625,0.133345,100,0,20,92
9350,aftermath,discovery,0.094908,0.075625,0.042435,100,0,20,92
9360,aftermath,discovery,0.1,0,0,100,0,20,92
9370,aftermath,discovery,0.1,0,0,100,0,20,92
9380,aftermath,discovery,0.1,0,0,100,0,20,92
9390,aftermath,discovery,0.1,0,0,100,0,20,92
9400,aftermath,discovery,0.1,0,0,100,0,20,92
9410,aftermath,discovery,0.1,0,0,100,0,20,92
9420,aftermath,discovery,0.1,0,0,100,0,20,92
9430,quiet,hunt,0.08,0,0,100,0,20,92
9440,quiet,hunt,0.08,0,0,100,0,20,92
9450,quiet,hunt,0.08,0,0,100,0,20,92
9460,quiet,hunt,0.08,0,0,100,0,20,92
9470,quiet,hunt,0.08,0,0,100,0,20,92
9480,opportunity,hunt,0.23,0,0,100,0,20,92
9490,opportunity,hunt,0.23,0,0,100,0,20,92
9500,opportunity,hunt,0.23,0,0,100,0,20,92
9510,opportunity,hunt,0.23,0,0,100,0,20,92
9520,opportunity,hunt,0.23,0,0,100,0,20,92
9530,opportunity,hunt,0.23,0,0,100,0,20,92
9540,opportunity,hunt,0.23,0,0,100,0,20,92
9550,opportunity,hunt,0.23,0,0,100,0,20,92
9560,build,hunt,0.302,0,0,100,0,20,92
9570,peak,hunt,0.482,0.422417,0.018397,100,1,19,93
9580,peak,hunt,0.662,0.430292,0.03964,100,1,19,93
9590,peak,hunt,0.692598,0.438167,0.061684,100,1,20,93
9600,peak,hunt,0.689913,0.438167,0.08406,100,1,20,93
9610,peak,hunt,0.687228,0.430292,0.106437,100,1,20,93
9620,peak,hunt,0.684569,0.438167,0.12859,100,1,19,94
9630,peak,hunt,0.681843,0.438167,0.151308,100,1,20,94
9640,aftermath,hunt,0.480213,0.430292,0.174027,100,1,20,94
9650,aftermath,hunt,0.076385,0.438167,0.196789,100,1,20,94
9660,aftermath,hunt,0.073614,0.438167,0.219883,100,1,20,94
9670,aftermath,hunt,0.070843,0.430292,0.242977,100,1,20,94
9680,aftermath,hunt,0.068459,0.37575,0.262839,100,0,20,94
9690,aftermath,hunt,0.075402,0.17975,0.204984,100,0,20,94
9700,aftermath,hunt,0.086311,0,0.114075,100,0,20,94
9710,aftermath,hunt,0.09722,0,0.023166,100,0,20,94
9720,aftermath,hunt,0.1,0,0,100,0,20,94
9730,aftermath,hunt,0.1,0,0,100,0,20,94
9740,quiet,discovery,0.08,0,0,100,0,20,94
9750,quiet,discovery,0.08,0,0,100,0,20,94
9760,quiet,discovery,0.08,0,0,100,0,20,94
9770,quiet,discovery,0.08,0,0,100,0,20,94
9780,quiet,discovery,0.08,0,0,100,0,20,94
9790,quiet,discovery,0.08,0,0,100,0,20,94
9800,quiet,discovery,0.08,0,0,100,0,20,94
9810,quiet,discovery,0.08,0,0,100,0,20,94
9820,opportunity,discovery,0.098,0,0,100,0,20,94
9830,opportunity,discovery,0.23,0,0,100,0,20,94
9840,opportunity,discovery,0.23,0,0,100,0,20,94
9850,opportunity,discovery,0.23,0,0,100,0,20,94
9860,opportunity,discovery,0.23,0,0,100,0,20,94
9870,opportunity,discovery,0.23,0,0,100,0,20,94
9880,peak,discovery,0.356,0.414542,0.014248,100,1,19,95
9890,peak,discovery,0.536,0.430292,0.035342,100,1,19,95
9900,peak,discovery,0.7,0.438167,0.057187,100,1,20,95
9910,peak,discovery,0.7,0.430292,0.079414,100,1,20,95
9920,aftermath,discovery,0.6,0.438167,0.101684,100,1,20,95
9930,aftermath,discovery,0.1,0.383625,0.123465,100,0,20,95
9940,aftermath,discovery,0.082895,0.367875,0.142545,100,0,20,95
9950,aftermath,discovery,0.093804,0.087875,0.051636,100,0,20,95
9960,aftermath,discovery,0.1,0,0,100,0,20,95
9970,aftermath,discovery,0.1,0,0,100,0,20,95
9980,aftermath,discovery,0.1,0,0,100,0,20,95
9990,aftermath,discovery,0.1,0,0,100,0,20,95
10000,aftermath,discovery,0.1,0,0,100,0,20,95
10010,aftermath,discovery,0.1,0,0,100,0,20,95
10020,aftermath,discovery,0.1,0,0,100,0,20,95
10030,aftermath,discovery,0.1,0,0,100,0,20,95
10040,quiet,voyage,0.08,0,0,100,0,20,95
10050,quiet,voyage,0.08,0,0,100,0,20,95
10060,quiet,voyage,0.08,0,0,100,0,20,95
10070,quiet,voyage,0.08,0,0,100,0,20,95
10080,quiet,voyage,0.08,0,0,100,0,20,95
10090,quiet,voyage,0.08,0,0,100,0,20,95
10100,opportunity,voyage,0.098,0,0,100,0,20,95
10110,opportunity,voyage,0.23,0,0,100,0,20,95
10120,opportunity,voyage,0.23,0,0,100,0,20,95
10130,opportunity,voyage,0.23,0,0,100,0,20,95
10140,opportunity,voyage,0.23,0,0,100,0,20,95
10150,opportunity,voyage,0.23,0,0,100,0,20,95
10160,opportunity,voyage,0.23,0,0,100,0,20,95
10170,opportunity,voyage,0.23,0,0,100,0,20,95
10180,opportunity,voyage,0.23,0,0,100,0,20,95
10190,opportunity,voyage,0.23,0,0,100,0,20,95
10200,opportunity,voyage,0.23,0,0,100,0,0,95
10210,opportunity,voyage,0.23,0,0,100,0,0,95
10220,build,voyage,0.338,0,0,100,0,0,95
10230,build,voyage,0.518,0,0,100,0,0,95
10240,build,voyage,0.585,0,0,100,0,0,95
10250,build,voyage,0.585,0,0,100,0,0,95
10260,build,voyage,0.585,0,0,100,0,0,95
10270,build,voyage,0.585,0,0,100,0,0,95
10280,build,voyage,0.585,0,0,100,0,0,95
10290,build,voyage,0.585,0,0,100,0,0,95
10300,build,voyage,0.585,0,0,100,0,0,95
10310,build,voyage,0.585,0,0,100,0,0,95
10320,build,voyage,0.585,0,0,100,0,0,95
10330,opportunity,voyage,0.535,0,0,100,0,0,95
10340,opportunity,voyage,0.23,0,0,100,0,0,95
10350,opportunity,voyage,0.23,0,0,100,0,0,95
10360,opportunity,voyage,0.23,0,0,100,0,0,95
10370,opportunity,voyage,0.23,0,0,100,0,0,95
10380,opportunity,voyage,0.23,0,0,100,0,0,95
10390,opportunity,voyage,0.23,0,0,100,0,0,95
10400,opportunity,voyage,0.23,0,0,100,0,0,95
10410,opportunity,voyage,0.23,0,0,100,0,0,95
10420,opportunity,voyage,0.23,0,0,100,0,0,95
10430,opportunity,voyage,0.23,0,0,100,0,0,95
10440,opportunity,voyage,0.23,0,0,100,0,0,95
10450,build,voyage,0.338,0,0,100,0,0,95
10460,build,voyage,0.518,0,0,100,0,0,95
10470,build,voyage,0.61,0,0,100,0,0,95
10480,build,voyage,0.61,0,0,100,0,0,95
10490,build,voyage,0.61,0,0,100,0,0,95
10500,build,voyage,0.61,0,0,100,0,0,95
10510,build,voyage,0.61,0,0,100,0,0,95
10520,build,voyage,0.61,0,0,100,0,0,95
10530,build,voyage,0.61,0,0,100,0,0,95
10540,build,voyage,0.61,0,0,100,0,0,95
10550,build,voyage,0.61,0,0,100,0,0,95
10560,build,voyage,0.61,0,0,100,0,0,95
10570,aftermath,voyage,0.56,0,0,100,0,0,95
10580,aftermath,voyage,0.1,0,0,100,0,0,96
10590,aftermath,voyage,0.1,0,0,100,0,0,96
10600,aftermath,voyage,0.1,0,0,100,0,0,96
10610,aftermath,voyage,0.1,0,0,100,0,0,96
10620,aftermath,voyage,0.1,0,0,100,0,1,96
10630,aftermath,voyage,0.1,0,0,100,0,1,96
10640,aftermath,voyage,0.1,0,0,100,0,1,96
10650,aftermath,voyage,0.1,0,0,100,0,1,96
10660,aftermath,voyage,0.1,0,0,100,0,1,96
10670,aftermath,voyage,0.1,0,0,100,0,2,96
10680,quiet,discovery,0.08,0,0,100,0,2,96
10690,quiet,discovery,0.08,0,0,100,0,2,96
10700,suspended:docked,discovery,,0,0,100,0,2,96
10710,suspended:docked,discovery,,0,0,100,0,3,96
10720,suspended:docked,discovery,,0,0,100,0,3,96
10730,suspended:docked,discovery,,0,0,100,0,3,96
10740,quiet,discovery,0.08,0,0,100,0,3,96
10750,quiet,discovery,0.08,0,0,100,0,3,96
10760,quiet,discovery,0.08,0,0,100,0,3,97
10770,quiet,discovery,0.08,0,0,100,0,3,97
10780,quiet,discovery,0.08,0,0,100,0,3,97
10790,quiet,discovery,0.08,0,0,100,0,3,97
10800,quiet,discovery,0.08,0,0,100,0,4,97
10810,opportunity,discovery,0.206,0,0,100,0,3,98
10820,peak,discovery,0.386,0.422417,0.018596,100,1,2,99
10830,peak,discovery,0.566,0.438167,0.039988,100,1,2,99
10840,peak,discovery,0.7,0.430292,0.062139,100,1,2,99
10850,peak,discovery,0.7,0.438167,0.084334,100,1,2,100
10860,aftermath,discovery,0.5,0.438167,0.106859,100,1,2,100
10870,aftermath,discovery,0.084659,0.37575,0.127839,100,0,2,100
10880,aftermath,discovery,0.085045,0.31975,0.124625,100,0,2,100
10890,aftermath,discovery,0.095954,0.03975,0.033716,100,0,3,100
10900,aftermath,discovery,0.1,0,0,100,0,3,100
10910,aftermath,discovery,0.1,0,0,100,0,3,100
10920,aftermath,discovery,0.1,0,0,100,0,3,100
10930,aftermath,discovery,0.1,0,0,100,0,3,100
10940,aftermath,discovery,0.1,0,0,100,0,4,100
10950,aftermath,discovery,0.1,0,0,100,0,4,100
10960,aftermath,discovery,0.1,0,0,100,0,4,100
10970,aftermath,discovery,0.1,0,0,100,0,4,100
10980,aftermath,discovery,0.1,0,0,100,0,5,100
10990,quiet,hunt,0.08,0,0,100,0,5,100
11000,quiet,hunt,0.08,0,0,100,0,5,100
11010,quiet,hunt,0.08,0,0,100,0,5,100
11020,quiet,hunt,0.08,0,0,100,0,5,100
11030,quiet,hunt,0.08,0,0,100,0,6,100
11040,opportunity,hunt,0.17,0,0,100,0,6,100
11050,peak,hunt,0.35,0.414542,0.016248,100,1,5,101
11060,peak,hunt,0.53,0.430292,0.037342,100,1,5,101
11070,peak,hunt,0.692898,0.438167,0.059188,100,1,6,101
11080,peak,hunt,0.69023,0.430292,0.081414,100,1,6,101
11090,peak,hunt,0.687558,0.438167,0.103684,100,1,6,101
11100,peak,hunt,0.684976,0.383625,0.125202,100,0,6,101
11110,peak,hunt,0.682406,0.422417,0.146615,100,1,5,102
11120,aftermath,hunt,0.530573,0.430292,0.168568,100,1,5,103
11130,aftermath,hunt,0.077093,0.438167,0.190894,100,1,5,103
11140,aftermath,hunt,0.074368,0.430292,0.2136,100,1,5,103
11150,aftermath,hunt,0.071638,0.438167,0.23635,100,1,5,103
11160,aftermath,hunt,0.068998,0.383625,0.258349,100,0,6,103
11170,aftermath,hunt,0.067969,0.355625,0.266923,100,0,6,103
11180,aftermath,hunt,0.078878,0.075625,0.176014,100,0,6,103
11190,aftermath,hunt,0.089787,0,0.085105,100,0,6,103
11200,aftermath,hunt,0.1,0,0,100,0,6,103
11210,aftermath,hunt,0.1,0,0,100,0,6,104
11220,quiet,discovery,0.08,0,0,100,0,6,104
11230,quiet,discovery,0.08,0,0,100,0,6,104
11240,quiet,discovery,0.08,0,0,100,0,6,104
11250,quiet,discovery,0.08,0,0,100,0,7,104
11260,quiet,discovery,0.08,0,0,100,0,6,105
11270,quiet,discovery,0.08,0,0,100,0,6,105
11280,quiet,discovery,0.08,0,0,100,0,6,105
11290,quiet,discovery,0.08,0,0,100,0,6,105
11300,opportunity,discovery,0.098,0,0,100,0,7,105
11310,opportunity,discovery,0.23,0,0,100,0,7,105
11320,opportunity,discovery,0.23,0,0,100,0,7,105
11330,opportunity,discovery,0.23,0,0,100,0,7,105
11340,opportunity,discovery,0.23,0,0,100,0,8,105
11350,opportunity,discovery,0.23,0,0,100,0,8,105
11360,opportunity,discovery,0.23,0,0,100,0,8,105
11370,opportunity,discovery,0.23,0,0,100,0,8,105
11380,opportunity,discovery,0.23,0,0,100,0,8,105
11390,opportunity,discovery,0.23,0,0,100,0,8,106
11400,opportunity,discovery,0.23,0,0,100,0,8,106
11410,opportunity,discovery,0.23,0,0,100,0,8,106
11420,peak,discovery,0.338,0.39,0.012149,100,1,7,107
11430,peak,discovery,0.518,0.430292,0.033043,100,1,8,107
11440,peak,discovery,0.693431,0.430292,0.05474,100,1,8,107
11450,peak,discovery,0.690777,0.438167,0.07686,100,1,8,107
11460,aftermath,discovery,0.63835,0.438167,0.099311,100,1,8,107
11470,aftermath,discovery,0.13835,0.390042,0.121252,100,0,8,107
11480,aftermath,discovery,0.083151,0.37575,0.140407,100,0,8,108
11490,aftermath,discovery,0.092746,0.12375,0.060449,100,0,8,108
11500,aftermath,discovery,0.1,0,0,100,0,8,108
11510,aftermath,discovery,0.1,0,0,100,0,8,108
11520,aftermath,discovery,0.1,0,0,100,0,9,108
11530,aftermath,discovery,0.1,0,0,100,0,8,109
11540,aftermath,discovery,0.1,0,0,100,0,8,109
11550,aftermath,discovery,0.1,0,0,100,0,8,109
11560,aftermath,discovery,0.1,0,0,100,0,8,109
11570,quiet,voyage,0.08,0,0,100,0,9,109
11580,quiet,voyage,0.08,0,0,100,0,9,109
11590,quiet,voyage,0.08,0,0,100,0,9,109
11600,quiet,voyage,0.08,0,0,100,0,9,109
11610,quiet,voyage,0.08,0,0,100,0,10,109
11620,quiet,voyage,0.08,0,0,100,0,10,109
11630,opportunity,voyage,0.116,0,0,100,0,10,109
11640,opportunity,voyage,0.23,0,0,100,0,10,109
11650,opportunity,voyage,0.23,0,0,100,0,10,109
11660,peak,voyage,0.338,0.39,0.012149,100,1,10,110
11670,peak,voyage,0.518,0.430292,0.033043,100,1,10,110
11680,peak,voyage,0.698,0.430292,0.05474,100,1,9,111
11690,peak,voyage,0.7,0.438167,0.07686,100,1,9,111
11700,peak,voyage,0.7,0.438167,0.099311,100,1,10,111
11710,peak,voyage,0.7,0.390042,0.121252,100,0,10,111
11720,aftermath,voyage,0.4,0.430292,0.142124,100,1,9,112
11730,aftermath,voyage,0.080289,0.430292,0.164258,100,1,9,112
11740,aftermath,voyage,0.077628,0.430292,0.186435,100,1,9,112
11750,aftermath,voyage,0.074916,0.438167,0.209035,100,1,10,112
11760,aftermath,voyage,0.072164,0.438167,0.231965,100,1,10,112
11770,aftermath,voyage,0.069474,0.390042,0.254387,100,0,10,112
11780,aftermath,voyage,0.067117,0.37575,0.274022,100,0,10,112
11790,aftermath,voyage,0.076707,0.12375,0.194111,100,0,11,112
11800,aftermath,voyage,0.087616,0,0.103202,100,0,10,113
11810,aftermath,voyage,0.098525,0,0.012293,100,0,10,113
11820,quiet,hunt,0.08,0,0,100,0,10,113
11830,quiet,hunt,0.08,0,0,100,0,10,113
11840,quiet,hunt,0.08,0,0,100,0,11,113
11850,quiet,hunt,0.08,0,0,100,0,11,113
11860,quiet,hunt,0.08,0,0,100,0,11,113
11870,opportunity,hunt,0.134,0,0,100,0,11,113
11880,opportunity,hunt,0.23,0,0,100,0,12,113
11890,opportunity,hunt,0.23,0,0,100,0,12,113
11900,opportunity,hunt,0.23,0,0,100,0,12,113
11910,opportunity,hunt,0.23,0,0,100,0,12,113
11920,opportunity,hunt,0.23,0,0,100,0,12,113
11930,opportunity,hunt,0.23,0,0,100,0,13,113
11940,opportunity,hunt,0.23,0,0,100,0,13,113
11950,opportunity,hunt,0.23,0,0,100,0,13,113
11960,build,hunt,0.374,0,0,100,0,13,113
11970,build,hunt,0.554,0,0,100,0,14,113
11980,build,hunt,0.585,0,0,100,0,13,114
11990,build,hunt,0.585,0,0,100,0,13,114
12000,build,hunt,0.585,0,0,100,0,13,114
12010,build,hunt,0.585,0,0,100,0,13,114
12020,peak,hunt,0.675,0.325,0.010149,100,1,13,115
12030,peak,hunt,0.7,0.430292,0.031043,100,1,13,115
12040,peak,hunt,0.7,0.430292,0.05274,100,1,13,115
12050,peak,hunt,0.7,0.438167,0.07486,100,1,13,115
12060,peak,hunt,0.7,0.438167,0.097311,100,1,14,115
12070,peak,hunt,0.7,0.418042,0.119509,100,0,14,115
12080,peak,hunt,0.7,0.37575,0.138696,100,0,14,115
12090,aftermath,hunt,0.3,0.15175,0.069691,100,0,14,115
12100,aftermath,hunt,0.1,0,0,100,0,14,115
12110,aftermath,hunt,0.1,0,0,100,0,15,115
12120,aftermath,hunt,0.1,0,0,100,0,15,115
12130,aftermath,hunt,0.1,0,0,100,0,15,115
12140,aftermath,hunt,0.1,0,0,100,0,15,115
12150,aftermath,hunt,0.1,0,0,100,0,16,115
12160,aftermath,hunt,0.1,0,0,100,0,16,115
12170,aftermath,hunt,0.1,0,0,100,0,16,115
12180,aftermath,hunt,0.1,0,0,100,0,16,115
12190,aftermath,hunt,0.1,0,0,100,0,16,115
12200,quiet,discovery,0.08,0,0,100,0,17,115
12210,quiet,discovery,0.08,0,0,100,0,17,115
12220,quiet,discovery,0.08,0,0,100,0,17,115
12230,quiet,discovery,0.08,0,0,100,0,17,115
12240,quiet,discovery,0.08,0,0,100,0,18,115
12250,quiet,discovery,0.08,0,0,100,0,17,116
12260,quiet,discovery,0.08,0,0,100,0,17,116
12270,quiet,discovery,0.08,0,0,100,0,17,116
12280,peak,discovery,0.17,0.26,0.008,100,1,16,117
12290,peak,discovery,0.35,0.422417,0.028596,100,1,16,118
12300,recovery,discovery,0.462,0.495292,0.05171,100,1,16,118
12310,recovery,discovery,0.02,0.703292,0.091087,100,1,16,118
12320,recovery,discovery,0.02,0.711167,0.130506,100,1,16,118
12330,recovery,discovery,0.02,0.691042,0.168794,100,1,17,118
12340,recovery,discovery,0.02,0.411042,0.190994,100,0,17,118
12350,recovery,discovery,0.02,0.17975,0.133726,100,0,17,118
12360,recovery,discovery,0.024862,0,0.042817,100,0,17,118
12370,recovery,discovery,0.03,0,0,100,0,17,118
12380,recovery,discovery,0.03,0,0,100,0,17,119
12390,aftermath,discovery,0.048,0,0,100,0,17,119
12400,aftermath,discovery,0.1,0,0,100,0,17,119
12410,aftermath,discovery,0.1,0,0,100,0,17,119
12420,aftermath,discovery,0.1,0,0,100,0,18,119
12430,aftermath,discovery,0.1,0,0,100,0,17,120
12440,aftermath,discovery,0.1,0,0,100,0,17,120
12450,aftermath,discovery,0.1,0,0,100,0,17,120
12460,aftermath,discovery,0.1,0,0,100,0,17,120
12470,aftermath,discovery,0.1,0,0,100,0,18,120
12480,aftermath,discovery,0.1,0,0,100,0,18,120
12490,aftermath,discovery,0.1,0,0,100,0,18,120
12500,suspended:docked,discovery,,0,0,100,0,18,120
12510,suspended:docked,discovery,,0,0,100,0,19,120
12520,suspended:docked,discovery,,0,0,100,0,19,120
12530,suspended:docked,discovery,,0,0,100,0,19,120
12540,aftermath,discovery,0.08,0,0,100,0,19,120
12550,aftermath,discovery,0.08,0,0,100,0,19,120
12560,quiet,hunt,0.08,0,0,100,0,19,121
12570,quiet,hunt,0.08,0,0,100,0,19,121
12580,quiet,hunt,0.08,0,0,100,0,19,121
12590,quiet,hunt,0.08,0,0,100,0,19,121
12600,quiet,hunt,0.08,0,0,100,0,20,121
12610,opportunity,hunt,0.206,0,0,100,0,20,121
12620,opportunity,hunt,0.23,0,0,100,0,20,121
12630,opportunity,hunt,0.23,0,0,100,0,20,121
12640,opportunity,hunt,0.23,0,0,100,0,20,121
12650,opportunity,hunt,0.23,0,0,100,0,20,121
12660,opportunity,hunt,0.23,0,0,100,0,20,121
12670,opportunity,hunt,0.23,0,0,100,0,20,121
12680,opportunity,hunt,0.23,0,0,100,0,20,121
12690,build,hunt,0.266,0,0,100,0,20,121
12700,build,hunt,0.446,0,0,100,0,20,121
12710,build,hunt,0.61,0,0,100,0,20,121
12720,build,hunt,0.61,0,0,100,0,20,121
12730,build,hunt,0.61,0,0,100,0,20,121
12740,build,hunt,0.61,0,0,100,0,20,121
12750,build,hunt,0.61,0,0,100,0,20,121
12760,build,hunt,0.61,0,0,100,0,20,121
12770,build,hunt,0.61,0,0,100,0,20,121
12780,build,hunt,0.61,0,0,100,1,19,122
12790,peak,hunt,0.7,0.414542,0.020248,100,1,19,122
12800,peak,hunt,0.7,0.430292,0.041342,100,1,19,122
12810,peak,hunt,0.7,0.438167,0.063188,100,1,19,122
12820,peak,hunt,0.7,0.430292,0.085414,100,1,19,122
12830,peak,hunt,0.7,0.438167,0.107684,100,1,20,122
12840,peak,hunt,0.7,0.438167,0.130015,100,1,19,123
12850,peak,hunt,0.7,0.430292,0.152584,100,1,19,123
12860,aftermath,hunt,0.45,0.438167,0.175196,100,1,19,123
12870,aftermath,hunt,0.076223,0.438167,0.198139,100,1,20,123
12880,aftermath,hunt,0.07347,0.430292,0.221083,100,1,20,123
12890,aftermath,hunt,0.070742,0.418042,0.243817,100,0,20,123
12900,aftermath,hunt,0.068317,0.37575,0.264027,100,0,20,123
12910,aftermath,hunt,0.076582,0.15175,0.19515,100,0,20,123
12920,aftermath,hunt,0.087491,0,0.104241,100,0,20,123
12930,aftermath,hunt,0.0984,0,0.013332,100,0,20,123
12940,aftermath,hunt,0.1,0,0,100,0,20,123
12950,aftermath,hunt,0.1,0,0,100,0,20,123
12960,aftermath,hunt,0.1,0,0,100,0,20,123
12970,aftermath,hunt,0.1,0,0,100,0,20,123
12980,quiet,voyage,0.08,0,0,100,0,20,123
12990,quiet,voyage,0.08,0,0,100,0,20,123
13000,quiet,voyage,0.08,0,0,100,0,20,123
13010,quiet,voyage,0.08,0,0,100,0,20,123
13020,quiet,voyage,0.08,0,0,100,0,20,123
13030,quiet,voyage,0.08,0,0,100,0,20,123
13040,quiet,voyage,0.08,0,0,100,0,20,123
13050,peak,voyage,0.242,0.422417,0.016397,100,1,20,124
13060,peak,voyage,0.422,0.430292,0.03764,100,1,19,125
13070,peak,voyage,0.602,0.438167,0.059684,100,1,19,125
13080,peak,voyage,0.690153,0.438167,0.08206,100,1,19,125
13090,peak,voyage,0.687468,0.430292,0.104437,100,1,19,125
13100,peak,voyage,0.684919,0.383625,0.125675,100,0,20,125
13110,aftermath,voyage,0.284457,0.355625,0.133817,100,0,20,125
13120,aftermath,voyage,0.094851,0.075625,0.042908,100,0,20,125
13130,aftermath,voyage,0.1,0,0,100,0,20,125
13140,aftermath,voyage,0.1,0,0,100,0,20,125
13150,aftermath,voyage,0.1,0,0,100,0,20,125
13160,aftermath,voyage,0.1,0,0,100,0,20,125
13170,aftermath,voyage,0.1,0,0,100,0,20,125
13180,aftermath,voyage,0.1,0,0,100,0,20,125
13190,aftermath,voyage,0.1,0,0,100,0,20,125
13200,quiet,discovery,0.08,0,0,100,0,20,125
13210,quiet,discovery,0.08,0,0,100,0,20,125
13220,quiet,discovery,0.08,0,0,100,0,20,125
13230,quiet,discovery,0.08,0,0,100,0,20,125
13240,quiet,discovery,0.08,0,0,100,0,20,125
13250,quiet,discovery,0.08,0,0,100,0,20,125
13260,quiet,discovery,0.08,0,0,100,0,20,125
13270,quiet,discovery,0.08,0,0,100,0,20,125
13280,opportunity,discovery,0.116,0,0,100,0,20,125
13290,opportunity,discovery,0.23,0,0,100,0,20,125
13300,opportunity,discovery,0.23,0,0,100,0,20,125
13310,opportunity,discovery,0.23,0,0,100,0,20,125
13320,opportunity,discovery,0.23,0,0,100,0,20,125
13330,opportunity,discovery,0.23,0,0,100,0,20,125
13340,opportunity,discovery,0.23,0,0,100,0,20,125
13350,opportunity,discovery,0.23,0,0,100,0,20,125
13360,opportunity,discovery,0.23,0,0,100,0,20,125
13370,opportunity,discovery,0.23,0,0,100,0,20,125
13380,opportunity,discovery,0.23,0,0,100,0,20,125
13390,peak,discovery,0.392,0.414542,0.018248,100,1,19,126
13400,peak,discovery,0.572,0.430292,0.039342,100,1,19,126
13410,peak,discovery,0.692657,0.438167,0.061188,100,1,20,126
13420,peak,discovery,0.68999,0.430292,0.083414,100,1,19,127
13430,aftermath,discovery,0.488397,0.438167,0.105684,100,1,19,127
13440,aftermath,discovery,0.084768,0.383625,0.126936,100,0,19,127
13450,aftermath,discovery,0.085113,0.327625,0.12406,100,0,19,127
13460,aftermath,discovery,0.096022,0.047625,0.033151,100,0,20,127
13470,aftermath,discovery,0.1,0,0,100,0,20,127
13480,aftermath,discovery,0.1,0,0,100,0,20,127
13490,aftermath,discovery,0.1,0,0,100,0,20,127
13500,aftermath,discovery,0.1,0,0,100,0,20,127
13510,aftermath,discovery,0.1,0,0,100,0,20,127
13520,aftermath,discovery,0.1,0,0,100,0,20,127
13530,aftermath,discovery,0.1,0,0,100,0,20,127
13540,quiet,hunt,0.08,0,0,100,0,20,127
13550,quiet,hunt,0.08,0,0,100,0,20,127
13560,quiet,hunt,0.08,0,0,100,0,20,127
13570,quiet,hunt,0.08,0,0,100,0,20,127
13580,quiet,hunt,0.08,0,0,100,0,20,127
13590,opportunity,hunt,0.23,0,0,100,0,20,127
13600,opportunity,hunt,0.23,0,0,100,0,20,127
13610,opportunity,hunt,0.23,0,0,100,0,20,127
13620,opportunity,hunt,0.23,0,0,100,0,20,127
13630,opportunity,hunt,0.23,0,0,100,0,20,127
13640,opportunity,hunt,0.23,0,0,100,0,20,127
13650,peak,hunt,0.338,0.39,0.01205,100,1,19,128
13660,peak,hunt,0.518,0.422417,0.032795,100,1,19,128
13670,peak,hunt,0.698,0.438167,0.054385,100,1,19,128
13680,peak,hunt,0.7,0.438167,0.076686,100,1,20,128
13690,peak,hunt,0.7,0.430292,0.098987,100,1,20,128
13700,peak,hunt,0.7,0.438167,0.121075,100,1,19,129
13710,peak,hunt,0.7,0.438167,0.143718,100,1,19,129
13720,aftermath,hunt,0.65,0.430292,0.166363,100,1,19,129
13730,aftermath,hunt,0.15,0.438167,0.18905,100,1,20,129
13740,aftermath,hunt,0.074552,0.438167,0.212068,100,1,20,129
13750,aftermath,hunt,0.07179,0.430292,0.235087,100,1,20,129
13760,aftermath,hunt,0.069261,0.383625,0.256159,100,0,20,129
13770,aftermath,hunt,0.072203,0.271625,0.231641,100,0,20,129
13780,aftermath,hunt,0.083112,0,0.140731,100,0,20,129
13790,aftermath,hunt,0.094021,0,0.049822,100,0,20,129
13800,aftermath,hunt,0.1,0,0,100,0,20,129
13810,aftermath,hunt,0.1,0,0,100,0,20,129
13820,aftermath,hunt,0.1,0,0,100,0,20,129
13830,quiet,discovery,0.08,0,0,100,0,20,129
13840,quiet,discovery,0.08,0,0,100,0,20,129
13850,quiet,discovery,0.08,0,0,100,0,20,129
13860,quiet,discovery,0.08,0,0,100,0,20,129
13870,quiet,discovery,0.08,0,0,100,0,20,129
13880,quiet,discovery,0.08,0,0,100,0,20,129
13890,quiet,discovery,0.08,0,0,100,0,20,129
13900,quiet,discovery,0.08,0,0,100,0,20,129
13910,quiet,discovery,0.08,0,0,100,0,20,129
13920,opportunity,discovery,0.206,0,0,100,0,20,129
13930,opportunity,discovery,0.23,0,0,100,0,20,129
13940,opportunity,discovery,0.23,0,0,100,0,20,129
13950,opportunity,discovery,0.23,0,0,100,0,20,129
13960,opportunity,discovery,0.23,0,0,100,0,20,129
13970,opportunity,discovery,0.23,0,0,100,0,20,129
13980,opportunity,discovery,0.23,0,0,100,0,20,129
13990,peak,discovery,0.302,0.26,0.008,100,1,19,130
14000,peak,discovery,0.482,0.422417,0.028596,100,1,20,130
14010,peak,discovery,0.662,0.438167,0.049988,100,1,20,130
14020,peak,discovery,0.7,0.430292,0.072139,100,1,20,130
14030,peak,discovery,0.7,0.438167,0.094334,100,1,20,130
14040,aftermath,discovery,0.25,0.438167,0.116859,100,1,20,130
14050,aftermath,discovery,0.083625,0.37575,0.136459,100,0,20,130
14060,aftermath,discovery,0.090591,0.17975,0.078411,100,0,20,130
14070,aftermath,discovery,0.1,0,0,100,0,20,130
14080,aftermath,discovery,0.1,0,0,100,0,20,130
14090,aftermath,discovery,0.1,0,0,100,0,20,130
14100,aftermath,discovery,0.1,0,0,100,0,20,130
14110,aftermath,discovery,0.1,0,0,100,0,20,130
14120,aftermath,discovery,0.1,0,0,100,0,20,130
14130,aftermath,discovery,0.1,0,0,100,0,20,130
14140,aftermath,discovery,0.1,0,0,100,0,20,130
14150,quiet,voyage,0.08,0,0,100,0,20,130
14160,quiet,voyage,0.08,0,0,100,0,20,130
14170,quiet,voyage,0.08,0,0,100,0,20,130
14180,quiet,voyage,0.08,0,0,100,0,20,130
14190,quiet,voyage,0.08,0,0,100,0,20,130
14200,quiet,voyage,0.08,0,0,100,0,20,130
14210,quiet,voyage,0.08,0,0,100,0,20,130
14220,opportunity,voyage,0.224,0,0,100,0,20,130
14230,opportunity,voyage,0.23,0,0,100,0,20,130
14240,opportunity,voyage,0.23,0,0,100,0,20,130
14250,peak,voyage,0.302,0.26,0.00805,100,1,19,131
14260,peak,voyage,0.482,0.422417,0.028795,100,1,19,131
14270,peak,voyage,0.662,0.438167,0.050385,100,1,19,132
14280,peak,voyage,0.7,0.438167,0.072686,100,1,19,132
14290,peak,voyage,0.7,0.430292,0.094987,100,1,19,132
14300,suspended:docked,voyage,,0.446042,0.115096,100,1,19,132
14310,suspended:docked,voyage,,0.446042,0.115096,100,0,20,132
14320,suspended:docked,voyage,,0.446042,0.115096,100,0,20,132
14330,suspended:docked,voyage,,0.446042,0.115096,100,0,20,132
14340,aftermath,voyage,0.65,0.418042,0.106005,100,0,20,132
14350,aftermath,voyage,0.15,0.138042,0.015096,100,0,20,132
14360,aftermath,voyage,0.1,0,0,100,0,20,132
14370,aftermath,voyage,0.1,0,0,100,0,20,132
14380,aftermath,voyage,0.1,0,0,100,0,20,132
14390,aftermath,voyage,0.1,0,0,100,0,20,132
14400,aftermath,voyage,0.1,0,0,100,0,20,132
14410,aftermath,voyage,0.1,0,0,100,0,20,132
14420,aftermath,voyage,0.1,0,0,100,0,20,132
14430,aftermath,voyage,0.1,0,0,100,0,20,132
14440,aftermath,voyage,0.1,0,0,100,0,20,132
14450,aftermath,voyage,0.1,0,0,100,0,20,132
14460,quiet,discovery,0.08,0,0,100,0,20,132
14470,quiet,discovery,0.08,0,0,100,0,20,132
14480,quiet,discovery,0.08,0,0,100,0,20,132
14490,quiet,discovery,0.08,0,0,100,0,20,132
14500,quiet,discovery,0.08,0,0,100,0,20,132
14510,quiet,discovery,0.08,0,0,100,0,20,132
14520,quiet,discovery,0.08,0,0,100,0,20,132
14530,quiet,discovery,0.08,0,0,100,0,20,132
14540,opportunity,discovery,0.116,0,0,100,0,20,132
14550,opportunity,discovery,0.23,0,0,100,0,20,132
14560,opportunity,discovery,0.23,0,0,100,0,20,132
14570,opportunity,discovery,0.23,0,0,100,0,20,132
14580,opportunity,discovery,0.23,0,0,100,0,20,132
14590,peak,discovery,0.284,0.195,0.006,100,1,19,133
14600,peak,discovery,0.464,0.422417,0.026596,100,1,19,133
14610,peak,discovery,0.644,0.438167,0.047988,100,1,19,133
14620,peak,discovery,0.7,0.430292,0.070139,100,1,19,133
14630,peak,discovery,0.7,0.438167,0.092334,100,1,20,133
14640,aftermath,discovery,0.3,0.438167,0.114859,100,1,20,133
14650,aftermath,discovery,0.083831,0.37575,0.134741,100,0,20,133
14660,aftermath,discovery,0.089482,0.20775,0.087654,100,0,20,133
14670,aftermath,discovery,0.1,0,0,100,0,20,133
14680,aftermath,discovery,0.1,0,0,100,0,20,133
14690,aftermath,discovery,0.1,0,0,100,0,20,133
14700,aftermath,discovery,0.1,0,0,100,0,20,133
14710,aftermath,discovery,0.1,0,0,100,0,20,133
14720,aftermath,discovery,0.1,0,0,100,0,20,133
14730,aftermath,discovery,0.1,0,0,100,0,20,133
14740,aftermath,discovery,0.1,0,0,100,0,20,133
14750,aftermath,discovery,0.1,0,0,100,0,20,133
14760,aftermath,discovery,0.1,0,0,100,0,20,133
14770,quiet,hunt,0.08,0,0,100,0,20,133
14780,quiet,hunt,0.08,0,0,100,0,20,133
14790,quiet,hunt,0.08,0,0,100,0,20,133
14800,quiet,hunt,0.08,0,0,100,0,20,133
14810,quiet,hunt,0.08,0,0,100,0,20,133
14820,opportunity,hunt,0.23,0,0,100,0,20,133
14830,opportunity,hunt,0.23,0,0,100,0,20,133
14840,opportunity,hunt,0.23,0,0,100,0,20,133
14850,peak,hunt,0.248,0.065,0.00205,100,1,20,134
14860,peak,hunt,0.428,0.422417,0.022795,100,1,20,134
14870,peak,hunt,0.608,0.438167,0.044385,100,1,20,134
14880,peak,hunt,0.691998,0.438167,0.066686,100,1,20,134
14890,peak,hunt,0.689322,0.430292,0.088987,100,1,20,134
14900,peak,hunt,0.68664,0.438167,0.111332,100,1,20,134
14910,peak,hunt,0.684121,0.430292,0.132328,100,1,19,135
14920,peak,hunt,0.681479,0.422417,0.154346,100,1,19,135
14930,aftermath,hunt,0.380428,0.438167,0.176448,100,1,19,135
14940,aftermath,hunt,0.076089,0.438167,0.199261,100,1,20,135
14950,aftermath,hunt,0.073351,0.430292,0.222075,100,1,19,136
14960,aftermath,hunt,0.070608,0.438167,0.244932,100,1,19,136
14970,aftermath,hunt,0.068127,0.37575,0.265606,100,0,19,136
14980,aftermath,hunt,0.072431,0.23575,0.229738,100,0,19,136
14990,aftermath,hunt,0.08334,0,0.138829,100,0,20,136
15000,aftermath,hunt,0.09425,0,0.04792,100,0,20,136
15010,aftermath,hunt,0.1,0,0,100,0,20,136
15020,aftermath,hunt,0.1,0,0,100,0,20,136
15030,quiet,discovery,0.08,0,0,100,0,20,136
15040,quiet,discovery,0.08,0,0,100,0,20,136
15050,quiet,discovery,0.08,0,0,100,0,20,136
15060,quiet,discovery,0.08,0,0,100,0,20,136
15070,quiet,discovery,0.08,0,0,100,0,20,136
15080,quiet,discovery,0.08,0,0,100,0,20,136
15090,quiet,discovery,0.08,0,0,100,0,20,136
15100,quiet,discovery,0.08,0,0,100,0,20,136
15110,opportunity,discovery,0.152,0,0,100,0,20,136
15120,opportunity,discovery,0.23,0,0,100,0,20,136
15130,opportunity,discovery,0.23,0,0,100,0,20,136
15140,opportunity,discovery,0.23,0,0,100,0,20,136
15150,opportunity,discovery,0.23,0,0,100,0,20,136
15160,opportunity,discovery,0.23,0,0,100,0,20,136
15170,opportunity,discovery,0.23,0,0,100,0,20,136
15180,opportunity,discovery,0.23,0,0,100,0,20,136
15190,peak,discovery,0.248,0.065,0.002,100,1,19,137
15200,peak,discovery,0.428,0.422417,0.022596,100,1,19,137
15210,peak,discovery,0.608,0.438167,0.043988,100,1,20,137
15220,peak,discovery,0.692063,0.430292,0.066139,100,1,20,137
15230,peak,discovery,0.6894,0.438167,0.088334,100,1,20,137
15240,aftermath,discovery,0.388328,0.438167,0.110859,100,1,20,137
15250,aftermath,discovery,0.084244,0.37575,0.131296,100,0,20,137
15260,aftermath,discovery,0.087263,0.26375,0.106139,100,0,20,137
15270,aftermath,discovery,0.098172,0,0.01523,100,0,20,137
15280,aftermath,discovery,0.1,0,0,100,0,20,137
15290,aftermath,discovery,0.1,0,0,100,0,20,137
15300,aftermath,discovery,0.1,0,0,100,0,20,137
15310,aftermath,discovery,0.1,0,0,100,0,20,137
15320,aftermath,discovery,0.1,0,0,100,0,20,137
15330,aftermath,discovery,0.1,0,0,100,0,20,137
15340,quiet,voyage,0.08,0,0,100,0,20,137
15350,quiet,voyage,0.08,0,0,100,0,20,137
15360,quiet,voyage,0.08,0,0,100,0,20,137
15370,quiet,voyage,0.08,0,0,100,0,20,137
15380,quiet,voyage,0.08,0,0,100,0,20,137
15390,quiet,voyage,0.08,0,0,100,0,20,137
15400,quiet,voyage,0.08,0,0,100,0,20,137
15410,opportunity,voyage,0.206,0,0,100,0,20,137
15420,opportunity,voyage,0.23,0,0,100,0,20,137
15430,opportunity,voyage,0.23,0,0,100,0,20,137
15440,opportunity,voyage,0.23,0,0,100,0,20,137
15450,opportunity,voyage,0.23,0,0,100,0,20,137
15460,peak,voyage,0.392,0.414542,0.018248,100,1,19,138
15470,peak,voyage,0.572,0.430292,0.039342,100,1,19,138
15480,peak,voyage,0.7,0.438167,0.061188,100,1,20,138
15490,peak,voyage,0.7,0.430292,0.083414,100,1,20,138
15500,peak,voyage,0.7,0.438167,0.105684,100,1,20,138
15510,peak,voyage,0.7,0.383625,0.126936,100,0,20,138
15520,aftermath,voyage,0.25,0.422417,0.148596,100,1,19,139
15530,aftermath,voyage,0.079534,0.430292,0.170548,100,1,20,139
15540,aftermath,voyage,0.076855,0.438167,0.192874,100,1,20,139
15550,aftermath,voyage,0.07413,0.430292,0.215581,100,1,20,139
15560,aftermath,voyage,0.0714,0.438167,0.238331,100,1,20,139
15570,aftermath,voyage,0.068792,0.383625,0.260063,100,0,20,139
15580,aftermath,voyage,0.069092,0.327625,0.25757,100,0,20,139
15590,aftermath,voyage,0.080001,0.047625,0.166661,100,0,20,139
15600,aftermath,voyage,0.09091,0,0.075752,100,0,20,139
15610,aftermath,voyage,0.1,0,0,100,0,20,139
15620,quiet,hunt,0.08,0,0,100,0,20,139
15630,quiet,hunt,0.08,0,0,100,0,20,139
15640,quiet,hunt,0.08,0,0,100,0,20,139
15650,quiet,hunt,0.08,0,0,100,0,20,139
15660,quiet,hunt,0.08,0,0,100,0,20,139
15670,opportunity,hunt,0.188,0,0,100,0,20,139
15680,opportunity,hunt,0.23,0,0,100,0,20,139
15690,opportunity,hunt,0.23,0,0,100,0,20,139
15700,opportunity,hunt,0.23,0,0,100,0,20,139
15710,opportunity,hunt,0.23,0,0,100,0,20,139
15720,opportunity,hunt,0.23,0,0,100,0,20,139
15730,opportunity,hunt,0.23,0,0,100,0,20,139
15740,opportunity,hunt,0.23,0,0,100,0,20,139
15750,build,hunt,0.248,0,0,100,0,20,139
15760,build,hunt,0.428,0,0,100,0,20,139
15770,build,hunt,0.585,0,0,100,0,20,139
15780,build,hunt,0.585,0,0,100,0,20,139
15790,build,hunt,0.585,0,0,100,1,19,140
15800,peak,hunt,0.7,0.422417,0.020596,100,1,20,140
15810,peak,hunt,0.7,0.438167,0.041988,100,1,20,140
15820,peak,hunt,0.7,0.430292,0.064139,100,1,20,140
15830,peak,hunt,0.7,0.438167,0.086334,100,1,20,140
15840,peak,hunt,0.7,0.438167,0.108859,100,1,20,140
15850,peak,hunt,0.7,0.37575,0.129569,100,0,20,140
15860,aftermath,hunt,0.55,0.29175,0.115382,100,0,20,140
15870,aftermath,hunt,0.097063,0.01175,0.024473,100,0,20,140
15880,aftermath,hunt,0.1,0,0,100,0,20,140
15890,aftermath,hunt,0.1,0,0,100,0,20,140
15900,recovery,hunt,0.05,0.065,0.003473,100,0,20,140
15910,recovery,hunt,0.025438,0.633,0.038019,100,0,20,140
15920,recovery,hunt,0.03,0.409,0,100,0,20,140
15930,recovery,hunt,0.03,0.245,0,100,0,20,140
15940,recovery,hunt,0.03,0,0,100,0,20,140
15950,recovery,hunt,0.03,0,0,100,0,20,140
15960,recovery,hunt,0.03,0,0,100,0,20,140
15970,recovery,hunt,0.03,0,0,100,0,20,140
15980,recovery,hunt,0.03,0,0,100,0,20,140
15990,aftermath,hunt,0.048,0,0,100,0,20,140
16000,aftermath,hunt,0.1,0,0,100,0,20,140
16010,aftermath,hunt,0.1,0,0,100,0,20,140
16020,aftermath,hunt,0.1,0,0,100,0,20,140
16030,aftermath,hunt,0.1,0,0,100,0,20,140
16040,aftermath,hunt,0.1,0,0,100,0,20,140
16050,aftermath,hunt,0.1,0,0,100,0,20,140
16060,aftermath,hunt,0.1,0,0,100,0,20,140
16070,aftermath,hunt,0.1,0,0,100,0,20,140
16080,aftermath,hunt,0.1,0,0,100,0,20,140
16090,aftermath,hunt,0.1,0,0,100,0,20,140
16100,suspended:docked,hunt,,0,0,100,0,20,140
16110,suspended:docked,hunt,,0,0,100,0,20,140
16120,suspended:docked,hunt,,0,0,100,0,20,140
16130,suspended:docked,hunt,,0,0,100,0,20,140
16140,aftermath,hunt,0.08,0,0,100,0,20,140
16150,quiet,discovery,0.08,0,0,100,0,20,140
16160,quiet,discovery,0.08,0,0,100,0,20,140
16170,quiet,discovery,0.08,0,0,100,0,20,140
16180,quiet,discovery,0.08,0,0,100,0,20,140
16190,quiet,discovery,0.08,0,0,100,0,20,140
16200,quiet,discovery,0.08,0,0,100,0,20,140
16210,quiet,discovery,0.08,0,0,100,0,20,140
16220,quiet,discovery,0.08,0,0,100,0,20,140
16230,peak,discovery,0.116,0.065,0.00205,100,1,19,141
16240,peak,discovery,0.296,0.422417,0.022795,100,1,19,141
16250,peak,discovery,0.476,0.438167,0.044385,100,1,19,142
16260,peak,discovery,0.656,0.438167,0.066686,100,1,19,142
16270,peak,discovery,0.7,0.430292,0.088987,100,1,19,142
16280,aftermath,discovery,0.4,0.438167,0.111332,100,1,19,142
16290,aftermath,discovery,0.084188,0.37575,0.131769,100,0,20,142
16300,aftermath,discovery,0.087207,0.26375,0.106612,100,0,19,143
16310,aftermath,discovery,0.098116,0,0.015703,100,0,19,143
16320,aftermath,discovery,0.1,0,0,100,0,19,143
16330,aftermath,discovery,0.1,0,0,100,0,19,143
16340,aftermath,discovery,0.1,0,0,100,0,19,144
16350,aftermath,discovery,0.1,0,0,100,0,19,144
16360,aftermath,discovery,0.1,0,0,100,0,19,144
16370,aftermath,discovery,0.1,0,0,100,0,19,144
16380,aftermath,discovery,0.1,0,0,100,0,20,144
16390,aftermath,discovery,0.1,0,0,100,0,20,144
16400,aftermath,discovery,0.1,0,0,100,0,20,144
16410,quiet,hunt,0.08,0,0,100,0,20,144
16420,quiet,hunt,0.08,0,0,100,0,20,144
16430,quiet,hunt,0.08,0,0,100,0,20,144
16440,quiet,hunt,0.08,0,0,100,0,20,144
16450,quiet,hunt,0.08,0,0,100,0,20,144
16460,peak,hunt,0.206,0.39,0.012149,100,1,19,145
16470,peak,hunt,0.386,0.430292,0.033043,100,1,20,145
16480,peak,hunt,0.566,0.430292,0.05474,100,1,20,145
16490,peak,hunt,0.7,0.438167,0.07686,100,1,20,145
16500,peak,hunt,0.7,0.438167,0.099311,100,1,20,145
16510,peak,hunt,0.7,0.390042,0.121252,100,1,19,146
16520,peak,hunt,0.7,0.438167,0.143682,100,1,20,146
16530,aftermath,hunt,0.65,0.438167,0.166443,100,1,20,146
16540,aftermath,hunt,0.15,0.430292,0.189204,100,1,20,146
16550,aftermath,hunt,0.074559,0.438167,0.212009,100,1,20,146
16560,aftermath,hunt,0.071783,0.438167,0.235145,100,1,20,146
16570,aftermath,hunt,0.069224,0.37575,0.256464,100,0,20,146
16580,aftermath,hunt,0.070875,0.29175,0.242704,100,0,20,146
16590,aftermath,hunt,0.081785,0.01175,0.151795,100,0,20,146
16600,aftermath,hunt,0.092694,0,0.060886,100,0,20,146
16610,aftermath,hunt,0.1,0,0,100,0,20,146
16620,aftermath,hunt,0.1,0,0,100,0,20,146
16630,aftermath,hunt,0.1,0,0,100,0,20,146
16640,aftermath,hunt,0.1,0,0,100,0,20,146
16650,aftermath,hunt,0.1,0,0,100,0,20,146
16660,quiet,voyage,0.08,0,0,100,0,20,146
16670,quiet,voyage,0.08,0,0,100,0,20,146
16680,quiet,voyage,0.08,0,0,100,0,20,146
16690,quiet,voyage,0.08,0,0,100,0,20,146
16700,quiet,voyage,0.08,0,0,100,0,20,146
16710,quiet,voyage,0.08,0,0,100,0,20,146
16720,opportunity,voyage,0.17,0,0,100,0,20,146
16730,opportunity,voyage,0.23,0,0,100,0,20,146
16740,opportunity,voyage,0.23,0,0,100,0,20,146
16750,opportunity,voyage,0.23,0,0,100,0,20,146
16760,opportunity,voyage,0.23,0,0,100,0,20,146
16770,opportunity,voyage,0.23,0,0,100,0,20,146
16780,opportunity,voyage,0.23,0,0,100,0,20,146
16790,opportunity,voyage,0.23,0,0,100,0,20,146
16800,opportunity,voyage,0.23,0,0,100,0,20,146
16810,opportunity,voyage,0.23,0,0,100,0,20,146
16820,opportunity,voyage,0.23,0,0,100,0,20,146
16830,opportunity,voyage,0.23,0,0,100,0,20,146
16840,peak,voyage,0.41,0.414542,0.016248,100,1,19,147
16850,peak,voyage,0.59,0.430292,0.037342,100,1,19,147
16860,peak,voyage,0.692898,0.438167,0.059188,100,1,19,147
16870,peak,voyage,0.69023,0.430292,0.081414,100,1,19,147
16880,peak,voyage,0.687558,0.438167,0.103684,100,1,19,148
16890,peak,voyage,0.684976,0.383625,0.125202,100,0,19,148
16900,aftermath,voyage,0.284513,0.355625,0.133345,100,0,19,148
16910,aftermath,voyage,0.094908,0.075625,0.042435,100,0,19,148
16920,aftermath,voyage,0.1,0,0,100,0,20,148
16930,aftermath,voyage,0.1,0,0,100,0,19,149
16940,aftermath,voyage,0.1,0,0,100,0,19,149
16950,aftermath,voyage,0.1,0,0,100,0,19,149
16960,aftermath,voyage,0.1,0,0,100,0,19,149
16970,aftermath,voyage,0.1,0,0,100,0,20,149
16980,aftermath,voyage,0.1,0,0,100,0,20,149
16990,quiet,discovery,0.08,0,0,100,0,20,149
17000,quiet,discovery,0.08,0,0,100,0,20,149
17010,quiet,discovery,0.08,0,0,100,0,20,149
17020,quiet,discovery,0.08,0,0,100,0,20,149
17030,quiet,discovery,0.08,0,0,100,0,20,149
17040,quiet,discovery,0.08,0,0,100,0,20,149
17050,quiet,discovery,0.08,0,0,100,0,20,149
17060,quiet,discovery,0.08,0,0,100,0,20,149
17070,opportunity,discovery,0.116,0,0,100,1,19,150
17080,peak,discovery,0.296,0.414542,0.020248,100,1,19,150
17090,peak,discovery,0.476,0.430292,0.041342,100,1,19,150
17100,peak,discovery,0.656,0.438167,0.063188,100,1,20,150
17110,peak,discovery,0.68975,0.430292,0.085414,100,1,20,150
17120,aftermath,discovery,0.438424,0.438167,0.107684,100,1,20,150
17130,aftermath,discovery,0.08456,0.383625,0.128666,100,0,20,150
17140,aftermath,discovery,0.086227,0.299625,0.114775,100,0,20,150
17150,aftermath,discovery,0.097136,0.019625,0.023866,100,0,20,150
17160,aftermath,discovery,0.1,0,0,100,0,20,150
17170,aftermath,discovery,0.1,0,0,100,0,20,150
17180,aftermath,discovery,0.1,0,0,100,0,20,150
17190,aftermath,discovery,0.1,0,0,100,0,20,150
17200,aftermath,discovery,0.1,0,0,100,0,20,150
17210,aftermath,discovery,0.1,0,0,100,0,20,150
17220,quiet,hunt,0.08,0,0,100,0,20,150
17230,quiet,hunt,0.08,0,0,100,0,20,150
17240,quiet,hunt,0.08,0,0,100,0,20,150
17250,quiet,hunt,0.08,0,0,100,0,20,150
17260,quiet,hunt,0.08,0,0,100,0,20,150
17270,opportunity,hunt,0.098,0,0,100,0,20,150
17280,opportunity,hunt,0.23,0,0,100,0,20,150
17290,opportunity,hunt,0.23,0,0,100,0,20,150
17300,opportunity,hunt,0.23,0,0,100,0,20,150
17310,opportunity,hunt,0.23,0,0,100,0,20,150
17320,opportunity,hunt,0.23,0,0,100,0,20,150
17330,opportunity,hunt,0.23,0,0,100,0,20,150
17340,opportunity,hunt,0.23,0,0,100,0,20,150
17350,opportunity,hunt,0.23,0,0,100,0,20,150
17360,peak,hunt,0.338,0.26,0.008149,100,1,19,151
17370,peak,hunt,0.518,0.430292,0.029043,100,1,20,151
17380,peak,hunt,0.698,0.430292,0.05074,100,1,20,151
17390,peak,hunt,0.7,0.438167,0.07286,100,1,20,151
17400,peak,hunt,0.7,0.438167,0.095311,100,1,0,151
17410,peak,hunt,0.7,0.430292,0.117762,100,1,0,151
17420,peak,hunt,0.7,0.37575,0.136982,100,0,0,151
17430,aftermath,hunt,0.35,0.17975,0.078934,100,0,0,151
17440,aftermath,hunt,0.1,0,0,100,0,0,151
17450,aftermath,hunt,0.1,0,0,100,0,0,151
17460,aftermath,hunt,0.1,0,0,100,0,0,151
17470,aftermath,hunt,0.1,0,0,100,0,0,151
17480,aftermath,hunt,0.1,0,0,100,0,0,151
17490,aftermath,hunt,0.1,0,0,100,0,0,151
17500,aftermath,hunt,0.1,0,0,100,0,0,151
17510,aftermath,hunt,0.1,0,0,100,0,0,151
17520,aftermath,hunt,0.1,0,0,100,0,0,151
17530,aftermath,hunt,0.1,0,0,100,0,0,151
17540,quiet,discovery,0.08,0,0,100,0,0,151
17550,quiet,discovery,0.08,0,0,100,0,0,151
17560,quiet,discovery,0.08,0,0,100,0,0,151
17570,quiet,discovery,0.08,0,0,100,0,0,151
17580,quiet,discovery,0.08,0,0,100,0,0,151
17590,quiet,discovery,0.08,0,0,100,0,0,151
17600,quiet,discovery,0.08,0,0,100,0,0,151
17610,quiet,discovery,0.08,0,0,100,0,0,151
17620,opportunity,discovery,0.152,0,0,100,0,0,151
17630,opportunity,discovery,0.23,0,0,100,0,0,151
17640,opportunity,discovery,0.23,0,0,100,0,0,151
17650,opportunity,discovery,0.23,0,0,100,0,0,151
17660,opportunity,discovery,0.23,0,0,100,0,0,151
17670,opportunity,discovery,0.23,0,0,100,0,0,151
17680,opportunity,discovery,0.23,0,0,100,0,0,151
17690,opportunity,discovery,0.23,0,0,100,0,0,151
17700,opportunity,discovery,0.23,0,0,100,0,0,151
17710,opportunity,discovery,0.23,0,0,100,0,0,151
17720,opportunity,discovery,0.23,0,0,100,0,0,151
17730,opportunity,discovery,0.23,0,0,100,0,0,151
17740,opportunity,discovery,0.23,0,0,100,0,0,151
17750,opportunity,discovery,0.23,0,0,100,0,0,151
17760,opportunity,discovery,0.23,0,0,100,0,0,151
17770,opportunity,discovery,0.23,0,0,100,0,0,151
17780,build,discovery,0.392,0,0,100,0,0,152
17790,build,discovery,0.572,0,0,100,0,0,152
17800,build,discovery,0.61,0,0,100,0,0,152
17810,build,discovery,0.61,0,0,100,0,0,152
17820,build,discovery,0.61,0,0,100,0,1,152
17830,peak,discovery,0.7,0.414542,0.016248,100,1,0,153
17840,peak,discovery,0.7,0.430292,0.037342,100,1,0,153
17850,peak,discovery,0.7,0.438167,0.059188,100,1,0,153
17860,peak,discovery,0.7,0.430292,0.081414,100,1,0,153
17870,aftermath,discovery,0.55,0.438167,0.103684,100,1,0,154
17880,aftermath,discovery,0.084976,0.383625,0.125202,100,0,0,154
17890,aftermath,discovery,0.083999,0.355625,0.133345,100,0,0,154
17900,suspended:docked,discovery,,0.103625,0.051526,100,0,0,154
17910,suspended:docked,discovery,,0.103625,0.051526,100,0,1,154
17920,suspended:docked,discovery,,0.103625,0.051526,100,0,1,154
17930,suspended:docked,discovery,,0.103625,0.051526,100,0,1,154
17940,aftermath,discovery,0.08,0.075625,0.042435,100,0,1,154
17950,aftermath,discovery,0.08,0,0,100,0,1,154
17960,aftermath,discovery,0.1,0,0,100,0,1,155
17970,aftermath,discovery,0.1,0,0,100,0,1,155
17980,aftermath,discovery,0.1,0,0,100,0,1,155
17990,aftermath,discovery,0.1,0,0,100,0,1,155
18000,aftermath,discovery,0.1,0,0,100,0,2,155
18010,aftermath,discovery,0.1,0,0,100,0,2,155
18020,aftermath,discovery,0.1,0,0,100,0,2,155
18030,aftermath,discovery,0.1,0,0,100,0,2,155
18040,quiet,voyage,0.08,0,0,100,0,2,155
18050,quiet,voyage,0.08,0,0,100,0,2,156
18060,quiet,voyage,0.08,0,0,100,0,2,156
18070,quiet,voyage,0.08,0,0,100,0,2,156
18080,quiet,voyage,0.08,0,0,100,0,2,156
18090,quiet,voyage,0.08,0,0,100,0,3,156
18100,quiet,voyage,0.08,0,0,100,0,3,156
18110,peak,voyage,0.26,0.422417,0.018596,100,1,2,157
18120,peak,voyage,0.44,0.438167,0.039988,100,1,2,157
18130,peak,voyage,0.62,0.430292,0.062139,100,1,2,157
18140,peak,voyage,0.7,0.438167,0.084334,100,1,2,158
18150,peak,voyage,0.7,0.438167,0.106859,100,1,2,158
18160,peak,voyage,0.7,0.37575,0.127839,100,0,2,158
18170,aftermath,voyage,0.25,0.31975,0.124625,100,0,2,158
18180,aftermath,voyage,0.095954,0.03975,0.033716,100,0,3,158
18190,aftermath,voyage,0.1,0,0,100,0,3,158
18200,aftermath,voyage,0.1,0,0,100,0,3,158
18210,aftermath,voyage,0.1,0,0,100,0,3,158
18220,aftermath,voyage,0.1,0,0,100,0,3,158
18230,aftermath,voyage,0.1,0,0,100,0,4,158
18240,aftermath,voyage,0.1,0,0,100,0,4,158
18250,aftermath,voyage,0.1,0,0,100,0,4,158
18260,aftermath,voyage,0.1,0,0,100,0,4,158
18270,aftermath,voyage,0.1,0,0,100,0,5,158
18280,quiet,discovery,0.08,0,0,100,0,5,158
18290,quiet,discovery,0.08,0,0,100,0,5,158
18300,quiet,discovery,0.08,0,0,100,0,5,158
18310,quiet,discovery,0.08,0,0,100,0,5,158
18320,quiet,discovery,0.08,0,0,100,0,5,159
18330,quiet,discovery,0.08,0,0,100,0,5,159
18340,quiet,discovery,0.08,0,0,100,0,5,159
18350,quiet,discovery,0.08,0,0,100,0,5,159
18360,quiet,discovery,0.08,0,0,100,0,6,159
18370,opportunity,discovery,0.23,0,0,100,0,5,160
18380,opportunity,discovery,0.23,0,0,100,0,5,160
18390,opportunity,discovery,0.23,0,0,100,0,5,160
18400,opportunity,discovery,0.23,0,0,100,0,5,160
18410,opportunity,discovery,0.23,0,0,100,0,6,160
18420,opportunity,discovery,0.23,0,0,100,0,6,160
18430,peak,discovery,0.266,0.13,0.004,100,1,5,161
18440,peak,discovery,0.446,0.422417,0.024596,100,1,5,161
18450,peak,discovery,0.626,0.438167,0.045988,100,1,6,161
18460,peak,discovery,0.691823,0.430292,0.068139,100,1,5,162
18470,peak,discovery,0.68916,0.438167,0.090334,100,1,5,162
18480,aftermath,discovery,0.33836,0.438167,0.112859,100,1,5,162
18490,aftermath,discovery,0.084038,0.37575,0.13302,100,0,5,162
18500,aftermath,discovery,0.088372,0.23575,0.096897,100,0,6,162
18510,aftermath,discovery,0.099282,0,0.005987,100,0,6,162
18520,aftermath,discovery,0.1,0,0,100,0,6,162
18530,aftermath,discovery,0.1,0,0,100,0,6,162
18540,aftermath,discovery,0.1,0,0,100,0,7,162
18550,aftermath,discovery,0.1,0,0,100,0,7,162
18560,aftermath,discovery,0.1,0,0,100,0,7,162
18570,aftermath,discovery,0.1,0,0,100,0,7,162
18580,quiet,hunt,0.08,0,0,100,0,7,162
18590,quiet,hunt,0.08,0,0,100,0,7,163
18600,quiet,hunt,0.08,0,0,100,0,7,163
18610,quiet,hunt,0.08,0,0,100,0,7,163
18620,quiet,hunt,0.08,0,0,100,0,7,163
18630,opportunity,hunt,0.134,0,0,100,0,8,163
18640,opportunity,hunt,0.23,0,0,100,0,8,163
18650,opportunity,hunt,0.23,0,0,100,0,8,163
18660,opportunity,hunt,0.23,0,0,100,0,8,163
18670,opportunity,hunt,0.23,0,0,100,0,8,163
18680,opportunity,hunt,0.23,0,0,100,0,8,164
18690,opportunity,hunt,0.23,0,0,100,0,8,164
18700,opportunity,hunt,0.23,0,0,100,0,8,164
18710,peak,hunt,0.374,0.414542,0.016149,100,1,7,165
18720,peak,hunt,0.554,0.430292,0.037043,100,1,8,165
18730,peak,hunt,0.692951,0.430292,0.05874,100,1,8,165
18740,peak,hunt,0.690297,0.438167,0.08086,100,1,8,165
18750,peak,hunt,0.687603,0.438167,0.103311,100,1,8,165
18760,peak,hunt,0.684971,0.430292,0.125239,100,1,7,166
18770,peak,hunt,0.68228,0.438167,0.147669,100,1,7,167
18780,aftermath,hunt,0.53037,0.438167,0.17043,100,1,7,167
18790,aftermath,hunt,0.076817,0.430292,0.193191,100,1,7,167
18800,aftermath,hunt,0.07408,0.438167,0.215996,100,1,7,167
18810,aftermath,hunt,0.071304,0.438167,0.239132,100,1,8,167
18820,aftermath,hunt,0.068812,0.37575,0.259903,100,0,8,167
18830,aftermath,hunt,0.07311,0.23575,0.224084,100,0,8,167
18840,aftermath,hunt,0.084019,0,0.133175,100,0,8,167
18850,aftermath,hunt,0.094928,0,0.042266,100,0,8,167
18860,aftermath,hunt,0.1,0,0,100,0,9,167
18870,aftermath,hunt,0.1,0,0,100,0,9,167
18880,quiet,discovery,0.08,0,0,100,0,9,167
18890,quiet,discovery,0.08,0,0,100,0,9,167
18900,quiet,discovery,0.08,0,0,100,0,10,167
18910,quiet,discovery,0.08,0,0,100,0,10,167
18920,quiet,discovery,0.08,0,0,100,0,10,167
18930,quiet,discovery,0.08,0,0,100,0,10,167
18940,quiet,discovery,0.08,0,0,100,0,10,167
18950,quiet,discovery,0.08,0,0,100,0,10,168
18960,opportunity,discovery,0.098,0,0,100,0,10,168
18970,opportunity,discovery,0.23,0,0,100,0,10,168
18980,opportunity,discovery,0.23,0,0,100,0,10,168
18990,opportunity,discovery,0.23,0,0,100,0,11,168
19000,opportunity,discovery,0.23,0,0,100,0,11,168
19010,opportunity,discovery,0.23,0,0,100,0,11,168
19020,opportunity,discovery,0.23,0,0,100,0,11,168
19030,peak,discovery,0.248,0.065,0.002,100,1,10,169
19040,peak,discovery,0.428,0.422417,0.022596,100,1,10,170
19050,peak,discovery,0.608,0.438167,0.043988,100,1,10,170
19060,peak,discovery,0.7,0.430292,0.066139,100,1,10,170
19070,peak,discovery,0.7,0.438167,0.088334,100,1,10,170
19080,aftermath,discovery,0.4,0.438167,0.110859,100,1,11,170
19090,aftermath,discovery,0.084244,0.37575,0.131296,100,0,11,170
19100,aftermath,discovery,0.087263,0.26375,0.106139,100,0,11,170
19110,aftermath,discovery,0.098172,0,0.01523,100,0,11,170
19120,aftermath,discovery,0.1,0,0,100,0,11,170
19130,aftermath,discovery,0.1,0,0,100,0,11,171
19140,aftermath,discovery,0.1,0,0,100,0,11,171
19150,aftermath,discovery,0.1,0,0,100,0,11,171
19160,aftermath,discovery,0.1,0,0,100,0,11,171
19170,aftermath,discovery,0.1,0,0,100,0,12,171
19180,aftermath,discovery,0.1,0,0,100,0,12,171
19190,aftermath,discovery,0.1,0,0,100,0,12,171
19200,quiet,voyage,0.08,0,0,100,0,12,171
19210,quiet,voyage,0.08,0,0,100,0,12,171
19220,quiet,voyage,0.08,0,0,100,0,12,172
19230,quiet,voyage,0.08,0,0,100,0,12,172
19240,quiet,voyage,0.08,0,0,100,0,12,172
19250,quiet,voyage,0.08,0,0,100,0,12,172
19260,opportunity,voyage,0.17,0,0,100,0,13,172
19270,opportunity,voyage,0.23,0,0,100,0,13,172
19280,opportunity,voyage,0.23,0,0,100,0,13,172
19290,opportunity,voyage,0.23,0,0,100,0,13,172
19300,opportunity,voyage,0.23,0,0,100,0,13,172
19310,peak,voyage,0.356,0.414542,0.014149,100,1,13,173
19320,peak,voyage,0.536,0.430292,0.035043,100,1,13,173
19330,peak,voyage,0.7,0.430292,0.05674,100,1,12,174
19340,peak,voyage,0.7,0.438167,0.07886,100,1,12,174
19350,peak,voyage,0.7,0.438167,0.101311,100,1,13,174
19360,peak,voyage,0.7,0.383625,0.122993,100,0,13,174
19370,aftermath,voyage,0.35,0.37575,0.142115,100,0,13,174
19380,aftermath,voyage,0.093855,0.09575,0.051206,100,0,13,174
19390,aftermath,voyage,0.1,0,0,100,0,13,174
19400,aftermath,voyage,0.1,0,0,100,0,14,174
19410,aftermath,voyage,0.1,0,0,100,0,14,174
19420,aftermath,voyage,0.1,0,0,100,0,14,174
19430,aftermath,voyage,0.1,0,0,100,0,14,174
19440,aftermath,voyage,0.1,0,0,100,0,15,174
19450,aftermath,voyage,0.1,0,0,100,0,15,174
19460,aftermath,voyage,0.1,0,0,100,0,15,174
19470,quiet,discovery,0.08,0,0,100,0,15,174
19480,quiet,discovery,0.08,0,0,100,0,15,174
19490,quiet,discovery,0.08,0,0,100,0,16,174
19500,recovery,discovery,0.03,0.065,0.003473,100,0,16,174
19510,recovery,discovery,0.025438,0.633,0.038019,100,0,16,174
19520,recovery,discovery,0.03,0.409,0,100,0,16,174
19530,recovery,discovery,0.03,0.245,0,100,0,17,174
19540,recovery,discovery,0.03,0,0,100,0,16,175
19550,recovery,discovery,0.03,0,0,100,0,16,175
19560,recovery,discovery,0.03,0,0,100,0,16,175
19570,recovery,discovery,0.03,0,0,100,0,16,175
19580,recovery,discovery,0.03,0,0,100,0,16,176
19590,aftermath,discovery,0.048,0,0,100,0,16,176
19600,aftermath,discovery,0.1,0,0,100,0,16,176
19610,aftermath,discovery,0.1,0,0,100,0,16,176
19620,aftermath,discovery,0.1,0,0,100,0,17,176
19630,aftermath,discovery,0.1,0,0,100,0,17,176
19640,aftermath,discovery,0.1,0,0,100,0,17,176
19650,aftermath,discovery,0.1,0,0,100,0,17,176
19660,aftermath,discovery,0.1,0,0,100,0,17,176
19670,aftermath,discovery,0.1,0,0,100,0,17,177
19680,aftermath,discovery,0.1,0,0,100,0,17,177
19690,aftermath,discovery,0.1,0,0,100,0,17,177
19700,suspended:docked,discovery,,0,0,100,0,17,177
19710,suspended:docked,discovery,,0,0,100,0,18,177
19720,suspended:docked,discovery,,0,0,100,0,18,177
19730,suspended:docked,discovery,,0,0,100,0,18,177
19740,aftermath,discovery,0.08,0,0,100,0,18,177
19750,quiet,hunt,0.08,0,0,100,0,18,177
19760,quiet,hunt,0.08,0,0,100,0,19,177
19770,quiet,hunt,0.08,0,0,100,0,19,177
19780,quiet,hunt,0.08,0,0,100,0,19,177
19790,quiet,hunt,0.08,0,0,100,0,19,177
19800,peak,hunt,0.242,0.422417,0.016397,100,1,19,178
19810,peak,hunt,0.422,0.430292,0.03764,100,1,19,178
19820,peak,hunt,0.602,0.438167,0.059684,100,1,19,178
19830,peak,hunt,0.7,0.438167,0.08206,100,1,19,178
19840,peak,hunt,0.7,0.430292,0.104437,100,1,19,178
19850,peak,hunt,0.7,0.383625,0.125675,100,0,20,178
19860,aftermath,hunt,0.65,0.355625,0.133817,100,0,20,178
19870,aftermath,hunt,0.15,0.075625,0.042908,100,0,20,178
19880,aftermath,hunt,0.1,0,0,100,0,20,178
19890,aftermath,hunt,0.1,0,0,100,0,20,178
19900,aftermath,hunt,0.1,0,0,100,0,20,178
19910,aftermath,hunt,0.1,0,0,100,0,20,178
19920,aftermath,hunt,0.1,0,0,100,0,20,178
19930,aftermath,hunt,0.1,0,0,100,0,20,178
19940,aftermath,hunt,0.1,0,0,100,0,20,178
19950,aftermath,hunt,0.1,0,0,100,0,20,178
19960,aftermath,hunt,0.1,0,0,100,0,20,178
19970,aftermath,hunt,0.1,0,0,100,0,20,178
19980,quiet,discovery,0.08,0,0,100,0,20,178
19990,quiet,discovery,0.08,0,0,100,0,19,179
20000,quiet,discovery,0.08,0,0,100,0,19,179
20010,quiet,discovery,0.08,0,0,100,0,19,179
20020,quiet,discovery,0.08,0,0,100,0,19,179
20030,quiet,discovery,0.08,0,0,100,0,20,179
20040,quiet,discovery,0.08,0,0,100,0,20,179
20050,quiet,discovery,0.08,0,0,100,0,20,179
20060,quiet,discovery,0.08,0,0,100,0,20,179
20070,peak,discovery,0.188,0.195,0.00605,100,1,20,180
20080,peak,discovery,0.368,0.422417,0.026795,100,1,20,180
20090,peak,discovery,0.548,0.438167,0.048385,100,1,20,180
20100,peak,discovery,0.7,0.438167,0.070686,100,1,20,180
20110,peak,discovery,0.7,0.430292,0.092987,100,1,20,180
20120,aftermath,discovery,0.3,0.438167,0.115332,100,1,20,180
20130,aftermath,discovery,0.083774,0.37575,0.135214,100,0,20,180
20140,aftermath,discovery,0.089425,0.20775,0.088126,100,0,20,180
20150,aftermath,discovery,0.1,0,0,100,0,20,180
20160,aftermath,discovery,0.1,0,0,100,0,20,180
20170,aftermath,discovery,0.1,0,0,100,0,20,180
20180,aftermath,discovery,0.1,0,0,100,0,20,180
20190,aftermath,discovery,0.1,0,0,100,0,20,180
20200,aftermath,discovery,0.1,0,0,100,0,20,180
20210,aftermath,discovery,0.1,0,0,100,0,20,180
20220,aftermath,discovery,0.1,0,0,100,0,20,180
20230,aftermath,discovery,0.1,0,0,100,0,20,180
20240,aftermath,discovery,0.1,0,0,100,0,20,180
20250,quiet,voyage,0.08,0,0,100,0,20,180
20260,quiet,voyage,0.08,0,0,100,0,20,180
20270,quiet,voyage,0.08,0,0,100,0,20,180
20280,quiet,voyage,0.08,0,0,100,0,20,180
20290,quiet,voyage,0.08,0,0,100,0,20,180
20300,quiet,voyage,0.08,0,0,100,0,20,180
20310,opportunity,voyage,0.17,0,0,100,0,20,180
20320,opportunity,voyage,0.23,0,0,100,0,20,180
20330,opportunity,voyage,0.23,0,0,100,0,20,180
20340,opportunity,voyage,0.23,0,0,100,0,20,180
20350,opportunity,voyage,0.23,0,0,100,0,20,180
20360,opportunity,voyage,0.23,0,0,100,0,20,180
20370,opportunity,voyage,0.23,0,0,100,0,20,180
20380,opportunity,voyage,0.23,0,0,100,0,20,180
20390,opportunity,voyage,0.23,0,0,100,0,20,180
20400,peak,voyage,0.356,0.422417,0.014397,100,1,19,181
20410,peak,voyage,0.536,0.430292,0.03564,100,1,19,181
20420,peak,voyage,0.693078,0.438167,0.057684,100,1,19,181
20430,peak,voyage,0.690393,0.438167,0.08006,100,1,20,181
20440,peak,voyage,0.687708,0.430292,0.102437,100,1,19,182
20450,peak,voyage,0.685066,0.430292,0.124447,100,1,18,183
20460,aftermath,voyage,0.334278,0.430292,0.146669,100,1,18,183
20470,aftermath,voyage,0.079728,0.430292,0.168933,100,1,18,183
20480,aftermath,voyage,0.077006,0.438167,0.19162,100,1,18,184
20490,aftermath,voyage,0.074243,0.438167,0.214638,100,1,18,184
20500,aftermath,voyage,0.071481,0.430292,0.237657,100,1,18,184
20510,aftermath,voyage,0.068986,0.383625,0.258454,100,0,18,184
20520,aftermath,voyage,0.073257,0.243625,0.222862,100,0,19,184
20530,aftermath,voyage,0.084166,0,0.131953,100,0,18,185
20540,aftermath,voyage,0.095075,0,0.041044,100,0,18,185
20550,quiet,hunt,0.08,0,0,100,0,18,185
20560,quiet,hunt,0.08,0,0,100,0,18,185
20570,quiet,hunt,0.08,0,0,100,0,19,185
20580,quiet,hunt,0.08,0,0,100,0,19,185
20590,quiet,hunt,0.08,0,0,100,0,19,185
20600,opportunity,hunt,0.188,0,0,100,0,19,185
20610,opportunity,hunt,0.23,0,0,100,0,20,185
20620,opportunity,hunt,0.23,0,0,100,0,20,185
20630,opportunity,hunt,0.23,0,0,100,0,20,185
20640,opportunity,hunt,0.23,0,0,100,0,20,185
20650,opportunity,hunt,0.23,0,0,100,0,20,185
20660,opportunity,hunt,0.23,0,0,100,0,20,185
20670,peak,hunt,0.266,0.13,0.00405,100,1,19,186
20680,peak,hunt,0.446,0.422417,0.024795,100,1,19,186
20690,peak,hunt,0.626,0.438167,0.046385,100,1,19,186
20700,peak,hunt,0.691758,0.438167,0.068686,100,1,20,186
20710,peak,hunt,0.689082,0.430292,0.090987,100,1,20,186
20720,peak,hunt,0.6864,0.438167,0.113332,100,1,20,186
20730,peak,hunt,0.683981,0.37575,0.133493,100,0,20,186
20740,aftermath,hunt,0.432861,0.23575,0.097369,100,0,20,186
20750,aftermath,hunt,0.099225,0,0.00646,100,0,20,186
20760,aftermath,hunt,0.1,0,0,100,0,20,186
20770,aftermath,hunt,0.1,0,0,100,0,20,186
20780,aftermath,hunt,0.1,0,0,100,0,20,186
20790,aftermath,hunt,0.1,0,0,100,0,20,186
20800,aftermath,hunt,0.1,0,0,100,0,20,186
20810,aftermath,hunt,0.1,0,0,100,0,20,186
20820,aftermath,hunt,0.1,0,0,100,0,20,186
20830,aftermath,hunt,0.1,0,0,100,0,20,186
20840,quiet,discovery,0.08,0,0,100,0,20,186
20850,quiet,discovery,0.08,0,0,100,0,20,186
20860,quiet,discovery,0.08,0,0,100,0,20,186
20870,quiet,discovery,0.08,0,0,100,0,20,186
20880,quiet,discovery,0.08,0,0,100,0,20,186
20890,quiet,discovery,0.08,0,0,100,0,20,186
20900,quiet,discovery,0.08,0,0,100,0,20,186
20910,quiet,discovery,0.08,0,0,100,0,20,186
20920,opportunity,discovery,0.152,0,0,100,0,20,186
20930,opportunity,discovery,0.23,0,0,100,0,20,186
20940,opportunity,discovery,0.23,0,0,100,0,20,186
20950,opportunity,discovery,0.23,0,0,100,0,20,186
20960,opportunity,discovery,0.23,0,0,100,0,20,186
20970,opportunity,discovery,0.23,0,0,100,0,20,186
20980,opportunity,discovery,0.23,0,0,100,0,20,186
20990,opportunity,discovery,0.23,0,0,100,0,20,186
21000,peak,discovery,0.338,0.39,0.01205,100,1,19,187
21010,peak,discovery,0.518,0.422417,0.032795,100,1,19,187
21020,peak,discovery,0.698,0.438167,0.054385,100,1,20,187
21030,peak,discovery,0.7,0.438167,0.076686,100,1,20,187
21040,aftermath,discovery,0.65,0.430292,0.098987,100,1,20,187
21050,aftermath,discovery,0.15,0.3915,0.120822,100,0,20,187
21060,aftermath,discovery,0.083157,0.37575,0.140357,100,0,20,187
21070,aftermath,discovery,0.092752,0.12375,0.060398,100,0,20,187
21080,aftermath,discovery,0.1,0,0,100,0,20,187
21090,aftermath,discovery,0.1,0,0,100,0,20,187
21100,aftermath,discovery,0.1,0,0,100,0,20,187
21110,aftermath,discovery,0.1,0,0,100,0,20,187
21120,aftermath,discovery,0.1,0,0,100,0,20,187
21130,aftermath,discovery,0.1,0,0,100,0,20,187
21140,aftermath,discovery,0.1,0,0,100,0,20,187
21150,aftermath,discovery,0.1,0,0,100,0,20,187
21160,quiet,hunt,0.08,0,0,100,0,20,187
21170,quiet,hunt,0.08,0,0,100,0,20,187
21180,quiet,hunt,0.08,0,0,100,0,20,187
21190,quiet,hunt,0.08,0,0,100,0,20,187
21200,quiet,hunt,0.08,0,0,100,0,20,187
21210,opportunity,hunt,0.17,0,0,100,0,20,187
21220,opportunity,hunt,0.23,0,0,100,0,20,187
21230,opportunity,hunt,0.23,0,0,100,0,20,187
21240,opportunity,hunt,0.23,0,0,100,0,20,187
21250,opportunity,hunt,0.23,0,0,100,0,20,187
21260,opportunity,hunt,0.23,0,0,100,0,20,187
21270,peak,hunt,0.248,0.065,0.00205,100,1,19,188
21280,peak,hunt,0.428,0.422417,0.022795,100,1,19,188
21290,peak,hunt,0.608,0.438167,0.044385,100,1,20,188
21300,peak,hunt,0.7,0.438167,0.066686,100,1,20,188
21310,peak,hunt,0.7,0.430292,0.088987,100,1,20,188
21320,peak,hunt,0.7,0.438167,0.111332,100,1,20,188
21330,peak,hunt,0.7,0.430292,0.133117,100,1,20,189
21340,peak,hunt,0.7,0.422417,0.155232,100,1,20,189
21350,aftermath,hunt,0.4,0.438167,0.177432,100,1,20,189
21360,aftermath,hunt,0.075959,0.438167,0.200343,100,1,20,189
21370,aftermath,hunt,0.073209,0.430292,0.223254,100,1,20,189
21380,aftermath,hunt,0.070485,0.418042,0.245956,100,0,20,189
21390,aftermath,hunt,0.068064,0.37575,0.266133,100,0,20,189
21400,aftermath,hunt,0.07633,0.15175,0.19725,100,0,20,189
21410,aftermath,hunt,0.087239,0,0.106341,100,0,20,189
21420,aftermath,hunt,0.098148,0,0.015432,100,0,20,189
21430,aftermath,hunt,0.1,0,0,100,0,20,189
21440,aftermath,hunt,0.1,0,0,100,0,20,189
21450,aftermath,hunt,0.1,0,0,100,0,20,189
21460,quiet,voyage,0.08,0,0,100,0,20,189
21470,quiet,voyage,0.08,0,0,100,0,20,189
21480,quiet,voyage,0.08,0,0,100,0,20,189
21490,quiet,voyage,0.08,0,0,100,0,20,189
21500,suspended:docked,voyage,,0,0,100,0,20,189
21510,suspended:docked,voyage,,0,0,100,0,20,189
21520,suspended:docked,voyage,,0,0,100,0,20,189
21530,suspended:docked,voyage,,0,0,100,0,20,189
21540,quiet,voyage,0.08,0,0,100,0,20,189
21550,quiet,voyage,0.08,0,0,100,0,20,189
21560,opportunity,voyage,0.116,0,0,100,0,20,189
21570,opportunity,voyage,0.23,0,0,100,0,20,189
21580,opportunity,voyage,0.23,0,0,100,0,20,189
21590,opportunity,voyage,0.23,0,0,100,0,20,189
21600,peak,voyage,0.302,0.26,0.00805,100,1,20,190
21610,peak,voyage,0.482,0.422417,0.028795,100,1,20,190
21620,peak,voyage,0.662,0.438167,0.050385,100,1,20,190
21630,peak,voyage,0.7,0.438167,0.072686,100,1,20,190
21640,peak,voyage,0.7,0.430292,0.094987,100,1,20,190
21650,peak,voyage,0.7,0.438167,0.117332,100,1,20,190
21660,aftermath,voyage,0.5,0.37575,0.136931,100,0,20,190
21670,aftermath,voyage,0.090534,0.17975,0.078884,100,0,20,190
21680,aftermath,voyage,0.1,0,0,100,0,20,190
21690,aftermath,voyage,0.1,0,0,100,0,20,190
21700,aftermath,voyage,0.1,0,0,100,0,20,190
21710,aftermath,voyage,0.1,0,0,100,0,20,190
21720,aftermath,voyage,0.1,0,0,100,0,20,190
21730,aftermath,voyage,0.1,0,0,100,0,20,190
21740,aftermath,voyage,0.1,0,0,100,0,20,190
21750,aftermath,voyage,0.1,0,0,100,0,20,190
21760,aftermath,voyage,0.1,0,0,100,0,20,190
21770,aftermath,voyage,0.1,0,0,100,0,20,190
21780,quiet,discovery,0.08,0,0,100,0,20,190
21790,quiet,discovery,0.08,0,0,100,0,20,190
21800,quiet,discovery,0.08,0,0,100,0,20,190
21810,quiet,discovery,0.08,0,0,100,0,20,190
21820,quiet,discovery,0.08,0,0,100,0,20,190
21830,quiet,discovery,0.08,0,0,100,0,20,190
21840,quiet,discovery,0.08,0,0,100,0,20,190
21850,quiet,discovery,0.08,0,0,100,0,20,190
21860,opportunity,discovery,0.152,0,0,100,0,20,190
21870,opportunity,discovery,0.23,0,0,100,1,19,191
21880,peak,discovery,0.41,0.414542,0.020248,100,1,19,191
21890,peak,discovery,0.59,0.430292,0.041342,100,1,19,191
21900,peak,discovery,0.7,0.438167,0.063188,100,1,19,191
21910,peak,discovery,0.7,0.430292,0.085414,100,1,19,191
21920,aftermath,discovery,0.45,0.438167,0.107684,100,1,20,191
21930,aftermath,discovery,0.08456,0.383625,0.128666,100,0,20,191
21940,aftermath,discovery,0.086227,0.299625,0.114775,100,0,20,191
21950,aftermath,discovery,0.097136,0.019625,0.023866,100,0,20,191
21960,aftermath,discovery,0.1,0,0,100,0,20,191
21970,aftermath,discovery,0.1,0,0,100,0,20,191
21980,aftermath,discovery,0.1,0,0,100,0,20,191
21990,aftermath,discovery,0.1,0,0,100,0,20,191
22000,aftermath,discovery,0.1,0,0,100,0,20,191
22010,aftermath,discovery,0.1,0,0,100,0,20,191
22020,aftermath,discovery,0.1,0,0,100,0,20,191
22030,aftermath,discovery,0.1,0,0,100,0,20,191
22040,aftermath,discovery,0.1,0,0,100,0,20,191
22050,quiet,hunt,0.08,0,0,100,0,20,191
22060,quiet,hunt,0.08,0,0,100,0,20,191
22070,quiet,hunt,0.08,0,0,100,0,20,191
22080,quiet,hunt,0.08,0,0,100,0,20,191
22090,quiet,hunt,0.08,0,0,100,0,20,191
22100,opportunity,hunt,0.206,0,0,100,0,20,191
22110,opportunity,hunt,0.23,0,0,100,0,20,191
22120,opportunity,hunt,0.23,0,0,100,0,20,191
22130,opportunity,hunt,0.23,0,0,100,0,20,191
22140,opportunity,hunt,0.23,0,0,100,0,20,191
22150,opportunity,hunt,0.23,0,0,100,0,20,191
22160,opportunity,hunt,0.23,0,0,100,0,20,191
22170,opportunity,hunt,0.23,0,0,100,0,20,191
22180,build,hunt,0.266,0,0,100,0,20,191
22190,peak,hunt,0.446,0.414542,0.016149,100,1,20,192
22200,peak,hunt,0.626,0.430292,0.037043,100,1,20,192
22210,peak,hunt,0.692951,0.430292,0.05874,100,1,20,192
22220,peak,hunt,0.690297,0.438167,0.08086,100,1,20,192
22230,peak,hunt,0.687603,0.438167,0.103311,100,1,20,192
22240,peak,hunt,0.685032,0.383625,0.12473,100,0,20,192
22250,aftermath,hunt,0.632964,0.355625,0.132872,100,0,20,192
22260,aftermath,hunt,0.132964,0.075625,0.041963,100,0,20,192
22270,aftermath,hunt,0.1,0,0,100,0,20,192
22280,aftermath,hunt,0.1,0,0,100,0,20,192
22290,aftermath,hunt,0.1,0,0,100,0,20,192
22300,aftermath,hunt,0.1,0,0,100,0,20,192
22310,aftermath,hunt,0.1,0,0,100,0,20,192
22320,aftermath,hunt,0.1,0,0,100,0,20,192
22330,aftermath,hunt,0.1,0,0,100,0,20,192
22340,aftermath,hunt,0.1,0,0,100,0,20,192
22350,quiet,discovery,0.08,0,0,100,0,20,192
22360,quiet,discovery,0.08,0,0,100,0,20,192
22370,quiet,discovery,0.08,0,0,100,0,20,192
22380,quiet,discovery,0.08,0,0,100,0,20,192
22390,quiet,discovery,0.08,0,0,100,0,20,192
22400,quiet,discovery,0.08,0,0,100,0,20,192
22410,quiet,discovery,0.08,0,0,100,0,20,192
22420,quiet,discovery,0.08,0,0,100,0,20,192
22430,quiet,discovery,0.08,0,0,100,0,20,192
22440,peak,discovery,0.26,0.422417,0.016397,100,1,19,193
22450,peak,discovery,0.44,0.430292,0.03764,100,1,19,193
22460,peak,discovery,0.62,0.438167,0.059684,100,1,20,193
22470,peak,discovery,0.690153,0.438167,0.08206,100,1,20,193
22480,aftermath,discovery,0.538275,0.430292,0.104437,100,1,20,193
22490,aftermath,discovery,0.084919,0.383625,0.125675,100,0,20,193
22500,aftermath,discovery,0.083942,0.355625,0.133817,100,0,20,193
22510,aftermath,discovery,0.094851,0.075625,0.042908,100,0,20,193
22520,aftermath,discovery,0.1,0,0,100,0,20,193
22530,aftermath,discovery,0.1,0,0,100,0,20,193
22540,aftermath,discovery,0.1,0,0,100,0,20,193
22550,aftermath,discovery,0.1,0,0,100,0,20,193
22560,aftermath,discovery,0.1,0,0,100,0,20,193
22570,aftermath,discovery,0.1,0,0,100,0,20,193
22580,aftermath,discovery,0.1,0,0,100,0,20,193
22590,quiet,voyage,0.08,0,0,100,0,20,193
22600,quiet,voyage,0.08,0,0,100,0,20,193
22610,quiet,voyage,0.08,0,0,100,0,20,193
22620,quiet,voyage,0.08,0,0,100,0,20,193
22630,quiet,voyage,0.08,0,0,100,0,20,193
22640,quiet,voyage,0.08,0,0,100,0,20,193
22650,peak,voyage,0.152,0.195,0.00605,100,1,19,194
22660,peak,voyage,0.332,0.422417,0.026795,100,1,19,194
22670,peak,voyage,0.512,0.438167,0.048385,100,1,19,194
22680,peak,voyage,0.692,0.438167,0.070686,100,1,20,194
22690,peak,voyage,0.7,0.430292,0.092987,100,1,20,194
22700,peak,voyage,0.7,0.438167,0.115332,100,1,20,194
22710,aftermath,voyage,0.55,0.37575,0.135214,100,0,20,194
22720,aftermath,voyage,0.089425,0.20775,0.088126,100,0,20,194
22730,aftermath,voyage,0.1,0,0,100,0,20,194
22740,aftermath,voyage,0.1,0,0,100,0,20,194
22750,aftermath,voyage,0.1,0,0,100,0,20,194
22760,aftermath,voyage,0.1,0,0,100,0,20,194
22770,aftermath,voyage,0.1,0,0,100,0,20,194
22780,aftermath,voyage,0.1,0,0,100,0,20,194
22790,aftermath,voyage,0.1,0,0,100,0,20,194
22800,aftermath,voyage,0.1,0,0,100,0,20,194
22810,aftermath,voyage,0.1,0,0,100,0,20,194
22820,quiet,discovery,0.08,0,0,100,0,20,194
22830,quiet,discovery,0.08,0,0,100,0,20,194
22840,quiet,discovery,0.08,0,0,100,0,20,194
22850,quiet,discovery,0.08,0,0,100,0,20,194
22860,quiet,discovery,0.08,0,0,100,0,20,194
22870,quiet,discovery,0.08,0,0,100,0,20,194
22880,quiet,discovery,0.08,0,0,100,0,20,194
22890,quiet,discovery,0.08,0,0,100,0,20,194
22900,opportunity,discovery,0.17,0,0,100,0,20,194
22910,opportunity,discovery,0.23,0,0,100,0,20,194
22920,opportunity,discovery,0.23,0,0,100,0,20,194
22930,opportunity,discovery,0.23,0,0,100,0,20,194
22940,opportunity,discovery,0.23,0,0,100,0,20,194
22950,opportunity,discovery,0.23,0,0,100,0,20,194
22960,opportunity,discovery,0.23,0,0,100,0,20,194
22970,opportunity,discovery,0.23,0,0,100,0,20,194
22980,opportunity,discovery,0.23,0,0,100,0,20,194
22990,opportunity,discovery,0.23,0,0,100,0,20,194
23000,opportunity,discovery,0.23,0,0,100,0,20,194
23010,opportunity,discovery,0.23,0,0,100,0,20,194
23020,opportunity,discovery,0.23,0,0,100,0,20,194
23030,opportunity,discovery,0.23,0,0,100,0,20,194
23040,peak,discovery,0.356,0.422417,0.014397,100,1,20,195
23050,peak,discovery,0.536,0.430292,0.03564,100,1,20,195
23060,peak,discovery,0.7,0.438167,0.057684,100,1,20,195
23070,peak,discovery,0.7,0.438167,0.08006,100,1,20,195
23080,aftermath,discovery,0.6,0.430292,0.102437,100,1,20,195
23090,aftermath,discovery,0.1,0.383625,0.123938,100,0,20,195
23100,recovery,discovery,0.033056,0.448625,0.14474,100,0,20,195
23110,recovery,discovery,0.02,0.633,0.179919,100,0,20,195
23120,recovery,discovery,0.02,0.409,0.114112,100,0,20,195
23130,recovery,discovery,0.027216,0.245,0.023203,100,0,20,195
23140,recovery,discovery,0.03,0,0,100,0,20,195
23150,recovery,discovery,0.03,0,0,100,0,20,195
23160,recovery,discovery,0.03,0,0,100,0,20,195
23170,recovery,discovery,0.03,0,0,100,0,20,195
23180,recovery,discovery,0.03,0,0,100,0,20,195
23190,aftermath,discovery,0.048,0,0,100,0,20,195
23200,aftermath,discovery,0.1,0,0,100,0,20,195
23210,aftermath,discovery,0.1,0,0,100,0,20,195
23220,aftermath,discovery,0.1,0,0,100,0,20,195
23230,aftermath,discovery,0.1,0,0,100,0,20,195
23240,aftermath,discovery,0.1,0,0,100,0,20,195
23250,aftermath,discovery,0.1,0,0,100,0,20,195
23260,aftermath,discovery,0.1,0,0,100,0,20,195
23270,aftermath,discovery,0.1,0,0,100,0,20,195
23280,aftermath,discovery,0.1,0,0,100,0,20,195
23290,aftermath,discovery,0.1,0,0,100,0,20,195
23300,suspended:docked,discovery,,0,0,100,0,20,195
23310,suspended:docked,discovery,,0,0,100,0,20,195
23320,suspended:docked,discovery,,0,0,100,0,20,195
23330,suspended:docked,discovery,,0,0,100,0,20,195
23340,aftermath,discovery,0.08,0,0,100,0,20,195
23350,quiet,hunt,0.08,0,0,100,0,20,195
23360,quiet,hunt,0.08,0,0,100,0,20,195
23370,quiet,hunt,0.08,0,0,100,0,20,195
23380,quiet,hunt,0.08,0,0,100,0,20,195
23390,quiet,hunt,0.08,0,0,100,0,20,195
23400,peak,hunt,0.242,0.39,0.01205,100,1,20,196
23410,peak,hunt,0.422,0.422417,0.032795,100,1,20,196
23420,peak,hunt,0.602,0.438167,0.054385,100,1,20,196
23430,peak,hunt,0.7,0.438167,0.076686,100,1,20,196
23440,peak,hunt,0.7,0.430292,0.098987,100,1,20,196
23450,peak,hunt,0.7,0.3915,0.120822,100,0,20,196
23460,peak,hunt,0.7,0.438167,0.14315,100,1,19,197
23470,aftermath,hunt,0.65,0.430292,0.165729,100,1,19,197
23480,aftermath,hunt,0.15,0.438167,0.188352,100,1,19,197
23490,aftermath,hunt,0.074643,0.438167,0.211305,100,1,20,197
23500,aftermath,hunt,0.071889,0.430292,0.234259,100,1,19,198
23510,aftermath,hunt,0.069303,0.383625,0.255808,100,0,19,198
23520,aftermath,hunt,0.069593,0.327625,0.253394,100,0,19,198
23530,aftermath,hunt,0.080502,0.047625,0.162485,100,0,19,198
23540,aftermath,hunt,0.091411,0,0.071576,100,0,19,199
23550,aftermath,hunt,0.1,0,0,100,0,19,199
23560,aftermath,hunt,0.1,0,0,100,0,19,199
23570,aftermath,hunt,0.1,0,0,100,0,19,199
23580,aftermath,hunt,0.1,0,0,100,0,20,199
23590,aftermath,hunt,0.1,0,0,100,0,20,199
23600,quiet,discovery,0.08,0,0,100,0,20,199
23610,quiet,discovery,0.08,0,0,100,0,20,199
23620,quiet,discovery,0.08,0,0,100,0,20,199
23630,quiet,discovery,0.08,0,0,100,0,20,199
23640,quiet,discovery,0.08,0,0,100,0,20,199
23650,quiet,discovery,0.08,0,0,100,0,20,199
23660,quiet,discovery,0.08,0,0,100,0,20,199
23670,quiet,discovery,0.08,0,0,100,0,20,199
23680,peak,discovery,0.17,0.26,0.008,100,1,19,200
23690,peak,discovery,0.35,0.422417,0.028596,100,1,19,200
23700,peak,discovery,0.53,0.438167,0.049988,100,1,19,200
23710,peak,discovery,0.7,0.430292,0.072139,100,1,19,200
23720,peak,discovery,0.7,0.438167,0.094334,100,1,19,201
23730,aftermath,discovery,0.25,0.438167,0.116859,100,1,19,201
23740,aftermath,discovery,0.083625,0.37575,0.136459,100,0,19,201
23750,aftermath,discovery,0.090591,0.17975,0.078411,100,0,19,201
23760,aftermath,discovery,0.1,0,0,100,0,20,201
23770,aftermath,discovery,0.1,0,0,100,0,19,202
23780,aftermath,discovery,0.1,0,0,100,0,19,202
23790,aftermath,discovery,0.1,0,0,100,0,19,202
23800,aftermath,discovery,0.1,0,0,100,0,19,202
23810,aftermath,discovery,0.1,0,0,100,0,19,203
23820,aftermath,discovery,0.1,0,0,100,0,19,203
23830,aftermath,discovery,0.1,0,0,100,0,19,203
23840,aftermath,discovery,0.1,0,0,100,0,19,203
23850,quiet,voyage,0.08,0,0,100,0,20,203
23860,quiet,voyage,0.08,0,0,100,0,19,204
23870,quiet,voyage,0.08,0,0,100,0,19,204
23880,quiet,voyage,0.08,0,0,100,0,19,204
23890,quiet,voyage,0.08,0,0,100,0,19,204
23900,quiet,voyage,0.08,0,0,100,0,19,205
23910,quiet,voyage,0.08,0,0,100,0,19,205
23920,opportunity,voyage,0.188,0,0,100,0,19,205
23930,opportunity,voyage,0.23,0,0,100,0,19,205
23940,opportunity,voyage,0.23,0,0,100,0,20,205
23950,opportunity,voyage,0.23,0,0,100,0,20,205
23960,opportunity,voyage,0.23,0,0,100,0,20,205
23970,opportunity,voyage,0.23,0,0,100,0,20,205
23980,opportunity,voyage,0.23,0,0,100,0,20,205
23990,opportunity,voyage,0.23,0,0,100,0,20,205
24000,peak,voyage,0.284,0.195,0.00605,100,1,19,206
24010,peak,voyage,0.464,0.422417,0.026795,100,1,19,206
24020,peak,voyage,0.644,0.438167,0.048385,100,1,19,206
24030,peak,voyage,0.691518,0.438167,0.070686,100,1,20,206
24040,peak,voyage,0.688842,0.430292,0.092987,100,1,20,206
24050,peak,voyage,0.68616,0.438167,0.115332,100,1,20,206
24060,aftermath,voyage,0.534322,0.438167,0.137452,100,1,19,207
24070,aftermath,voyage,0.080792,0.430292,0.160064,100,1,19,207
24080,aftermath,voyage,0.078074,0.438167,0.182718,100,1,20,207
24090,aftermath,voyage,0.075316,0.438167,0.205704,100,1,20,207
24100,aftermath,voyage,0.072557,0.430292,0.228691,100,1,20,207
24110,aftermath,voyage,0.069904,0.383625,0.250802,100,0,20,207
24120,aftermath,voyage,0.067541,0.367875,0.270492,100,0,20,207
24130,aftermath,voyage,0.07845,0.087875,0.179583,100,0,20,207
24140,aftermath,voyage,0.089359,0,0.088674,100,0,20,207
24150,quiet,hunt,0.08,0,0,100,0,20,207
24160,quiet,hunt,0.08,0,0,100,0,20,207
24170,quiet,hunt,0.08,0,0,100,0,20,207
24180,quiet,hunt,0.08,0,0,100,0,20,207
24190,quiet,hunt,0.08,0,0,100,0,20,207
24200,opportunity,hunt,0.116,0,0,100,0,20,207
24210,opportunity,hunt,0.23,0,0,100,0,20,207
24220,opportunity,hunt,0.23,0,0,100,0,20,207
24230,opportunity,hunt,0.23,0,0,100,0,20,207
24240,opportunity,hunt,0.23,0,0,100,0,20,207
24250,opportunity,hunt,0.23,0,0,100,0,20,207
24260,opportunity,hunt,0.23,0,0,100,0,20,207
24270,opportunity,hunt,0.23,0,0,100,0,20,207
24280,peak,hunt,0.284,0.195,0.006,100,1,19,208
24290,peak,hunt,0.464,0.422417,0.026596,100,1,19,208
24300,peak,hunt,0.644,0.438167,0.047988,100,1,20,208
24310,peak,hunt,0.691583,0.430292,0.070139,100,1,20,208
24320,peak,hunt,0.68892,0.438167,0.092334,100,1,20,208
24330,peak,hunt,0.686217,0.438167,0.114859,100,1,20,208
24340,peak,hunt,0.683831,0.37575,0.134741,100,0,20,208
24350,aftermath,hunt,0.382936,0.20775,0.087654,100,0,20,208
24360,aftermath,hunt,0.1,0,0,100,0,20,208
24370,aftermath,hunt,0.1,0,0,100,0,20,208
24380,aftermath,hunt,0.1,0,0,100,0,20,208
24390,aftermath,hunt,0.1,0,0,100,0,20,208
24400,aftermath,hunt,0.1,0,0,100,0,20,208
24410,aftermath,hunt,0.1,0,0,100,0,20,208
24420,aftermath,hunt,0.1,0,0,100,0,20,208
24430,aftermath,hunt,0.1,0,0,100,0,20,208
24440,aftermath,hunt,0.1,0,0,100,0,20,208
24450,quiet,discovery,0.08,0,0,100,0,20,208
24460,quiet,discovery,0.08,0,0,100,0,20,208
24470,quiet,discovery,0.08,0,0,100,0,20,208
24480,quiet,discovery,0.08,0,0,100,0,20,208
24490,quiet,discovery,0.08,0,0,100,0,20,208
24500,quiet,discovery,0.08,0,0,100,0,20,208
24510,quiet,discovery,0.08,0,0,100,0,20,208
24520,quiet,discovery,0.08,0,0,100,0,20,208
24530,opportunity,discovery,0.17,0,0,100,0,20,208
24540,opportunity,discovery,0.23,0,0,100,0,20,208
24550,opportunity,discovery,0.23,0,0,100,0,20,208
24560,opportunity,discovery,0.23,0,0,100,0,20,208
24570,opportunity,discovery,0.23,0,0,100,0,20,208
24580,opportunity,discovery,0.23,0,0,100,0,20,208
24590,opportunity,discovery,0.23,0,0,100,0,20,208
24600,peak,discovery,0.248,0.065,0.00205,100,1,0,209
24610,peak,discovery,0.428,0.422417,0.022795,100,1,0,209
24620,peak,discovery,0.608,0.438167,0.044385,100,1,0,209
24630,peak,discovery,0.7,0.438167,0.066686,100,1,0,209
24640,peak,discovery,0.7,0.430292,0.088987,100,1,0,209
24650,aftermath,discovery,0.4,0.438167,0.111332,100,1,0,209
24660,aftermath,discovery,0.084188,0.37575,0.131769,100,0,0,209
24670,aftermath,discovery,0.087207,0.26375,0.106612,100,0,0,209
24680,aftermath,discovery,0.098116,0,0.015703,100,0,0,209
24690,aftermath,discovery,0.1,0,0,100,0,0,209
24700,aftermath,discovery,0.1,0,0,100,0,0,209
24710,aftermath,discovery,0.1,0,0,100,0,0,209
24720,aftermath,discovery,0.1,0,0,100,0,0,209
24730,aftermath,discovery,0.1,0,0,100,0,0,209
24740,aftermath,discovery,0.1,0,0,100,0,0,209
24750,aftermath,discovery,0.1,0,0,100,0,0,209
24760,aftermath,discovery,0.1,0,0,100,0,0,209
24770,quiet,hunt,0.08,0,0,100,0,0,209
24780,quiet,hunt,0.08,0,0,100,0,0,209
24790,quiet,hunt,0.08,0,0,100,0,0,209
24800,quiet,hunt,0.08,0,0,100,0,0,209
24810,quiet,hunt,0.08,0,0,100,0,0,209
24820,opportunity,hunt,0.23,0,0,100,0,0,209
24830,opportunity,hunt,0.23,0,0,100,0,0,209
24840,opportunity,hunt,0.23,0,0,100,0,0,209
24850,opportunity,hunt,0.23,0,0,100,0,0,209
24860,opportunity,hunt,0.23,0,0,100,0,0,209
24870,opportunity,hunt,0.23,0,0,100,0,0,209
24880,opportunity,hunt,0.23,0,0,100,0,0,209
24890,opportunity,hunt,0.23,0,0,100,0,0,209
24900,build,hunt,0.302,0,0,100,0,0,209
24910,build,hunt,0.482,0,0,100,0,0,209
24920,build,hunt,0.585,0,0,100,0,0,209
24930,build,hunt,0.585,0,0,100,0,0,209
24940,build,hunt,0.585,0,0,100,0,0,209
24950,build,hunt,0.585,0,0,100,0,0,209
24960,build,hunt,0.585,0,0,100,0,0,209
24970,build,hunt,0.585,0,0,100,0,0,209
24980,build,hunt,0.585,0,0,100,0,0,210
24990,build,hunt,0.585,0,0,100,0,0,210
25000,build,hunt,0.585,0,0,100,0,0,210
25010,build,hunt,0.585,0,0,100,0,0,210
25020,build,hunt,0.585,0,0,100,0,1,210
25030,peak,hunt,0.7,0.414542,0.016248,100,1,0,211
25040,peak,hunt,0.7,0.430292,0.037342,100,1,0,211
25050,peak,hunt,0.7,0.438167,0.059188,100,1,0,211
25060,peak,hunt,0.7,0.430292,0.081414,100,1,0,211
25070,peak,hunt,0.7,0.438167,0.103684,100,1,0,212
25080,peak,hunt,0.7,0.383625,0.125202,100,0,0,212
25090,aftermath,hunt,0.65,0.355625,0.133345,100,0,0,212
25100,suspended:docked,hunt,,0.103625,0.051526,100,0,0,212
25110,suspended:docked,hunt,,0.103625,0.051526,100,0,1,212
25120,suspended:docked,hunt,,0.103625,0.051526,100,0,1,212
25130,suspended:docked,hunt,,0.103625,0.051526,100,0,1,212
25140,aftermath,hunt,0.15,0.075625,0.042435,100,0,1,212
25150,aftermath,hunt,0.08,0,0,100,0,1,212
25160,aftermath,hunt,0.1,0,0,100,0,2,212
25170,aftermath,hunt,0.1,0,0,100,0,2,212
25180,aftermath,hunt,0.1,0,0,100,0,2,212
25190,aftermath,hunt,0.1,0,0,100,0,2,212
25200,aftermath,hunt,0.1,0,0,100,0,3,212
25210,aftermath,hunt,0.1,0,0,100,0,2,213
25220,aftermath,hunt,0.1,0,0,100,0,2,213
25230,aftermath,hunt,0.1,0,0,100,0,2,213
25240,quiet,voyage,0.08,0,0,100,0,2,213
25250,quiet,voyage,0.08,0,0,100,0,2,214
25260,quiet,voyage,0.08,0,0,100,0,2,214
25270,quiet,voyage,0.08,0,0,100,0,2,214
25280,quiet,voyage,0.08,0,0,100,0,2,214
25290,quiet,voyage,0.08,0,0,100,0,3,214
25300,quiet,voyage,0.08,0,0,100,0,2,215
25310,opportunity,voyage,0.224,0,0,100,0,2,215
25320,opportunity,voyage,0.23,0,0,100,0,2,215
25330,opportunity,voyage,0.23,0,0,100,0,2,215
25340,peak,voyage,0.284,0.195,0.006149,100,1,2,216
25350,peak,voyage,0.464,0.430292,0.027043,100,1,2,216
25360,peak,voyage,0.644,0.430292,0.04874,100,1,2,216
25370,peak,voyage,0.7,0.438167,0.07086,100,1,2,216
25380,peak,voyage,0.7,0.438167,0.093311,100,1,3,216
25390,peak,voyage,0.7,0.430292,0.115762,100,1,3,216
25400,aftermath,voyage,0.55,0.37575,0.135264,100,0,3,216
25410,aftermath,voyage,0.089419,0.20775,0.088177,100,0,3,216
25420,aftermath,voyage,0.1,0,0,100,0,3,216
25430,aftermath,voyage,0.1,0,0,100,0,3,217
25440,aftermath,voyage,0.1,0,0,100,0,3,217
25450,aftermath,voyage,0.1,0,0,100,0,3,217
25460,aftermath,voyage,0.1,0,0,100,0,3,217
25470,aftermath,voyage,0.1,0,0,100,0,4,217
25480,aftermath,voyage,0.1,0,0,100,0,4,217
25490,aftermath,voyage,0.1,0,0,100,0,4,217
25500,aftermath,voyage,0.1,0,0,100,0,4,217
25510,aftermath,voyage,0.1,0,0,100,0,4,217
25520,quiet,discovery,0.08,0,0,100,0,5,217
25530,quiet,discovery,0.08,0,0,100,0,5,217
25540,quiet,discovery,0.08,0,0,100,0,5,217
25550,quiet,discovery,0.08,0,0,100,0,5,217
25560,quiet,discovery,0.08,0,0,100,0,6,217
25570,quiet,discovery,0.08,0,0,100,0,5,218
25580,quiet,discovery,0.08,0,0,100,0,5,218
25590,quiet,discovery,0.08,0,0,100,0,5,218
25600,opportunity,discovery,0.134,0,0,100,0,5,218
25610,peak,discovery,0.314,0.422417,0.018596,100,1,5,219
25620,peak,discovery,0.494,0.438167,0.039988,100,1,5,219
25630,peak,discovery,0.674,0.430292,0.062139,100,1,5,219
25640,peak,discovery,0.7,0.438167,0.084334,100,1,5,219
25650,aftermath,discovery,0.5,0.438167,0.106859,100,1,6,219
25660,aftermath,discovery,0.084659,0.37575,0.127839,100,0,6,219
25670,aftermath,discovery,0.085045,0.31975,0.124625,100,0,6,219
25680,aftermath,discovery,0.095954,0.03975,0.033716,100,0,6,219
25690,aftermath,discovery,0.1,0,0,100,0,6,219
25700,aftermath,discovery,0.1,0,0,100,0,7,219
25710,aftermath,discovery,0.1,0,0,100,0,7,219
25720,aftermath,discovery,0.1,0,0,100,0,7,219
25730,aftermath,discovery,0.1,0,0,100,0,7,219
25740,aftermath,discovery,0.1,0,0,100,0,8,219
25750,aftermath,discovery,0.1,0,0,100,0,7,220
25760,aftermath,discovery,0.1,0,0,100,0,7,220
25770,aftermath,discovery,0.1,0,0,100,0,7,220
25780,quiet,hunt,0.08,0,0,100,0,7,220
25790,quiet,hunt,0.08,0,0,100,0,7,221
25800,quiet,hunt,0.08,0,0,100,0,7,221
25810,quiet,hunt,0.08,0,0,100,0,7,221
25820,quiet,hunt,0.08,0,0,100,0,7,221
25830,opportunity,hunt,0.17,0,0,100,0,8,221
25840,opportunity,hunt,0.23,0,0,100,0,8,221
25850,opportunity,hunt,0.23,0,0,100,0,8,221
25860,opportunity,hunt,0.23,0,0,100,0,8,221
25870,opportunity,hunt,0.23,0,0,100,0,8,221
25880,opportunity,hunt,0.23,0,0,100,0,8,222
25890,opportunity,hunt,0.23,0,0,100,0,8,222
25900,opportunity,hunt,0.23,0,0,100,0,8,222
25910,opportunity,hunt,0.23,0,0,100,0,8,222
25920,peak,hunt,0.41,0.422417,0.018397,100,1,8,223
25930,peak,hunt,0.59,0.430292,0.03964,100,1,7,224
25940,peak,hunt,0.692598,0.438167,0.061684,100,1,7,224
25950,peak,hunt,0.689913,0.438167,0.08406,100,1,7,224
25960,peak,hunt,0.687228,0.430292,0.106437,100,1,7,224
25970,peak,hunt,0.684601,0.438167,0.128327,100,1,7,225
25980,peak,hunt,0.681878,0.438167,0.151013,100,1,7,225
25990,aftermath,hunt,0.480251,0.430292,0.173699,100,1,7,225
26000,aftermath,hunt,0.076429,0.438167,0.196429,100,1,7,225
26010,aftermath,hunt,0.073661,0.438167,0.219489,100,1,8,225
26020,aftermath,hunt,0.070894,0.430292,0.242551,100,1,8,225
26030,aftermath,hunt,0.06848,0.37575,0.262663,100,0,8,225
26040,aftermath,hunt,0.074102,0.20775,0.21582,100,0,8,225
26050,aftermath,hunt,0.085011,0,0.124911,100,0,8,225
26060,aftermath,hunt,0.09592,0,0.034002,100,0,8,226
26070,aftermath,hunt,0.1,0,0,100,0,8,226
26080,aftermath,hunt,0.1,0,0,100,0,8,226
26090,quiet,discovery,0.08,0,0,100,0,8,226
26100,quiet,discovery,0.08,0,0,100,0,9,226
26110,quiet,discovery,0.08,0,0,100,0,8,227
26120,quiet,discovery,0.08,0,0,100,0,8,227
26130,quiet,discovery,0.08,0,0,100,0,8,227
26140,quiet,discovery,0.08,0,0,100,0,8,227
26150,quiet,discovery,0.08,0,0,100,0,8,228
26160,quiet,discovery,0.08,0,0,100,0,8,228
26170,opportunity,discovery,0.098,0,0,100,0,8,228
26180,opportunity,discovery,0.23,0,0,100,0,8,228
26190,opportunity,discovery,0.23,0,0,100,0,9,228
26200,opportunity,discovery,0.23,0,0,100,0,8,229
26210,peak,discovery,0.374,0.414542,0.016149,100,1,7,230
26220,peak,discovery,0.554,0.430292,0.037043,100,1,7,230
26230,peak,discovery,0.692951,0.430292,0.05874,100,1,7,230
26240,peak,discovery,0.690297,0.438167,0.08086,100,1,8,230
26250,aftermath,discovery,0.538413,0.438167,0.103311,100,1,8,230
26260,aftermath,discovery,0.085032,0.383625,0.12473,100,0,8,230
26270,aftermath,discovery,0.084055,0.355625,0.132872,100,0,8,230
26280,aftermath,discovery,0.094964,0.075625,0.041963,100,0,9,230
26290,aftermath,discovery,0.1,0,0,100,0,8,231
26300,aftermath,discovery,0.1,0,0,100,0,8,231
26310,aftermath,discovery,0.1,0,0,100,0,8,231
26320,aftermath,discovery,0.1,0,0,100,0,8,231
26330,aftermath,discovery,0.1,0,0,100,0,9,231
26340,aftermath,discovery,0.1,0,0,100,0,9,231
26350,aftermath,discovery,0.1,0,0,100,0,9,231
26360,quiet,voyage,0.08,0,0,100,0,9,231
26370,quiet,voyage,0.08,0,0,100,0,10,231
26380,quiet,voyage,0.08,0,0,100,0,9,232
26390,quiet,voyage,0.08,0,0,100,0,9,232
26400,quiet,voyage,0.08,0,0,100,0,9,232
26410,quiet,voyage,0.08,0,0,100,0,9,232
26420,opportunity,voyage,0.152,0,0,100,0,9,233
26430,opportunity,voyage,0.23,0,0,100,0,9,233
26440,opportunity,voyage,0.23,0,0,100,0,9,233
26450,opportunity,voyage,0.23,0,0,100,0,9,233
26460,opportunity,voyage,0.23,0,0,100,0,10,233
26470,opportunity,voyage,0.23,0,0,100,0,10,233
26480,opportunity,voyage,0.23,0,0,100,0,10,233
26490,opportunity,voyage,0.23,0,0,100,0,10,233
26500,opportunity,voyage,0.23,0,0,100,0,10,233
26510,opportunity,voyage,0.23,0,0,100,0,10,234
26520,opportunity,voyage,0.23,0,0,100,0,10,234
26530,opportunity,voyage,0.23,0,0,100,0,10,234
26540,peak,voyage,0.392,0.195,0.006149,100,1,9,235
26550,peak,voyage,0.572,0.430292,0.027043,100,1,10,235
26560,peak,voyage,0.7,0.430292,0.04874,100,1,10,235
26570,peak,voyage,0.7,0.438167,0.07086,100,1,10,235
26580,peak,voyage,0.7,0.438167,0.093311,100,1,10,235
26590,peak,voyage,0.7,0.430292,0.115762,100,1,10,235
26600,aftermath,voyage,0.55,0.430292,0.136982,100,1,10,236
26610,aftermath,voyage,0.080894,0.430292,0.159213,100,1,10,236
26620,aftermath,voyage,0.078222,0.430292,0.181487,100,1,10,236
26630,aftermath,voyage,0.075498,0.438167,0.204184,100,1,10,236
26640,aftermath,voyage,0.072734,0.438167,0.227213,100,1,11,236
26650,aftermath,voyage,0.070032,0.390042,0.249732,100,0,11,236
26660,aftermath,voyage,0.067664,0.37575,0.269464,100,0,11,236
26670,aftermath,voyage,0.077252,0.12375,0.189563,100,0,11,236
26680,aftermath,voyage,0.088161,0,0.098654,100,0,11,236
26690,aftermath,voyage,0.099071,0,0.007745,100,0,12,236
26700,recovery,voyage,0.05,0.065,0.003473,100,0,12,236
26710,recovery,voyage,0.025438,0.633,0.038019,100,0,12,236
26720,recovery,voyage,0.03,0.409,0,100,0,12,236
26730,recovery,voyage,0.03,0.245,0,100,0,13,236
26740,recovery,voyage,0.03,0,0,100,0,13,236
26750,recovery,voyage,0.03,0,0,100,0,13,236
26760,recovery,voyage,0.03,0,0,100,0,13,236
26770,recovery,voyage,0.03,0,0,100,0,13,236
26780,recovery,voyage,0.03,0,0,100,0,14,236
26790,aftermath,voyage,0.048,0,0,100,0,14,236
26800,aftermath,voyage,0.1,0,0,100,0,14,236
26810,aftermath,voyage,0.1,0,0,100,0,14,236
26820,aftermath,voyage,0.1,0,0,100,0,15,236
26830,aftermath,voyage,0.1,0,0,100,0,15,236
26840,aftermath,voyage,0.1,0,0,100,0,15,236
26850,aftermath,voyage,0.1,0,0,100,0,15,236
26860,aftermath,voyage,0.1,0,0,100,0,15,236
26870,aftermath,voyage,0.1,0,0,100,0,16,236
26880,aftermath,voyage,0.1,0,0,100,0,16,236
26890,quiet,hunt,0.08,0,0,100,0,16,236
26900,suspended:docked,hunt,,0,0,100,0,16,236
26910,suspended:docked,hunt,,0,0,100,0,17,236
26920,suspended:docked,hunt,,0,0,100,0,17,236
26930,suspended:docked,hunt,,0,0,100,0,17,236
26940,quiet,hunt,0.08,0,0,100,0,17,236
26950,quiet,hunt,0.08,0,0,100,0,17,236
26960,quiet,hunt,0.08,0,0,100,0,17,237
26970,quiet,hunt,0.08,0,0,100,0,17,237
26980,peak,hunt,0.152,0.195,0.006,100,1,16,238
26990,peak,hunt,0.332,0.422417,0.026596,100,1,16,238
27000,peak,hunt,0.512,0.438167,0.047988,100,1,17,238
27010,peak,hunt,0.692,0.430292,0.070139,100,1,17,238
27020,peak,hunt,0.7,0.438167,0.092334,100,1,17,238
27030,peak,hunt,0.7,0.438167,0.114859,100,1,17,238
27040,peak,hunt,0.7,0.37575,0.134741,100,0,17,238
27050,aftermath,hunt,0.4,0.20775,0.087654,100,0,18,238
27060,aftermath,hunt,0.1,0,0,100,0,18,238
27070,aftermath,hunt,0.1,0,0,100,0,18,238
27080,aftermath,hunt,0.1,0,0,100,0,18,238
27090,aftermath,hunt,0.1,0,0,100,0,19,238
27100,aftermath,hunt,0.1,0,0,100,0,19,238
27110,aftermath,hunt,0.1,0,0,100,0,19,238
27120,aftermath,hunt,0.1,0,0,100,0,19,238
27130,aftermath,hunt,0.1,0,0,100,0,19,238
27140,aftermath,hunt,0.1,0,0,100,0,20,238
27150,aftermath,hunt,0.1,0,0,100,0,20,238
27160,aftermath,hunt,0.1,0,0,100,0,20,238
27170,quiet,discovery,0.08,0,0,100,0,20,238
27180,quiet,discovery,0.08,0,0,100,0,20,238
27190,quiet,discovery,0.08,0,0,100,0,20,238
27200,quiet,discovery,0.08,0,0,100,0,19,239
27210,quiet,discovery,0.08,0,0,100,0,19,239
27220,quiet,discovery,0.08,0,0,100,0,19,239
27230,quiet,discovery,0.08,0,0,100,0,19,240
27240,quiet,discovery,0.08,0,0,100,0,19,240
27250,opportunity,discovery,0.098,0,0,100,1,18,241
27260,peak,discovery,0.278,0.422417,0.020596,100,1,18,241
27270,peak,discovery,0.458,0.438167,0.041988,100,1,19,241
27280,peak,discovery,0.638,0.430292,0.064139,100,1,19,241
27290,peak,discovery,0.7,0.438167,0.086334,100,1,19,241
27300,aftermath,discovery,0.45,0.438167,0.108859,100,1,19,241
27310,aftermath,discovery,0.084452,0.37575,0.129569,100,0,19,241
27320,aftermath,discovery,0.086154,0.29175,0.115382,100,0,19,242
27330,aftermath,discovery,0.097063,0.01175,0.024473,100,0,19,242
27340,aftermath,discovery,0.1,0,0,100,0,19,242
27350,aftermath,discovery,0.1,0,0,100,0,19,242
27360,aftermath,discovery,0.1,0,0,100,0,20,242
27370,aftermath,discovery,0.1,0,0,100,0,20,242
27380,aftermath,discovery,0.1,0,0,100,0,20,242
27390,aftermath,discovery,0.1,0,0,100,0,20,242
27400,aftermath,discovery,0.1,0,0,100,0,20,242
27410,aftermath,discovery,0.1,0,0,100,0,20,242
27420,aftermath,discovery,0.1,0,0,100,0,20,242
27430,quiet,hunt,0.08,0,0,100,0,20,242
27440,quiet,hunt,0.08,0,0,100,0,20,242
27450,quiet,hunt,0.08,0,0,100,0,20,242
27460,quiet,hunt,0.08,0,0,100,0,20,242
27470,quiet,hunt,0.08,0,0,100,0,20,242
27480,opportunity,hunt,0.206,0,0,100,0,20,242
27490,opportunity,hunt,0.23,0,0,100,0,20,242
27500,opportunity,hunt,0.23,0,0,100,0,20,242
27510,opportunity,hunt,0.23,0,0,100,0,20,242
27520,opportunity,hunt,0.23,0,0,100,0,20,242
27530,opportunity,hunt,0.23,0,0,100,0,20,242
27540,opportunity,hunt,0.23,0,0,100,0,20,242
27550,opportunity,hunt,0.23,0,0,100,0,20,242
27560,build,hunt,0.266,0,0,100,1,19,243
27570,peak,hunt,0.446,0.422417,0.020398,100,1,19,243
27580,peak,hunt,0.626,0.430292,0.04164,100,1,19,243
27590,peak,hunt,0.7,0.438167,0.063684,100,1,20,243
27600,peak,hunt,0.689673,0.438167,0.08606,100,1,20,243
27610,peak,hunt,0.686988,0.430292,0.108437,100,1,20,243
27620,peak,hunt,0.684362,0.438167,0.13032,100,1,19,244
27630,peak,hunt,0.681639,0.438167,0.153006,100,1,20,244
27640,aftermath,hunt,0.430288,0.430292,0.175693,100,1,19,245
27650,aftermath,hunt,0.076189,0.438167,0.198422,100,1,19,245
27660,aftermath,hunt,0.073422,0.438167,0.221483,100,1,19,245
27670,aftermath,hunt,0.070655,0.430292,0.244545,100,1,19,245
27680,aftermath,hunt,0.068275,0.37575,0.264374,100,0,20,245
27690,aftermath,hunt,0.075219,0.17975,0.20651,100,0,20,245
27700,aftermath,hunt,0.086128,0,0.1156,100,0,20,245
27710,aftermath,hunt,0.097037,0,0.024691,100,0,20,245
27720,aftermath,hunt,0.1,0,0,100,0,20,245
27730,aftermath,hunt,0.1,0,0,100,0,20,245
27740,quiet,voyage,0.08,0,0,100,0,20,245
27750,quiet,voyage,0.08,0,0,100,0,20,245
27760,quiet,voyage,0.08,0,0,100,0,20,245
27770,quiet,voyage,0.08,0,0,100,0,20,245
27780,quiet,voyage,0.08,0,0,100,0,20,245
27790,quiet,voyage,0.08,0,0,100,0,20,245
27800,opportunity,voyage,0.134,0,0,100,0,20,245
27810,opportunity,voyage,0.23,0,0,100,0,20,245
27820,opportunity,voyage,0.23,0,0,100,0,20,245
27830,opportunity,voyage,0.23,0,0,100,0,20,245
27840,opportunity,voyage,0.23,0,0,100,0,20,245
27850,opportunity,voyage,0.23,0,0,100,0,20,245
27860,peak,voyage,0.374,0.414542,0.016149,100,1,20,246
27870,peak,voyage,0.554,0.430292,0.037043,100,1,20,246
27880,peak,voyage,0.692951,0.430292,0.05874,100,1,20,246
27890,peak,voyage,0.690297,0.438167,0.08086,100,1,20,246
27900,peak,voyage,0.687603,0.438167,0.103311,100,1,20,246
27910,peak,voyage,0.685032,0.383625,0.12473,100,0,20,246
27920,aftermath,voyage,0.28457,0.355625,0.132872,100,0,20,246
27930,aftermath,voyage,0.094964,0.075625,0.041963,100,0,20,246
27940,aftermath,voyage,0.1,0,0,100,0,20,246
27950,aftermath,voyage,0.1,0,0,100,0,20,246
27960,aftermath,voyage,0.1,0,0,100,0,20,246
27970,aftermath,voyage,0.1,0,0,100,0,20,246
27980,aftermath,voyage,0.1,0,0,100,0,20,246
27990,aftermath,voyage,0.1,0,0,100,0,20,246
28000,aftermath,voyage,0.1,0,0,100,0,20,246
28010,quiet,discovery,0.08,0,0,100,0,20,246
28020,quiet,discovery,0.08,0,0,100,0,20,246
28030,quiet,discovery,0.08,0,0,100,0,20,246
28040,quiet,discovery,0.08,0,0,100,0,20,246
28050,quiet,discovery,0.08,0,0,100,0,20,246
28060,quiet,discovery,0.08,0,0,100,0,20,246
28070,quiet,discovery,0.08,0,0,100,0,20,246
28080,quiet,discovery,0.08,0,0,100,0,20,246
28090,opportunity,discovery,0.116,0,0,100,0,20,246
28100,opportunity,discovery,0.23,0,0,100,0,20,246
28110,opportunity,discovery,0.23,0,0,100,0,20,246
28120,opportunity,discovery,0.23,0,0,100,0,20,246
28130,opportunity,discovery,0.23,0,0,100,0,20,246
28140,opportunity,discovery,0.23,0,0,100,0,20,246
28150,opportunity,discovery,0.23,0,0,100,0,20,246
28160,opportunity,discovery,0.23,0,0,100,0,20,246
28170,opportunity,discovery,0.23,0,0,100,0,20,246
28180,opportunity,discovery,0.23,0,0,100,0,20,246
28190,opportunity,discovery,0.23,0,0,100,0,20,246
28200,opportunity,discovery,0.23,0,0,100,0,20,246
28210,opportunity,discovery,0.23,0,0,100,0,20,246
28220,peak,discovery,0.284,0.195,0.006149,100,1,19,247
28230,peak,discovery,0.464,0.430292,0.027043,100,1,19,247
28240,peak,discovery,0.644,0.430292,0.04874,100,1,19,247
28250,peak,discovery,0.7,0.438167,0.07086,100,1,19,247
28260,peak,discovery,0.7,0.438167,0.093311,100,1,20,247
28270,aftermath,discovery,0.3,0.430292,0.115762,100,1,20,247
28280,aftermath,discovery,0.083768,0.37575,0.135264,100,0,20,247
28290,aftermath,discovery,0.089419,0.20775,0.088177,100,0,20,247
28300,aftermath,discovery,0.1,0,0,100,0,20,247
28310,aftermath,discovery,0.1,0,0,100,0,20,247
28320,aftermath,discovery,0.1,0,0,100,0,20,247
28330,aftermath,discovery,0.1,0,0,100,0,20,247
28340,aftermath,discovery,0.1,0,0,100,0,20,247
28350,aftermath,discovery,0.1,0,0,100,0,20,247
28360,aftermath,discovery,0.1,0,0,100,0,20,247
28370,aftermath,discovery,0.1,0,0,100,0,20,247
28380,quiet,hunt,0.08,0,0,100,0,20,247
28390,quiet,hunt,0.08,0,0,100,0,20,247
28400,quiet,hunt,0.08,0,0,100,0,20,247
28410,quiet,hunt,0.08,0,0,100,0,20,247
28420,quiet,hunt,0.08,0,0,100,0,20,247
28430,opportunity,hunt,0.116,0,0,100,0,20,247
28440,opportunity,hunt,0.23,0,0,100,0,20,247
28450,opportunity,hunt,0.23,0,0,100,0,20,247
28460,peak,hunt,0.32,0.325,0.010149,100,1,19,248
28470,peak,hunt,0.5,0.430292,0.031043,100,1,19,248
28480,peak,hunt,0.68,0.430292,0.05274,100,1,19,248
28490,peak,hunt,0.7,0.438167,0.07486,100,1,19,249
28500,peak,hunt,0.7,0.438167,0.097311,100,1,19,249
28510,peak,hunt,0.7,0.418042,0.119509,100,0,19,249
28520,peak,hunt,0.7,0.430292,0.140413,100,1,18,250
28530,peak,hunt,0.7,0.430292,0.16258,100,1,19,250
28540,aftermath,hunt,0.2,0.430292,0.184789,100,1,19,250
28550,aftermath,hunt,0.075109,0.438167,0.207421,100,1,19,250
28560,aftermath,hunt,0.072354,0.438167,0.230384,100,1,19,250
28570,aftermath,hunt,0.069659,0.390042,0.252839,100,0,19,250
28580,aftermath,hunt,0.067299,0.37575,0.272506,100,0,19,251
28590,aftermath,hunt,0.076888,0.12375,0.192599,100,0,19,251
28600,aftermath,hunt,0.087797,0,0.101689,100,0,19,251
28610,aftermath,hunt,0.098706,0,0.01078,100,0,19,251
28620,aftermath,hunt,0.1,0,0,100,0,20,251
28630,aftermath,hunt,0.1,0,0,100,0,20,251
28640,quiet,discovery,0.08,0,0,100,0,20,251
28650,quiet,discovery,0.08,0,0,100,0,20,251
28660,quiet,discovery,0.08,0,0,100,0,20,251
28670,quiet,discovery,0.08,0,0,100,0,20,251
28680,quiet,discovery,0.08,0,0,100,0,20,251
28690,quiet,discovery,0.08,0,0,100,0,20,251
28700,suspended:docked,discovery,,0,0,100,0,20,251
28710,suspended:docked,discovery,,0,0,100,0,20,251
28720,suspended:docked,discovery,,0,0,100,0,20,251
28730,suspended:docked,discovery,,0,0,100,0,20,251
28740,quiet,discovery,0.08,0,0,100,0,20,251
28750,quiet,discovery,0.08,0,0,100,0,20,251
28760,quiet,discovery,0.08,0,0,100,0,20,251
28770,opportunity,discovery,0.188,0,0,100,0,20,251
28780,opportunity,discovery,0.23,0,0,100,0,20,251
28790,opportunity,discovery,0.23,0,0,100,0,20,251
28800,opportunity,discovery,0.23,0,0,100,0,20,251
28810,opportunity,discovery,0.23,0,0,100,0,20,251
28820,opportunity,discovery,0.23,0,0,100,1,19,252
28830,peak,discovery,0.41,0.422417,0.020398,100,1,19,252
28840,peak,discovery,0.59,0.430292,0.04164,100,1,19,252
28850,peak,discovery,0.7,0.438167,0.063684,100,1,20,252
28860,peak,discovery,0.7,0.438167,0.08606,100,1,20,252
28870,aftermath,discovery,0.45,0.430292,0.108437,100,1,20,252
28880,aftermath,discovery,0.084503,0.383625,0.129139,100,0,20,252
28890,aftermath,discovery,0.08617,0.299625,0.115247,100,0,20,252
28900,aftermath,discovery,0.097079,0.019625,0.024338,100,0,20,252
28910,aftermath,discovery,0.1,0,0,100,0,20,252
28920,aftermath,discovery,0.1,0,0,100,0,20,252
28930,aftermath,discovery,0.1,0,0,100,0,20,252
28940,aftermath,discovery,0.1,0,0,100,0,20,252
28950,aftermath,discovery,0.1,0,0,100,0,20,252
28960,aftermath,discovery,0.1,0,0,100,0,20,252
28970,aftermath,discovery,0.1,0,0,100,0,20,252
28980,aftermath,discovery,0.1,0,0,100,0,20,252
28990,aftermath,discovery,0.1,0,0,100,0,20,252
29000,quiet,voyage,0.08,0,0,100,0,20,252
29010,quiet,voyage,0.08,0,0,100,0,20,252
29020,quiet,voyage,0.08,0,0,100,0,20,252
29030,quiet,voyage,0.08,0,0,100,0,20,252
29040,quiet,voyage,0.08,0,0,100,0,20,252
29050,quiet,voyage,0.08,0,0,100,0,20,252
29060,peak,voyage,0.116,0.065,0.002,100,1,19,253
29070,peak,voyage,0.296,0.422417,0.022398,100,1,20,253
29080,peak,voyage,0.476,0.430292,0.04364,100,1,19,254
29090,peak,voyage,0.656,0.438167,0.065684,100,1,19,254
29100,peak,voyage,0.7,0.438167,0.08806,100,1,19,254
29110,peak,voyage,0.7,0.430292,0.110437,100,1,19,254
29120,aftermath,voyage,0.65,0.438167,0.132314,100,1,19,255
29130,aftermath,voyage,0.15,0.438167,0.155,100,1,19,255
29140,aftermath,voyage,0.078678,0.430292,0.177686,100,1,18,256
29150,aftermath,voyage,0.07595,0.438167,0.200416,100,1,18,256
29160,aftermath,voyage,0.073183,0.438167,0.223476,100,1,19,256
29170,aftermath,voyage,0.070446,0.418042,0.246285,100,0,18,257
29180,aftermath,voyage,0.06807,0.37575,0.266082,100,0,18,257
29190,aftermath,voyage,0.076336,0.15175,0.197199,100,0,18,257
29200,aftermath,voyage,0.087245,0,0.10629,100,0,18,257
29210,aftermath,voyage,0.098154,0,0.015381,100,0,18,258
29220,aftermath,voyage,0.1,0,0,100,0,18,258
29230,aftermath,voyage,0.1,0,0,100,0,18,258
29240,quiet,hunt,0.08,0,0,100,0,18,258
29250,quiet,hunt,0.08,0,0,100,0,19,258
29260,quiet,hunt,0.08,0,0,100,0,18,259
29270,quiet,hunt,0.08,0,0,100,0,18,259
29280,quiet,hunt,0.08,0,0,100,0,18,259
29290,opportunity,hunt,0.188,0,0,100,0,18,259
29300,opportunity,hunt,0.23,0,0,100,0,19,259
29310,opportunity,hunt,0.23,0,0,100,0,18,260
29320,opportunity,hunt,0.23,0,0,100,0,18,260
29330,opportunity,hunt,0.23,0,0,100,0,18,260
29340,opportunity,hunt,0.23,0,0,100,0,19,260
29350,opportunity,hunt,0.23,0,0,100,0,19,260
29360,opportunity,hunt,0.23,0,0,100,0,18,261
29370,build,hunt,0.248,0,0,100,0,18,261
29380,build,hunt,0.428,0,0,100,0,18,261
29390,build,hunt,0.608,0,0,100,0,19,261
29400,build,hunt,0.61,0,0,100,0,18,262
29410,build,hunt,0.61,0,0,100,0,18,262
29420,build,hunt,0.61,0,0,100,0,18,262
29430,build,hunt,0.61,0,0,100,0,19,262
29440,build,hunt,0.56,0,0,100,0,19,262
29450,build,hunt,0.56,0,0,100,0,19,262
29460,build,hunt,0.56,0,0,100,0,19,262
29470,build,hunt,0.56,0,0,100,0,19,262
29480,build,hunt,0.56,0,0,100,0,20,262
29490,build,hunt,0.56,0,0,100,0,20,262
29500,build,hunt,0.56,0,0,100,0,20,262
29510,build,hunt,0.56,0,0,100,0,20,262
29520,opportunity,hunt,0.26,0,0,100,0,20,262
29530,opportunity,hunt,0.23,0,0,100,0,20,262
29540,opportunity,hunt,0.23,0,0,100,0,20,262
29550,opportunity,hunt,0.23,0,0,100,0,20,262
29560,opportunity,hunt,0.23,0,0,100,0,20,262
29570,opportunity,hunt,0.23,0,0,100,0,20,262
29580,opportunity,hunt,0.23,0,0,100,0,20,262
29590,peak,hunt,0.392,0.414542,0.018248,100,1,19,263
29600,peak,hunt,0.572,0.430292,0.039342,100,1,19,263
29610,peak,hunt,0.692657,0.438167,0.061188,100,1,19,264
29620,peak,hunt,0.68999,0.430292,0.083414,100,1,19,264
29630,peak,hunt,0.687318,0.438167,0.105684,100,1,19,264
29640,peak,hunt,0.684768,0.383625,0.126936,100,0,19,264
29650,aftermath,hunt,0.582931,0.327625,0.12406,100,0,19,264
29660,aftermath,hunt,0.096022,0.047625,0.033151,100,0,20,264
29670,aftermath,hunt,0.1,0,0,100,0,20,264
29680,aftermath,hunt,0.1,0,0,100,0,20,264
29690,aftermath,hunt,0.1,0,0,100,0,20,264
29700,aftermath,hunt,0.1,0,0,100,0,20,264
29710,aftermath,hunt,0.1,0,0,100,0,20,264
29720,aftermath,hunt,0.1,0,0,100,0,20,264
29730,aftermath,hunt,0.1,0,0,100,0,20,264
29740,aftermath,hunt,0.1,0,0,100,0,20,264
29750,quiet,discovery,0.08,0,0,100,0,20,264
29760,quiet,discovery,0.08,0,0,100,0,20,264
29770,quiet,discovery,0.08,0,0,100,0,20,264
29780,quiet,discovery,0.08,0,0,100,0,20,264
29790,quiet,discovery,0.08,0,0,100,0,20,264
29800,quiet,discovery,0.08,0,0,100,0,20,264
29810,quiet,discovery,0.08,0,0,100,0,20,264
29820,quiet,discovery,0.08,0,0,100,0,20,264
29830,opportunity,discovery,0.098,0,0,100,0,20,264
29840,peak,discovery,0.278,0.414542,0.014149,100,1,20,265
29850,peak,discovery,0.458,0.430292,0.035043,100,1,20,265
29860,peak,discovery,0.638,0.430292,0.05674,100,1,20,265
29870,peak,discovery,0.690537,0.438167,0.07886,100,1,20,265
29880,aftermath,discovery,0.588382,0.438167,0.101311,100,1,20,265
29890,aftermath,discovery,0.088382,0.383625,0.122993,100,0,20,265
29900,aftermath,discovery,0.082946,0.37575,0.142115,100,0,20,265
29910,aftermath,discovery,0.093855,0.09575,0.051206,100,0,20,265
29920,aftermath,discovery,0.1,0,0,100,0,20,265
29930,aftermath,discovery,0.1,0,0,100,0,20,265
29940,aftermath,discovery,0.1,0,0,100,0,20,265
29950,aftermath,discovery,0.1,0,0,100,0,20,265
29960,aftermath,discovery,0.1,0,0,100,0,20,265
29970,aftermath,discovery,0.1,0,0,100,0,20,265
29980,aftermath,discovery,0.1,0,0,100,0,20,265
29990,quiet,hunt,0.08,0,0,100,0,20,265
30000,quiet,hunt,0.08,0,0,100,0,20,265
30010,quiet,hunt,0.08,0,0,100,0,20,265
30020,quiet,hunt,0.08,0,0,100,0,20,265
30030,quiet,hunt,0.08,0,0,100,0,20,265
30040,opportunity,hunt,0.224,0,0,100,0,20,265
30050,opportunity,hunt,0.23,0,0,100,0,20,265
30060,opportunity,hunt,0.23,0,0,100,0,20,265
30070,opportunity,hunt,0.23,0,0,100,0,20,265
30080,opportunity,hunt,0.23,0,0,100,0,20,265
30090,opportunity,hunt,0.23,0,0,100,0,20,265
30100,opportunity,hunt,0.23,0,0,100,0,20,265
30110,opportunity,hunt,0.23,0,0,100,0,20,265
30120,build,hunt,0.284,0,0,100,1,19,266
30130,peak,hunt,0.464,0.414542,0.020248,100,1,19,266
30140,peak,hunt,0.644,0.430292,0.041342,100,1,19,266
30150,peak,hunt,0.7,0.438167,0.063188,100,1,20,266
30160,peak,hunt,0.7,0.430292,0.085414,100,1,20,266
30170,peak,hunt,0.7,0.438167,0.107684,100,1,20,266
30180,peak,hunt,0.7,0.383625,0.128666,100,0,20,266
30190,peak,hunt,0.7,0.422417,0.149738,100,1,19,267
30200,aftermath,hunt,0.45,0.430292,0.171594,100,1,20,267
30210,aftermath,hunt,0.076741,0.438167,0.193822,100,1,20,267
30220,aftermath,hunt,0.074028,0.430292,0.216431,100,1,20,267
30230,aftermath,hunt,0.07131,0.438167,0.239083,100,1,20,267
30240,aftermath,hunt,0.06865,0.383625,0.261247,100,0,20,267
30250,aftermath,hunt,0.066315,0.367875,0.28071,100,0,20,267
30260,aftermath,hunt,0.077224,0.087875,0.189801,100,0,20,267
30270,aftermath,hunt,0.088133,0,0.098892,100,0,20,267
30280,aftermath,hunt,0.099042,0,0.007983,100,0,20,267
30290,aftermath,hunt,0.1,0,0,100,0,20,267
30300,recovery,hunt,0.05,0.065,0.003473,100,0,20,267
30310,recovery,hunt,0.025438,0.633,0.038019,100,0,20,267
30320,recovery,hunt,0.03,0.409,0,100,0,20,267
30330,recovery,hunt,0.03,0.245,0,100,0,20,267
30340,recovery,hunt,0.03,0,0,100,0,20,267
30350,recovery,hunt,0.03,0,0,100,0,20,267
30360,recovery,hunt,0.03,0,0,100,0,20,267
30370,recovery,hunt,0.03,0,0,100,0,20,267
30380,recovery,hunt,0.03,0,0,100,0,20,267
30390,aftermath,hunt,0.048,0,0,100,0,20,267
30400,aftermath,hunt,0.1,0,0,100,0,20,267
30410,aftermath,hunt,0.1,0,0,100,0,20,267
30420,aftermath,hunt,0.1,0,0,100,0,20,267
30430,aftermath,hunt,0.1,0,0,100,0,20,267
30440,aftermath,hunt,0.1,0,0,100,0,20,267
30450,aftermath,hunt,0.1,0,0,100,0,20,267
30460,aftermath,hunt,0.1,0,0,100,0,20,267
30470,aftermath,hunt,0.1,0,0,100,0,20,267
30480,aftermath,hunt,0.1,0,0,100,0,20,267
30490,aftermath,hunt,0.1,0,0,100,0,20,267
30500,suspended:docked,voyage,,0,0,100,0,20,267
30510,suspended:docked,voyage,,0,0,100,0,20,267
30520,suspended:docked,voyage,,0,0,100,0,20,267
30530,suspended:docked,voyage,,0,0,100,0,20,267
30540,quiet,voyage,0.08,0,0,100,0,20,267
30550,quiet,voyage,0.08,0,0,100,0,20,267
30560,quiet,voyage,0.08,0,0,100,0,20,267
30570,quiet,voyage,0.08,0,0,100,0,20,267
30580,quiet,voyage,0.08,0,0,100,0,20,267
30590,quiet,voyage,0.08,0,0,100,0,20,267
30600,peak,voyage,0.152,0.195,0.00605,100,1,20,268
30610,peak,voyage,0.332,0.422417,0.026795,100,1,20,268
30620,peak,voyage,0.512,0.438167,0.048385,100,1,20,268
30630,peak,voyage,0.692,0.438167,0.070686,100,1,20,268
30640,peak,voyage,0.7,0.430292,0.092987,100,1,20,268
30650,peak,voyage,0.7,0.438167,0.115332,100,1,20,268
30660,aftermath,voyage,0.55,0.37575,0.135214,100,0,20,268
30670,aftermath,voyage,0.089425,0.20775,0.088126,100,0,20,268
30680,aftermath,voyage,0.1,0,0,100,0,20,268
30690,aftermath,voyage,0.1,0,0,100,0,20,268
30700,aftermath,voyage,0.1,0,0,100,0,20,268
30710,aftermath,voyage,0.1,0,0,100,0,20,268
30720,aftermath,voyage,0.1,0,0,100,0,20,268
30730,aftermath,voyage,0.1,0,0,100,0,20,268
30740,aftermath,voyage,0.1,0,0,100,0,20,268
30750,aftermath,voyage,0.1,0,0,100,0,20,268
30760,aftermath,voyage,0.1,0,0,100,0,20,268
30770,quiet,discovery,0.08,0,0,100,0,20,268
30780,quiet,discovery,0.08,0,0,100,0,20,268
30790,quiet,discovery,0.08,0,0,100,0,20,268
30800,quiet,discovery,0.08,0,0,100,0,20,268
30810,quiet,discovery,0.08,0,0,100,0,20,268
30820,quiet,discovery,0.08,0,0,100,0,20,268
30830,quiet,discovery,0.08,0,0,100,0,20,268
30840,quiet,discovery,0.08,0,0,100,0,20,268
30850,peak,discovery,0.17,0.26,0.008,100,1,19,269
30860,peak,discovery,0.35,0.422417,0.028596,100,1,19,269
30870,peak,discovery,0.53,0.438167,0.049988,100,1,20,269
30880,peak,discovery,0.7,0.430292,0.072139,100,1,19,270
30890,peak,discovery,0.7,0.438167,0.094334,100,1,19,270
30900,aftermath,discovery,0.25,0.438167,0.116859,100,1,19,270
30910,aftermath,discovery,0.083625,0.37575,0.136459,100,0,19,270
30920,aftermath,discovery,0.090591,0.17975,0.078411,100,0,20,270
30930,aftermath,discovery,0.1,0,0,100,0,20,270
30940,aftermath,discovery,0.1,0,0,100,0,20,270
30950,aftermath,discovery,0.1,0,0,100,0,20,270
30960,aftermath,discovery,0.1,0,0,100,0,20,270
30970,aftermath,discovery,0.1,0,0,100,0,20,270
30980,aftermath,discovery,0.1,0,0,100,0,20,270
30990,aftermath,discovery,0.1,0,0,100,0,20,270
31000,aftermath,discovery,0.1,0,0,100,0,20,270
31010,aftermath,discovery,0.1,0,0,100,0,20,270
31020,quiet,hunt,0.08,0,0,100,0,20,270
31030,quiet,hunt,0.08,0,0,100,0,20,270
31040,quiet,hunt,0.08,0,0,100,0,20,270
31050,quiet,hunt,0.08,0,0,100,0,20,270
31060,quiet,hunt,0.08,0,0,100,0,20,270
31070,opportunity,hunt,0.098,0,0,100,0,20,270
31080,opportunity,hunt,0.23,0,0,100,0,20,270
31090,opportunity,hunt,0.23,0,0,100,0,20,270
31100,opportunity,hunt,0.23,0,0,100,0,20,270
31110,opportunity,hunt,0.23,0,0,100,0,20,270
31120,opportunity,hunt,0.23,0,0,100,0,20,270
31130,opportunity,hunt,0.23,0,0,100,0,20,270
31140,opportunity,hunt,0.23,0,0,100,0,20,270
31150,opportunity,hunt,0.23,0,0,100,0,20,270
31160,peak,hunt,0.338,0.325,0.010149,100,1,19,271
31170,peak,hunt,0.518,0.430292,0.031043,100,1,19,271
31180,peak,hunt,0.698,0.430292,0.05274,100,1,19,271
31190,peak,hunt,0.7,0.438167,0.07486,100,1,20,271
31200,peak,hunt,0.7,0.438167,0.097311,100,1,20,271
31210,peak,hunt,0.7,0.418042,0.119509,100,1,19,272
31220,peak,hunt,0.7,0.438167,0.141971,100,1,19,272
31230,peak,hunt,0.7,0.438167,0.164764,100,1,20,272
31240,aftermath,hunt,0.2,0.430292,0.187558,100,1,20,272
31250,aftermath,hunt,0.074753,0.438167,0.210395,100,1,20,272
31260,aftermath,hunt,0.071972,0.438167,0.233564,100,1,20,272
31270,aftermath,hunt,0.06941,0.37575,0.254916,100,0,20,272
31280,aftermath,hunt,0.071059,0.29175,0.241179,100,0,20,272
31290,aftermath,hunt,0.081968,0.01175,0.15027,100,0,20,272
31300,aftermath,hunt,0.092877,0,0.05936,100,0,20,272
31310,aftermath,hunt,0.1,0,0,100,0,20,272
31320,aftermath,hunt,0.1,0,0,100,0,20,272
31330,aftermath,hunt,0.1,0,0,100,0,20,272
31340,aftermath,hunt,0.1,0,0,100,0,20,272
31350,aftermath,hunt,0.1,0,0,100,0,20,272
31360,quiet,discovery,0.08,0,0,100,0,20,272
31370,quiet,discovery,0.08,0,0,100,0,20,272
31380,quiet,discovery,0.08,0,0,100,0,20,272
31390,quiet,discovery,0.08,0,0,100,0,20,272
31400,quiet,discovery,0.08,0,0,100,0,20,272
31410,quiet,discovery,0.08,0,0,100,0,20,272
31420,quiet,discovery,0.08,0,0,100,0,20,272
31430,quiet,discovery,0.08,0,0,100,0,20,272
31440,opportunity,discovery,0.134,0,0,100,0,20,272
31450,peak,discovery,0.266,0.13,0.004,100,1,19,273
31460,peak,discovery,0.446,0.422417,0.024596,100,1,20,273
31470,peak,discovery,0.626,0.438167,0.045988,100,1,20,273
31480,peak,discovery,0.691823,0.430292,0.068139,100,1,20,273
31490,peak,discovery,0.68916,0.438167,0.090334,100,1,20,273
31500,aftermath,discovery,0.33836,0.438167,0.112859,100,1,20,273
31510,aftermath,discovery,0.084038,0.37575,0.13302,100,0,20,273
31520,aftermath,discovery,0.088372,0.23575,0.096897,100,0,20,273
31530,aftermath,discovery,0.099282,0,0.005987,100,0,20,273
31540,aftermath,discovery,0.1,0,0,100,0,20,273
31550,aftermath,discovery,0.1,0,0,100,0,20,273
31560,aftermath,discovery,0.1,0,0,100,0,20,273
31570,aftermath,discovery,0.1,0,0,100,0,20,273
31580,aftermath,discovery,0.1,0,0,100,0,20,273
31590,aftermath,discovery,0.1,0,0,100,0,20,273
31600,quiet,voyage,0.08,0,0,100,0,20,273
31610,quiet,voyage,0.08,0,0,100,0,20,273
31620,quiet,voyage,0.08,0,0,100,0,20,273
31630,quiet,voyage,0.08,0,0,100,0,20,273
31640,quiet,voyage,0.08,0,0,100,0,20,273
31650,quiet,voyage,0.08,0,0,100,0,20,273
31660,quiet,voyage,0.08,0,0,100,0,20,273
31670,opportunity,voyage,0.224,0,0,100,0,20,273
31680,opportunity,voyage,0.23,0,0,100,0,20,273
31690,opportunity,voyage,0.23,0,0,100,0,20,273
31700,opportunity,voyage,0.23,0,0,100,0,20,273
31710,opportunity,voyage,0.23,0,0,100,0,20,273
31720,opportunity,voyage,0.23,0,0,100,0,20,273
31730,opportunity,voyage,0.23,0,0,100,0,20,273
31740,opportunity,voyage,0.23,0,0,100,0,20,273
31750,opportunity,voyage,0.23,0,0,100,0,20,273
31760,opportunity,voyage,0.23,0,0,100,0,20,273
31770,opportunity,voyage,0.23,0,0,100,0,20,273
31780,build,voyage,0.284,0,0,100,1,19,274
31790,peak,voyage,0.464,0.422417,0.020596,100,1,19,274
31800,peak,voyage,0.644,0.438167,0.041988,100,1,0,274
31810,peak,voyage,0.692303,0.430292,0.064139,100,1,0,274
31820,peak,voyage,0.68964,0.438167,0.086334,100,1,0,274
31830,peak,voyage,0.686937,0.438167,0.108859,100,1,0,274
31840,peak,voyage,0.684452,0.37575,0.129569,100,0,0,274
31850,aftermath,voyage,0.184452,0.29175,0.115382,100,0,0,274
31860,aftermath,voyage,0.097063,0.01175,0.024473,100,0,0,274
31870,aftermath,voyage,0.1,0,0,100,0,0,274
31880,aftermath,voyage,0.1,0,0,100,0,0,274
31890,aftermath,voyage,0.1,0,0,100,0,0,274
31900,aftermath,voyage,0.1,0,0,100,0,0,274
31910,aftermath,voyage,0.1,0,0,100,0,0,274
31920,aftermath,voyage,0.1,0,0,100,0,0,274
31930,aftermath,voyage,0.1,0,0,100,0,0,274
31940,quiet,discovery,0.08,0,0,100,0,0,274
31950,quiet,discovery,0.08,0,0,100,0,0,274
31960,quiet,discovery,0.08,0,0,100,0,0,274
31970,quiet,discovery,0.08,0,0,100,0,0,274
31980,quiet,discovery,0.08,0,0,100,0,0,274
31990,quiet,discovery,0.08,0,0,100,0,0,274
32000,quiet,discovery,0.08,0,0,100,0,0,274
32010,quiet,discovery,0.08,0,0,100,0,0,274
32020,opportunity,discovery,0.152,0,0,100,0,0,274
32030,opportunity,discovery,0.23,0,0,100,0,0,274
32040,opportunity,discovery,0.23,0,0,100,0,0,274
32050,opportunity,discovery,0.23,0,0,100,0,0,274
32060,opportunity,discovery,0.23,0,0,100,0,0,274
32070,opportunity,discovery,0.23,0,0,100,0,0,274
32080,opportunity,discovery,0.23,0,0,100,0,0,274
32090,opportunity,discovery,0.23,0,0,100,0,0,274
32100,opportunity,discovery,0.23,0,0,100,0,0,274
32110,opportunity,discovery,0.23,0,0,100,0,0,274
32120,opportunity,discovery,0.23,0,0,100,0,0,274
32130,opportunity,discovery,0.23,0,0,100,0,0,274
32140,opportunity,discovery,0.23,0,0,100,0,0,274
32150,opportunity,discovery,0.23,0,0,100,0,0,274
32160,opportunity,discovery,0.23,0,0,100,0,0,274
32170,opportunity,discovery,0.23,0,0,100,0,0,274
32180,peak,discovery,0.392,0.195,0.006149,100,1,0,275
32190,peak,discovery,0.572,0.430292,0.027043,100,1,0,275
32200,peak,discovery,0.7,0.430292,0.04874,100,1,0,275
32210,peak,discovery,0.7,0.438167,0.07086,100,1,0,275
32220,peak,discovery,0.7,0.438167,0.093311,100,1,1,275
32230,aftermath,discovery,0.3,0.430292,0.115762,100,1,1,275
32240,aftermath,discovery,0.083768,0.37575,0.135264,100,0,1,275
32250,aftermath,discovery,0.089419,0.20775,0.088177,100,0,1,275
32260,aftermath,discovery,0.1,0,0,100,0,1,275
32270,aftermath,discovery,0.1,0,0,100,0,2,275
32280,aftermath,discovery,0.1,0,0,100,0,2,275
32290,aftermath,discovery,0.1,0,0,100,0,2,275
32300,suspended:docked,discovery,,0,0,100,0,2,275
32310,suspended:docked,discovery,,0,0,100,0,3,275
32320,suspended:docked,discovery,,0,0,100,0,3,275
32330,suspended:docked,discovery,,0,0,100,0,3,275
32340,aftermath,discovery,0.08,0,0,100,0,3,275
32350,aftermath,discovery,0.08,0,0,100,0,3,275
32360,aftermath,discovery,0.1,0,0,100,0,4,275
32370,aftermath,discovery,0.1,0,0,100,0,4,275
32380,quiet,hunt,0.08,0,0,100,0,4,275
32390,quiet,hunt,0.08,0,0,100,0,4,275
32400,quiet,hunt,0.08,0,0,100,0,5,275
32410,quiet,hunt,0.08,0,0,100,0,4,276
32420,quiet,hunt,0.08,0,0,100,0,4,276
32430,opportunity,hunt,0.116,0,0,100,0,4,276
32440,peak,hunt,0.296,0.414542,0.016248,100,1,3,277
32450,peak,hunt,0.476,0.430292,0.037342,100,1,3,278
32460,peak,hunt,0.656,0.438167,0.059188,100,1,3,278
32470,peak,hunt,0.7,0.430292,0.081414,100,1,3,278
32480,peak,hunt,0.7,0.438167,0.103684,100,1,3,278
32490,peak,hunt,0.7,0.383625,0.125202,100,0,4,278
32500,peak,hunt,0.7,0.422417,0.146615,100,1,3,279
32510,aftermath,hunt,0.55,0.430292,0.168568,100,1,3,279
32520,aftermath,hunt,0.077093,0.438167,0.190894,100,1,3,279
32530,aftermath,hunt,0.074368,0.430292,0.2136,100,1,3,279
32540,aftermath,hunt,0.071638,0.438167,0.23635,100,1,4,279
32550,aftermath,hunt,0.068998,0.383625,0.258349,100,0,4,279
32560,aftermath,hunt,0.067969,0.355625,0.266923,100,0,4,279
32570,aftermath,hunt,0.078878,0.075625,0.176014,100,0,4,279
32580,aftermath,hunt,0.089787,0,0.085105,100,0,5,279
32590,aftermath,hunt,0.1,0,0,100,0,4,280
32600,aftermath,hunt,0.1,0,0,100,0,4,280
32610,aftermath,hunt,0.1,0,0,100,0,4,280
32620,quiet,discovery,0.08,0,0,100,0,4,280
32630,quiet,discovery,0.08,0,0,100,0,5,280
32640,quiet,discovery,0.08,0,0,100,0,5,280
32650,quiet,discovery,0.08,0,0,100,0,5,280
32660,quiet,discovery,0.08,0,0,100,0,5,280
32670,quiet,discovery,0.08,0,0,100,0,6,280
32680,quiet,discovery,0.08,0,0,100,0,6,280
32690,quiet,discovery,0.08,0,0,100,0,6,280
32700,quiet,discovery,0.08,0,0,100,0,6,280
32710,opportunity,discovery,0.23,0,0,100,0,6,280
32720,opportunity,discovery,0.23,0,0,100,0,7,280
32730,opportunity,discovery,0.23,0,0,100,0,7,280
32740,opportunity,discovery,0.23,0,0,100,0,7,280
32750,opportunity,discovery,0.23,0,0,100,0,7,280
32760,opportunity,discovery,0.23,0,0,100,0,8,280
32770,opportunity,discovery,0.23,0,0,100,0,8,280
32780,peak,discovery,0.266,0.13,0.004,100,1,7,281
32790,peak,discovery,0.446,0.422417,0.024398,100,1,7,281
32800,peak,discovery,0.626,0.430292,0.04564,100,1,7,281
32810,peak,discovery,0.7,0.438167,0.067684,100,1,7,282
32820,peak,discovery,0.7,0.438167,0.09006,100,1,7,282
32830,aftermath,discovery,0.35,0.430292,0.112437,100,1,7,282
32840,aftermath,discovery,0.084089,0.383625,0.13259,100,0,7,282
32850,aftermath,discovery,0.088399,0.243625,0.096677,100,0,8,282
32860,aftermath,discovery,0.099308,0,0.005768,100,0,7,283
32870,aftermath,discovery,0.1,0,0,100,0,7,283
32880,aftermath,discovery,0.1,0,0,100,0,7,283
32890,aftermath,discovery,0.1,0,0,100,0,7,283
32900,aftermath,discovery,0.1,0,0,100,0,7,284
32910,aftermath,discovery,0.1,0,0,100,0,7,284
32920,aftermath,discovery,0.1,0,0,100,0,7,284
32930,aftermath,discovery,0.1,0,0,100,0,7,284
32940,aftermath,discovery,0.1,0,0,100,0,8,284
32950,aftermath,discovery,0.1,0,0,100,0,7,285
32960,quiet,voyage,0.08,0,0,100,0,7,285
32970,quiet,voyage,0.08,0,0,100,0,7,285
32980,quiet,voyage,0.08,0,0,100,0,7,285
32990,quiet,voyage,0.08,0,0,100,0,8,285
33000,quiet,voyage,0.08,0,0,100,0,8,285
33010,quiet,voyage,0.08,0,0,100,0,8,285
33020,opportunity,voyage,0.152,0,0,100,0,8,285
33030,opportunity,voyage,0.23,0,0,100,0,9,285
33040,peak,voyage,0.356,0.414542,0.014248,100,1,8,286
33050,peak,voyage,0.536,0.430292,0.035342,100,1,8,286
33060,peak,voyage,0.7,0.438167,0.057187,100,1,8,286
33070,peak,voyage,0.7,0.430292,0.079414,100,1,8,286
33080,peak,voyage,0.7,0.438167,0.101684,100,1,9,286
33090,peak,voyage,0.7,0.383625,0.123465,100,0,9,286
33100,aftermath,voyage,0.35,0.422417,0.144635,100,1,8,287
33110,aftermath,voyage,0.08001,0.430292,0.166587,100,1,8,287
33120,aftermath,voyage,0.07733,0.438167,0.188913,100,1,9,287
33130,aftermath,voyage,0.074606,0.430292,0.21162,100,1,9,287
33140,aftermath,voyage,0.071876,0.438167,0.23437,100,1,9,287
33150,aftermath,voyage,0.069204,0.383625,0.256631,100,0,9,287
33160,aftermath,voyage,0.066857,0.367875,0.276191,100,0,9,287
33170,aftermath,voyage,0.077766,0.087875,0.185282,100,0,10,287
33180,aftermath,voyage,0.088675,0,0.094373,100,0,10,287
33190,aftermath,voyage,0.099584,0,0.003464,100,0,10,287
33200,aftermath,voyage,0.1,0,0,100,0,10,287
33210,quiet,hunt,0.08,0,0,100,0,11,287
33220,quiet,hunt,0.08,0,0,100,0,11,287
33230,quiet,hunt,0.08,0,0,100,0,11,287
33240,quiet,hunt,0.08,0,0,100,0,11,287
33250,quiet,hunt,0.08,0,0,100,0,11,287
33260,opportunity,hunt,0.116,0,0,100,0,11,288
33270,opportunity,hunt,0.23,0,0,100,0,11,288
33280,opportunity,hunt,0.23,0,0,100,0,11,288
33290,opportunity,hunt,0.23,0,0,100,0,11,288
33300,opportunity,hunt,0.23,0,0,100,0,12,288
33310,opportunity,hunt,0.23,0,0,100,0,12,288
33320,opportunity,hunt,0.23,0,0,100,0,12,288
33330,opportunity,hunt,0.23,0,0,100,0,12,288
33340,opportunity,hunt,0.23,0,0,100,0,12,288
33350,build,hunt,0.356,0,0,100,0,13,288
33360,build,hunt,0.536,0,0,100,0,13,288
33370,build,hunt,0.56,0,0,100,0,13,288
33380,build,hunt,0.56,0,0,100,1,12,289
33390,peak,hunt,0.697552,0.422417,0.020398,100,1,13,289
33400,peak,hunt,0.695003,0.430292,0.04164,100,1,12,290
33410,peak,hunt,0.692358,0.438167,0.063684,100,1,12,290
33420,peak,hunt,0.689673,0.438167,0.08606,100,1,12,290
33430,peak,hunt,0.686988,0.430292,0.108437,100,1,12,290
33440,peak,hunt,0.684503,0.383625,0.129139,100,0,13,290
33450,aftermath,hunt,0.532898,0.299625,0.115247,100,0,13,290
33460,aftermath,hunt,0.097079,0.019625,0.024338,100,0,13,290
33470,aftermath,hunt,0.1,0,0,100,0,13,290
33480,aftermath,hunt,0.1,0,0,100,0,14,290
33490,aftermath,hunt,0.1,0,0,100,0,14,290
33500,aftermath,hunt,0.1,0,0,100,0,14,290
33510,aftermath,hunt,0.1,0,0,100,0,14,290
33520,aftermath,hunt,0.1,0,0,100,0,14,290
33530,aftermath,hunt,0.1,0,0,100,0,15,290
33540,aftermath,hunt,0.1,0,0,100,0,15,290
33550,quiet,discovery,0.08,0,0,100,0,15,290
33560,quiet,discovery,0.08,0,0,100,0,15,290
33570,quiet,discovery,0.08,0,0,100,0,16,290
33580,quiet,discovery,0.08,0,0,100,0,15,291
33590,quiet,discovery,0.08,0,0,100,0,15,291
33600,quiet,discovery,0.08,0,0,100,0,15,291
33610,quiet,discovery,0.08,0,0,100,0,15,291
33620,quiet,discovery,0.08,0,0,100,0,16,291
33630,opportunity,discovery,0.116,0,0,100,0,16,291
33640,peak,discovery,0.296,0.26,0.008,100,1,15,292
33650,peak,discovery,0.476,0.422417,0.028596,100,1,15,292
33660,peak,discovery,0.656,0.438167,0.049988,100,1,16,292
33670,peak,discovery,0.691343,0.430292,0.072139,100,1,15,293
33680,peak,discovery,0.68868,0.438167,0.094334,100,1,15,293
33690,aftermath,discovery,0.238413,0.438167,0.116859,100,1,15,293
33700,aftermath,discovery,0.083625,0.37575,0.136459,100,0,15,293
33710,aftermath,discovery,0.090591,0.17975,0.078411,100,0,16,293
33720,aftermath,discovery,0.1,0,0,100,0,16,293
33730,aftermath,discovery,0.1,0,0,100,0,16,293
33740,aftermath,discovery,0.1,0,0,100,0,16,293
33750,aftermath,discovery,0.1,0,0,100,0,17,293
33760,aftermath,discovery,0.1,0,0,100,0,17,293
33770,aftermath,discovery,0.1,0,0,100,0,17,293
33780,aftermath,discovery,0.1,0,0,100,0,17,293
33790,quiet,hunt,0.08,0,0,100,0,17,293
33800,quiet,hunt,0.08,0,0,100,0,18,293
33810,quiet,hunt,0.08,0,0,100,0,18,293
33820,quiet,hunt,0.08,0,0,100,0,18,293
33830,quiet,hunt,0.08,0,0,100,0,18,293
33840,opportunity,hunt,0.17,0,0,100,0,19,293
33850,opportunity,hunt,0.23,0,0,100,0,18,294
33860,opportunity,hunt,0.23,0,0,100,0,18,294
33870,opportunity,hunt,0.23,0,0,100,0,18,294
33880,opportunity,hunt,0.23,0,0,100,0,18,294
33890,opportunity,hunt,0.23,0,0,100,0,19,294
33900,recovery,hunt,0.18,0.065,0.003473,100,0,19,294
33910,recovery,hunt,0.025438,0.633,0.038019,100,0,19,294
33920,recovery,hunt,0.03,0.409,0,100,0,19,294
33930,recovery,hunt,0.03,0.245,0,100,0,20,294
33940,recovery,hunt,0.03,0,0,100,0,20,294
33950,recovery,hunt,0.03,0,0,100,0,20,294
33960,recovery,hunt,0.03,0,0,100,0,20,294
33970,recovery,hunt,0.03,0,0,100,0,20,294
33980,recovery,hunt,0.03,0,0,100,0,20,294
33990,aftermath,hunt,0.048,0,0,100,0,20,294
34000,aftermath,hunt,0.1,0,0,100,0,20,294
34010,aftermath,hunt,0.1,0,0,100,0,20,294
34020,aftermath,hunt,0.1,0,0,100,0,20,294
34030,aftermath,hunt,0.1,0,0,100,0,20,294
34040,aftermath,hunt,0.1,0,0,100,0,20,294
34050,aftermath,hunt,0.1,0,0,100,0,20,294
34060,aftermath,hunt,0.1,0,0,100,0,20,294
34070,aftermath,hunt,0.1,0,0,100,0,20,294
34080,aftermath,hunt,0.1,0,0,100,0,20,294
34090,aftermath,hunt,0.1,0,0,100,0,20,294
34100,suspended:docked,discovery,,0,0,100,0,20,294
34110,suspended:docked,discovery,,0,0,100,0,20,294
34120,suspended:docked,discovery,,0,0,100,0,20,294
34130,suspended:docked,discovery,,0,0,100,0,20,294
34140,quiet,discovery,0.08,0,0,100,0,20,294
34150,quiet,discovery,0.08,0,0,100,0,20,294
34160,quiet,discovery,0.08,0,0,100,0,20,294
34170,quiet,discovery,0.08,0,0,100,0,20,294
34180,quiet,discovery,0.08,0,0,100,0,20,294
34190,quiet,discovery,0.08,0,0,100,0,20,294
34200,quiet,discovery,0.08,0,0,100,0,20,294
34210,quiet,discovery,0.08,0,0,100,0,20,294
34220,opportunity,discovery,0.152,0,0,100,0,20,294
34230,opportunity,discovery,0.23,0,0,100,0,20,294
34240,opportunity,discovery,0.23,0,0,100,0,20,294
34250,opportunity,discovery,0.23,0,0,100,0,20,294
34260,opportunity,discovery,0.23,0,0,100,0,20,294
34270,opportunity,discovery,0.23,0,0,100,0,20,294
34280,opportunity,discovery,0.23,0,0,100,0,20,294
34290,opportunity,discovery,0.23,0,0,100,0,20,294
34300,opportunity,discovery,0.23,0,0,100,0,20,294
34310,opportunity,discovery,0.23,0,0,100,0,20,294
34320,opportunity,discovery,0.23,0,0,100,0,20,294
34330,opportunity,discovery,0.23,0,0,100,0,20,294
34340,opportunity,discovery,0.23,0,0,100,0,20,294
34350,opportunity,discovery,0.23,0,0,100,0,20,294
34360,opportunity,discovery,0.23,0,0,100,0,20,294
34370,opportunity,discovery,0.23,0,0,100,0,20,294
34380,build,discovery,0.392,0,0,100,1,19,295
34390,peak,discovery,0.572,0.414542,0.020248,100,1,19,295
34400,peak,discovery,0.7,0.430292,0.041342,100,1,19,295
34410,peak,discovery,0.7,0.438167,0.063188,100,1,19,295
34420,peak,discovery,0.7,0.430292,0.085414,100,1,19,295
34430,aftermath,discovery,0.45,0.438167,0.107684,100,1,20,295
34440,aftermath,discovery,0.08456,0.383625,0.128666,100,0,20,295
34450,aftermath,discovery,0.086227,0.299625,0.114775,100,0,20,295
34460,aftermath,discovery,0.097136,0.019625,0.023866,100,0,20,295
34470,aftermath,discovery,0.1,0,0,100,0,20,295
34480,aftermath,discovery,0.1,0,0,100,0,20,295
34490,aftermath,discovery,0.1,0,0,100,0,20,295
34500,aftermath,discovery,0.1,0,0,100,0,20,295
34510,aftermath,discovery,0.1,0,0,100,0,20,295
34520,aftermath,discovery,0.1,0,0,100,0,20,295
34530,aftermath,discovery,0.1,0,0,100,0,20,295
34540,aftermath,discovery,0.1,0,0,100,0,20,295
34550,aftermath,discovery,0.1,0,0,100,0,20,295
34560,quiet,voyage,0.08,0,0,100,0,20,295
34570,quiet,voyage,0.08,0,0,100,0,20,295
34580,quiet,voyage,0.08,0,0,100,0,20,295
34590,quiet,voyage,0.08,0,0,100,0,20,295
34600,quiet,voyage,0.08,0,0,100,0,20,295
34610,quiet,voyage,0.08,0,0,100,0,20,295
34620,peak,voyage,0.116,0.065,0.00205,100,1,19,296
34630,peak,voyage,0.296,0.422417,0.022795,100,1,19,296
34640,peak,voyage,0.476,0.438167,0.044385,100,1,19,296
34650,peak,voyage,0.656,0.438167,0.066686,100,1,20,296
34660,peak,voyage,0.7,0.430292,0.088987,100,1,19,297
34670,peak,voyage,0.7,0.438167,0.111332,100,1,19,297
34680,aftermath,voyage,0.65,0.430292,0.132328,100,1,18,298
34690,aftermath,voyage,0.15,0.422417,0.154346,100,1,18,298
34700,aftermath,voyage,0.078826,0.438167,0.176448,100,1,19,298
34710,aftermath,voyage,0.076089,0.438167,0.199261,100,1,19,298
34720,aftermath,voyage,0.073351,0.430292,0.222075,100,1,19,298
34730,aftermath,voyage,0.070608,0.438167,0.244932,100,1,19,298
34740,aftermath,voyage,0.068127,0.37575,0.265606,100,0,20,298
34750,aftermath,voyage,0.072431,0.23575,0.229738,100,0,20,298
34760,aftermath,voyage,0.08334,0,0.138829,100,0,20,298
34770,aftermath,voyage,0.09425,0,0.04792,100,0,20,298
34780,aftermath,voyage,0.1,0,0,100,0,20,298
34790,aftermath,voyage,0.1,0,0,100,0,20,298
34800,quiet,hunt,0.08,0,0,100,0,20,298
34810,quiet,hunt,0.08,0,0,100,0,20,298
34820,quiet,hunt,0.08,0,0,100,0,20,298
34830,quiet,hunt,0.08,0,0,100,0,20,298
34840,quiet,hunt,0.08,0,0,100,0,20,298
34850,opportunity,hunt,0.188,0,0,100,0,20,298
34860,opportunity,hunt,0.23,0,0,100,0,20,298
34870,opportunity,hunt,0.23,0,0,100,0,20,298
34880,opportunity,hunt,0.23,0,0,100,0,20,298
34890,opportunity,hunt,0.23,0,0,100,0,20,298
34900,opportunity,hunt,0.23,0,0,100,0,20,298
34910,opportunity,hunt,0.23,0,0,100,0,20,298
34920,opportunity,hunt,0.23,0,0,100,0,20,298
34930,build,hunt,0.248,0,0,100,0,20,298
34940,build,hunt,0.428,0,0,100,0,20,298
34950,build,hunt,0.608,0,0,100,0,20,298
34960,build,hunt,0.56,0,0,100,0,20,298
34970,build,hunt,0.56,0,0,100,0,20,298
34980,build,hunt,0.56,0,0,100,0,20,298
34990,peak,hunt,0.69781,0.414542,0.018248,100,1,19,299
35000,peak,hunt,0.695279,0.430292,0.039342,100,1,19,299
35010,peak,hunt,0.692657,0.438167,0.061188,100,1,20,299
35020,peak,hunt,0.68999,0.430292,0.083414,100,1,20,299
35030,peak,hunt,0.687318,0.438167,0.105684,100,1,20,299
35040,peak,hunt,0.684768,0.383625,0.126936,100,0,20,299
35050,aftermath,hunt,0.582931,0.327625,0.12406,100,0,20,299
35060,aftermath,hunt,0.096022,0.047625,0.033151,100,0,20,299
35070,aftermath,hunt,0.1,0,0,100,0,20,299
35080,aftermath,hunt,0.1,0,0,100,0,20,299
35090,aftermath,hunt,0.1,0,0,100,0,20,299
35100,aftermath,hunt,0.1,0,0,100,0,20,299
35110,aftermath,hunt,0.1,0,0,100,0,20,299
35120,aftermath,hunt,0.1,0,0,100,0,20,299
35130,aftermath,hunt,0.1,0,0,100,0,20,299
35140,aftermath,hunt,0.1,0,0,100,0,20,299
35150,quiet,discovery,0.08,0,0,100,0,20,299
35160,quiet,discovery,0.08,0,0,100,0,20,299
35170,quiet,discovery,0.08,0,0,100,0,20,299
35180,quiet,discovery,0.08,0,0,100,0,20,299
35190,quiet,discovery,0.08,0,0,100,0,20,299
35200,quiet,discovery,0.08,0,0,100,0,20,299
35210,quiet,discovery,0.08,0,0,100,0,20,299
35220,quiet,discovery,0.08,0,0,100,0,20,299
35230,opportunity,discovery,0.098,0,0,100,1,19,300
35240,peak,discovery,0.278,0.422417,0.020596,100,1,20,300
35250,peak,discovery,0.458,0.438167,0.041988,100,1,20,300
35260,peak,discovery,0.638,0.430292,0.064139,100,1,20,300
35270,peak,discovery,0.68964,0.438167,0.086334,100,1,20,300
35280,aftermath,discovery,0.438295,0.438167,0.108859,100,1,20,300
35290,aftermath,discovery,0.084452,0.37575,0.129569,100,0,20,300
35300,aftermath,discovery,0.086154,0.29175,0.115382,100,0,20,300
35310,aftermath,discovery,0.097063,0.01175,0.024473,100,0,20,300
35320,aftermath,discovery,0.1,0,0,100,0,20,300
35330,aftermath,discovery,0.1,0,0,100,0,20,300
35340,aftermath,discovery,0.1,0,0,100,0,20,300
35350,aftermath,discovery,0.1,0,0,100,0,20,300
35360,aftermath,discovery,0.1,0,0,100,0,20,300
35370,aftermath,discovery,0.1,0,0,100,0,20,300
35380,quiet,hunt,0.08,0,0,100,0,20,300
35390,quiet,hunt,0.08,0,0,100,0,20,300
35400,quiet,hunt,0.08,0,0,100,0,20,300
35410,quiet,hunt,0.08,0,0,100,0,20,300
35420,quiet,hunt,0.08,0,0,100,0,20,300
35430,opportunity,hunt,0.098,0,0,100,0,20,300
35440,opportunity,hunt,0.23,0,0,100,0,20,300
35450,opportunity,hunt,0.23,0,0,100,0,20,300
35460,opportunity,hunt,0.23,0,0,100,0,20,300
35470,opportunity,hunt,0.23,0,0,100,0,20,300
35480,opportunity,hunt,0.23,0,0,100,0,20,300
35490,opportunity,hunt,0.23,0,0,100,0,20,300
35500,opportunity,hunt,0.23,0,0,100,0,20,300
35510,opportunity,hunt,0.23,0,0,100,0,20,300
35520,peak,hunt,0.338,0.195,0.00605,100,1,19,301
35530,peak,hunt,0.518,0.422417,0.026795,100,1,19,301
35540,peak,hunt,0.694194,0.438167,0.048385,100,1,19,301
35550,peak,hunt,0.691518,0.438167,0.070686,100,1,20,301
35560,peak,hunt,0.7,0.430292,0.092987,100,1,19,302
35570,peak,hunt,0.7,0.438167,0.115332,100,1,19,302
35580,peak,hunt,0.7,0.37575,0.135214,100,0,19,302
35590,peak,hunt,0.7,0.414542,0.156042,100,1,18,303
35600,aftermath,hunt,0.3,0.430292,0.177453,100,1,19,303
35610,aftermath,hunt,0.076046,0.438167,0.199616,100,1,19,303
35620,aftermath,hunt,0.073341,0.430292,0.22216,100,1,19,303
35630,aftermath,hunt,0.07063,0.438167,0.244748,100,1,19,303
35640,aftermath,hunt,0.06801,0.383625,0.266584,100,0,20,303
35650,aftermath,hunt,0.066999,0.355625,0.275012,100,0,20,303
35660,aftermath,hunt,0.077908,0.075625,0.184103,100,0,20,303
35670,aftermath,hunt,0.088817,0,0.093194,100,0,20,303
35680,aftermath,hunt,0.099726,0,0.002284,100,0,20,303
35690,aftermath,hunt,0.1,0,0,100,0,20,303
35700,aftermath,hunt,0.1,0,0,100,0,20,303
35710,quiet,voyage,0.08,0,0,100,0,20,303
35720,quiet,voyage,0.08,0,0,100,0,20,303
35730,quiet,voyage,0.08,0,0,100,0,20,303
35740,quiet,voyage,0.08,0,0,100,0,20,303
35750,quiet,voyage,0.08,0,0,100,0,20,303
35760,quiet,voyage,0.08,0,0,100,0,20,303
35770,opportunity,voyage,0.152,0,0,100,0,20,303
35780,opportunity,voyage,0.23,0,0,100,0,20,303
35790,opportunity,voyage,0.23,0,0,100,0,20,303
35800,opportunity,voyage,0.23,0,0,100,0,20,303
35810,opportunity,voyage,0.23,0,0,100,0,20,303
35820,opportunity,voyage,0.23,0,0,100,0,20,303
35830,opportunity,voyage,0.23,0,0,100,0,20,303
35840,peak,voyage,0.392,0.422417,0.018596,100,1,19,304
35850,peak,voyage,0.572,0.438167,0.039988,100,1,19,304
35860,peak,voyage,0.7,0.430292,0.062139,100,1,19,304
35870,peak,voyage,0.7,0.438167,0.084334,100,1,19,305
35880,peak,voyage,0.7,0.438167,0.106859,100,1,19,305
35890,peak,voyage,0.7,0.37575,0.127839,100,0,19,305
35900,suspended:docked,voyage,,0.34775,0.133716,100,0,19,305
35910,suspended:docked,voyage,,0.34775,0.133716,100,0,20,305
35920,suspended:docked,voyage,,0.34775,0.133716,100,0,20,305
35930,suspended:docked,voyage,,0.34775,0.133716,100,0,20,305
35940,aftermath,voyage,0.25,0.31975,0.124625,100,0,20,305
35950,aftermath,voyage,0.08,0.03975,0.033716,100,0,20,305
35960,aftermath,voyage,0.1,0,0,100,0,20,305
35970,aftermath,voyage,0.1,0,0,100,0,20,305
35980,aftermath,voyage,0.1,0,0,100,0,20,305
35990,aftermath,voyage,0.1,0,0,100,0,20,305
