t,phase,motif,requested,observed,fatigue,hull,liveCombat,pending,totalSpawns
0,quiet,voyage,0.08,0,0,100,0,1,0
10,quiet,voyage,0.08,0,0,100,0,1,0
20,quiet,voyage,0.08,0,0,100,0,1,0
30,quiet,voyage,0.08,0,0,100,0,1,0
40,quiet,voyage,0.08,0,0,100,0,1,0
50,quiet,voyage,0.08,0,0,100,0,2,0
60,quiet,voyage,0.08,0,0,100,0,2,0
70,opportunity,voyage,0.188,0,0,100,0,2,0
80,opportunity,voyage,0.23,0,0,100,0,2,0
90,opportunity,voyage,0.23,0,0,100,0,3,0
100,opportunity,voyage,0.23,0,0,100,0,2,1
110,opportunity,voyage,0.23,0,0,100,0,2,1
120,opportunity,voyage,0.23,0,0,100,0,2,1
130,opportunity,voyage,0.23,0,0,100,0,2,1
140,peak,voyage,0.284,0.195,0.006149,100,1,2,2
150,peak,voyage,0.464,0.430292,0.027043,100,1,2,2
160,peak,voyage,0.594151,0.430292,0.04874,100,1,2,2
170,peak,voyage,0.591497,0.438167,0.07086,100,1,2,2
180,peak,voyage,0.588803,0.438167,0.093311,100,1,3,2
190,peak,voyage,0.586109,0.430292,0.115762,100,1,3,2
200,aftermath,voyage,0.440361,0.430292,0.136982,100,1,2,3
210,aftermath,voyage,0.080894,0.430292,0.159213,100,1,2,3
220,aftermath,voyage,0.078222,0.430292,0.181487,100,1,2,3
230,aftermath,voyage,0.075498,0.438167,0.204184,100,1,3,3
240,aftermath,voyage,0.072734,0.438167,0.227213,100,1,3,3
250,aftermath,voyage,0.070032,0.390042,0.249732,100,0,3,3
260,aftermath,voyage,0.067664,0.37575,0.269464,100,0,3,3
270,aftermath,voyage,0.077252,0.12375,0.189563,100,0,4,3
280,aftermath,voyage,0.088161,0,0.098654,100,0,3,4
290,quiet,discovery,0.079071,0,0.007745,100,0,3,4
300,quiet,discovery,0.08,0,0,100,0,3,4
310,quiet,discovery,0.08,0,0,100,0,3,4
320,quiet,discovery,0.08,0,0,100,0,4,4
330,quiet,discovery,0.08,0,0,100,0,4,4
340,quiet,discovery,0.08,0,0,100,0,4,4
350,quiet,discovery,0.08,0,0,100,0,4,4
360,quiet,discovery,0.08,0,0,100,0,5,4
370,quiet,discovery,0.08,0,0,100,0,5,4
380,opportunity,discovery,0.188,0,0,100,0,5,4
390,peak,discovery,0.368,0.422417,0.018397,100,1,4,5
400,peak,discovery,0.548,0.430292,0.03964,100,1,4,5
410,peak,discovery,0.604598,0.438167,0.061684,100,1,5,5
420,peak,discovery,0.601913,0.438167,0.08406,100,1,5,5
430,aftermath,discovery,0.400308,0.430292,0.106437,100,1,5,5
440,aftermath,discovery,0.084711,0.383625,0.127408,100,0,5,5
450,aftermath,discovery,0.085056,0.327625,0.124532,100,0,6,5
460,aftermath,discovery,0.095965,0.047625,0.033623,100,0,5,6
470,aftermath,discovery,0.1,0,0,100,0,5,6
480,aftermath,discovery,0.1,0,0,100,0,5,6
490,aftermath,discovery,0.1,0,0,100,0,5,6
500,aftermath,discovery,0.1,0,0,100,0,6,6
510,aftermath,discovery,0.1,0,0,100,0,6,6
520,aftermath,discovery,0.1,0,0,100,0,6,6
530,aftermath,discovery,0.1,0,0,100,0,6,6
540,quiet,hunt,0.08,0,0,100,0,7,6
550,quiet,hunt,0.08,0,0,100,0,6,7
560,quiet,hunt,0.08,0,0,100,0,6,7
570,quiet,hunt,0.08,0,0,100,0,6,7
580,quiet,hunt,0.08,0,0,100,0,6,7
590,opportunity,hunt,0.23,0,0,100,0,6,8
600,opportunity,hunt,0.23,0,0,100,0,6,8
610,opportunity,hunt,0.23,0,0,100,0,6,8
620,opportunity,hunt,0.23,0,0,100,0,6,8
630,opportunity,hunt,0.23,0,0,100,0,7,8
640,opportunity,hunt,0.23,0,0,100,0,7,8
650,opportunity,hunt,0.23,0,0,100,0,7,8
660,opportunity,hunt,0.23,0,0,100,0,7,8
670,build,hunt,0.32,0,0,100,0,7,8
680,build,hunt,0.5,0,0,100,0,8,8
690,build,hunt,0.503,0,0,100,0,8,8
700,build,hunt,0.503,0,0,100,0,8,8
710,build,hunt,0.503,0,0,100,0,8,8
720,build,hunt,0.503,0,0,100,0,9,8
730,build,hunt,0.503,0,0,100,0,9,8
740,build,hunt,0.503,0,0,100,0,9,8
750,build,hunt,0.503,0,0,100,0,9,8
760,build,hunt,0.503,0,0,100,0,9,8
770,build,hunt,0.503,0,0,100,0,10,8
780,build,hunt,0.503,0,0,100,0,10,8
790,peak,hunt,0.64105,0.414542,0.016248,100,1,9,9
800,peak,hunt,0.638519,0.430292,0.037342,100,1,9,9
810,peak,hunt,0.635898,0.438167,0.059188,100,1,9,10
820,peak,hunt,0.63323,0.430292,0.081414,100,1,9,10
830,peak,hunt,0.630558,0.438167,0.103684,100,1,9,10
840,peak,hunt,0.633976,0.383625,0.125202,100,0,9,10
850,peak,hunt,0.631439,0.422417,0.146339,100,1,8,11
860,aftermath,hunt,0.479609,0.430292,0.168259,100,1,9,11
870,aftermath,hunt,0.077134,0.438167,0.190553,100,1,9,11
880,aftermath,hunt,0.074413,0.430292,0.213227,100,1,9,11
890,aftermath,hunt,0.071687,0.438167,0.235944,100,1,9,11
900,aftermath,hunt,0.069019,0.383625,0.258173,100,0,10,11
910,aftermath,hunt,0.066676,0.367875,0.277701,100,0,9,12
920,aftermath,hunt,0.077585,0.087875,0.186791,100,0,9,12
930,aftermath,hunt,0.088494,0,0.095882,100,0,9,12
940,aftermath,hunt,0.099403,0,0.004973,100,0,9,12
950,aftermath,hunt,0.1,0,0,100,0,9,13
960,aftermath,hunt,0.1,0,0,100,0,9,13
970,quiet,discovery,0.08,0,0,100,0,9,13
980,quiet,discovery,0.08,0,0,100,0,9,13
990,quiet,discovery,0.08,0,0,100,0,10,13
1000,quiet,discovery,0.08,0,0,100,0,10,13
1010,quiet,discovery,0.08,0,0,100,0,10,13
1020,quiet,discovery,0.08,0,0,100,0,10,13
1030,quiet,discovery,0.08,0,0,100,0,10,13
1040,quiet,discovery,0.08,0,0,100,0,11,13
1050,quiet,discovery,0.08,0,0,100,0,11,13
1060,peak,discovery,0.242,0.414542,0.014248,100,1,10,14
1070,peak,discovery,0.422,0.430292,0.035342,100,1,10,14
1080,peak,discovery,0.602,0.438167,0.057187,100,1,11,14
1090,peak,discovery,0.64547,0.430292,0.079414,100,1,11,14
1100,aftermath,discovery,0.543338,0.438167,0.101684,100,1,11,14
1110,aftermath,discovery,0.085184,0.383625,0.123465,100,0,11,14
1120,aftermath,discovery,0.082895,0.367875,0.142545,100,0,11,14
1130,aftermath,discovery,0.093804,0.087875,0.051636,100,0,12,14
1140,aftermath,discovery,0.1,0,0,100,0,12,14
1150,aftermath,discovery,0.1,0,0,100,0,12,14
1160,aftermath,discovery,0.1,0,0,100,0,12,14
1170,aftermath,discovery,0.1,0,0,100,0,13,14
1180,aftermath,discovery,0.1,0,0,100,0,13,14
1190,aftermath,discovery,0.1,0,0,100,0,13,14
1200,aftermath,discovery,0.1,0,0,100,0,13,14
1210,aftermath,discovery,0.1,0,0,100,0,13,14
1220,quiet,voyage,0.08,0,0,100,0,14,14
1230,quiet,voyage,0.08,0,0,100,0,14,14
1240,quiet,voyage,0.08,0,0,100,0,14,14
1250,quiet,voyage,0.08,0,0,100,0,14,14
1260,quiet,voyage,0.08,0,0,100,0,15,14
1270,quiet,voyage,0.08,0,0,100,0,15,14
1280,opportunity,voyage,0.098,0,0,100,0,15,14
1290,opportunity,voyage,0.23,0,0,100,0,15,14
1300,opportunity,voyage,0.23,0,0,100,0,15,14
1310,opportunity,voyage,0.23,0,0,100,0,16,14
1320,opportunity,voyage,0.23,0,0,100,0,16,14
1330,opportunity,voyage,0.23,0,0,100,0,16,14
1340,opportunity,voyage,0.23,0,0,100,0,16,14
1350,opportunity,voyage,0.23,0,0,100,0,17,14
1360,opportunity,voyage,0.23,0,0,100,0,17,14
1370,opportunity,voyage,0.23,0,0,100,0,17,14
1380,opportunity,voyage,0.23,0,0,100,0,17,14
1390,peak,voyage,0.356,0.414542,0.014248,100,1,16,15
1400,peak,voyage,0.536,0.430292,0.035342,100,1,16,16
1410,peak,voyage,0.679138,0.438167,0.057187,100,1,16,16
1420,peak,voyage,0.67647,0.430292,0.079414,100,1,16,16
1430,peak,voyage,0.673798,0.438167,0.101684,100,1,16,16
1440,peak,voyage,0.677184,0.383625,0.123465,100,0,17,16
1450,aftermath,voyage,0.32649,0.367875,0.142545,100,0,16,17
1460,aftermath,voyage,0.093804,0.087875,0.051636,100,0,16,17
1470,aftermath,voyage,0.1,0,0,100,0,16,17
1480,aftermath,voyage,0.1,0,0,100,0,16,17
1490,aftermath,voyage,0.1,0,0,100,0,16,18
1500,recovery,voyage,0.05,0.065,0.003473,100,0,16,18
1510,recovery,voyage,0.025438,0.633,0.038019,100,0,16,18
1520,recovery,voyage,0.03,0.409,0,100,0,16,18
1530,recovery,voyage,0.03,0.245,0,100,0,17,18
1540,recovery,voyage,0.03,0,0,100,0,16,19
1550,recovery,voyage,0.03,0,0,100,0,16,19
1560,recovery,voyage,0.03,0,0,100,0,16,19
1570,recovery,voyage,0.03,0,0,100,0,16,19
1580,recovery,voyage,0.03,0,0,100,0,16,20
1590,aftermath,voyage,0.048,0,0,100,0,16,20
1600,aftermath,voyage,0.1,0,0,100,0,16,20
1610,aftermath,voyage,0.1,0,0,100,0,16,20
1620,aftermath,voyage,0.1,0,0,100,0,17,20
1630,aftermath,voyage,0.1,0,0,100,0,17,20
1640,aftermath,voyage,0.1,0,0,100,0,17,20
1650,aftermath,voyage,0.1,0,0,100,0,17,20
1660,aftermath,voyage,0.1,0,0,100,0,17,20
1670,aftermath,voyage,0.1,0,0,100,0,18,20
1680,aftermath,voyage,0.1,0,0,100,0,18,20
1690,aftermath,voyage,0.1,0,0,100,0,18,20
1700,suspended:docked,discovery,,0,0,100,0,18,20
1710,suspended:docked,discovery,,0,0,100,0,19,20
1720,suspended:docked,discovery,,0,0,100,0,19,20
1730,suspended:docked,discovery,,0,0,100,0,19,20
1740,quiet,discovery,0.08,0,0,100,0,19,20
1750,quiet,discovery,0.08,0,0,100,0,19,20
1760,quiet,discovery,0.08,0,0,100,0,19,21
1770,quiet,discovery,0.08,0,0,100,0,19,21
1780,quiet,discovery,0.08,0,0,100,0,19,21
1790,quiet,discovery,0.08,0,0,100,0,19,21
1800,quiet,discovery,0.08,0,0,100,0,20,21
1810,quiet,discovery,0.08,0,0,100,0,20,21
1820,quiet,discovery,0.08,0,0,100,0,20,21
1830,peak,discovery,0.206,0.325,0.01005,100,1,19,22
1840,peak,discovery,0.386,0.422417,0.030795,100,1,19,22
1850,peak,discovery,0.566,0.438167,0.052385,100,1,19,23
1860,peak,discovery,0.633038,0.438167,0.074686,100,1,19,23
1870,peak,discovery,0.630362,0.430292,0.096987,100,1,19,23
1880,aftermath,discovery,0.130362,0.418042,0.119079,100,0,19,23
1890,aftermath,discovery,0.083363,0.37575,0.138645,100,0,20,23
1900,aftermath,discovery,0.091643,0.15175,0.069641,100,0,20,23
1910,aftermath,discovery,0.1,0,0,100,0,20,23
1920,aftermath,discovery,0.1,0,0,100,0,20,23
1930,aftermath,discovery,0.1,0,0,100,0,20,23
1940,aftermath,discovery,0.1,0,0,100,0,20,23
1950,aftermath,discovery,0.1,0,0,100,0,20,23
1960,aftermath,discovery,0.1,0,0,100,0,20,23
1970,aftermath,discovery,0.1,0,0,100,0,20,23
1980,quiet,hunt,0.08,0,0,100,0,20,23
1990,quiet,hunt,0.08,0,0,100,0,20,23
2000,quiet,hunt,0.08,0,0,100,0,20,23
2010,quiet,hunt,0.08,0,0,100,0,20,23
2020,quiet,hunt,0.08,0,0,100,0,20,23
2030,peak,hunt,0.188,0.26,0.008149,100,1,19,24
2040,peak,hunt,0.368,0.430292,0.029043,100,1,19,24
2050,peak,hunt,0.548,0.430292,0.05074,100,1,19,24
2060,peak,hunt,0.639257,0.438167,0.07286,100,1,19,24
2070,peak,hunt,0.636563,0.438167,0.095311,100,1,20,24
2080,peak,hunt,0.633869,0.430292,0.117762,100,1,19,25
2090,peak,hunt,0.63729,0.430292,0.139248,100,1,18,26
2100,peak,hunt,0.634619,0.430292,0.161512,100,1,18,26
2110,aftermath,hunt,0.184353,0.430292,0.183819,100,1,18,26
2120,aftermath,hunt,0.075214,0.438167,0.206548,100,1,19,26
2130,aftermath,hunt,0.072447,0.438167,0.229609,100,1,19,26
2140,aftermath,hunt,0.069803,0.383625,0.251638,100,0,19,26
2150,aftermath,hunt,0.06876,0.355625,0.260329,100,0,19,26
2160,aftermath,hunt,0.07967,0.075625,0.16942,100,0,20,26
2170,aftermath,hunt,0.090579,0,0.078511,100,0,20,26
2180,aftermath,hunt,0.1,0,0,100,0,20,26
2190,aftermath,hunt,0.1,0,0,100,0,20,26
2200,quiet,discovery,0.08,0,0,100,0,20,26
2210,quiet,discovery,0.08,0,0,100,0,20,26
2220,quiet,discovery,0.08,0,0,100,0,20,26
2230,quiet,discovery,0.08,0,0,100,0,20,26
2240,quiet,discovery,0.08,0,0,100,0,20,26
2250,quiet,discovery,0.08,0,0,100,0,20,26
2260,quiet,discovery,0.08,0,0,100,0,20,26
2270,quiet,discovery,0.08,0,0,100,0,20,26
2280,quiet,discovery,0.08,0,0,100,0,20,26
2290,opportunity,discovery,0.206,0,0,100,0,20,26
2300,opportunity,discovery,0.23,0,0,100,0,20,26
2310,opportunity,discovery,0.23,0,0,100,0,20,26
2320,opportunity,discovery,0.23,0,0,100,0,20,26
2330,opportunity,discovery,0.23,0,0,100,0,20,26
2340,opportunity,discovery,0.23,0,0,100,0,20,26
2350,opportunity,discovery,0.23,0,0,100,0,20,26
2360,opportunity,discovery,0.23,0,0,100,0,20,26
2370,opportunity,discovery,0.23,0,0,100,0,20,26
2380,opportunity,discovery,0.23,0,0,100,0,20,26
2390,opportunity,discovery,0.23,0,0,100,0,20,26
2400,opportunity,discovery,0.23,0,0,100,0,20,26
2410,opportunity,discovery,0.23,0,0,100,0,20,26
2420,opportunity,discovery,0.23,0,0,100,0,20,26
2430,peak,discovery,0.302,0.26,0.00805,100,1,20,27
2440,peak,discovery,0.482,0.422417,0.028795,100,1,20,27
2450,peak,discovery,0.662,0.438167,0.050385,100,1,20,27
2460,peak,discovery,0.676278,0.438167,0.072686,100,1,20,27
2470,peak,discovery,0.673602,0.430292,0.094987,100,1,20,27
2480,aftermath,discovery,0.22334,0.438167,0.117332,100,1,20,27
2490,aftermath,discovery,0.083568,0.37575,0.136931,100,0,20,27
2500,aftermath,discovery,0.090534,0.17975,0.078884,100,0,20,27
2510,aftermath,discovery,0.1,0,0,100,0,20,27
2520,aftermath,discovery,0.1,0,0,100,0,20,27
2530,aftermath,discovery,0.1,0,0,100,0,20,27
2540,aftermath,discovery,0.1,0,0,100,0,20,27
2550,aftermath,discovery,0.1,0,0,100,0,20,27
2560,aftermath,discovery,0.1,0,0,100,0,20,27
2570,aftermath,discovery,0.1,0,0,100,0,20,27
2580,aftermath,discovery,0.1,0,0,100,0,20,27
2590,quiet,voyage,0.08,0,0,100,0,20,27
2600,quiet,voyage,0.08,0,0,100,0,20,27
2610,quiet,voyage,0.08,0,0,100,0,20,27
2620,quiet,voyage,0.08,0,0,100,0,20,27
2630,quiet,voyage,0.08,0,0,100,0,20,27
2640,quiet,voyage,0.08,0,0,100,0,20,27
2650,quiet,voyage,0.08,0,0,100,0,20,27
2660,peak,voyage,0.224,0.39,0.012149,100,1,20,28
2670,peak,voyage,0.404,0.430292,0.033043,100,1,20,28
2680,peak,voyage,0.584,0.430292,0.05474,100,1,20,28
2690,peak,voyage,0.681777,0.438167,0.07686,100,1,20,28
2700,peak,voyage,0.679083,0.438167,0.099311,100,1,20,28
2710,peak,voyage,0.68245,0.390042,0.121252,100,1,19,29
2720,aftermath,voyage,0.381382,0.438167,0.143682,100,1,19,29
2730,aftermath,voyage,0.080027,0.438167,0.166443,100,1,19,29
2740,aftermath,voyage,0.077295,0.430292,0.189204,100,1,19,29
2750,aftermath,voyage,0.074559,0.438167,0.212009,100,1,19,30
2760,aftermath,voyage,0.071783,0.438167,0.235145,100,1,19,30
2770,aftermath,voyage,0.069224,0.37575,0.256464,100,0,19,30
2780,aftermath,voyage,0.070875,0.29175,0.242704,100,0,19,30
2790,aftermath,voyage,0.081785,0.01175,0.151795,100,0,20,30
2800,aftermath,voyage,0.092694,0,0.060886,100,0,20,30
2810,aftermath,voyage,0.1,0,0,100,0,20,30
2820,quiet,hunt,0.08,0,0,100,0,20,30
2830,quiet,hunt,0.08,0,0,100,0,20,30
2840,quiet,hunt,0.08,0,0,100,0,20,30
2850,quiet,hunt,0.08,0,0,100,0,20,30
2860,quiet,hunt,0.08,0,0,100,0,20,30
2870,opportunity,hunt,0.134,0,0,100,0,20,30
2880,opportunity,hunt,0.23,0,0,100,0,20,30
2890,opportunity,hunt,0.23,0,0,100,0,20,30
2900,opportunity,hunt,0.23,0,0,100,0,20,30
2910,opportunity,hunt,0.23,0,0,100,0,20,30
2920,opportunity,hunt,0.23,0,0,100,0,20,30
2930,opportunity,hunt,0.23,0,0,100,0,20,30
2940,opportunity,hunt,0.23,0,0,100,0,20,30
2950,opportunity,hunt,0.23,0,0,100,0,20,30
2960,build,hunt,0.374,0,0,100,0,20,30
2970,build,hunt,0.554,0,0,100,0,20,30
2980,build,hunt,0.563,0,0,100,0,20,30
2990,build,hunt,0.563,0,0,100,0,20,30
3000,build,hunt,0.563,0,0,100,0,0,30
3010,build,hunt,0.563,0,0,100,0,0,30
3020,build,hunt,0.563,0,0,100,0,0,30
3030,build,hunt,0.563,0,0,100,0,0,30
3040,build,hunt,0.581,0,0,100,0,0,30
3050,build,hunt,0.588,0,0,100,0,0,30
3060,build,hunt,0.588,0,0,100,0,0,30
3070,build,hunt,0.588,0,0,100,0,0,30
3080,build,hunt,0.588,0,0,100,0,0,30
3090,opportunity,hunt,0.438,0,0,100,0,0,30
3100,opportunity,hunt,0.23,0,0,100,0,0,30
3110,opportunity,hunt,0.23,0,0,100,0,0,30
3120,opportunity,hunt,0.23,0,0,100,0,0,30
3130,opportunity,hunt,0.23,0,0,100,0,0,30
3140,opportunity,hunt,0.23,0,0,100,0,0,30
3150,opportunity,hunt,0.23,0,0,100,0,0,30
3160,opportunity,hunt,0.23,0,0,100,0,0,30
3170,opportunity,hunt,0.23,0,0,100,0,0,30
3180,build,hunt,0.374,0,0,100,0,0,30
3190,build,hunt,0.554,0,0,100,0,0,30
3200,build,hunt,0.588,0,0,100,0,0,30
3210,build,hunt,0.588,0,0,100,0,0,30
3220,build,hunt,0.588,0,0,100,0,0,30
3230,build,hunt,0.588,0,0,100,0,0,30
3240,build,hunt,0.588,0,0,100,0,0,30
3250,build,hunt,0.588,0,0,100,0,0,30
3260,build,hunt,0.588,0,0,100,0,0,30
3270,build,hunt,0.588,0,0,100,0,0,30
3280,build,hunt,0.588,0,0,100,0,0,30
3290,build,hunt,0.588,0,0,100,0,0,30
3300,build,hunt,0.588,0,0,100,0,0,30
3310,build,hunt,0.588,0,0,100,0,0,30
3320,aftermath,hunt,0.438,0,0,100,0,0,30
3330,aftermath,hunt,0.1,0,0,100,0,0,30
3340,aftermath,hunt,0.1,0,0,100,0,0,30
3350,aftermath,hunt,0.1,0,0,100,0,0,30
3360,aftermath,hunt,0.1,0,0,100,0,0,30
3370,aftermath,hunt,0.1,0,0,100,0,0,30
3380,aftermath,hunt,0.1,0,0,100,0,1,30
3390,aftermath,hunt,0.1,0,0,100,0,1,30
3400,aftermath,hunt,0.1,0,0,100,0,1,30
3410,aftermath,hunt,0.1,0,0,100,0,1,30
3420,aftermath,hunt,0.1,0,0,100,0,2,30
3430,aftermath,hunt,0.1,0,0,100,0,2,30
3440,quiet,discovery,0.08,0,0,100,0,2,30
3450,quiet,discovery,0.08,0,0,100,0,2,30
3460,quiet,discovery,0.08,0,0,100,0,2,30
3470,quiet,discovery,0.08,0,0,100,0,3,30
3480,quiet,discovery,0.08,0,0,100,0,3,30
3490,quiet,discovery,0.08,0,0,100,0,3,30
3500,suspended:docked,discovery,,0,0,100,0,3,30
3510,suspended:docked,discovery,,0,0,100,0,4,30
3520,suspended:docked,discovery,,0,0,100,0,4,30
3530,suspended:docked,discovery,,0,0,100,0,4,30
3540,quiet,discovery,0.08,0,0,100,0,4,30
3550,quiet,discovery,0.08,0,0,100,0,4,30
3560,opportunity,discovery,0.116,0,0,100,0,4,31
3570,peak,discovery,0.296,0.26,0.00805,100,1,3,32
3580,peak,discovery,0.476,0.422417,0.028795,100,1,3,32
3590,peak,discovery,0.656,0.438167,0.050385,100,1,3,32
3600,peak,discovery,0.7,0.438167,0.072686,100,1,4,32
3610,peak,discovery,0.7,0.430292,0.094987,100,1,3,33
3620,aftermath,discovery,0.25,0.438167,0.117332,100,1,3,33
3630,aftermath,discovery,0.083568,0.37575,0.136931,100,0,3,33
3640,aftermath,discovery,0.090534,0.17975,0.078884,100,0,3,33
3650,aftermath,discovery,0.1,0,0,100,0,3,34
3660,aftermath,discovery,0.1,0,0,100,0,3,34
3670,aftermath,discovery,0.1,0,0,100,0,3,34
3680,aftermath,discovery,0.1,0,0,100,0,3,34
3690,aftermath,discovery,0.1,0,0,100,0,4,34
3700,aftermath,discovery,0.1,0,0,100,0,4,34
3710,aftermath,discovery,0.1,0,0,100,0,4,34
3720,aftermath,discovery,0.1,0,0,100,0,4,34
3730,aftermath,discovery,0.1,0,0,100,0,4,34
3740,quiet,hunt,0.08,0,0,100,0,5,34
3750,quiet,hunt,0.08,0,0,100,0,5,34
3760,quiet,hunt,0.08,0,0,100,0,5,34
3770,quiet,hunt,0.08,0,0,100,0,5,34
3780,quiet,hunt,0.08,0,0,100,0,6,34
3790,opportunity,hunt,0.098,0,0,100,0,5,35
3800,peak,hunt,0.278,0.195,0.006149,100,1,4,36
3810,peak,hunt,0.458,0.430292,0.027043,100,1,4,36
3820,peak,hunt,0.638,0.430292,0.04874,100,1,4,36
3830,peak,hunt,0.675497,0.438167,0.07086,100,1,5,36
3840,peak,hunt,0.672803,0.438167,0.093311,100,1,5,36
3850,peak,hunt,0.670109,0.430292,0.115762,100,1,5,36
3860,peak,hunt,0.673768,0.37575,0.135264,100,0,5,36
3870,peak,hunt,0.671359,0.414542,0.155345,100,1,5,37
3880,aftermath,hunt,0.270861,0.422417,0.176343,100,1,5,37
3890,aftermath,hunt,0.076218,0.438167,0.198186,100,1,5,37
3900,aftermath,hunt,0.073511,0.438167,0.220739,100,1,5,37
3910,aftermath,hunt,0.070805,0.430292,0.243293,100,1,5,37
3920,aftermath,hunt,0.068154,0.3915,0.26538,100,0,6,37
3930,aftermath,hunt,0.06578,0.37575,0.285167,100,0,6,37
3940,aftermath,hunt,0.075372,0.12375,0.205234,100,0,6,37
3950,aftermath,hunt,0.086281,0,0.114325,100,0,6,37
3960,aftermath,hunt,0.09719,0,0.023416,100,0,7,37
3970,quiet,voyage,0.08,0,0,100,0,6,38
3980,quiet,voyage,0.08,0,0,100,0,6,38
3990,quiet,voyage,0.08,0,0,100,0,6,38
4000,quiet,voyage,0.08,0,0,100,0,6,38
4010,quiet,voyage,0.08,0,0,100,0,6,39
4020,quiet,voyage,0.08,0,0,100,0,6,39
4030,quiet,voyage,0.08,0,0,100,0,6,39
4040,opportunity,voyage,0.188,0,0,100,0,6,39
4050,opportunity,voyage,0.23,0,0,100,0,7,39
4060,opportunity,voyage,0.23,0,0,100,0,6,40
4070,opportunity,voyage,0.23,0,0,100,0,6,40
4080,opportunity,voyage,0.23,0,0,100,0,6,40
4090,opportunity,voyage,0.23,0,0,100,0,6,40
4100,opportunity,voyage,0.23,0,0,100,0,6,41
4110,opportunity,voyage,0.23,0,0,100,0,6,41
4120,opportunity,voyage,0.23,0,0,100,0,6,41
4130,opportunity,voyage,0.23,0,0,100,0,6,41
4140,opportunity,voyage,0.23,0,0,100,0,7,41
4150,build,voyage,0.248,0,0,100,0,7,41
4160,build,voyage,0.428,0,0,100,0,7,41
4170,peak,voyage,0.608,0.195,0.00605,100,1,6,42
4180,peak,voyage,0.692785,0.422417,0.026795,100,1,6,42
4190,peak,voyage,0.690194,0.438167,0.048385,100,1,6,43
4200,peak,voyage,0.687518,0.438167,0.070686,100,1,6,43
4210,peak,voyage,0.684842,0.430292,0.092987,100,1,6,43
4220,peak,voyage,0.68216,0.438167,0.115332,100,1,6,43
4230,aftermath,voyage,0.53447,0.37575,0.135214,100,0,7,43
4240,aftermath,voyage,0.089425,0.20775,0.088126,100,0,6,44
4250,aftermath,voyage,0.1,0,0,100,0,6,44
4260,aftermath,voyage,0.1,0,0,100,0,6,44
4270,aftermath,voyage,0.1,0,0,100,0,6,44
4280,aftermath,voyage,0.1,0,0,100,0,7,44
4290,aftermath,voyage,0.1,0,0,100,0,7,44
4300,aftermath,voyage,0.1,0,0,100,0,7,44
4310,aftermath,voyage,0.1,0,0,100,0,7,44
4320,quiet,discovery,0.08,0,0,100,0,8,44
4330,quiet,discovery,0.08,0,0,100,0,8,44
4340,quiet,discovery,0.08,0,0,100,0,8,44
4350,quiet,discovery,0.08,0,0,100,0,8,44
4360,quiet,discovery,0.08,0,0,100,0,8,44
4370,quiet,discovery,0.08,0,0,100,0,8,45
4380,quiet,discovery,0.08,0,0,100,0,8,45
4390,quiet,discovery,0.08,0,0,100,0,8,45
4400,quiet,discovery,0.08,0,0,100,0,8,45
4410,peak,discovery,0.206,0.26,0.00805,100,1,8,46
4420,peak,discovery,0.386,0.422417,0.028795,100,1,8,46
4430,peak,discovery,0.566,0.438167,0.050385,100,1,8,46
4440,peak,discovery,0.7,0.438167,0.072686,100,1,8,46
4450,peak,discovery,0.7,0.430292,0.094987,100,1,8,46
4460,aftermath,discovery,0.25,0.438167,0.117332,100,1,8,47
4470,aftermath,discovery,0.083568,0.37575,0.136931,100,0,8,47
4480,aftermath,discovery,0.090534,0.17975,0.078884,100,0,8,47
4490,aftermath,discovery,0.1,0,0,100,0,8,47
4500,aftermath,discovery,0.1,0,0,100,0,9,47
4510,aftermath,discovery,0.1,0,0,100,0,9,47
4520,aftermath,discovery,0.1,0,0,100,0,9,47
4530,aftermath,discovery,0.1,0,0,100,0,9,47
4540,aftermath,discovery,0.1,0,0,100,0,9,47
4550,aftermath,discovery,0.1,0,0,100,0,10,47
4560,aftermath,discovery,0.1,0,0,100,0,10,47
4570,quiet,hunt,0.08,0,0,100,0,10,47
4580,quiet,hunt,0.08,0,0,100,0,10,47
4590,quiet,hunt,0.08,0,0,100,0,11,47
4600,quiet,hunt,0.08,0,0,100,0,11,47
4610,quiet,hunt,0.08,0,0,100,0,11,47
4620,opportunity,hunt,0.134,0,0,100,0,11,47
4630,opportunity,hunt,0.23,0,0,100,0,11,47
4640,opportunity,hunt,0.23,0,0,100,0,11,48
4650,opportunity,hunt,0.23,0,0,100,0,11,48
4660,opportunity,hunt,0.23,0,0,100,0,11,48
4670,opportunity,hunt,0.23,0,0,100,0,11,48
4680,opportunity,hunt,0.23,0,0,100,0,12,48
4690,opportunity,hunt,0.23,0,0,100,0,11,49
4700,opportunity,hunt,0.23,0,0,100,0,11,49
4710,peak,hunt,0.374,0.26,0.00805,100,1,10,50
4720,peak,hunt,0.554,0.422417,0.028795,100,1,10,50
4730,peak,hunt,0.7,0.438167,0.050385,100,1,11,50
4740,peak,hunt,0.7,0.438167,0.072686,100,1,11,50
4750,peak,hunt,0.7,0.430292,0.094987,100,1,11,50
4760,peak,hunt,0.7,0.438167,0.117332,100,1,11,50
4770,peak,hunt,0.7,0.430292,0.137234,100,1,11,51
4780,peak,hunt,0.7,0.422417,0.159121,100,1,11,51
4790,aftermath,hunt,0.25,0.438167,0.181094,100,1,11,51
4800,aftermath,hunt,0.075547,0.438167,0.203777,100,1,10,52
4810,aftermath,hunt,0.072825,0.430292,0.226461,100,1,10,52
4820,aftermath,hunt,0.070097,0.438167,0.249188,100,1,10,53
4830,aftermath,hunt,0.067599,0.37575,0.270008,100,0,10,53
4840,aftermath,hunt,0.07059,0.26375,0.24508,100,0,10,53
4850,aftermath,hunt,0.081499,0,0.154171,100,0,10,53
4860,aftermath,hunt,0.092409,0,0.063262,100,0,11,53
4870,aftermath,hunt,0.1,0,0,100,0,10,54
4880,aftermath,hunt,0.1,0,0,100,0,10,54
4890,aftermath,hunt,0.1,0,0,100,0,10,54
4900,quiet,discovery,0.08,0,0,100,0,10,54
4910,quiet,discovery,0.08,0,0,100,0,10,55
4920,quiet,discovery,0.08,0,0,100,0,10,55
4930,quiet,discovery,0.08,0,0,100,0,10,55
4940,quiet,discovery,0.08,0,0,100,0,10,55
4950,quiet,discovery,0.08,0,0,100,0,11,55
4960,quiet,discovery,0.08,0,0,100,0,11,55
4970,quiet,discovery,0.08,0,0,100,0,11,55
4980,opportunity,discovery,0.17,0,0,100,0,11,55
4990,opportunity,discovery,0.23,0,0,100,0,11,55
5000,opportunity,discovery,0.23,0,0,100,0,11,56
5010,peak,discovery,0.284,0.195,0.00605,100,1,10,57
5020,peak,discovery,0.464,0.422417,0.026795,100,1,10,57
5030,peak,discovery,0.644,0.438167,0.048385,100,1,10,57
5040,peak,discovery,0.7,0.438167,0.070686,100,1,11,57
5050,peak,discovery,0.7,0.430292,0.092987,100,1,10,58
5060,aftermath,discovery,0.3,0.438167,0.115332,100,1,10,58
5070,aftermath,discovery,0.083774,0.37575,0.135214,100,0,10,58
5080,aftermath,discovery,0.089425,0.20775,0.088126,100,0,10,58
5090,aftermath,discovery,0.1,0,0,100,0,10,59
5100,recovery,discovery,0.05,0.065,0.003473,100,0,10,59
5110,recovery,discovery,0.025438,0.633,0.038019,100,0,10,59
5120,recovery,discovery,0.03,0.409,0,100,0,10,59
5130,recovery,discovery,0.03,0.245,0,100,0,11,59
5140,recovery,discovery,0.03,0,0,100,0,10,60
5150,recovery,discovery,0.03,0,0,100,0,10,60
5160,recovery,discovery,0.03,0,0,100,0,10,60
5170,recovery,discovery,0.03,0,0,100,0,10,60
5180,recovery,discovery,0.03,0,0,100,0,10,61
5190,aftermath,discovery,0.048,0,0,100,0,10,61
5200,aftermath,discovery,0.1,0,0,100,0,10,61
5210,aftermath,discovery,0.1,0,0,100,0,10,61
5220,aftermath,discovery,0.1,0,0,100,0,11,61
5230,aftermath,discovery,0.1,0,0,100,0,11,61
5240,aftermath,discovery,0.1,0,0,100,0,11,61
5250,aftermath,discovery,0.1,0,0,100,0,11,61
5260,aftermath,discovery,0.1,0,0,100,0,11,61
5270,aftermath,discovery,0.1,0,0,100,0,12,61
5280,aftermath,discovery,0.1,0,0,100,0,12,61
5290,aftermath,discovery,0.1,0,0,100,0,12,61
5300,suspended:docked,discovery,,0,0,100,0,12,61
5310,suspended:docked,discovery,,0,0,100,0,13,61
5320,suspended:docked,discovery,,0,0,100,0,13,61
5330,suspended:docked,discovery,,0,0,100,0,13,61
5340,aftermath,discovery,0.08,0,0,100,0,13,61
5350,aftermath,discovery,0.08,0,0,100,0,13,61
5360,quiet,voyage,0.08,0,0,100,0,13,62
5370,quiet,voyage,0.08,0,0,100,0,13,62
5380,quiet,voyage,0.08,0,0,100,0,12,63
5390,quiet,voyage,0.08,0,0,100,0,12,63
5400,quiet,voyage,0.08,0,0,100,0,13,63
5410,quiet,voyage,0.08,0,0,100,0,13,63
5420,opportunity,voyage,0.116,0,0,100,0,13,63
5430,opportunity,voyage,0.23,0,0,100,0,13,63
5440,opportunity,voyage,0.23,0,0,100,0,13,63
5450,opportunity,voyage,0.23,0,0,100,0,14,63
5460,opportunity,voyage,0.23,0,0,100,0,14,63
5470,opportunity,voyage,0.23,0,0,100,0,14,63
5480,opportunity,voyage,0.23,0,0,100,0,14,63
5490,opportunity,voyage,0.23,0,0,100,0,15,63
5500,opportunity,voyage,0.23,0,0,100,0,15,63
5510,opportunity,voyage,0.23,0,0,100,0,15,63
5520,opportunity,voyage,0.23,0,0,100,0,15,63
5530,opportunity,voyage,0.23,0,0,100,0,15,63
5540,build,voyage,0.356,0,0,100,0,16,63
5550,build,voyage,0.536,0,0,100,0,16,63
5560,build,voyage,0.56,0,0,100,0,16,63
5570,build,voyage,0.56,0,0,100,0,16,63
5580,build,voyage,0.56,0,0,100,1,16,64
5590,peak,voyage,0.69757,0.414542,0.020248,100,1,16,64
5600,peak,voyage,0.695039,0.430292,0.041342,100,1,15,65
5610,peak,voyage,0.692417,0.438167,0.063188,100,1,15,65
5620,peak,voyage,0.68975,0.430292,0.085414,100,1,14,66
5630,peak,voyage,0.687078,0.438167,0.107684,100,1,15,66
5640,peak,voyage,0.684398,0.438167,0.130015,100,1,14,67
5650,aftermath,voyage,0.184398,0.430292,0.152584,100,1,14,67
5660,aftermath,voyage,0.078976,0.438167,0.175196,100,1,14,67
5670,aftermath,voyage,0.076223,0.438167,0.198139,100,1,15,67
5680,aftermath,voyage,0.07347,0.430292,0.221083,100,1,14,68
5690,aftermath,voyage,0.070742,0.418042,0.243817,100,0,14,68
5700,aftermath,voyage,0.068317,0.37575,0.264027,100,0,14,68
5710,aftermath,voyage,0.076582,0.15175,0.19515,100,0,14,68
5720,aftermath,voyage,0.087491,0,0.104241,100,0,14,69
5730,aftermath,voyage,0.0984,0,0.013332,100,0,14,69
5740,quiet,hunt,0.08,0,0,100,0,14,69
5750,quiet,hunt,0.08,0,0,100,0,14,69
5760,quiet,hunt,0.08,0,0,100,0,15,69
5770,quiet,hunt,0.08,0,0,100,0,15,69
5780,quiet,hunt,0.08,0,0,100,0,15,69
5790,peak,hunt,0.242,0.422417,0.016397,100,1,14,70
5800,peak,hunt,0.422,0.430292,0.03764,100,1,14,70
5810,peak,hunt,0.602,0.438167,0.059684,100,1,15,70
5820,peak,hunt,0.690153,0.438167,0.08206,100,1,15,70
5830,peak,hunt,0.687468,0.430292,0.104437,100,1,15,70
5840,peak,hunt,0.684919,0.383625,0.125675,100,0,15,70
5850,aftermath,hunt,0.632851,0.355625,0.133817,100,0,16,70
5860,aftermath,hunt,0.132851,0.075625,0.042908,100,0,16,70
5870,aftermath,hunt,0.1,0,0,100,0,16,70
5880,aftermath,hunt,0.1,0,0,100,0,16,70
5890,aftermath,hunt,0.1,0,0,100,0,16,70
5900,aftermath,hunt,0.1,0,0,100,0,16,71
5910,aftermath,hunt,0.1,0,0,100,0,16,71
5920,aftermath,hunt,0.1,0,0,100,0,16,71
5930,aftermath,hunt,0.1,0,0,100,0,16,71
5940,aftermath,hunt,0.1,0,0,100,0,17,71
5950,quiet,discovery,0.08,0,0,100,0,17,71
5960,quiet,discovery,0.08,0,0,100,0,17,71
5970,quiet,discovery,0.08,0,0,100,0,17,71
5980,quiet,discovery,0.08,0,0,100,0,17,71
5990,quiet,discovery,0.08,0,0,100,0,18,71
6000,quiet,discovery,0.08,0,0,100,0,18,71
6010,quiet,discovery,0.08,0,0,100,0,18,71
6020,quiet,discovery,0.08,0,0,100,0,18,71
6030,quiet,discovery,0.08,0,0,100,0,19,71
6040,opportunity,discovery,0.23,0,0,100,0,18,72
6050,opportunity,discovery,0.23,0,0,100,0,18,72
6060,opportunity,discovery,0.23,0,0,100,0,18,72
6070,opportunity,discovery,0.23,0,0,100,0,18,72
6080,opportunity,discovery,0.23,0,0,100,0,18,73
6090,opportunity,discovery,0.23,0,0,100,0,18,73
6100,opportunity,discovery,0.23,0,0,100,0,18,73
6110,opportunity,discovery,0.23,0,0,100,0,18,73
6120,opportunity,discovery,0.23,0,0,100,0,19,73
6130,opportunity,discovery,0.23,0,0,100,0,19,73
6140,opportunity,discovery,0.23,0,0,100,0,19,73
6150,opportunity,discovery,0.23,0,0,100,0,19,73
6160,opportunity,discovery,0.23,0,0,100,0,19,73
6170,opportunity,discovery,0.23,0,0,100,0,19,74
6180,opportunity,discovery,0.23,0,0,100,0,19,74
6190,build,discovery,0.32,0,0,100,0,19,74
6200,build,discovery,0.5,0,0,100,0,19,74
6210,build,discovery,0.585,0,0,100,0,20,74
6220,build,discovery,0.585,0,0,100,0,20,74
6230,build,discovery,0.585,0,0,100,0,20,74
6240,peak,discovery,0.621,0.13,0.00405,100,1,19,75
6250,peak,discovery,0.7,0.422417,0.024795,100,1,19,75
6260,peak,discovery,0.7,0.438167,0.046385,100,1,20,75
6270,peak,discovery,0.7,0.438167,0.068686,100,1,20,75
6280,peak,discovery,0.7,0.430292,0.090987,100,1,20,75
6290,aftermath,discovery,0.35,0.438167,0.113332,100,1,20,75
6300,aftermath,discovery,0.083981,0.37575,0.133493,100,0,20,75
6310,aftermath,discovery,0.088316,0.23575,0.097369,100,0,20,75
6320,aftermath,discovery,0.099225,0,0.00646,100,0,20,75
6330,aftermath,discovery,0.1,0,0,100,0,20,75
6340,aftermath,discovery,0.1,0,0,100,0,20,75
6350,aftermath,discovery,0.1,0,0,100,0,20,75
6360,aftermath,discovery,0.1,0,0,100,0,20,75
6370,aftermath,discovery,0.1,0,0,100,0,20,75
6380,aftermath,discovery,0.1,0,0,100,0,20,75
6390,aftermath,discovery,0.1,0,0,100,0,20,75
6400,quiet,hunt,0.08,0,0,100,0,20,75
6410,quiet,hunt,0.08,0,0,100,0,20,75
6420,quiet,hunt,0.08,0,0,100,0,20,75
6430,quiet,hunt,0.08,0,0,100,0,20,75
6440,quiet,hunt,0.08,0,0,100,0,20,75
6450,opportunity,hunt,0.098,0,0,100,1,19,76
6460,peak,hunt,0.278,0.414542,0.020248,100,1,19,76
6470,peak,hunt,0.458,0.430292,0.041342,100,1,19,76
6480,peak,hunt,0.638,0.438167,0.063188,100,1,20,76
6490,peak,hunt,0.7,0.430292,0.085414,100,1,20,76
6500,peak,hunt,0.7,0.438167,0.107684,100,1,20,76
6510,peak,hunt,0.7,0.438167,0.128969,100,1,19,77
6520,peak,hunt,0.7,0.430292,0.151408,100,1,19,77
6530,aftermath,hunt,0.45,0.438167,0.173891,100,1,20,77
6540,aftermath,hunt,0.076396,0.438167,0.196704,100,1,20,77
6550,aftermath,hunt,0.073658,0.430292,0.219518,100,1,20,77
6560,aftermath,hunt,0.070915,0.438167,0.242375,100,1,20,77
6570,aftermath,hunt,0.068401,0.37575,0.263325,100,0,20,77
6580,aftermath,hunt,0.071383,0.26375,0.238475,100,0,20,77
6590,aftermath,hunt,0.082292,0,0.147566,100,0,20,77
6600,aftermath,hunt,0.093201,0,0.056657,100,0,20,77
6610,aftermath,hunt,0.1,0,0,100,0,20,77
6620,aftermath,hunt,0.1,0,0,100,0,20,77
6630,aftermath,hunt,0.1,0,0,100,0,20,77
6640,quiet,voyage,0.08,0,0,100,0,20,77
6650,quiet,voyage,0.08,0,0,100,0,20,77
6660,quiet,voyage,0.08,0,0,100,0,20,77
6670,quiet,voyage,0.08,0,0,100,0,20,77
6680,quiet,voyage,0.08,0,0,100,0,20,77
6690,quiet,voyage,0.08,0,0,100,0,20,77
6700,opportunity,voyage,0.098,0,0,100,0,20,77
6710,opportunity,voyage,0.23,0,0,100,0,20,77
6720,opportunity,voyage,0.23,0,0,100,0,20,77
6730,opportunity,voyage,0.23,0,0,100,0,20,77
6740,opportunity,voyage,0.23,0,0,100,0,20,77
6750,opportunity,voyage,0.23,0,0,100,0,20,77
6760,opportunity,voyage,0.23,0,0,100,0,20,77
6770,opportunity,voyage,0.23,0,0,100,0,20,77
6780,opportunity,voyage,0.23,0,0,100,0,20,77
6790,opportunity,voyage,0.23,0,0,100,0,20,77
6800,opportunity,voyage,0.23,0,0,100,0,20,77
6810,opportunity,voyage,0.23,0,0,100,0,20,77
6820,build,voyage,0.338,0,0,100,0,20,77
6830,build,voyage,0.518,0,0,100,0,20,77
6840,peak,voyage,0.628,0.065,0.00205,100,1,20,78
6850,peak,voyage,0.7,0.422417,0.022795,100,1,20,78
6860,peak,voyage,0.7,0.438167,0.044385,100,1,20,78
6870,peak,voyage,0.7,0.438167,0.066686,100,1,20,78
6880,peak,voyage,0.7,0.430292,0.088987,100,1,20,78
6890,peak,voyage,0.7,0.438167,0.111332,100,1,20,78
6900,aftermath,voyage,0.65,0.37575,0.131769,100,0,20,78
6910,aftermath,voyage,0.15,0.26375,0.106612,100,0,20,78
6920,aftermath,voyage,0.098116,0,0.015703,100,0,20,78
6930,aftermath,voyage,0.1,0,0,100,0,20,78
6940,aftermath,voyage,0.1,0,0,100,0,20,78
6950,aftermath,voyage,0.1,0,0,100,0,20,78
6960,aftermath,voyage,0.1,0,0,100,0,20,78
6970,aftermath,voyage,0.1,0,0,100,0,20,78
6980,aftermath,voyage,0.1,0,0,100,0,20,78
6990,aftermath,voyage,0.1,0,0,100,0,20,78
7000,aftermath,voyage,0.1,0,0,100,0,20,78
7010,aftermath,voyage,0.1,0,0,100,0,20,78
7020,quiet,discovery,0.08,0,0,100,0,20,78
7030,quiet,discovery,0.08,0,0,100,0,20,78
7040,quiet,discovery,0.08,0,0,100,0,20,78
7050,quiet,discovery,0.08,0,0,100,0,20,78
7060,quiet,discovery,0.08,0,0,100,0,20,78
7070,quiet,discovery,0.08,0,0,100,0,20,78
7080,quiet,discovery,0.08,0,0,100,0,20,78
7090,quiet,discovery,0.08,0,0,100,0,20,78
7100,suspended:docked,discovery,,0,0,100,0,20,78
7110,suspended:docked,discovery,,0,0,100,0,20,78
7120,suspended:docked,discovery,,0,0,100,0,20,78
7130,suspended:docked,discovery,,0,0,100,0,20,78
7140,opportunity,discovery,0.08,0,0,100,0,20,78
7150,opportunity,discovery,0.08,0,0,100,0,20,78
7160,peak,discovery,0.116,0.065,0.002,100,1,19,79
7170,peak,discovery,0.296,0.422417,0.022398,100,1,19,79
7180,peak,discovery,0.476,0.430292,0.04364,100,1,19,79
7190,peak,discovery,0.656,0.438167,0.065684,100,1,19,79
7200,peak,discovery,0.7,0.438167,0.08806,100,1,20,79
7210,aftermath,discovery,0.4,0.430292,0.110437,100,1,19,80
7220,aftermath,discovery,0.084296,0.383625,0.130866,100,0,19,80
7230,aftermath,discovery,0.087285,0.271625,0.105962,100,0,19,80
7240,aftermath,discovery,0.098194,0,0.015053,100,0,19,80
7250,aftermath,discovery,0.1,0,0,100,0,19,81
7260,aftermath,discovery,0.1,0,0,100,0,19,81
7270,aftermath,discovery,0.1,0,0,100,0,19,81
7280,aftermath,discovery,0.1,0,0,100,0,19,81
7290,aftermath,discovery,0.1,0,0,100,0,20,81
7300,aftermath,discovery,0.1,0,0,100,0,20,81
7310,aftermath,discovery,0.1,0,0,100,0,20,81
7320,aftermath,discovery,0.1,0,0,100,0,20,81
7330,aftermath,discovery,0.1,0,0,100,0,20,81
7340,quiet,hunt,0.08,0,0,100,0,20,81
7350,quiet,hunt,0.08,0,0,100,0,20,81
7360,quiet,hunt,0.08,0,0,100,0,20,81
7370,quiet,hunt,0.08,0,0,100,0,20,81
7380,quiet,hunt,0.08,0,0,100,0,20,81
7390,opportunity,hunt,0.224,0,0,100,0,20,81
7400,opportunity,hunt,0.23,0,0,100,0,20,81
7410,opportunity,hunt,0.23,0,0,100,0,20,81
7420,opportunity,hunt,0.23,0,0,100,0,20,81
7430,opportunity,hunt,0.23,0,0,100,0,20,81
7440,opportunity,hunt,0.23,0,0,100,1,19,82
7450,peak,hunt,0.41,0.414542,0.020248,100,1,19,82
7460,peak,hunt,0.59,0.430292,0.041342,100,1,19,82
7470,peak,hunt,0.692417,0.438167,0.063188,100,1,20,82
7480,peak,hunt,0.68975,0.430292,0.085414,100,1,19,83
7490,peak,hunt,0.687078,0.438167,0.107684,100,1,19,83
7500,peak,hunt,0.68443,0.438167,0.129749,100,1,18,84
7510,peak,hunt,0.681726,0.430292,0.152285,100,1,18,84
7520,aftermath,hunt,0.43038,0.438167,0.174865,100,1,19,84
7530,aftermath,hunt,0.076267,0.438167,0.197776,100,1,19,84
7540,aftermath,hunt,0.073518,0.430292,0.220687,100,1,19,84
7550,aftermath,hunt,0.070763,0.438167,0.243642,100,1,19,84
7560,aftermath,hunt,0.068338,0.37575,0.263851,100,0,20,84
7570,aftermath,hunt,0.075282,0.17975,0.205986,100,0,19,85
7580,aftermath,hunt,0.086191,0,0.115077,100,0,19,85
7590,aftermath,hunt,0.0971,0,0.024168,100,0,19,85
7600,aftermath,hunt,0.1,0,0,100,0,19,85
7610,aftermath,hunt,0.1,0,0,100,0,19,86
7620,quiet,discovery,0.08,0,0,100,0,19,86
7630,quiet,discovery,0.08,0,0,100,0,19,86
7640,quiet,discovery,0.08,0,0,100,0,19,86
7650,quiet,discovery,0.08,0,0,100,0,20,86
7660,quiet,discovery,0.08,0,0,100,0,20,86
7670,quiet,discovery,0.08,0,0,100,0,20,86
7680,quiet,discovery,0.08,0,0,100,0,20,86
7690,quiet,discovery,0.08,0,0,100,0,20,86
7700,opportunity,discovery,0.134,0,0,100,0,20,86
7710,opportunity,discovery,0.23,0,0,100,0,20,86
7720,opportunity,discovery,0.23,0,0,100,0,20,86
7730,opportunity,discovery,0.23,0,0,100,0,20,86
7740,opportunity,discovery,0.23,0,0,100,0,20,86
7750,opportunity,discovery,0.23,0,0,100,0,20,86
7760,opportunity,discovery,0.23,0,0,100,0,20,86
7770,peak,discovery,0.392,0.422417,0.018397,100,1,19,87
7780,peak,discovery,0.572,0.430292,0.03964,100,1,19,87
7790,peak,discovery,0.692598,0.438167,0.061684,100,1,19,88
7800,peak,discovery,0.689913,0.438167,0.08406,100,1,19,88
7810,aftermath,discovery,0.488308,0.430292,0.106437,100,1,19,88
7820,aftermath,discovery,0.084711,0.383625,0.127408,100,0,19,88
7830,aftermath,discovery,0.085056,0.327625,0.124532,100,0,20,88
7840,aftermath,discovery,0.095965,0.047625,0.033623,100,0,20,88
7850,aftermath,discovery,0.1,0,0,100,0,20,88
7860,aftermath,discovery,0.1,0,0,100,0,20,88
7870,aftermath,discovery,0.1,0,0,100,0,20,88
7880,aftermath,discovery,0.1,0,0,100,0,20,88
7890,aftermath,discovery,0.1,0,0,100,0,20,88
7900,aftermath,discovery,0.1,0,0,100,0,20,88
7910,aftermath,discovery,0.1,0,0,100,0,20,88
7920,quiet,voyage,0.08,0,0,100,0,20,88
7930,quiet,voyage,0.08,0,0,100,0,20,88
7940,quiet,voyage,0.08,0,0,100,0,20,88
7950,quiet,voyage,0.08,0,0,100,0,20,88
7960,quiet,voyage,0.08,0,0,100,0,20,88
7970,quiet,voyage,0.08,0,0,100,0,20,88
7980,opportunity,voyage,0.17,0,0,100,0,20,88
7990,opportunity,voyage,0.23,0,0,100,0,20,88
8000,opportunity,voyage,0.23,0,0,100,0,19,89
8010,opportunity,voyage,0.23,0,0,100,0,20,89
8020,opportunity,voyage,0.23,0,0,100,0,20,89
8030,opportunity,voyage,0.23,0,0,100,0,20,89
8040,opportunity,voyage,0.23,0,0,100,0,20,89
8050,peak,voyage,0.392,0.414542,0.018248,100,1,19,90
8060,peak,voyage,0.572,0.430292,0.039342,100,1,19,91
8070,peak,voyage,0.7,0.438167,0.061188,100,1,19,91
8080,peak,voyage,0.7,0.430292,0.083414,100,1,19,91
8090,peak,voyage,0.7,0.438167,0.105684,100,1,19,91
8100,peak,voyage,0.7,0.438167,0.127495,100,1,19,92
8110,aftermath,voyage,0.25,0.430292,0.149999,100,1,19,92
8120,aftermath,voyage,0.079294,0.438167,0.172547,100,1,19,92
8130,aftermath,voyage,0.076549,0.438167,0.195425,100,1,18,93
8140,aftermath,voyage,0.073804,0.430292,0.218304,100,1,18,93
8150,aftermath,voyage,0.071053,0.438167,0.241226,100,1,19,93
8160,aftermath,voyage,0.068564,0.37575,0.261965,100,0,19,93
8170,aftermath,voyage,0.072864,0.23575,0.226129,100,0,19,93
8180,aftermath,voyage,0.083774,0,0.13522,100,0,19,93
8190,aftermath,voyage,0.094683,0,0.044311,100,0,20,93
8200,aftermath,voyage,0.1,0,0,100,0,20,93
8210,quiet,hunt,0.08,0,0,100,0,20,93
8220,quiet,hunt,0.08,0,0,100,0,20,93
8230,quiet,hunt,0.08,0,0,100,0,20,93
8240,quiet,hunt,0.08,0,0,100,0,20,93
8250,quiet,hunt,0.08,0,0,100,0,20,93
8260,opportunity,hunt,0.188,0,0,100,0,20,93
8270,opportunity,hunt,0.23,0,0,100,0,20,93
8280,opportunity,hunt,0.23,0,0,100,0,20,93
8290,opportunity,hunt,0.23,0,0,100,0,20,93
8300,opportunity,hunt,0.23,0,0,100,0,20,93
8310,opportunity,hunt,0.23,0,0,100,0,20,93
8320,opportunity,hunt,0.23,0,0,100,0,20,93
8330,opportunity,hunt,0.23,0,0,100,0,20,93
8340,build,hunt,0.248,0,0,100,0,20,93
8350,build,hunt,0.428,0,0,100,0,20,93
8360,build,hunt,0.585,0,0,100,0,20,93
8370,peak,hunt,0.7,0.422417,0.014397,100,1,20,94
8380,peak,hunt,0.7,0.430292,0.03564,100,1,20,94
8390,peak,hunt,0.7,0.438167,0.057684,100,1,20,94
8400,peak,hunt,0.7,0.438167,0.08006,100,1,20,94
8410,peak,hunt,0.7,0.430292,0.102437,100,1,20,94
8420,peak,hunt,0.7,0.383625,0.123938,100,0,20,94
8430,peak,hunt,0.7,0.367875,0.143018,100,0,20,94
8440,aftermath,hunt,0.2,0.087875,0.052109,100,0,20,94
8450,aftermath,hunt,0.1,0,0,100,0,20,94
8460,aftermath,hunt,0.1,0,0,100,0,20,94
8470,aftermath,hunt,0.1,0,0,100,0,20,94
8480,aftermath,hunt,0.1,0,0,100,0,20,94
8490,aftermath,hunt,0.1,0,0,100,0,20,94
8500,aftermath,hunt,0.1,0,0,100,0,20,94
8510,aftermath,hunt,0.1,0,0,100,0,20,94
8520,aftermath,hunt,0.1,0,0,100,0,20,94
8530,aftermath,hunt,0.1,0,0,100,0,20,94
8540,quiet,discovery,0.08,0,0,100,0,20,94
8550,quiet,discovery,0.08,0,0,100,0,20,94
8560,quiet,discovery,0.08,0,0,100,0,20,94
8570,quiet,discovery,0.08,0,0,100,0,20,94
8580,quiet,discovery,0.08,0,0,100,0,20,94
8590,quiet,discovery,0.08,0,0,100,0,20,94
8600,quiet,discovery,0.08,0,0,100,0,20,94
8610,quiet,discovery,0.08,0,0,100,0,20,94
8620,quiet,discovery,0.08,0,0,100,0,20,94
8630,opportunity,discovery,0.206,0,0,100,0,20,94
8640,opportunity,discovery,0.23,0,0,100,0,20,94
8650,peak,discovery,0.374,0.414542,0.016248,100,1,19,95
8660,peak,discovery,0.554,0.430292,0.037342,100,1,19,95
8670,peak,discovery,0.7,0.438167,0.059188,100,1,19,95
8680,peak,discovery,0.7,0.430292,0.081414,100,1,19,95
8690,aftermath,discovery,0.55,0.438167,0.103684,100,1,19,96
8700,recovery,discovery,0.05,0.464375,0.126925,100,0,19,96
8710,recovery,discovery,0.02,0.640875,0.163197,100,0,19,96
8720,recovery,discovery,0.02,0.416875,0.097534,100,0,19,96
8730,recovery,discovery,0.029205,0.245,0.006624,100,0,20,96
8740,recovery,discovery,0.03,0,0,100,0,19,97
8750,recovery,discovery,0.03,0,0,100,0,19,97
8760,recovery,discovery,0.03,0,0,100,0,19,97
8770,recovery,discovery,0.03,0,0,100,0,19,97
8780,recovery,discovery,0.03,0,0,100,0,20,97
8790,aftermath,discovery,0.048,0,0,100,0,20,97
8800,aftermath,discovery,0.1,0,0,100,0,20,97
8810,aftermath,discovery,0.1,0,0,100,0,20,97
8820,aftermath,discovery,0.1,0,0,100,0,20,97
8830,aftermath,discovery,0.1,0,0,100,0,20,97
8840,aftermath,discovery,0.1,0,0,100,0,20,97
8850,aftermath,discovery,0.1,0,0,100,0,20,97
8860,aftermath,discovery,0.1,0,0,100,0,20,97
8870,aftermath,discovery,0.1,0,0,100,0,20,97
8880,aftermath,discovery,0.1,0,0,100,0,20,97
8890,aftermath,discovery,0.1,0,0,100,0,20,97
8900,suspended:docked,discovery,,0,0,100,0,20,97
8910,suspended:docked,discovery,,0,0,100,0,20,97
8920,suspended:docked,discovery,,0,0,100,0,20,97
8930,suspended:docked,discovery,,0,0,100,0,20,97
8940,aftermath,discovery,0.08,0,0,100,0,20,97
8950,aftermath,discovery,0.08,0,0,100,0,20,97
8960,quiet,hunt,0.08,0,0,100,0,20,97
8970,quiet,hunt,0.08,0,0,100,0,20,97
8980,quiet,hunt,0.08,0,0,100,0,20,97
8990,quiet,hunt,0.08,0,0,100,0,20,97
9000,quiet,hunt,0.08,0,0,100,0,20,97
9010,peak,hunt,0.206,0.26,0.008,100,1,19,98
9020,peak,hunt,0.386,0.422417,0.028596,100,1,19,98
9030,peak,hunt,0.566,0.438167,0.049988,100,1,19,98
9040,peak,hunt,0.7,0.430292,0.072139,100,1,19,98
9050,peak,hunt,0.7,0.438167,0.094334,100,1,19,99
9060,peak,hunt,0.7,0.438167,0.116859,100,1,19,99
9070,peak,hunt,0.7,0.422417,0.137228,100,1,18,100
9080,peak,hunt,0.7,0.430292,0.159074,100,1,18,100
9090,aftermath,hunt,0.25,0.438167,0.181292,100,1,19,100
9100,aftermath,hunt,0.075533,0.430292,0.203891,100,1,19,100
9110,aftermath,hunt,0.072816,0.438167,0.226533,100,1,19,100
9120,aftermath,hunt,0.070059,0.438167,0.249506,100,1,19,100
9130,aftermath,hunt,0.06762,0.37575,0.269836,100,0,19,100
9140,aftermath,hunt,0.073249,0.20775,0.222927,100,0,20,100
9150,aftermath,hunt,0.084158,0,0.132018,100,0,20,100
9160,aftermath,hunt,0.095067,0,0.041109,100,0,20,100
9170,aftermath,hunt,0.1,0,0,100,0,20,100
9180,aftermath,hunt,0.1,0,0,100,0,20,100
9190,aftermath,hunt,0.1,0,0,100,0,20,100
9200,aftermath,hunt,0.1,0,0,100,0,20,100
9210,quiet,voyage,0.08,0,0,100,0,20,100
9220,quiet,voyage,0.08,0,0,100,0,20,100
9230,quiet,voyage,0.08,0,0,100,0,20,100
9240,quiet,voyage,0.08,0,0,100,0,20,100
9250,quiet,voyage,0.08,0,0,100,0,20,100
9260,quiet,voyage,0.08,0,0,100,0,20,100
9270,peak,voyage,0.134,0.13,0.00405,100,1,20,101
9280,peak,voyage,0.314,0.422417,0.024795,100,1,20,101
9290,peak,voyage,0.494,0.438167,0.046385,100,1,20,101
9300,peak,voyage,0.674,0.438167,0.068686,100,1,20,101
9310,peak,voyage,0.689082,0.430292,0.090987,100,1,20,101
9320,peak,voyage,0.6864,0.438167,0.113332,100,1,20,101
9330,aftermath,voyage,0.584442,0.37575,0.133493,100,0,20,101
9340,aftermath,voyage,0.088316,0.23575,0.097369,100,0,20,101
9350,aftermath,voyage,0.099225,0,0.00646,100,0,20,101
9360,aftermath,voyage,0.1,0,0,100,0,20,101
9370,aftermath,voyage,0.1,0,0,100,0,20,101
9380,aftermath,voyage,0.1,0,0,100,0,20,101
9390,aftermath,voyage,0.1,0,0,100,0,20,101
9400,aftermath,voyage,0.1,0,0,100,0,20,101
9410,aftermath,voyage,0.1,0,0,100,0,20,101
9420,quiet,discovery,0.08,0,0,100,0,20,101
9430,quiet,discovery,0.08,0,0,100,0,20,101
9440,quiet,discovery,0.08,0,0,100,0,20,101
9450,quiet,discovery,0.08,0,0,100,0,20,101
9460,quiet,discovery,0.08,0,0,100,0,20,101
9470,quiet,discovery,0.08,0,0,100,0,20,101
9480,quiet,discovery,0.08,0,0,100,0,20,101
9490,quiet,discovery,0.08,0,0,100,0,20,101
9500,quiet,discovery,0.08,0,0,100,0,20,101
9510,opportunity,discovery,0.188,0,0,100,0,20,101
9520,opportunity,discovery,0.23,0,0,100,0,20,101
9530,opportunity,discovery,0.23,0,0,100,0,20,101
9540,opportunity,discovery,0.23,0,0,100,0,20,101
9550,opportunity,discovery,0.23,0,0,100,0,20,101
9560,opportunity,discovery,0.23,0,0,100,0,20,101
9570,opportunity,discovery,0.23,0,0,100,0,20,101
9580,opportunity,discovery,0.23,0,0,100,0,20,101
9590,opportunity,discovery,0.23,0,0,100,0,20,101
9600,opportunity,discovery,0.23,0,0,100,0,20,101
9610,peak,discovery,0.284,0.195,0.006,100,1,19,102
9620,peak,discovery,0.464,0.422417,0.026596,100,1,19,102
9630,peak,discovery,0.644,0.438167,0.047988,100,1,20,102
9640,peak,discovery,0.691583,0.430292,0.070139,100,1,20,102
9650,peak,discovery,0.68892,0.438167,0.092334,100,1,20,102
9660,aftermath,discovery,0.288387,0.438167,0.114859,100,1,20,102
9670,aftermath,discovery,0.083831,0.37575,0.134741,100,0,20,102
9680,aftermath,discovery,0.089482,0.20775,0.087654,100,0,20,102
9690,aftermath,discovery,0.1,0,0,100,0,20,102
9700,aftermath,discovery,0.1,0,0,100,0,20,102
9710,aftermath,discovery,0.1,0,0,100,0,20,102
9720,aftermath,discovery,0.1,0,0,100,0,20,102
9730,aftermath,discovery,0.1,0,0,100,0,20,102
9740,aftermath,discovery,0.1,0,0,100,0,20,102
9750,aftermath,discovery,0.1,0,0,100,0,20,102
9760,quiet,hunt,0.08,0,0,100,0,20,102
9770,quiet,hunt,0.08,0,0,100,0,20,102
9780,quiet,hunt,0.08,0,0,100,0,20,102
9790,quiet,hunt,0.08,0,0,100,0,20,102
9800,quiet,hunt,0.08,0,0,100,0,20,102
9810,opportunity,hunt,0.152,0,0,100,0,20,102
9820,opportunity,hunt,0.23,0,0,100,0,20,102
9830,opportunity,hunt,0.23,0,0,100,0,20,102
9840,opportunity,hunt,0.23,0,0,100,0,20,102
9850,opportunity,hunt,0.23,0,0,100,0,20,102
9860,opportunity,hunt,0.23,0,0,100,0,20,102
9870,peak,hunt,0.248,0.065,0.00205,100,1,19,103
9880,peak,hunt,0.428,0.422417,0.022795,100,1,19,103
9890,peak,hunt,0.608,0.438167,0.044385,100,1,19,103
9900,peak,hunt,0.7,0.438167,0.066686,100,1,20,103
9910,peak,hunt,0.7,0.430292,0.088987,100,1,20,103
9920,peak,hunt,0.7,0.438167,0.111332,100,1,20,103
9930,peak,hunt,0.7,0.430292,0.133387,100,1,19,104
9940,peak,hunt,0.7,0.422417,0.155534,100,1,19,104
9950,aftermath,hunt,0.4,0.438167,0.177767,100,1,19,105
9960,aftermath,hunt,0.075915,0.438167,0.20071,100,1,19,105
9970,aftermath,hunt,0.073162,0.430292,0.223654,100,1,19,105
9980,aftermath,hunt,0.070464,0.3915,0.246131,100,0,19,105
9990,aftermath,hunt,0.068043,0.37575,0.266308,100,0,20,105
10000,aftermath,hunt,0.07763,0.12375,0.186414,100,0,20,105
10010,aftermath,hunt,0.088539,0,0.095505,100,0,20,105
10020,aftermath,hunt,0.099449,0,0.004596,100,0,20,105
10030,aftermath,hunt,0.1,0,0,100,0,20,105
10040,aftermath,hunt,0.1,0,0,100,0,20,105
10050,aftermath,hunt,0.1,0,0,100,0,20,105
10060,quiet,discovery,0.08,0,0,100,0,20,105
10070,quiet,discovery,0.08,0,0,100,0,20,105
10080,quiet,discovery,0.08,0,0,100,0,20,105
10090,quiet,discovery,0.08,0,0,100,0,20,105
10100,quiet,discovery,0.08,0,0,100,0,20,105
10110,quiet,discovery,0.08,0,0,100,0,20,105
10120,quiet,discovery,0.08,0,0,100,0,20,105
10130,quiet,discovery,0.08,0,0,100,0,20,105
10140,opportunity,discovery,0.116,0,0,100,0,20,105
10150,opportunity,discovery,0.23,0,0,100,0,20,105
10160,opportunity,discovery,0.23,0,0,100,0,20,105
10170,opportunity,discovery,0.23,0,0,100,0,20,105
10180,opportunity,discovery,0.23,0,0,100,0,20,105
10190,opportunity,discovery,0.23,0,0,100,0,20,105
10200,opportunity,discovery,0.23,0,0,100,0,0,105
10210,opportunity,discovery,0.23,0,0,100,0,0,105
10220,opportunity,discovery,0.23,0,0,100,0,0,105
10230,opportunity,discovery,0.23,0,0,100,0,0,105
10240,opportunity,discovery,0.23,0,0,100,0,0,105
10250,opportunity,discovery,0.23,0,0,100,0,0,105
10260,opportunity,discovery,0.23,0,0,100,0,0,105
10270,opportunity,discovery,0.23,0,0,100,0,0,105
10280,opportunity,discovery,0.23,0,0,100,0,0,105
10290,opportunity,discovery,0.23,0,0,100,0,0,105
10300,build,discovery,0.356,0,0,100,0,0,105
10310,build,discovery,0.536,0,0,100,0,0,105
10320,build,discovery,0.585,0,0,100,0,0,105
10330,build,discovery,0.585,0,0,100,0,0,105
10340,build,discovery,0.585,0,0,100,0,0,105
10350,build,discovery,0.585,0,0,100,0,0,105
10360,build,discovery,0.585,0,0,100,0,0,105
10370,build,discovery,0.585,0,0,100,0,0,105
10380,build,discovery,0.585,0,0,100,0,0,105
10390,opportunity,discovery,0.485,0,0,100,0,0,105
10400,opportunity,discovery,0.23,0,0,100,0,0,105
10410,opportunity,discovery,0.23,0,0,100,0,0,105
10420,opportunity,discovery,0.23,0,0,100,0,0,105
10430,opportunity,discovery,0.23,0,0,100,0,0,105
10440,opportunity,discovery,0.23,0,0,100,0,0,105
10450,opportunity,discovery,0.23,0,0,100,0,0,105
10460,opportunity,discovery,0.23,0,0,100,0,0,105
10470,opportunity,discovery,0.23,0,0,100,0,0,105
10480,opportunity,discovery,0.23,0,0,100,0,0,105
10490,opportunity,discovery,0.23,0,0,100,0,0,105
10500,opportunity,discovery,0.23,0,0,100,0,0,105
10510,opportunity,discovery,0.23,0,0,100,0,0,105
10520,opportunity,discovery,0.23,0,0,100,0,0,105
10530,opportunity,discovery,0.23,0,0,100,0,0,105
10540,opportunity,discovery,0.23,0,0,100,0,0,105
10550,build,discovery,0.356,0,0,100,0,0,105
10560,build,discovery,0.536,0,0,100,0,0,105
10570,build,discovery,0.61,0,0,100,0,0,105
10580,peak,discovery,0.664,0.195,0.006149,100,1,0,106
10590,peak,discovery,0.7,0.430292,0.027043,100,1,0,106
10600,peak,discovery,0.7,0.430292,0.04874,100,1,0,106
10610,peak,discovery,0.7,0.438167,0.07086,100,1,0,106
10620,peak,discovery,0.7,0.438167,0.093311,100,1,1,106
10630,aftermath,discovery,0.3,0.430292,0.115762,100,1,0,107
10640,aftermath,discovery,0.083768,0.37575,0.135264,100,0,0,107
10650,aftermath,discovery,0.089419,0.20775,0.088177,100,0,0,107
10660,aftermath,discovery,0.1,0,0,100,0,0,107
10670,aftermath,discovery,0.1,0,0,100,0,0,108
10680,aftermath,discovery,0.1,0,0,100,0,0,108
10690,aftermath,discovery,0.1,0,0,100,0,0,108
10700,suspended:docked,discovery,,0,0,100,0,0,108
10710,suspended:docked,discovery,,0,0,100,0,1,108
10720,suspended:docked,discovery,,0,0,100,0,1,108
10730,suspended:docked,discovery,,0,0,100,0,1,108
10740,aftermath,discovery,0.08,0,0,100,0,1,108
10750,aftermath,discovery,0.08,0,0,100,0,1,108
10760,aftermath,discovery,0.1,0,0,100,0,1,109
10770,aftermath,discovery,0.1,0,0,100,0,1,109
10780,aftermath,discovery,0.1,0,0,100,0,0,110
10790,aftermath,discovery,0.1,0,0,100,0,0,110
10800,quiet,voyage,0.08,0,0,100,0,1,110
10810,quiet,voyage,0.08,0,0,100,0,1,110
10820,quiet,voyage,0.08,0,0,100,0,1,110
10830,quiet,voyage,0.08,0,0,100,0,1,110
10840,quiet,voyage,0.08,0,0,100,0,1,110
10850,quiet,voyage,0.08,0,0,100,0,2,110
10860,opportunity,voyage,0.17,0,0,100,0,2,110
10870,peak,voyage,0.32,0.325,0.010248,100,1,1,111
10880,peak,voyage,0.5,0.430292,0.031342,100,1,1,111
10890,peak,voyage,0.68,0.438167,0.053188,100,1,2,111
10900,peak,voyage,0.7,0.430292,0.075414,100,1,1,112
10910,peak,voyage,0.7,0.438167,0.097684,100,1,1,112
10920,peak,voyage,0.7,0.418042,0.119981,100,0,1,112
10930,aftermath,voyage,0.45,0.367875,0.139126,100,0,1,112
10940,aftermath,voyage,0.091596,0.143875,0.070037,100,0,1,113
10950,aftermath,voyage,0.1,0,0,100,0,1,113
10960,aftermath,voyage,0.1,0,0,100,0,1,113
10970,aftermath,voyage,0.1,0,0,100,0,1,113
10980,aftermath,voyage,0.1,0,0,100,0,2,113
10990,aftermath,voyage,0.1,0,0,100,0,2,113
11000,aftermath,voyage,0.1,0,0,100,0,2,113
11010,aftermath,voyage,0.1,0,0,100,0,2,113
11020,aftermath,voyage,0.1,0,0,100,0,2,113
11030,aftermath,voyage,0.1,0,0,100,0,3,113
11040,aftermath,voyage,0.1,0,0,100,0,3,113
11050,quiet,hunt,0.08,0,0,100,0,3,113
11060,quiet,hunt,0.08,0,0,100,0,3,113
11070,quiet,hunt,0.08,0,0,100,0,4,113
11080,quiet,hunt,0.08,0,0,100,0,4,113
11090,quiet,hunt,0.08,0,0,100,0,4,113
11100,opportunity,hunt,0.23,0,0,100,0,4,113
11110,opportunity,hunt,0.23,0,0,100,0,4,113
11120,opportunity,hunt,0.23,0,0,100,0,5,113
11130,opportunity,hunt,0.23,0,0,100,0,5,113
11140,opportunity,hunt,0.23,0,0,100,0,5,113
11150,opportunity,hunt,0.23,0,0,100,0,5,113
11160,opportunity,hunt,0.23,0,0,100,0,6,113
11170,opportunity,hunt,0.23,0,0,100,0,6,113
11180,build,hunt,0.32,0,0,100,1,5,114
11190,peak,hunt,0.5,0.422417,0.020398,100,1,5,114
11200,peak,hunt,0.68,0.430292,0.04164,100,1,5,114
11210,peak,hunt,0.692358,0.438167,0.063684,100,1,6,114
11220,peak,hunt,0.689673,0.438167,0.08606,100,1,6,114
11230,peak,hunt,0.686988,0.430292,0.108437,100,1,6,114
11240,peak,hunt,0.684503,0.383625,0.129139,100,0,6,114
11250,peak,hunt,0.682096,0.422417,0.149204,100,1,6,115
11260,aftermath,hunt,0.430823,0.422417,0.170614,100,1,6,115
11270,aftermath,hunt,0.076901,0.438167,0.192489,100,1,6,115
11280,aftermath,hunt,0.074191,0.438167,0.215074,100,1,5,116
11290,aftermath,hunt,0.071481,0.430292,0.237661,100,1,5,116
11300,aftermath,hunt,0.068765,0.438167,0.26029,100,1,5,117
11310,aftermath,hunt,0.066379,0.37575,0.280175,100,0,5,117
11320,aftermath,hunt,0.073334,0.17975,0.222213,100,0,5,117
11330,aftermath,hunt,0.084244,0,0.131304,100,0,5,117
11340,aftermath,hunt,0.095153,0,0.040394,100,0,6,117
11350,aftermath,hunt,0.1,0,0,100,0,6,117
11360,quiet,discovery,0.08,0,0,100,0,6,117
11370,quiet,discovery,0.08,0,0,100,0,6,117
11380,quiet,discovery,0.08,0,0,100,0,6,117
11390,quiet,discovery,0.08,0,0,100,0,7,117
11400,quiet,discovery,0.08,0,0,100,0,7,117
11410,quiet,discovery,0.08,0,0,100,0,7,117
11420,quiet,discovery,0.08,0,0,100,0,7,117
11430,quiet,discovery,0.08,0,0,100,0,8,117
11440,opportunity,discovery,0.134,0,0,100,0,8,117
11450,opportunity,discovery,0.23,0,0,100,0,8,117
11460,opportunity,discovery,0.23,0,0,100,0,8,117
11470,peak,discovery,0.266,0.13,0.004,100,1,7,118
11480,peak,discovery,0.446,0.422417,0.024596,100,1,7,119
11490,peak,discovery,0.626,0.438167,0.045988,100,1,7,119
11500,peak,discovery,0.691823,0.430292,0.068139,100,1,7,119
11510,peak,discovery,0.68916,0.438167,0.090334,100,1,7,119
11520,aftermath,discovery,0.33836,0.438167,0.112859,100,1,8,119
11530,aftermath,discovery,0.084038,0.37575,0.13302,100,0,7,120
11540,aftermath,discovery,0.088372,0.23575,0.096897,100,0,7,120
11550,aftermath,discovery,0.099282,0,0.005987,100,0,7,120
11560,aftermath,discovery,0.1,0,0,100,0,7,120
11570,aftermath,discovery,0.1,0,0,100,0,8,120
11580,aftermath,discovery,0.1,0,0,100,0,8,120
11590,aftermath,discovery,0.1,0,0,100,0,8,120
11600,aftermath,discovery,0.1,0,0,100,0,8,120
11610,aftermath,discovery,0.1,0,0,100,0,9,120
11620,quiet,hunt,0.08,0,0,100,0,9,120
11630,quiet,hunt,0.08,0,0,100,0,9,120
11640,quiet,hunt,0.08,0,0,100,0,9,120
11650,quiet,hunt,0.08,0,0,100,0,9,120
11660,quiet,hunt,0.08,0,0,100,0,10,120
11670,opportunity,hunt,0.134,0,0,100,0,10,120
11680,opportunity,hunt,0.23,0,0,100,0,10,120
11690,opportunity,hunt,0.23,0,0,100,0,10,120
11700,opportunity,hunt,0.23,0,0,100,0,11,120
11710,opportunity,hunt,0.23,0,0,100,0,11,120
11720,opportunity,hunt,0.23,0,0,100,0,11,120
11730,opportunity,hunt,0.23,0,0,100,0,11,120
11740,opportunity,hunt,0.23,0,0,100,0,11,120
11750,opportunity,hunt,0.23,0,0,100,0,11,121
11760,build,hunt,0.374,0,0,100,0,11,121
11770,build,hunt,0.554,0,0,100,0,11,121
11780,build,hunt,0.585,0,0,100,0,11,121
11790,peak,hunt,0.693,0.39,0.01205,100,1,11,122
11800,peak,hunt,0.7,0.422417,0.032795,100,1,11,122
11810,peak,hunt,0.7,0.438167,0.054385,100,1,11,122
11820,peak,hunt,0.7,0.438167,0.076686,100,1,11,122
11830,peak,hunt,0.7,0.430292,0.098987,100,1,11,122
11840,peak,hunt,0.7,0.3915,0.120822,100,0,12,122
11850,peak,hunt,0.7,0.37575,0.140357,100,0,12,122
11860,aftermath,hunt,0.25,0.12375,0.060398,100,0,12,122
11870,aftermath,hunt,0.1,0,0,100,0,12,122
11880,aftermath,hunt,0.1,0,0,100,0,13,122
11890,aftermath,hunt,0.1,0,0,100,0,13,122
11900,aftermath,hunt,0.1,0,0,100,0,13,122
11910,aftermath,hunt,0.1,0,0,100,0,13,122
11920,aftermath,hunt,0.1,0,0,100,0,13,122
11930,aftermath,hunt,0.1,0,0,100,0,14,122
11940,aftermath,hunt,0.1,0,0,100,0,14,122
11950,aftermath,hunt,0.1,0,0,100,0,14,122
11960,quiet,voyage,0.08,0,0,100,0,14,122
11970,quiet,voyage,0.08,0,0,100,0,15,122
11980,quiet,voyage,0.08,0,0,100,0,15,122
11990,quiet,voyage,0.08,0,0,100,0,15,122
12000,quiet,voyage,0.08,0,0,100,0,15,122
12010,quiet,voyage,0.08,0,0,100,0,15,122
12020,quiet,voyage,0.08,0,0,100,0,16,122
12030,opportunity,voyage,0.188,0,0,100,0,16,122
12040,opportunity,voyage,0.23,0,0,100,0,16,122
12050,opportunity,voyage,0.23,0,0,100,0,16,122
12060,opportunity,voyage,0.23,0,0,100,0,17,122
12070,peak,voyage,0.248,0.065,0.002,100,1,15,124
12080,peak,voyage,0.428,0.422417,0.022596,100,1,15,124
12090,peak,voyage,0.608,0.438167,0.043988,100,1,15,124
12100,peak,voyage,0.7,0.430292,0.066139,100,1,15,124
12110,peak,voyage,0.7,0.438167,0.088334,100,1,15,125
12120,peak,voyage,0.7,0.438167,0.110859,100,1,15,125
12130,aftermath,voyage,0.65,0.422417,0.132066,100,1,14,126
12140,aftermath,voyage,0.15,0.430292,0.154009,100,1,14,126
12150,aftermath,voyage,0.078841,0.438167,0.176325,100,1,15,126
12160,aftermath,voyage,0.076117,0.430292,0.199021,100,1,14,127
12170,aftermath,voyage,0.073389,0.438167,0.221761,100,1,14,127
12180,aftermath,voyage,0.07062,0.438167,0.244832,100,1,14,127
12190,aftermath,voyage,0.068169,0.37575,0.265258,100,0,14,127
12200,aftermath,voyage,0.073793,0.20775,0.218389,100,0,15,127
12210,aftermath,voyage,0.084702,0,0.12748,100,0,15,127
12220,aftermath,voyage,0.095611,0,0.036571,100,0,15,127
12230,aftermath,voyage,0.1,0,0,100,0,15,127
12240,quiet,discovery,0.08,0,0,100,0,16,127
12250,quiet,discovery,0.08,0,0,100,0,16,127
12260,quiet,discovery,0.08,0,0,100,0,16,127
12270,quiet,discovery,0.08,0,0,100,0,16,127
12280,quiet,discovery,0.08,0,0,100,0,16,127
12290,quiet,discovery,0.08,0,0,100,0,16,128
12300,recovery,discovery,0.03,0.065,0.003473,100,0,16,128
12310,recovery,discovery,0.025438,0.633,0.038019,100,0,16,128
12320,recovery,discovery,0.03,0.409,0,100,0,16,128
12330,recovery,discovery,0.03,0.245,0,100,0,17,128
12340,recovery,discovery,0.03,0,0,100,0,17,128
12350,recovery,discovery,0.03,0,0,100,0,17,128
12360,recovery,discovery,0.03,0,0,100,0,17,128
12370,recovery,discovery,0.03,0,0,100,0,17,128
12380,recovery,discovery,0.03,0,0,100,0,18,128
12390,aftermath,discovery,0.048,0,0,100,0,18,128
12400,aftermath,discovery,0.1,0,0,100,0,18,128
12410,aftermath,discovery,0.1,0,0,100,0,18,128
12420,aftermath,discovery,0.1,0,0,100,0,19,128
12430,aftermath,discovery,0.1,0,0,100,0,19,128
12440,aftermath,discovery,0.1,0,0,100,0,19,128
12450,aftermath,discovery,0.1,0,0,100,0,19,128
12460,aftermath,discovery,0.1,0,0,100,0,19,128
12470,aftermath,discovery,0.1,0,0,100,0,20,128
12480,aftermath,discovery,0.1,0,0,100,0,20,128
12490,aftermath,discovery,0.1,0,0,100,0,20,128
12500,suspended:docked,discovery,,0,0,100,0,20,128
12510,suspended:docked,discovery,,0,0,100,0,20,128
12520,suspended:docked,discovery,,0,0,100,0,20,128
12530,suspended:docked,discovery,,0,0,100,0,20,128
12540,aftermath,discovery,0.08,0,0,100,0,20,128
12550,aftermath,discovery,0.08,0,0,100,0,20,128
12560,quiet,hunt,0.08,0,0,100,0,20,128
12570,quiet,hunt,0.08,0,0,100,0,20,128
12580,quiet,hunt,0.08,0,0,100,0,20,128
12590,quiet,hunt,0.08,0,0,100,0,20,128
12600,quiet,hunt,0.08,0,0,100,0,20,128
12610,opportunity,hunt,0.206,0,0,100,0,20,128
12620,opportunity,hunt,0.23,0,0,100,0,20,128
12630,opportunity,hunt,0.23,0,0,100,0,20,128
12640,opportunity,hunt,0.23,0,0,100,0,20,128
12650,opportunity,hunt,0.23,0,0,100,0,20,128
12660,opportunity,hunt,0.23,0,0,100,0,20,128
12670,opportunity,hunt,0.23,0,0,100,0,20,128
12680,opportunity,hunt,0.23,0,0,100,0,20,128
12690,build,hunt,0.266,0,0,100,0,20,128
12700,build,hunt,0.446,0,0,100,0,20,128
12710,build,hunt,0.61,0,0,100,0,20,128
12720,build,hunt,0.61,0,0,100,0,20,128
12730,build,hunt,0.61,0,0,100,0,20,128
12740,build,hunt,0.61,0,0,100,0,20,128
12750,build,hunt,0.61,0,0,100,0,20,128
12760,build,hunt,0.61,0,0,100,0,20,128
12770,build,hunt,0.61,0,0,100,0,20,128
12780,build,hunt,0.61,0,0,100,1,19,129
12790,peak,hunt,0.7,0.414542,0.020248,100,1,19,129
12800,peak,hunt,0.7,0.430292,0.041342,100,1,19,129
12810,peak,hunt,0.7,0.438167,0.063188,100,1,19,129
12820,peak,hunt,0.7,0.430292,0.085414,100,1,19,129
12830,peak,hunt,0.7,0.438167,0.107684,100,1,20,129
12840,peak,hunt,0.7,0.438167,0.130015,100,1,18,131
12850,peak,hunt,0.7,0.430292,0.152584,100,1,18,131
12860,aftermath,hunt,0.45,0.438167,0.175196,100,1,18,131
12870,aftermath,hunt,0.076223,0.438167,0.198139,100,1,19,131
12880,aftermath,hunt,0.07347,0.430292,0.221083,100,1,19,131
12890,aftermath,hunt,0.070742,0.418042,0.243817,100,0,19,131
12900,aftermath,hunt,0.068317,0.37575,0.264027,100,0,19,131
12910,aftermath,hunt,0.076582,0.15175,0.19515,100,0,19,131
12920,aftermath,hunt,0.087491,0,0.104241,100,0,20,131
12930,aftermath,hunt,0.0984,0,0.013332,100,0,20,131
12940,aftermath,hunt,0.1,0,0,100,0,20,131
12950,aftermath,hunt,0.1,0,0,100,0,20,131
12960,aftermath,hunt,0.1,0,0,100,0,20,131
12970,aftermath,hunt,0.1,0,0,100,0,20,131
12980,quiet,discovery,0.08,0,0,100,0,20,131
12990,quiet,discovery,0.08,0,0,100,0,20,131
13000,quiet,discovery,0.08,0,0,100,0,20,131
13010,quiet,discovery,0.08,0,0,100,0,20,131
13020,quiet,discovery,0.08,0,0,100,0,20,131
13030,quiet,discovery,0.08,0,0,100,0,20,131
13040,quiet,discovery,0.08,0,0,100,0,20,131
13050,quiet,discovery,0.08,0,0,100,0,20,131
13060,quiet,discovery,0.08,0,0,100,0,20,131
13070,peak,discovery,0.242,0.414542,0.014149,100,1,19,132
13080,peak,discovery,0.422,0.430292,0.035043,100,1,19,132
13090,peak,discovery,0.602,0.430292,0.05674,100,1,19,132
13100,peak,discovery,0.690537,0.438167,0.07886,100,1,20,132
13110,aftermath,discovery,0.588382,0.438167,0.101311,100,1,20,132
13120,aftermath,discovery,0.088382,0.383625,0.122993,100,0,20,132
13130,aftermath,discovery,0.082946,0.37575,0.142115,100,0,20,132
13140,aftermath,discovery,0.093855,0.09575,0.051206,100,0,20,132
13150,aftermath,discovery,0.1,0,0,100,0,20,132
13160,aftermath,discovery,0.1,0,0,100,0,20,132
13170,aftermath,discovery,0.1,0,0,100,0,20,132
13180,aftermath,discovery,0.1,0,0,100,0,20,132
13190,aftermath,discovery,0.1,0,0,100,0,20,132
13200,aftermath,discovery,0.1,0,0,100,0,20,132
13210,aftermath,discovery,0.1,0,0,100,0,20,132
13220,quiet,voyage,0.08,0,0,100,0,20,132
13230,quiet,voyage,0.08,0,0,100,0,20,132
13240,quiet,voyage,0.08,0,0,100,0,20,132
13250,quiet,voyage,0.08,0,0,100,0,20,132
13260,quiet,voyage,0.08,0,0,100,0,20,132
13270,quiet,voyage,0.08,0,0,100,0,20,132
13280,opportunity,voyage,0.134,0,0,100,0,20,132
13290,opportunity,voyage,0.23,0,0,100,0,20,132
13300,opportunity,voyage,0.23,0,0,100,0,20,132
13310,opportunity,voyage,0.23,0,0,100,0,20,132
13320,opportunity,voyage,0.23,0,0,100,0,20,132
13330,opportunity,voyage,0.23,0,0,100,0,20,132
13340,opportunity,voyage,0.23,0,0,100,0,20,132
13350,opportunity,voyage,0.23,0,0,100,0,20,132
13360,opportunity,voyage,0.23,0,0,100,0,20,132
13370,opportunity,voyage,0.23,0,0,100,0,20,132
13380,opportunity,voyage,0.23,0,0,100,0,20,132
13390,peak,voyage,0.374,0.414542,0.016248,100,1,19,133
13400,peak,voyage,0.554,0.430292,0.037342,100,1,19,133
13410,peak,voyage,0.692898,0.438167,0.059188,100,1,20,133
13420,peak,voyage,0.69023,0.430292,0.081414,100,1,19,134
13430,peak,voyage,0.687558,0.438167,0.103684,100,1,19,134
13440,peak,voyage,0.684976,0.383625,0.125202,100,1,18,135
13450,aftermath,voyage,0.284452,0.422417,0.147177,100,1,18,135
13460,aftermath,voyage,0.079697,0.430292,0.169195,100,1,19,135
13470,aftermath,voyage,0.07701,0.438167,0.191586,100,1,19,135
13480,aftermath,voyage,0.074277,0.430292,0.214357,100,1,19,135
13490,aftermath,voyage,0.071539,0.438167,0.237172,100,1,19,135
13500,aftermath,voyage,0.068956,0.383625,0.2587,100,0,20,135
13510,aftermath,voyage,0.070577,0.299625,0.245189,100,0,19,136
13520,aftermath,voyage,0.081486,0.019625,0.15428,100,0,19,136
13530,aftermath,voyage,0.092395,0,0.063371,100,0,19,136
13540,quiet,hunt,0.08,0,0,100,0,19,136
13550,quiet,hunt,0.08,0,0,100,0,20,136
13560,quiet,hunt,0.08,0,0,100,0,20,136
13570,quiet,hunt,0.08,0,0,100,0,20,136
13580,quiet,hunt,0.08,0,0,100,0,20,136
13590,opportunity,hunt,0.188,0,0,100,0,20,136
13600,opportunity,hunt,0.23,0,0,100,0,20,136
13610,opportunity,hunt,0.23,0,0,100,0,20,136
13620,opportunity,hunt,0.23,0,0,100,0,20,136
13630,opportunity,hunt,0.23,0,0,100,0,20,136
13640,opportunity,hunt,0.23,0,0,100,0,20,136
13650,opportunity,hunt,0.23,0,0,100,0,20,136
13660,opportunity,hunt,0.23,0,0,100,0,20,136
13670,peak,hunt,0.338,0.39,0.012149,100,1,19,137
13680,peak,hunt,0.518,0.430292,0.033043,100,1,20,137
13690,peak,hunt,0.698,0.430292,0.05474,100,1,20,137
13700,peak,hunt,0.7,0.438167,0.07686,100,1,20,137
13710,peak,hunt,0.7,0.438167,0.099311,100,1,20,137
13720,peak,hunt,0.7,0.390042,0.121252,100,0,20,137
13730,peak,hunt,0.7,0.37575,0.140407,100,0,20,137
13740,aftermath,hunt,0.25,0.12375,0.060449,100,0,20,137
13750,aftermath,hunt,0.1,0,0,100,0,20,137
13760,aftermath,hunt,0.1,0,0,100,0,20,137
13770,aftermath,hunt,0.1,0,0,100,0,20,137
13780,aftermath,hunt,0.1,0,0,100,0,20,137
13790,aftermath,hunt,0.1,0,0,100,0,20,137
13800,aftermath,hunt,0.1,0,0,100,0,20,137
13810,aftermath,hunt,0.1,0,0,100,0,20,137
13820,aftermath,hunt,0.1,0,0,100,0,20,137
13830,aftermath,hunt,0.1,0,0,100,0,20,137
13840,quiet,discovery,0.08,0,0,100,0,20,137
13850,quiet,discovery,0.08,0,0,100,0,20,137
13860,quiet,discovery,0.08,0,0,100,0,20,137
13870,quiet,discovery,0.08,0,0,100,0,20,137
13880,quiet,discovery,0.08,0,0,100,0,20,137
13890,quiet,discovery,0.08,0,0,100,0,20,137
13900,quiet,discovery,0.08,0,0,100,0,20,137
13910,quiet,discovery,0.08,0,0,100,0,20,137
13920,quiet,discovery,0.08,0,0,100,0,20,137
13930,opportunity,discovery,0.188,0,0,100,0,20,137
13940,opportunity,discovery,0.23,0,0,100,0,20,137
13950,opportunity,discovery,0.23,0,0,100,0,20,137
13960,opportunity,discovery,0.23,0,0,100,0,20,137
13970,opportunity,discovery,0.23,0,0,100,0,20,137
13980,opportunity,discovery,0.23,0,0,100,0,20,137
13990,peak,discovery,0.338,0.39,0.012248,100,1,19,138
14000,peak,discovery,0.518,0.430292,0.033342,100,1,20,138
14010,peak,discovery,0.698,0.438167,0.055187,100,1,20,138
14020,peak,discovery,0.7,0.430292,0.077414,100,1,20,138
14030,aftermath,discovery,0.65,0.438167,0.099684,100,1,20,138
14040,aftermath,discovery,0.15,0.390042,0.121725,100,0,20,138
14050,aftermath,discovery,0.0831,0.367875,0.140837,100,0,20,138
14060,aftermath,discovery,0.0927,0.115875,0.060837,100,0,20,138
14070,aftermath,discovery,0.1,0,0,100,0,20,138
14080,aftermath,discovery,0.1,0,0,100,0,20,138
14090,aftermath,discovery,0.1,0,0,100,0,20,138
14100,aftermath,discovery,0.1,0,0,100,0,20,138
14110,aftermath,discovery,0.1,0,0,100,0,20,138
14120,aftermath,discovery,0.1,0,0,100,0,20,138
14130,aftermath,discovery,0.1,0,0,100,0,20,138
14140,aftermath,discovery,0.1,0,0,100,0,20,138
14150,quiet,hunt,0.08,0,0,100,0,20,138
14160,quiet,hunt,0.08,0,0,100,0,20,138
14170,quiet,hunt,0.08,0,0,100,0,20,138
14180,quiet,hunt,0.08,0,0,100,0,20,138
14190,quiet,hunt,0.08,0,0,100,0,20,138
14200,opportunity,hunt,0.17,0,0,100,0,20,138
14210,opportunity,hunt,0.23,0,0,100,0,20,138
14220,opportunity,hunt,0.23,0,0,100,0,20,138
14230,opportunity,hunt,0.23,0,0,100,0,20,138
14240,opportunity,hunt,0.23,0,0,100,0,20,138
14250,opportunity,hunt,0.23,0,0,100,0,20,138
14260,opportunity,hunt,0.23,0,0,100,0,20,138
14270,peak,hunt,0.284,0.195,0.006149,100,1,19,139
14280,peak,hunt,0.464,0.430292,0.027043,100,1,19,139
14290,peak,hunt,0.644,0.430292,0.04874,100,1,19,139
14300,suspended:docked,hunt,,0.446042,0.068646,100,1,19,139
14310,suspended:docked,hunt,,0.446042,0.068646,100,1,20,139
14320,suspended:docked,hunt,,0.446042,0.068646,100,1,20,139
14330,suspended:docked,hunt,,0.446042,0.068646,100,0,20,139
14340,aftermath,hunt,0.65,0.418042,0.059555,100,0,20,139
14350,aftermath,hunt,0.15,0.138042,0,100,0,20,139
14360,aftermath,hunt,0.1,0,0,100,0,20,139
14370,aftermath,hunt,0.1,0,0,100,0,20,139
14380,aftermath,hunt,0.1,0,0,100,0,20,139
14390,aftermath,hunt,0.1,0,0,100,0,20,139
14400,aftermath,hunt,0.1,0,0,100,0,20,139
14410,aftermath,hunt,0.1,0,0,100,0,20,139
14420,aftermath,hunt,0.1,0,0,100,0,20,139
14430,aftermath,hunt,0.1,0,0,100,0,20,139
14440,aftermath,hunt,0.1,0,0,100,0,20,139
14450,aftermath,hunt,0.1,0,0,100,0,20,139
14460,quiet,discovery,0.08,0,0,100,0,20,139
14470,quiet,discovery,0.08,0,0,100,0,20,139
14480,quiet,discovery,0.08,0,0,100,0,20,139
14490,quiet,discovery,0.08,0,0,100,0,20,139
14500,quiet,discovery,0.08,0,0,100,0,20,139
14510,quiet,discovery,0.08,0,0,100,0,20,139
14520,quiet,discovery,0.08,0,0,100,0,20,139
14530,quiet,discovery,0.08,0,0,100,0,20,139
14540,quiet,discovery,0.08,0,0,100,0,20,139
14550,opportunity,discovery,0.23,0,0,100,0,20,139
14560,opportunity,discovery,0.23,0,0,100,0,20,139
14570,opportunity,discovery,0.23,0,0,100,0,20,139
14580,opportunity,discovery,0.23,0,0,100,0,20,139
14590,peak,discovery,0.32,0.325,0.010248,100,1,19,140
14600,peak,discovery,0.5,0.430292,0.031342,100,1,19,140
14610,peak,discovery,0.68,0.438167,0.053188,100,1,19,140
14620,peak,discovery,0.7,0.430292,0.075414,100,1,19,140
14630,peak,discovery,0.7,0.438167,0.097684,100,1,20,140
14640,aftermath,discovery,0.2,0.418042,0.119981,100,0,20,140
14650,aftermath,discovery,0.083305,0.367875,0.139126,100,0,20,140
14660,aftermath,discovery,0.091596,0.143875,0.070037,100,0,20,140
14670,aftermath,discovery,0.1,0,0,100,0,20,140
14680,aftermath,discovery,0.1,0,0,100,0,20,140
14690,aftermath,discovery,0.1,0,0,100,0,20,140
14700,aftermath,discovery,0.1,0,0,100,0,20,140
14710,aftermath,discovery,0.1,0,0,100,0,20,140
14720,aftermath,discovery,0.1,0,0,100,0,20,140
14730,aftermath,discovery,0.1,0,0,100,0,20,140
14740,aftermath,discovery,0.1,0,0,100,0,20,140
14750,aftermath,discovery,0.1,0,0,100,0,20,140
14760,quiet,voyage,0.08,0,0,100,0,20,140
14770,quiet,voyage,0.08,0,0,100,0,20,140
14780,quiet,voyage,0.08,0,0,100,0,20,140
14790,quiet,voyage,0.08,0,0,100,0,20,140
14800,quiet,voyage,0.08,0,0,100,0,20,140
14810,quiet,voyage,0.08,0,0,100,0,20,140
14820,quiet,voyage,0.08,0,0,100,0,20,140
14830,opportunity,voyage,0.206,0,0,100,0,20,140
14840,opportunity,voyage,0.23,0,0,100,0,20,140
14850,opportunity,voyage,0.23,0,0,100,0,20,140
14860,opportunity,voyage,0.23,0,0,100,0,20,140
14870,peak,voyage,0.266,0.13,0.004,100,1,19,141
14880,peak,voyage,0.446,0.422417,0.024398,100,1,19,141
14890,peak,voyage,0.626,0.430292,0.04564,100,1,19,141
14900,peak,voyage,0.691878,0.438167,0.067684,100,1,20,141
14910,peak,voyage,0.689193,0.438167,0.09006,100,1,20,141
14920,peak,voyage,0.686508,0.430292,0.112437,100,1,20,141
14930,aftermath,voyage,0.584425,0.438167,0.134307,100,1,19,142
14940,aftermath,voyage,0.084425,0.438167,0.156993,100,1,20,142
14950,aftermath,voyage,0.078438,0.430292,0.17968,100,1,19,143
14960,aftermath,voyage,0.075711,0.438167,0.202409,100,1,19,143
14970,aftermath,voyage,0.072944,0.438167,0.22547,100,1,19,143
14980,aftermath,voyage,0.070237,0.390042,0.248022,100,0,19,143
14990,aftermath,voyage,0.067866,0.37575,0.267787,100,0,20,143
15000,aftermath,voyage,0.077453,0.12375,0.187889,100,0,20,143
15010,aftermath,voyage,0.088362,0,0.09698,100,0,20,143
15020,quiet,hunt,0.079272,0,0.006071,100,0,20,143
15030,quiet,hunt,0.08,0,0,100,0,20,143
15040,quiet,hunt,0.08,0,0,100,0,20,143
15050,quiet,hunt,0.08,0,0,100,0,20,143
15060,quiet,hunt,0.08,0,0,100,0,20,143
15070,opportunity,hunt,0.098,0,0,100,0,20,143
15080,opportunity,hunt,0.23,0,0,100,0,20,143
15090,opportunity,hunt,0.23,0,0,100,0,20,143
15100,opportunity,hunt,0.23,0,0,100,0,20,143
15110,opportunity,hunt,0.23,0,0,100,0,20,143
15120,opportunity,hunt,0.23,0,0,100,0,20,143
15130,opportunity,hunt,0.23,0,0,100,0,20,143
15140,opportunity,hunt,0.23,0,0,100,0,20,143
15150,opportunity,hunt,0.23,0,0,100,0,20,143
15160,build,hunt,0.338,0,0,100,0,20,143
15170,build,hunt,0.518,0,0,100,0,20,143
15180,build,hunt,0.56,0,0,100,0,20,143
15190,peak,hunt,0.632,0.26,0.008,100,1,19,144
15200,peak,hunt,0.696568,0.422417,0.028596,100,1,19,144
15210,peak,hunt,0.694001,0.438167,0.049988,100,1,20,144
15220,peak,hunt,0.691343,0.430292,0.072139,100,1,20,144
15230,peak,hunt,0.68868,0.438167,0.094334,100,1,20,144
15240,peak,hunt,0.685977,0.438167,0.116859,100,1,20,144
15250,peak,hunt,0.683625,0.37575,0.136459,100,0,20,144
15260,aftermath,hunt,0.332954,0.17975,0.078411,100,0,20,144
15270,aftermath,hunt,0.1,0,0,100,0,20,144
15280,aftermath,hunt,0.1,0,0,100,0,20,144
15290,aftermath,hunt,0.1,0,0,100,0,20,144
15300,aftermath,hunt,0.1,0,0,100,0,20,144
15310,aftermath,hunt,0.1,0,0,100,0,20,144
15320,aftermath,hunt,0.1,0,0,100,0,20,144
15330,aftermath,hunt,0.1,0,0,100,0,20,144
15340,aftermath,hunt,0.1,0,0,100,0,20,144
15350,quiet,discovery,0.08,0,0,100,0,20,144
15360,quiet,discovery,0.08,0,0,100,0,20,144
15370,quiet,discovery,0.08,0,0,100,0,20,144
15380,quiet,discovery,0.08,0,0,100,0,20,144
15390,quiet,discovery,0.08,0,0,100,0,20,144
15400,quiet,discovery,0.08,0,0,100,0,20,144
15410,quiet,discovery,0.08,0,0,100,0,20,144
15420,quiet,discovery,0.08,0,0,100,0,20,144
15430,quiet,discovery,0.08,0,0,100,0,20,144
15440,opportunity,discovery,0.188,0,0,100,0,20,144
15450,opportunity,discovery,0.23,0,0,100,0,20,144
15460,opportunity,discovery,0.23,0,0,100,0,20,144
15470,opportunity,discovery,0.23,0,0,100,1,19,145
15480,peak,discovery,0.41,0.422417,0.020398,100,1,20,145
15490,peak,discovery,0.59,0.430292,0.04164,100,1,19,146
15500,peak,discovery,0.7,0.438167,0.063684,100,1,19,146
15510,peak,discovery,0.7,0.438167,0.08606,100,1,19,146
15520,aftermath,discovery,0.45,0.430292,0.108437,100,1,19,146
15530,aftermath,discovery,0.084503,0.383625,0.129139,100,0,19,147
15540,aftermath,discovery,0.08617,0.299625,0.115247,100,0,19,147
15550,aftermath,discovery,0.097079,0.019625,0.024338,100,0,19,147
15560,aftermath,discovery,0.1,0,0,100,0,19,147
15570,aftermath,discovery,0.1,0,0,100,0,20,147
15580,aftermath,discovery,0.1,0,0,100,0,19,148
15590,aftermath,discovery,0.1,0,0,100,0,19,148
15600,aftermath,discovery,0.1,0,0,100,0,19,148
15610,aftermath,discovery,0.1,0,0,100,0,19,148
15620,aftermath,discovery,0.1,0,0,100,0,19,149
15630,aftermath,discovery,0.1,0,0,100,0,19,149
15640,quiet,hunt,0.08,0,0,100,0,19,149
15650,quiet,hunt,0.08,0,0,100,0,19,149
15660,quiet,hunt,0.08,0,0,100,0,20,149
15670,quiet,hunt,0.08,0,0,100,0,20,149
15680,quiet,hunt,0.08,0,0,100,0,20,149
15690,opportunity,hunt,0.23,0,0,100,0,20,149
15700,opportunity,hunt,0.23,0,0,100,0,20,149
15710,opportunity,hunt,0.23,0,0,100,0,20,149
15720,opportunity,hunt,0.23,0,0,100,0,20,149
15730,opportunity,hunt,0.23,0,0,100,0,20,149
15740,opportunity,hunt,0.23,0,0,100,0,20,149
15750,opportunity,hunt,0.23,0,0,100,0,20,149
15760,opportunity,hunt,0.23,0,0,100,0,20,149
15770,peak,hunt,0.302,0.195,0.006149,100,1,19,150
15780,peak,hunt,0.482,0.430292,0.027043,100,1,19,150
15790,peak,hunt,0.662,0.430292,0.04874,100,1,19,150
15800,peak,hunt,0.7,0.438167,0.07086,100,1,20,150
15810,peak,hunt,0.7,0.438167,0.093311,100,1,20,150
15820,peak,hunt,0.7,0.430292,0.115762,100,1,20,150
15830,peak,hunt,0.7,0.430292,0.136446,100,1,19,151
15840,peak,hunt,0.7,0.430292,0.158612,100,1,20,151
15850,aftermath,hunt,0.3,0.430292,0.180822,100,1,19,152
15860,aftermath,hunt,0.075586,0.438167,0.203454,100,1,19,152
15870,aftermath,hunt,0.07283,0.438167,0.226417,100,1,19,152
15880,aftermath,hunt,0.070074,0.430292,0.249381,100,1,19,152
15890,aftermath,hunt,0.067706,0.37575,0.269113,100,0,20,152
15900,recovery,hunt,0.023563,0.27275,0.223836,100,0,20,152
15910,recovery,hunt,0.02,0.633,0.25892,100,0,20,152
15920,recovery,hunt,0.02,0.409,0.193171,100,0,20,152
15930,recovery,hunt,0.02,0.245,0.102261,100,0,20,152
15940,recovery,hunt,0.028638,0,0.011352,100,0,20,152
15950,recovery,hunt,0.03,0,0,100,0,20,152
15960,recovery,hunt,0.03,0,0,100,0,20,152
15970,recovery,hunt,0.03,0,0,100,0,20,152
15980,recovery,hunt,0.03,0,0,100,0,20,152
15990,aftermath,hunt,0.048,0,0,100,0,20,152
16000,aftermath,hunt,0.1,0,0,100,0,20,152
16010,aftermath,hunt,0.1,0,0,100,0,20,152
16020,aftermath,hunt,0.1,0,0,100,0,20,152
16030,aftermath,hunt,0.1,0,0,100,0,20,152
16040,aftermath,hunt,0.1,0,0,100,0,20,152
16050,aftermath,hunt,0.1,0,0,100,0,20,152
16060,aftermath,hunt,0.1,0,0,100,0,20,152
16070,aftermath,hunt,0.1,0,0,100,0,20,152
16080,aftermath,hunt,0.1,0,0,100,0,20,152
16090,aftermath,hunt,0.1,0,0,100,0,20,152
16100,suspended:docked,hunt,,0,0,100,0,20,152
16110,suspended:docked,hunt,,0,0,100,0,20,152
16120,suspended:docked,hunt,,0,0,100,0,20,152
16130,suspended:docked,hunt,,0,0,100,0,20,152
16140,aftermath,hunt,0.08,0,0,100,0,20,152
16150,quiet,voyage,0.08,0,0,100,0,20,152
16160,quiet,voyage,0.08,0,0,100,0,20,152
16170,quiet,voyage,0.08,0,0,100,0,20,152
16180,quiet,voyage,0.08,0,0,100,0,20,152
16190,quiet,voyage,0.08,0,0,100,0,20,152
16200,quiet,voyage,0.08,0,0,100,0,20,152
16210,opportunity,voyage,0.116,0,0,100,1,19,153
16220,peak,voyage,0.296,0.422417,0.020596,100,1,19,153
16230,peak,voyage,0.476,0.438167,0.041988,100,1,19,153
16240,peak,voyage,0.656,0.430292,0.064139,100,1,19,153
16250,peak,voyage,0.7,0.438167,0.086334,100,1,19,154
16260,peak,voyage,0.7,0.438167,0.108859,100,1,19,154
16270,peak,voyage,0.7,0.37575,0.129569,100,0,19,154
16280,aftermath,voyage,0.2,0.29175,0.115382,100,0,19,154
16290,aftermath,voyage,0.097063,0.01175,0.024473,100,0,20,154
16300,aftermath,voyage,0.1,0,0,100,0,19,155
16310,aftermath,voyage,0.1,0,0,100,0,19,155
16320,aftermath,voyage,0.1,0,0,100,0,19,155
16330,aftermath,voyage,0.1,0,0,100,0,19,155
16340,aftermath,voyage,0.1,0,0,100,0,20,155
16350,aftermath,voyage,0.1,0,0,100,0,20,155
16360,aftermath,voyage,0.1,0,0,100,0,20,155
16370,aftermath,voyage,0.1,0,0,100,0,20,155
16380,aftermath,voyage,0.1,0,0,100,0,20,155
16390,quiet,discovery,0.08,0,0,100,0,20,155
16400,quiet,discovery,0.08,0,0,100,0,20,155
16410,quiet,discovery,0.08,0,0,100,0,20,155
16420,quiet,discovery,0.08,0,0,100,0,20,155
16430,quiet,discovery,0.08,0,0,100,0,20,155
16440,quiet,discovery,0.08,0,0,100,0,20,155
16450,quiet,discovery,0.08,0,0,100,0,20,155
16460,quiet,discovery,0.08,0,0,100,0,20,155
16470,quiet,discovery,0.08,0,0,100,0,20,155
16480,peak,discovery,0.26,0.414542,0.018248,100,1,19,156
16490,peak,discovery,0.44,0.430292,0.039342,100,1,19,156
16500,peak,discovery,0.62,0.438167,0.061188,100,1,19,156
16510,peak,discovery,0.7,0.430292,0.083414,100,1,19,156
16520,aftermath,discovery,0.5,0.438167,0.105684,100,1,19,157
16530,aftermath,discovery,0.084768,0.383625,0.126936,100,0,19,157
16540,aftermath,discovery,0.085113,0.327625,0.12406,100,0,19,157
16550,aftermath,discovery,0.096022,0.047625,0.033151,100,0,19,157
16560,aftermath,discovery,0.1,0,0,100,0,20,157
16570,aftermath,discovery,0.1,0,0,100,0,20,157
16580,aftermath,discovery,0.1,0,0,100,0,20,157
16590,aftermath,discovery,0.1,0,0,100,0,20,157
16600,aftermath,discovery,0.1,0,0,100,0,20,157
16610,aftermath,discovery,0.1,0,0,100,0,20,157
16620,aftermath,discovery,0.1,0,0,100,0,20,157
16630,aftermath,discovery,0.1,0,0,100,0,20,157
16640,aftermath,discovery,0.1,0,0,100,0,20,157
16650,quiet,hunt,0.08,0,0,100,0,20,157
16660,quiet,hunt,0.08,0,0,100,0,20,157
16670,quiet,hunt,0.08,0,0,100,0,20,157
16680,quiet,hunt,0.08,0,0,100,0,20,157
16690,quiet,hunt,0.08,0,0,100,0,20,157
16700,opportunity,hunt,0.188,0,0,100,0,20,157
16710,opportunity,hunt,0.23,0,0,100,0,20,157
16720,opportunity,hunt,0.23,0,0,100,0,20,157
16730,opportunity,hunt,0.23,0,0,100,0,20,157
16740,opportunity,hunt,0.23,0,0,100,0,20,157
16750,opportunity,hunt,0.23,0,0,100,0,20,157
16760,opportunity,hunt,0.23,0,0,100,0,20,157
16770,opportunity,hunt,0.23,0,0,100,0,20,157
16780,build,hunt,0.248,0,0,100,0,20,157
16790,peak,hunt,0.428,0.325,0.010149,100,1,19,158
16800,peak,hunt,0.608,0.430292,0.031043,100,1,19,158
16810,peak,hunt,0.693671,0.430292,0.05274,100,1,19,158
16820,peak,hunt,0.691017,0.438167,0.07486,100,1,19,158
16830,peak,hunt,0.688323,0.438167,0.097311,100,1,20,158
16840,peak,hunt,0.685659,0.418042,0.119509,100,1,19,159
16850,peak,hunt,0.682963,0.438167,0.141971,100,1,19,159
16860,peak,hunt,0.680228,0.438167,0.164764,100,1,19,159
16870,aftermath,hunt,0.180228,0.430292,0.187558,100,1,19,159
16880,aftermath,hunt,0.074753,0.438167,0.210395,100,1,20,159
16890,aftermath,hunt,0.071972,0.438167,0.233564,100,1,20,159
16900,aftermath,hunt,0.06941,0.37575,0.254916,100,0,20,159
16910,aftermath,hunt,0.071059,0.29175,0.241179,100,0,20,159
16920,aftermath,hunt,0.081968,0.01175,0.15027,100,0,20,159
16930,aftermath,hunt,0.092877,0,0.05936,100,0,20,159
16940,aftermath,hunt,0.1,0,0,100,0,20,159
16950,aftermath,hunt,0.1,0,0,100,0,20,159
16960,quiet,discovery,0.08,0,0,100,0,20,159
16970,quiet,discovery,0.08,0,0,100,0,20,159
16980,quiet,discovery,0.08,0,0,100,0,20,159
16990,quiet,discovery,0.08,0,0,100,0,20,159
17000,quiet,discovery,0.08,0,0,100,0,20,159
17010,quiet,discovery,0.08,0,0,100,0,20,159
17020,quiet,discovery,0.08,0,0,100,0,20,159
17030,quiet,discovery,0.08,0,0,100,0,20,159
17040,quiet,discovery,0.08,0,0,100,0,20,159
17050,opportunity,discovery,0.206,0,0,100,0,20,159
17060,opportunity,discovery,0.23,0,0,100,0,20,159
17070,opportunity,discovery,0.23,0,0,100,0,20,159
17080,peak,discovery,0.374,0.414542,0.016248,100,1,19,160
17090,peak,discovery,0.554,0.430292,0.037342,100,1,19,160
17100,peak,discovery,0.692898,0.438167,0.059188,100,1,20,160
17110,peak,discovery,0.69023,0.430292,0.081414,100,1,20,160
17120,aftermath,discovery,0.53837,0.438167,0.103684,100,1,20,160
17130,aftermath,discovery,0.084976,0.383625,0.125202,100,0,20,160
17140,aftermath,discovery,0.083999,0.355625,0.133345,100,0,20,160
17150,aftermath,discovery,0.094908,0.075625,0.042435,100,0,20,160
17160,aftermath,discovery,0.1,0,0,100,0,20,160
17170,aftermath,discovery,0.1,0,0,100,0,20,160
17180,aftermath,discovery,0.1,0,0,100,0,20,160
17190,aftermath,discovery,0.1,0,0,100,0,20,160
17200,aftermath,discovery,0.1,0,0,100,0,20,160
17210,aftermath,discovery,0.1,0,0,100,0,20,160
17220,aftermath,discovery,0.1,0,0,100,0,20,160
17230,quiet,voyage,0.08,0,0,100,0,20,160
17240,quiet,voyage,0.08,0,0,100,0,20,160
17250,quiet,voyage,0.08,0,0,100,0,20,160
17260,quiet,voyage,0.08,0,0,100,0,20,160
17270,quiet,voyage,0.08,0,0,100,0,20,160
17280,quiet,voyage,0.08,0,0,100,0,20,160
17290,opportunity,voyage,0.152,0,0,100,0,20,160
17300,opportunity,voyage,0.23,0,0,100,0,20,160
17310,opportunity,voyage,0.23,0,0,100,0,20,160
17320,opportunity,voyage,0.23,0,0,100,0,20,160
17330,opportunity,voyage,0.23,0,0,100,0,20,160
17340,opportunity,voyage,0.23,0,0,100,0,20,160
17350,opportunity,voyage,0.23,0,0,100,0,20,160
17360,opportunity,voyage,0.23,0,0,100,0,20,160
17370,opportunity,voyage,0.23,0,0,100,0,20,160
17380,opportunity,voyage,0.23,0,0,100,0,20,160
17390,opportunity,voyage,0.23,0,0,100,0,20,160
17400,opportunity,voyage,0.23,0,0,100,0,0,160
17410,build,voyage,0.392,0,0,100,0,0,160
17420,build,voyage,0.572,0,0,100,0,0,160
17430,build,voyage,0.585,0,0,100,0,0,160
17440,build,voyage,0.585,0,0,100,0,0,160
17450,build,voyage,0.585,0,0,100,0,0,160
17460,build,voyage,0.585,0,0,100,0,0,160
17470,build,voyage,0.585,0,0,100,0,0,160
17480,build,voyage,0.585,0,0,100,0,0,160
17490,build,voyage,0.585,0,0,100,0,0,160
17500,build,voyage,0.585,0,0,100,0,0,160
17510,build,voyage,0.585,0,0,100,0,0,160
17520,opportunity,voyage,0.385,0,0,100,0,0,160
17530,opportunity,voyage,0.23,0,0,100,0,0,160
17540,opportunity,voyage,0.23,0,0,100,0,0,160
17550,opportunity,voyage,0.23,0,0,100,0,0,160
17560,opportunity,voyage,0.23,0,0,100,0,0,160
17570,opportunity,voyage,0.23,0,0,100,0,0,160
17580,opportunity,voyage,0.23,0,0,100,0,0,160
17590,opportunity,voyage,0.23,0,0,100,0,0,160
17600,opportunity,voyage,0.23,0,0,100,0,0,160
17610,opportunity,voyage,0.23,0,0,100,0,0,160
17620,opportunity,voyage,0.23,0,0,100,0,0,160
17630,opportunity,voyage,0.23,0,0,100,0,0,160
17640,build,voyage,0.392,0,0,100,0,0,160
17650,build,voyage,0.572,0,0,100,0,0,160
17660,build,voyage,0.585,0,0,100,0,0,160
17670,build,voyage,0.585,0,0,100,0,0,160
17680,build,voyage,0.585,0,0,100,0,0,160
17690,build,voyage,0.585,0,0,100,0,0,160
17700,build,voyage,0.585,0,0,100,0,0,160
17710,build,voyage,0.585,0,0,100,0,0,160
17720,build,voyage,0.585,0,0,100,0,0,160
17730,build,voyage,0.585,0,0,100,0,0,160
17740,build,voyage,0.585,0,0,100,0,0,160
17750,aftermath,voyage,0.385,0,0,100,0,0,160
17760,aftermath,voyage,0.1,0,0,100,0,0,160
17770,aftermath,voyage,0.1,0,0,100,0,0,160
17780,aftermath,voyage,0.1,0,0,100,0,1,160
17790,aftermath,voyage,0.1,0,0,100,0,1,160
17800,aftermath,voyage,0.1,0,0,100,0,1,160
17810,aftermath,voyage,0.1,0,0,100,0,1,160
17820,aftermath,voyage,0.1,0,0,100,0,2,160
17830,aftermath,voyage,0.1,0,0,100,0,2,160
17840,aftermath,voyage,0.1,0,0,100,0,2,160
17850,quiet,discovery,0.08,0,0,100,0,2,160
17860,quiet,discovery,0.08,0,0,100,0,2,160
17870,quiet,discovery,0.08,0,0,100,0,2,161
17880,quiet,discovery,0.08,0,0,100,0,2,161
17890,quiet,discovery,0.08,0,0,100,0,2,161
17900,suspended:docked,discovery,,0,0,100,0,2,161
17910,suspended:docked,discovery,,0,0,100,0,3,161
17920,suspended:docked,discovery,,0,0,100,0,3,161
17930,suspended:docked,discovery,,0,0,100,0,3,161
17940,quiet,discovery,0.08,0,0,100,0,3,161
17950,quiet,discovery,0.08,0,0,100,0,3,161
17960,quiet,discovery,0.08,0,0,100,0,4,161
17970,opportunity,discovery,0.116,0,0,100,0,4,161
17980,peak,discovery,0.296,0.325,0.010248,100,1,3,162
17990,peak,discovery,0.476,0.430292,0.031342,100,1,3,162
18000,peak,discovery,0.656,0.438167,0.053188,100,1,4,162
18010,peak,discovery,0.7,0.430292,0.075414,100,1,3,163
18020,peak,discovery,0.7,0.438167,0.097684,100,1,3,163
18030,aftermath,discovery,0.2,0.418042,0.119981,100,0,3,163
18040,aftermath,discovery,0.083305,0.367875,0.139126,100,0,3,163
18050,aftermath,discovery,0.091596,0.143875,0.070037,100,0,3,164
18060,aftermath,discovery,0.1,0,0,100,0,3,164
18070,aftermath,discovery,0.1,0,0,100,0,3,164
18080,aftermath,discovery,0.1,0,0,100,0,3,164
18090,aftermath,discovery,0.1,0,0,100,0,4,164
18100,aftermath,discovery,0.1,0,0,100,0,3,165
18110,aftermath,discovery,0.1,0,0,100,0,3,165
18120,aftermath,discovery,0.1,0,0,100,0,3,165
18130,aftermath,discovery,0.1,0,0,100,0,3,165
18140,aftermath,discovery,0.1,0,0,100,0,3,166
18150,quiet,hunt,0.08,0,0,100,0,3,166
18160,quiet,hunt,0.08,0,0,100,0,3,166
18170,quiet,hunt,0.08,0,0,100,0,3,166
18180,quiet,hunt,0.08,0,0,100,0,4,166
18190,quiet,hunt,0.08,0,0,100,0,3,167
18200,opportunity,hunt,0.116,0,0,100,0,3,167
18210,opportunity,hunt,0.23,0,0,100,0,3,167
18220,peak,hunt,0.248,0.065,0.002,100,1,2,168
18230,peak,hunt,0.428,0.422417,0.022596,100,1,3,168
18240,peak,hunt,0.608,0.438167,0.043988,100,1,3,168
18250,peak,hunt,0.7,0.430292,0.066139,100,1,3,168
18260,peak,hunt,0.7,0.438167,0.088334,100,1,3,168
18270,peak,hunt,0.7,0.438167,0.110859,100,1,4,168
18280,peak,hunt,0.7,0.37575,0.131296,100,0,4,168
18290,peak,hunt,0.7,0.422417,0.151315,100,1,3,169
18300,aftermath,hunt,0.4,0.430292,0.172874,100,1,3,169
18310,aftermath,hunt,0.076617,0.430292,0.194856,100,1,3,169
18320,aftermath,hunt,0.073929,0.438167,0.21726,100,1,3,170
18330,aftermath,hunt,0.0712,0.438167,0.239996,100,1,3,170
18340,aftermath,hunt,0.068502,0.418042,0.262479,100,0,3,170
18350,aftermath,hunt,0.066166,0.37575,0.281951,100,0,3,170
18360,aftermath,hunt,0.07444,0.15175,0.213004,100,0,4,170
18370,aftermath,hunt,0.085349,0,0.122095,100,0,3,171
18380,aftermath,hunt,0.096258,0,0.031185,100,0,3,171
18390,aftermath,hunt,0.1,0,0,100,0,3,171
18400,aftermath,hunt,0.1,0,0,100,0,3,171
18410,aftermath,hunt,0.1,0,0,100,0,4,171
18420,quiet,discovery,0.08,0,0,100,0,4,171
18430,quiet,discovery,0.08,0,0,100,0,4,171
18440,quiet,discovery,0.08,0,0,100,0,4,171
18450,quiet,discovery,0.08,0,0,100,0,5,171
18460,quiet,discovery,0.08,0,0,100,0,4,172
18470,quiet,discovery,0.08,0,0,100,0,4,172
18480,quiet,discovery,0.08,0,0,100,0,4,172
18490,quiet,discovery,0.08,0,0,100,0,4,172
18500,quiet,discovery,0.08,0,0,100,0,5,172
18510,opportunity,discovery,0.23,0,0,100,0,5,172
18520,opportunity,discovery,0.23,0,0,100,0,5,172
18530,opportunity,discovery,0.23,0,0,100,0,5,172
18540,opportunity,discovery,0.23,0,0,100,0,6,172
18550,opportunity,discovery,0.23,0,0,100,0,5,173
18560,opportunity,discovery,0.23,0,0,100,0,5,173
18570,opportunity,discovery,0.23,0,0,100,0,5,173
18580,opportunity,discovery,0.23,0,0,100,0,5,173
18590,peak,discovery,0.284,0.195,0.006149,100,1,5,174
18600,peak,discovery,0.464,0.430292,0.027043,100,1,5,174
18610,peak,discovery,0.644,0.430292,0.04874,100,1,5,174
18620,peak,discovery,0.691497,0.438167,0.07086,100,1,5,174
18630,peak,discovery,0.688803,0.438167,0.093311,100,1,6,174
18640,aftermath,discovery,0.288268,0.430292,0.115762,100,1,5,175
18650,aftermath,discovery,0.083768,0.37575,0.135264,100,0,5,175
18660,aftermath,discovery,0.089419,0.20775,0.088177,100,0,5,175
18670,aftermath,discovery,0.1,0,0,100,0,5,175
18680,aftermath,discovery,0.1,0,0,100,0,5,176
18690,aftermath,discovery,0.1,0,0,100,0,5,176
18700,aftermath,discovery,0.1,0,0,100,0,5,176
18710,aftermath,discovery,0.1,0,0,100,0,5,176
18720,aftermath,discovery,0.1,0,0,100,0,6,176
18730,aftermath,discovery,0.1,0,0,100,0,6,176
18740,quiet,voyage,0.08,0,0,100,0,6,176
18750,quiet,voyage,0.08,0,0,100,0,6,176
18760,quiet,voyage,0.08,0,0,100,0,6,176
18770,quiet,voyage,0.08,0,0,100,0,7,176
18780,quiet,voyage,0.08,0,0,100,0,7,176
18790,quiet,voyage,0.08,0,0,100,0,7,176
18800,quiet,voyage,0.08,0,0,100,0,7,176
18810,opportunity,voyage,0.23,0,0,100,0,8,176
18820,opportunity,voyage,0.23,0,0,100,1,6,178
18830,peak,voyage,0.41,0.422417,0.020596,100,1,6,178
18840,peak,voyage,0.59,0.438167,0.041988,100,1,6,178
18850,peak,voyage,0.692303,0.430292,0.064139,100,1,6,178
18860,peak,voyage,0.68964,0.438167,0.086334,100,1,6,179
18870,peak,voyage,0.686937,0.438167,0.108859,100,1,6,179
18880,peak,voyage,0.684452,0.37575,0.129569,100,0,6,179
18890,aftermath,voyage,0.184452,0.29175,0.115382,100,0,6,179
18900,aftermath,voyage,0.097063,0.01175,0.024473,100,0,7,179
18910,aftermath,voyage,0.1,0,0,100,0,6,180
18920,aftermath,voyage,0.1,0,0,100,0,6,180
18930,aftermath,voyage,0.1,0,0,100,0,6,180
18940,aftermath,voyage,0.1,0,0,100,0,6,180
18950,aftermath,voyage,0.1,0,0,100,0,6,181
18960,aftermath,voyage,0.1,0,0,100,0,6,181
18970,aftermath,voyage,0.1,0,0,100,0,6,181
18980,quiet,hunt,0.08,0,0,100,0,6,181
18990,quiet,hunt,0.08,0,0,100,0,7,181
19000,quiet,hunt,0.08,0,0,100,0,6,182
19010,quiet,hunt,0.08,0,0,100,0,6,182
19020,quiet,hunt,0.08,0,0,100,0,6,182
19030,opportunity,hunt,0.23,0,0,100,0,6,182
19040,opportunity,hunt,0.23,0,0,100,0,7,182
19050,opportunity,hunt,0.23,0,0,100,0,7,182
19060,opportunity,hunt,0.23,0,0,100,0,7,182
19070,opportunity,hunt,0.23,0,0,100,0,7,182
19080,opportunity,hunt,0.23,0,0,100,0,8,182
19090,opportunity,hunt,0.23,0,0,100,0,8,182
19100,opportunity,hunt,0.23,0,0,100,0,8,182
19110,peak,hunt,0.302,0.195,0.00605,100,1,7,183
19120,peak,hunt,0.482,0.422417,0.026795,100,1,7,183
19130,peak,hunt,0.662,0.438167,0.048385,100,1,8,183
19140,peak,hunt,0.7,0.438167,0.070686,100,1,8,183
19150,peak,hunt,0.7,0.430292,0.092987,100,1,8,183
19160,peak,hunt,0.7,0.438167,0.115332,100,1,8,183
19170,peak,hunt,0.7,0.37575,0.135214,100,0,9,183
19180,aftermath,hunt,0.4,0.20775,0.088126,100,0,9,183
19190,aftermath,hunt,0.1,0,0,100,0,9,183
19200,aftermath,hunt,0.1,0,0,100,0,9,183
19210,aftermath,hunt,0.1,0,0,100,0,9,183
19220,aftermath,hunt,0.1,0,0,100,0,10,183
19230,aftermath,hunt,0.1,0,0,100,0,10,183
19240,aftermath,hunt,0.1,0,0,100,0,10,183
19250,aftermath,hunt,0.1,0,0,100,0,10,183
19260,aftermath,hunt,0.1,0,0,100,0,11,183
19270,aftermath,hunt,0.1,0,0,100,0,11,183
19280,aftermath,hunt,0.1,0,0,100,0,11,183
19290,quiet,discovery,0.08,0,0,100,0,11,183
19300,quiet,discovery,0.08,0,0,100,0,11,183
19310,quiet,discovery,0.08,0,0,100,0,12,183
19320,quiet,discovery,0.08,0,0,100,0,12,183
19330,quiet,discovery,0.08,0,0,100,0,12,183
19340,quiet,discovery,0.08,0,0,100,0,12,183
19350,quiet,discovery,0.08,0,0,100,0,13,183
19360,quiet,discovery,0.08,0,0,100,0,13,183
19370,opportunity,discovery,0.134,0,0,100,1,12,184
19380,peak,discovery,0.314,0.422417,0.020398,100,1,12,184
19390,peak,discovery,0.494,0.430292,0.04164,100,1,12,184
19400,peak,discovery,0.674,0.438167,0.063684,100,1,12,185
19410,peak,discovery,0.7,0.438167,0.08606,100,1,12,185
19420,aftermath,discovery,0.45,0.430292,0.108437,100,1,12,185
19430,aftermath,discovery,0.084503,0.383625,0.129139,100,0,12,185
19440,aftermath,discovery,0.08617,0.299625,0.115247,100,0,13,185
19450,aftermath,discovery,0.097079,0.019625,0.024338,100,0,13,185
19460,aftermath,discovery,0.1,0,0,100,0,13,185
19470,aftermath,discovery,0.1,0,0,100,0,13,185
19480,aftermath,discovery,0.1,0,0,100,0,13,185
19490,aftermath,discovery,0.1,0,0,100,0,14,185
19500,recovery,discovery,0.05,0.065,0.003473,100,0,14,185
19510,recovery,discovery,0.025438,0.633,0.038019,100,0,14,185
19520,recovery,discovery,0.03,0.409,0,100,0,14,185
19530,recovery,discovery,0.03,0.245,0,100,0,15,185
19540,recovery,discovery,0.03,0,0,100,0,15,185
19550,recovery,discovery,0.03,0,0,100,0,15,185
19560,recovery,discovery,0.03,0,0,100,0,15,185
19570,recovery,discovery,0.03,0,0,100,0,15,185
19580,recovery,discovery,0.03,0,0,100,0,16,185
19590,aftermath,discovery,0.048,0,0,100,0,16,185
19600,aftermath,discovery,0.1,0,0,100,0,16,185
19610,aftermath,discovery,0.1,0,0,100,0,16,185
19620,aftermath,discovery,0.1,0,0,100,0,17,185
19630,aftermath,discovery,0.1,0,0,100,0,16,186
19640,aftermath,discovery,0.1,0,0,100,0,16,186
19650,aftermath,discovery,0.1,0,0,100,0,16,186
19660,aftermath,discovery,0.1,0,0,100,0,16,186
19670,aftermath,discovery,0.1,0,0,100,0,17,186
19680,aftermath,discovery,0.1,0,0,100,0,17,186
19690,aftermath,discovery,0.1,0,0,100,0,17,186
19700,suspended:docked,discovery,,0,0,100,0,17,186
19710,suspended:docked,discovery,,0,0,100,0,18,186
19720,suspended:docked,discovery,,0,0,100,0,18,186
19730,suspended:docked,discovery,,0,0,100,0,18,186
19740,aftermath,discovery,0.08,0,0,100,0,18,186
19750,quiet,voyage,0.08,0,0,100,0,18,186
19760,quiet,voyage,0.08,0,0,100,0,18,187
19770,quiet,voyage,0.08,0,0,100,0,18,187
19780,quiet,voyage,0.08,0,0,100,0,18,187
19790,quiet,voyage,0.08,0,0,100,0,18,187
19800,quiet,voyage,0.08,0,0,100,0,19,187
19810,opportunity,voyage,0.152,0,0,100,0,19,187
19820,opportunity,voyage,0.23,0,0,100,0,19,187
19830,opportunity,voyage,0.23,0,0,100,0,19,187
19840,opportunity,voyage,0.23,0,0,100,0,19,187
19850,opportunity,voyage,0.23,0,0,100,0,20,187
19860,opportunity,voyage,0.23,0,0,100,0,20,187
19870,opportunity,voyage,0.23,0,0,100,0,20,187
19880,opportunity,voyage,0.23,0,0,100,0,20,187
19890,opportunity,voyage,0.23,0,0,100,0,20,187
19900,opportunity,voyage,0.23,0,0,100,0,20,187
19910,opportunity,voyage,0.23,0,0,100,0,20,187
19920,opportunity,voyage,0.23,0,0,100,0,20,187
19930,build,voyage,0.392,0,0,100,0,20,187
19940,build,voyage,0.572,0,0,100,0,20,187
19950,build,voyage,0.61,0,0,100,0,20,187
19960,build,voyage,0.61,0,0,100,0,20,187
19970,build,voyage,0.61,0,0,100,0,20,187
19980,build,voyage,0.61,0,0,100,1,19,188
19990,peak,voyage,0.7,0.414542,0.020248,100,1,19,188
20000,peak,voyage,0.7,0.430292,0.041342,100,1,18,189
20010,peak,voyage,0.7,0.438167,0.063188,100,1,18,189
20020,peak,voyage,0.7,0.430292,0.085414,100,1,18,189
20030,peak,voyage,0.7,0.438167,0.107684,100,1,18,190
20040,peak,voyage,0.7,0.438167,0.130015,100,1,17,191
20050,aftermath,voyage,0.2,0.430292,0.152584,100,1,17,191
20060,aftermath,voyage,0.078976,0.438167,0.175196,100,1,17,191
20070,aftermath,voyage,0.076223,0.438167,0.198139,100,1,18,191
20080,aftermath,voyage,0.07347,0.430292,0.221083,100,1,17,192
20090,aftermath,voyage,0.070742,0.418042,0.243817,100,0,17,192
20100,aftermath,voyage,0.068317,0.37575,0.264027,100,0,17,192
20110,aftermath,voyage,0.076582,0.15175,0.19515,100,0,17,192
20120,aftermath,voyage,0.087491,0,0.104241,100,0,17,193
20130,aftermath,voyage,0.0984,0,0.013332,100,0,17,193
20140,aftermath,voyage,0.1,0,0,100,0,17,193
20150,aftermath,voyage,0.1,0,0,100,0,17,193
20160,quiet,hunt,0.08,0,0,100,0,18,193
20170,quiet,hunt,0.08,0,0,100,0,17,194
20180,quiet,hunt,0.08,0,0,100,0,17,194
20190,quiet,hunt,0.08,0,0,100,0,17,194
20200,quiet,hunt,0.08,0,0,100,0,17,194
20210,peak,hunt,0.17,0.26,0.008149,100,1,17,195
20220,peak,hunt,0.35,0.430292,0.029043,100,1,17,195
20230,peak,hunt,0.53,0.430292,0.05074,100,1,17,195
20240,peak,hunt,0.691257,0.438167,0.07286,100,1,17,195
20250,peak,hunt,0.688563,0.438167,0.095311,100,1,18,195
20260,peak,hunt,0.685869,0.430292,0.117762,100,1,18,195
20270,peak,hunt,0.683562,0.37575,0.136982,100,0,18,195
20280,aftermath,hunt,0.332892,0.17975,0.078934,100,0,18,195
20290,aftermath,hunt,0.1,0,0,100,0,18,195
20300,aftermath,hunt,0.1,0,0,100,0,18,196
20310,aftermath,hunt,0.1,0,0,100,0,18,196
20320,aftermath,hunt,0.1,0,0,100,0,18,196
20330,aftermath,hunt,0.1,0,0,100,0,18,196
20340,aftermath,hunt,0.1,0,0,100,0,19,196
20350,aftermath,hunt,0.1,0,0,100,0,19,196
20360,aftermath,hunt,0.1,0,0,100,0,19,196
20370,quiet,discovery,0.08,0,0,100,0,19,196
20380,quiet,discovery,0.08,0,0,100,0,19,196
20390,quiet,discovery,0.08,0,0,100,0,20,196
20400,quiet,discovery,0.08,0,0,100,0,20,196
20410,quiet,discovery,0.08,0,0,100,0,20,196
20420,quiet,discovery,0.08,0,0,100,0,20,196
20430,quiet,discovery,0.08,0,0,100,0,20,196
20440,quiet,discovery,0.08,0,0,100,0,20,196
20450,quiet,discovery,0.08,0,0,100,0,20,196
20460,opportunity,discovery,0.188,0,0,100,0,20,196
20470,opportunity,discovery,0.23,0,0,100,0,20,196
20480,opportunity,discovery,0.23,0,0,100,0,20,196
20490,opportunity,discovery,0.23,0,0,100,0,20,196
20500,opportunity,discovery,0.23,0,0,100,0,20,196
20510,opportunity,discovery,0.23,0,0,100,0,20,196
20520,opportunity,discovery,0.23,0,0,100,0,20,196
20530,opportunity,discovery,0.23,0,0,100,0,20,196
20540,opportunity,discovery,0.23,0,0,100,0,20,196
20550,opportunity,discovery,0.23,0,0,100,0,20,196
20560,opportunity,discovery,0.23,0,0,100,0,20,196
20570,opportunity,discovery,0.23,0,0,100,0,20,196
20580,opportunity,discovery,0.23,0,0,100,0,20,196
20590,opportunity,discovery,0.23,0,0,100,0,20,196
20600,opportunity,discovery,0.23,0,0,100,0,20,196
20610,build,discovery,0.248,0,0,100,0,20,196
20620,build,discovery,0.428,0,0,100,0,20,196
20630,build,discovery,0.56,0,0,100,0,20,196
20640,peak,discovery,0.632,0.26,0.00805,100,1,19,197
20650,peak,discovery,0.696545,0.422417,0.028795,100,1,19,197
20660,peak,discovery,0.693954,0.438167,0.050385,100,1,20,197
20670,peak,discovery,0.691278,0.438167,0.072686,100,1,20,197
20680,peak,discovery,0.688602,0.430292,0.094987,100,1,20,197
20690,aftermath,discovery,0.23834,0.438167,0.117332,100,1,20,197
20700,aftermath,discovery,0.083568,0.37575,0.136931,100,0,20,197
20710,aftermath,discovery,0.090534,0.17975,0.078884,100,0,20,197
20720,aftermath,discovery,0.1,0,0,100,0,20,197
20730,aftermath,discovery,0.1,0,0,100,0,20,197
20740,aftermath,discovery,0.1,0,0,100,0,20,197
20750,aftermath,discovery,0.1,0,0,100,0,20,197
20760,aftermath,discovery,0.1,0,0,100,0,20,197
20770,aftermath,discovery,0.1,0,0,100,0,20,197
20780,aftermath,discovery,0.1,0,0,100,0,20,197
20790,quiet,hunt,0.08,0,0,100,0,20,197
20800,quiet,hunt,0.08,0,0,100,0,20,197
20810,quiet,hunt,0.08,0,0,100,0,20,197
20820,quiet,hunt,0.08,0,0,100,0,20,197
20830,quiet,hunt,0.08,0,0,100,0,20,197
20840,peak,hunt,0.17,0.26,0.008149,100,1,19,198
20850,peak,hunt,0.35,0.430292,0.029043,100,1,19,198
20860,peak,hunt,0.53,0.430292,0.05074,100,1,19,198
20870,peak,hunt,0.7,0.438167,0.07286,100,1,19,198
20880,peak,hunt,0.7,0.438167,0.095311,100,1,20,198
20890,peak,hunt,0.7,0.430292,0.117762,100,1,20,198
20900,peak,hunt,0.7,0.430292,0.139248,100,1,19,199
20910,peak,hunt,0.7,0.430292,0.161512,100,1,19,199
20920,aftermath,hunt,0.25,0.430292,0.183819,100,1,19,199
20930,aftermath,hunt,0.075214,0.438167,0.206548,100,1,20,199
20940,aftermath,hunt,0.072447,0.438167,0.229609,100,1,20,199
20950,aftermath,hunt,0.069803,0.383625,0.251638,100,0,20,199
20960,aftermath,hunt,0.06876,0.355625,0.260329,100,0,20,199
20970,aftermath,hunt,0.07967,0.075625,0.16942,100,0,20,199
20980,aftermath,hunt,0.090579,0,0.078511,100,0,20,199
20990,aftermath,hunt,0.1,0,0,100,0,20,199
21000,aftermath,hunt,0.1,0,0,100,0,20,199
21010,aftermath,hunt,0.1,0,0,100,0,20,199
21020,aftermath,hunt,0.1,0,0,100,0,20,199
21030,quiet,voyage,0.08,0,0,100,0,20,199
21040,quiet,voyage,0.08,0,0,100,0,20,199
21050,quiet,voyage,0.08,0,0,100,0,20,199
21060,quiet,voyage,0.08,0,0,100,0,20,199
21070,quiet,voyage,0.08,0,0,100,0,20,199
21080,quiet,voyage,0.08,0,0,100,0,20,199
21090,opportunity,voyage,0.17,0,0,100,0,20,199
21100,opportunity,voyage,0.23,0,0,100,0,20,199
21110,opportunity,voyage,0.23,0,0,100,0,20,199
21120,opportunity,voyage,0.23,0,0,100,0,20,199
21130,opportunity,voyage,0.23,0,0,100,0,20,199
21140,opportunity,voyage,0.23,0,0,100,0,20,199
21150,opportunity,voyage,0.23,0,0,100,0,20,199
21160,opportunity,voyage,0.23,0,0,100,0,20,199
21170,opportunity,voyage,0.23,0,0,100,0,20,199
21180,opportunity,voyage,0.23,0,0,100,0,20,199
21190,opportunity,voyage,0.23,0,0,100,0,20,199
21200,opportunity,voyage,0.23,0,0,100,0,20,199
21210,build,voyage,0.41,0,0,100,0,20,199
21220,build,voyage,0.585,0,0,100,0,20,199
21230,build,voyage,0.585,0,0,100,0,20,199
21240,peak,voyage,0.639,0.195,0.00605,100,1,20,200
21250,peak,voyage,0.7,0.422417,0.026795,100,1,20,200
21260,peak,voyage,0.7,0.438167,0.048385,100,1,20,200
21270,peak,voyage,0.7,0.438167,0.070686,100,1,19,201
21280,peak,voyage,0.7,0.430292,0.092987,100,1,19,201
21290,peak,voyage,0.7,0.438167,0.115332,100,1,20,201
21300,aftermath,voyage,0.55,0.37575,0.135214,100,0,20,201
21310,aftermath,voyage,0.089425,0.20775,0.088126,100,0,20,201
21320,aftermath,voyage,0.1,0,0,100,0,20,201
21330,aftermath,voyage,0.1,0,0,100,0,20,201
21340,aftermath,voyage,0.1,0,0,100,0,20,201
21350,aftermath,voyage,0.1,0,0,100,0,20,201
21360,aftermath,voyage,0.1,0,0,100,0,20,201
21370,aftermath,voyage,0.1,0,0,100,0,20,201
21380,aftermath,voyage,0.1,0,0,100,0,20,201
21390,aftermath,voyage,0.1,0,0,100,0,20,201
21400,aftermath,voyage,0.1,0,0,100,0,20,201
21410,quiet,discovery,0.08,0,0,100,0,20,201
21420,quiet,discovery,0.08,0,0,100,0,20,201
21430,quiet,discovery,0.08,0,0,100,0,20,201
21440,quiet,discovery,0.08,0,0,100,0,20,201
21450,quiet,discovery,0.08,0,0,100,0,20,201
21460,quiet,discovery,0.08,0,0,100,0,20,201
21470,quiet,discovery,0.08,0,0,100,0,20,201
21480,quiet,discovery,0.08,0,0,100,0,20,201
21490,peak,discovery,0.17,0.26,0.008,100,1,19,202
21500,suspended:docked,discovery,,0.422417,0.026497,100,1,19,202
21510,suspended:docked,discovery,,0.422417,0.026497,100,1,20,202
21520,suspended:docked,discovery,,0.422417,0.026497,100,1,20,202
21530,suspended:docked,discovery,,0.422417,0.026497,100,1,20,202
21540,peak,discovery,0.282,0.406667,0.028564,100,1,20,202
21550,peak,discovery,0.08,0.36,0.046561,100,0,20,202
21560,aftermath,discovery,0.1,0.164,0,100,0,20,202
21570,aftermath,discovery,0.1,0,0,100,0,20,202
21580,aftermath,discovery,0.1,0,0,100,0,20,202
21590,aftermath,discovery,0.1,0,0,100,0,20,202
21600,aftermath,discovery,0.1,0,0,100,0,20,202
21610,aftermath,discovery,0.1,0,0,100,0,20,202
21620,aftermath,discovery,0.1,0,0,100,0,20,202
21630,aftermath,discovery,0.1,0,0,100,0,20,202
21640,aftermath,discovery,0.1,0,0,100,0,20,202
21650,aftermath,discovery,0.1,0,0,100,0,20,202
21660,aftermath,discovery,0.1,0,0,100,0,20,202
21670,aftermath,discovery,0.1,0,0,100,0,20,202
21680,quiet,hunt,0.08,0,0,100,0,20,202
21690,quiet,hunt,0.08,0,0,100,0,20,202
21700,quiet,hunt,0.08,0,0,100,0,20,202
21710,quiet,hunt,0.08,0,0,100,0,20,202
21720,quiet,hunt,0.08,0,0,100,0,20,202
21730,opportunity,hunt,0.098,0,0,100,0,20,202
21740,opportunity,hunt,0.23,0,0,100,0,20,202
21750,opportunity,hunt,0.23,0,0,100,0,20,202
21760,opportunity,hunt,0.23,0,0,100,0,20,202
21770,opportunity,hunt,0.23,0,0,100,0,20,202
21780,opportunity,hunt,0.23,0,0,100,0,20,202
21790,opportunity,hunt,0.23,0,0,100,0,20,202
21800,opportunity,hunt,0.23,0,0,100,0,20,202
21810,opportunity,hunt,0.23,0,0,100,0,20,202
21820,peak,hunt,0.338,0.065,0.002,100,1,19,203
21830,peak,hunt,0.518,0.422417,0.022596,100,1,20,203
21840,peak,hunt,0.698,0.438167,0.043988,100,1,19,204
21850,peak,hunt,0.7,0.430292,0.066139,100,1,19,204
21860,peak,hunt,0.7,0.438167,0.088334,100,1,19,204
21870,peak,hunt,0.7,0.438167,0.110859,100,1,20,204
21880,peak,hunt,0.7,0.422417,0.132329,100,1,19,205
21890,peak,hunt,0.7,0.430292,0.154304,100,1,19,205
21900,aftermath,hunt,0.4,0.438167,0.176653,100,1,19,205
21910,aftermath,hunt,0.076074,0.430292,0.199382,100,1,18,206
21920,aftermath,hunt,0.073342,0.438167,0.222154,100,1,19,206
21930,aftermath,hunt,0.070569,0.438167,0.245257,100,1,19,206
21940,aftermath,hunt,0.068148,0.37575,0.265434,100,0,19,206
21950,aftermath,hunt,0.075093,0.17975,0.20756,100,0,19,206
21960,aftermath,hunt,0.086002,0,0.11665,100,0,20,206
21970,aftermath,hunt,0.096911,0,0.025741,100,0,20,206
21980,aftermath,hunt,0.1,0,0,100,0,20,206
21990,aftermath,hunt,0.1,0,0,100,0,20,206
22000,aftermath,hunt,0.1,0,0,100,0,20,206
22010,aftermath,hunt,0.1,0,0,100,0,20,206
22020,quiet,discovery,0.08,0,0,100,0,20,206
22030,quiet,discovery,0.08,0,0,100,0,20,206
22040,quiet,discovery,0.08,0,0,100,0,20,206
22050,quiet,discovery,0.08,0,0,100,0,20,206
22060,quiet,discovery,0.08,0,0,100,0,20,206
22070,quiet,discovery,0.08,0,0,100,0,20,206
22080,quiet,discovery,0.08,0,0,100,0,20,206
22090,quiet,discovery,0.08,0,0,100,0,20,206
22100,quiet,discovery,0.08,0,0,100,0,20,206
22110,peak,discovery,0.26,0.422417,0.018397,100,1,19,207
22120,peak,discovery,0.44,0.430292,0.03964,100,1,19,207
22130,peak,discovery,0.62,0.438167,0.061684,100,1,19,207
22140,peak,discovery,0.689913,0.438167,0.08406,100,1,20,207
22150,aftermath,discovery,0.488308,0.430292,0.106437,100,1,20,207
22160,aftermath,discovery,0.084711,0.383625,0.127408,100,0,20,207
22170,aftermath,discovery,0.085056,0.327625,0.124532,100,0,20,207
22180,aftermath,discovery,0.095965,0.047625,0.033623,100,0,20,207
22190,aftermath,discovery,0.1,0,0,100,0,20,207
22200,aftermath,discovery,0.1,0,0,100,0,20,207
22210,aftermath,discovery,0.1,0,0,100,0,20,207
22220,aftermath,discovery,0.1,0,0,100,0,20,207
22230,aftermath,discovery,0.1,0,0,100,0,20,207
22240,aftermath,discovery,0.1,0,0,100,0,20,207
22250,aftermath,discovery,0.1,0,0,100,0,20,207
22260,quiet,voyage,0.08,0,0,100,0,20,207
22270,quiet,voyage,0.08,0,0,100,0,20,207
22280,quiet,voyage,0.08,0,0,100,0,20,207
22290,quiet,voyage,0.08,0,0,100,0,20,207
22300,quiet,voyage,0.08,0,0,100,0,20,207
22310,quiet,voyage,0.08,0,0,100,0,20,207
22320,opportunity,voyage,0.17,0,0,100,0,20,207
22330,opportunity,voyage,0.23,0,0,100,0,20,207
22340,opportunity,voyage,0.23,0,0,100,0,20,207
22350,opportunity,voyage,0.23,0,0,100,0,20,207
22360,opportunity,voyage,0.23,0,0,100,0,20,207
22370,opportunity,voyage,0.23,0,0,100,0,20,207
22380,opportunity,voyage,0.23,0,0,100,0,20,207
22390,opportunity,voyage,0.23,0,0,100,0,20,207
22400,opportunity,voyage,0.23,0,0,100,0,20,207
22410,opportunity,voyage,0.23,0,0,100,0,20,207
22420,opportunity,voyage,0.23,0,0,100,0,20,207
22430,opportunity,voyage,0.23,0,0,100,0,20,207
22440,peak,voyage,0.41,0.422417,0.016397,100,1,19,208
22450,peak,voyage,0.59,0.430292,0.03764,100,1,19,208
22460,peak,voyage,0.692838,0.438167,0.059684,100,1,20,208
22470,peak,voyage,0.690153,0.438167,0.08206,100,1,20,208
22480,peak,voyage,0.687468,0.430292,0.104437,100,1,20,208
22490,peak,voyage,0.684858,0.430292,0.126184,100,1,19,209
22500,aftermath,voyage,0.284333,0.430292,0.148373,100,1,20,209
22510,aftermath,voyage,0.079527,0.430292,0.170605,100,1,19,210
22520,aftermath,voyage,0.076809,0.438167,0.19326,100,1,19,210
22530,aftermath,voyage,0.074051,0.438167,0.216245,100,1,19,210
22540,aftermath,voyage,0.071292,0.430292,0.239232,100,1,19,210
22550,aftermath,voyage,0.068801,0.383625,0.259996,100,0,19,211
22560,aftermath,voyage,0.073073,0.243625,0.224388,100,0,19,211
22570,aftermath,voyage,0.083983,0,0.133478,100,0,19,211
22580,aftermath,voyage,0.094892,0,0.042569,100,0,19,211
22590,quiet,hunt,0.08,0,0,100,0,20,211
22600,quiet,hunt,0.08,0,0,100,0,19,212
22610,quiet,hunt,0.08,0,0,100,0,19,212
22620,quiet,hunt,0.08,0,0,100,0,19,212
22630,quiet,hunt,0.08,0,0,100,0,19,212
22640,opportunity,hunt,0.206,0,0,100,0,20,212
22650,opportunity,hunt,0.23,0,0,100,0,20,212
22660,opportunity,hunt,0.23,0,0,100,0,20,212
22670,opportunity,hunt,0.23,0,0,100,0,20,212
22680,opportunity,hunt,0.23,0,0,100,0,20,212
22690,opportunity,hunt,0.23,0,0,100,0,20,212
22700,opportunity,hunt,0.23,0,0,100,0,20,212
22710,peak,hunt,0.374,0.422417,0.016397,100,1,19,213
22720,peak,hunt,0.554,0.430292,0.03764,100,1,19,213
22730,peak,hunt,0.7,0.438167,0.059684,100,1,20,213
22740,peak,hunt,0.7,0.438167,0.08206,100,1,19,214
22750,peak,hunt,0.7,0.430292,0.104437,100,1,19,214
22760,peak,hunt,0.7,0.383625,0.125675,100,0,19,214
22770,aftermath,hunt,0.65,0.355625,0.133817,100,0,20,214
22780,aftermath,hunt,0.15,0.075625,0.042908,100,0,20,214
22790,aftermath,hunt,0.1,0,0,100,0,20,214
22800,aftermath,hunt,0.1,0,0,100,0,20,214
22810,aftermath,hunt,0.1,0,0,100,0,20,214
22820,aftermath,hunt,0.1,0,0,100,0,20,214
22830,aftermath,hunt,0.1,0,0,100,0,20,214
22840,aftermath,hunt,0.1,0,0,100,0,20,214
22850,aftermath,hunt,0.1,0,0,100,0,20,214
22860,aftermath,hunt,0.1,0,0,100,0,20,214
22870,aftermath,hunt,0.1,0,0,100,0,20,214
22880,quiet,discovery,0.08,0,0,100,0,20,214
22890,quiet,discovery,0.08,0,0,100,0,20,214
22900,quiet,discovery,0.08,0,0,100,0,20,214
22910,quiet,discovery,0.08,0,0,100,0,20,214
22920,quiet,discovery,0.08,0,0,100,0,20,214
22930,quiet,discovery,0.08,0,0,100,0,20,214
22940,quiet,discovery,0.08,0,0,100,0,20,214
22950,quiet,discovery,0.08,0,0,100,0,20,214
22960,quiet,discovery,0.08,0,0,100,0,20,214
22970,opportunity,discovery,0.224,0,0,100,0,20,214
22980,opportunity,discovery,0.23,0,0,100,0,20,214
22990,opportunity,discovery,0.23,0,0,100,0,20,214
23000,opportunity,discovery,0.23,0,0,100,0,20,214
23010,opportunity,discovery,0.23,0,0,100,0,20,214
23020,opportunity,discovery,0.23,0,0,100,0,20,214
23030,opportunity,discovery,0.23,0,0,100,0,20,214
23040,opportunity,discovery,0.23,0,0,100,0,20,214
23050,opportunity,discovery,0.23,0,0,100,0,20,214
23060,opportunity,discovery,0.23,0,0,100,0,20,214
23070,opportunity,discovery,0.23,0,0,100,0,20,214
23080,opportunity,discovery,0.23,0,0,100,0,20,214
23090,peak,discovery,0.248,0.065,0.002,100,1,19,215
23100,recovery,discovery,0.36,0.479542,0.02412,100,1,19,215
23110,recovery,discovery,0.02249,0.703292,0.062587,100,1,19,215
23120,recovery,discovery,0.02,0.711167,0.101857,100,1,19,215
23130,recovery,discovery,0.02,0.691042,0.139995,100,1,20,215
23140,recovery,discovery,0.02,0.430292,0.164972,100,1,20,215
23150,recovery,discovery,0.02,0.383625,0.188001,100,0,20,215
23160,recovery,discovery,0.02,0.271625,0.164657,100,0,20,215
23170,recovery,discovery,0.02115,0,0.073748,100,0,20,215
23180,recovery,discovery,0.03,0,0,100,0,20,215
23190,aftermath,discovery,0.048,0,0,100,0,20,215
23200,aftermath,discovery,0.1,0,0,100,0,20,215
23210,aftermath,discovery,0.1,0,0,100,0,20,215
23220,aftermath,discovery,0.1,0,0,100,0,20,215
23230,aftermath,discovery,0.1,0,0,100,0,20,215
23240,aftermath,discovery,0.1,0,0,100,0,20,215
23250,aftermath,discovery,0.1,0,0,100,0,20,215
23260,aftermath,discovery,0.1,0,0,100,0,20,215
23270,aftermath,discovery,0.1,0,0,100,0,20,215
23280,aftermath,discovery,0.1,0,0,100,0,20,215
23290,aftermath,discovery,0.1,0,0,100,0,20,215
23300,suspended:docked,discovery,,0,0,100,0,20,215
23310,suspended:docked,discovery,,0,0,100,0,20,215
23320,suspended:docked,discovery,,0,0,100,0,20,215
23330,suspended:docked,discovery,,0,0,100,0,20,215
23340,aftermath,discovery,0.08,0,0,100,0,20,215
23350,quiet,hunt,0.08,0,0,100,0,20,215
23360,quiet,hunt,0.08,0,0,100,0,20,215
23370,quiet,hunt,0.08,0,0,100,0,20,215
23380,quiet,hunt,0.08,0,0,100,0,20,215
23390,quiet,hunt,0.08,0,0,100,0,20,215
23400,peak,hunt,0.242,0.26,0.00805,100,1,20,216
23410,peak,hunt,0.422,0.422417,0.028795,100,1,19,217
23420,peak,hunt,0.602,0.438167,0.050385,100,1,19,217
23430,peak,hunt,0.7,0.438167,0.072686,100,1,19,217
23440,peak,hunt,0.7,0.430292,0.094987,100,1,19,217
23450,peak,hunt,0.7,0.438167,0.117332,100,1,20,217
23460,peak,hunt,0.7,0.438167,0.13917,100,1,19,218
23470,peak,hunt,0.7,0.430292,0.161749,100,1,19,218
23480,aftermath,hunt,0.25,0.438167,0.184371,100,1,19,218
23490,aftermath,hunt,0.075121,0.438167,0.207324,100,1,20,218
23500,aftermath,hunt,0.072367,0.430292,0.230278,100,1,20,218
23510,aftermath,hunt,0.069717,0.383625,0.252357,100,0,20,218
23520,aftermath,hunt,0.067358,0.367875,0.272014,100,0,20,218
23530,aftermath,hunt,0.078267,0.087875,0.181105,100,0,20,218
23540,aftermath,hunt,0.089176,0,0.090196,100,0,20,218
23550,aftermath,hunt,0.1,0,0,100,0,20,218
23560,aftermath,hunt,0.1,0,0,100,0,20,218
23570,aftermath,hunt,0.1,0,0,100,0,20,218
23580,aftermath,hunt,0.1,0,0,100,0,20,218
23590,aftermath,hunt,0.1,0,0,100,0,20,218
23600,quiet,voyage,0.08,0,0,100,0,20,218
23610,quiet,voyage,0.08,0,0,100,0,20,218
23620,quiet,voyage,0.08,0,0,100,0,20,218
23630,quiet,voyage,0.08,0,0,100,0,20,218
23640,quiet,voyage,0.08,0,0,100,0,20,218
23650,quiet,voyage,0.08,0,0,100,0,20,218
23660,opportunity,voyage,0.134,0,0,100,0,20,218
23670,opportunity,voyage,0.23,0,0,100,0,20,218
23680,opportunity,voyage,0.23,0,0,100,0,20,218
23690,opportunity,voyage,0.23,0,0,100,0,20,218
23700,peak,voyage,0.392,0.422417,0.018397,100,1,19,219
23710,peak,voyage,0.572,0.430292,0.03964,100,1,19,219
23720,peak,voyage,0.7,0.438167,0.061684,100,1,20,219
23730,peak,voyage,0.7,0.438167,0.08406,100,1,20,219
23740,peak,voyage,0.7,0.430292,0.106437,100,1,20,219
23750,peak,voyage,0.7,0.383625,0.127408,100,0,20,219
23760,aftermath,voyage,0.25,0.327625,0.124532,100,0,20,219
23770,aftermath,voyage,0.095965,0.047625,0.033623,100,0,20,219
23780,aftermath,voyage,0.1,0,0,100,0,20,219
23790,aftermath,voyage,0.1,0,0,100,0,20,219
23800,aftermath,voyage,0.1,0,0,100,0,20,219
23810,aftermath,voyage,0.1,0,0,100,0,20,219
23820,aftermath,voyage,0.1,0,0,100,0,20,219
23830,aftermath,voyage,0.1,0,0,100,0,20,219
23840,aftermath,voyage,0.1,0,0,100,0,20,219
23850,aftermath,voyage,0.1,0,0,100,0,20,219
23860,aftermath,voyage,0.1,0,0,100,0,20,219
23870,quiet,discovery,0.08,0,0,100,0,20,219
23880,quiet,discovery,0.08,0,0,100,0,20,219
23890,quiet,discovery,0.08,0,0,100,0,20,219
23900,quiet,discovery,0.08,0,0,100,0,20,219
23910,quiet,discovery,0.08,0,0,100,0,20,219
23920,quiet,discovery,0.08,0,0,100,0,20,219
23930,quiet,discovery,0.08,0,0,100,0,20,219
23940,quiet,discovery,0.08,0,0,100,0,20,219
23950,quiet,discovery,0.08,0,0,100,0,20,219
23960,opportunity,discovery,0.23,0,0,100,0,20,219
23970,opportunity,discovery,0.23,0,0,100,0,20,219
23980,opportunity,discovery,0.23,0,0,100,0,20,219
23990,opportunity,discovery,0.23,0,0,100,0,20,219
24000,peak,discovery,0.284,0.195,0.00605,100,1,19,220
24010,peak,discovery,0.464,0.422417,0.026795,100,1,19,220
24020,peak,discovery,0.644,0.438167,0.048385,100,1,19,220
24030,peak,discovery,0.691518,0.438167,0.070686,100,1,20,220
24040,peak,discovery,0.688842,0.430292,0.092987,100,1,20,220
24050,aftermath,discovery,0.288313,0.438167,0.115332,100,1,20,220
24060,aftermath,discovery,0.083774,0.37575,0.135214,100,0,20,220
24070,aftermath,discovery,0.089425,0.20775,0.088126,100,0,20,220
24080,aftermath,discovery,0.1,0,0,100,0,20,220
24090,aftermath,discovery,0.1,0,0,100,0,20,220
24100,aftermath,discovery,0.1,0,0,100,0,20,220
24110,aftermath,discovery,0.1,0,0,100,0,20,220
24120,aftermath,discovery,0.1,0,0,100,0,20,220
24130,aftermath,discovery,0.1,0,0,100,0,20,220
24140,aftermath,discovery,0.1,0,0,100,0,20,220
24150,quiet,hunt,0.08,0,0,100,0,20,220
24160,quiet,hunt,0.08,0,0,100,0,20,220
24170,quiet,hunt,0.08,0,0,100,0,20,220
24180,quiet,hunt,0.08,0,0,100,0,20,220
24190,quiet,hunt,0.08,0,0,100,0,20,220
24200,opportunity,hunt,0.152,0,0,100,0,20,220
24210,opportunity,hunt,0.23,0,0,100,0,20,220
24220,opportunity,hunt,0.23,0,0,100,0,20,220
24230,opportunity,hunt,0.23,0,0,100,0,20,220
24240,opportunity,hunt,0.23,0,0,100,0,20,220
24250,opportunity,hunt,0.23,0,0,100,0,20,220
24260,opportunity,hunt,0.23,0,0,100,0,20,220
24270,opportunity,hunt,0.23,0,0,100,0,20,220
24280,opportunity,hunt,0.23,0,0,100,0,20,220
24290,peak,hunt,0.392,0.414542,0.016149,100,1,19,221
24300,peak,hunt,0.572,0.430292,0.037043,100,1,20,221
24310,peak,hunt,0.692951,0.430292,0.05874,100,1,20,221
24320,peak,hunt,0.690297,0.438167,0.08086,100,1,20,221
24330,peak,hunt,0.687603,0.438167,0.103311,100,1,20,221
24340,peak,hunt,0.685032,0.383625,0.12473,100,0,20,221
24350,peak,hunt,0.682503,0.430292,0.145809,100,1,20,222
24360,aftermath,hunt,0.530649,0.430292,0.167911,100,1,20,222
24370,aftermath,hunt,0.077193,0.430292,0.190055,100,1,20,222
24380,aftermath,hunt,0.074485,0.438167,0.212622,100,1,20,222
24390,aftermath,hunt,0.071738,0.438167,0.23552,100,1,20,222
24400,aftermath,hunt,0.069082,0.383625,0.25765,100,0,20,222
24410,aftermath,hunt,0.066734,0.37575,0.27722,100,0,20,222
24420,aftermath,hunt,0.077643,0.09575,0.186311,100,0,20,222
24430,aftermath,hunt,0.088552,0,0.095401,100,0,20,222
24440,aftermath,hunt,0.099461,0,0.004492,100,0,20,222
24450,aftermath,hunt,0.1,0,0,100,0,20,222
24460,quiet,discovery,0.08,0,0,100,0,20,222
24470,quiet,discovery,0.08,0,0,100,0,20,222
24480,quiet,discovery,0.08,0,0,100,0,20,222
24490,quiet,discovery,0.08,0,0,100,0,20,222
24500,quiet,discovery,0.08,0,0,100,0,20,222
24510,quiet,discovery,0.08,0,0,100,0,20,222
24520,quiet,discovery,0.08,0,0,100,0,20,222
24530,quiet,discovery,0.08,0,0,100,0,20,222
24540,opportunity,discovery,0.098,0,0,100,0,20,222
24550,opportunity,discovery,0.23,0,0,100,0,20,222
24560,opportunity,discovery,0.23,0,0,100,0,20,222
24570,opportunity,discovery,0.23,0,0,100,0,20,222
24580,opportunity,discovery,0.23,0,0,100,0,20,222
24590,opportunity,discovery,0.23,0,0,100,0,20,222
24600,opportunity,discovery,0.23,0,0,100,0,0,222
24610,opportunity,discovery,0.23,0,0,100,0,0,222
24620,opportunity,discovery,0.23,0,0,100,0,0,222
24630,opportunity,discovery,0.23,0,0,100,0,0,222
24640,opportunity,discovery,0.23,0,0,100,0,0,222
24650,opportunity,discovery,0.23,0,0,100,0,0,222
24660,opportunity,discovery,0.23,0,0,100,0,0,222
24670,opportunity,discovery,0.23,0,0,100,0,0,222
24680,opportunity,discovery,0.23,0,0,100,0,0,222
24690,opportunity,discovery,0.23,0,0,100,0,0,222
24700,build,discovery,0.338,0,0,100,0,0,222
24710,build,discovery,0.518,0,0,100,0,0,222
24720,build,discovery,0.585,0,0,100,0,0,222
24730,build,discovery,0.585,0,0,100,0,0,222
24740,build,discovery,0.585,0,0,100,0,0,222
24750,build,discovery,0.585,0,0,100,0,0,222
24760,build,discovery,0.585,0,0,100,0,0,222
24770,build,discovery,0.585,0,0,100,0,0,222
24780,build,discovery,0.585,0,0,100,0,0,222
24790,opportunity,discovery,0.535,0,0,100,0,0,222
24800,opportunity,discovery,0.23,0,0,100,0,0,222
24810,opportunity,discovery,0.23,0,0,100,0,0,222
24820,opportunity,discovery,0.23,0,0,100,0,0,222
24830,opportunity,discovery,0.23,0,0,100,0,0,222
24840,opportunity,discovery,0.23,0,0,100,0,0,222
24850,opportunity,discovery,0.23,0,0,100,0,0,222
24860,opportunity,discovery,0.23,0,0,100,0,0,222
24870,opportunity,discovery,0.23,0,0,100,0,0,222
24880,opportunity,discovery,0.23,0,0,100,0,0,222
24890,opportunity,discovery,0.23,0,0,100,0,0,222
24900,opportunity,discovery,0.23,0,0,100,0,0,222
24910,opportunity,discovery,0.23,0,0,100,0,0,222
24920,opportunity,discovery,0.23,0,0,100,0,0,222
24930,opportunity,discovery,0.23,0,0,100,0,0,222
24940,opportunity,discovery,0.23,0,0,100,0,0,222
24950,build,discovery,0.338,0,0,100,0,0,222
24960,build,discovery,0.518,0,0,100,0,0,222
24970,build,discovery,0.585,0,0,100,0,0,222
24980,peak,discovery,0.639,0.195,0.006149,100,1,0,223
24990,peak,discovery,0.7,0.430292,0.027043,100,1,0,223
25000,peak,discovery,0.7,0.430292,0.04874,100,1,0,223
25010,peak,discovery,0.7,0.438167,0.07086,100,1,0,223
25020,peak,discovery,0.7,0.438167,0.093311,100,1,1,223
25030,aftermath,discovery,0.3,0.430292,0.115762,100,1,0,224
25040,aftermath,discovery,0.083768,0.37575,0.135264,100,0,0,224
25050,aftermath,discovery,0.089419,0.20775,0.088177,100,0,0,224
25060,aftermath,discovery,0.1,0,0,100,0,0,224
25070,aftermath,discovery,0.1,0,0,100,0,1,224
25080,aftermath,discovery,0.1,0,0,100,0,1,224
25090,aftermath,discovery,0.1,0,0,100,0,1,224
25100,suspended:docked,discovery,,0,0,100,0,1,224
25110,suspended:docked,discovery,,0,0,100,0,2,224
25120,suspended:docked,discovery,,0,0,100,0,2,224
25130,suspended:docked,discovery,,0,0,100,0,2,224
25140,aftermath,discovery,0.08,0,0,100,0,2,224
25150,aftermath,discovery,0.08,0,0,100,0,2,224
25160,aftermath,discovery,0.1,0,0,100,0,2,225
25170,aftermath,discovery,0.1,0,0,100,0,2,225
25180,quiet,voyage,0.08,0,0,100,0,2,225
25190,quiet,voyage,0.08,0,0,100,0,2,225
25200,quiet,voyage,0.08,0,0,100,0,3,225
25210,quiet,voyage,0.08,0,0,100,0,2,226
25220,quiet,voyage,0.08,0,0,100,0,2,226
25230,quiet,voyage,0.08,0,0,100,0,2,226
25240,quiet,voyage,0.08,0,0,100,0,2,226
25250,opportunity,voyage,0.206,0,0,100,0,2,227
25260,opportunity,voyage,0.23,0,0,100,0,2,227
25270,opportunity,voyage,0.23,0,0,100,0,2,227
25280,opportunity,voyage,0.23,0,0,100,0,2,227
25290,opportunity,voyage,0.23,0,0,100,0,3,227
25300,opportunity,voyage,0.23,0,0,100,0,2,228
25310,opportunity,voyage,0.23,0,0,100,0,2,228
25320,opportunity,voyage,0.23,0,0,100,0,2,228
25330,opportunity,voyage,0.23,0,0,100,0,2,228
25340,opportunity,voyage,0.23,0,0,100,0,2,229
25350,opportunity,voyage,0.23,0,0,100,0,2,229
25360,build,voyage,0.266,0,0,100,0,2,229
25370,peak,voyage,0.446,0.422417,0.018596,100,1,1,230
25380,peak,voyage,0.626,0.438167,0.039988,100,1,2,230
25390,peak,voyage,0.7,0.430292,0.062139,100,1,2,230
25400,peak,voyage,0.7,0.438167,0.084334,100,1,2,230
25410,peak,voyage,0.7,0.438167,0.106859,100,1,2,230
25420,peak,voyage,0.7,0.37575,0.127839,100,0,2,230
25430,aftermath,voyage,0.25,0.31975,0.124625,100,0,2,231
25440,aftermath,voyage,0.095954,0.03975,0.033716,100,0,2,231
25450,aftermath,voyage,0.1,0,0,100,0,2,231
25460,aftermath,voyage,0.1,0,0,100,0,2,231
25470,aftermath,voyage,0.1,0,0,100,0,3,231
25480,aftermath,voyage,0.1,0,0,100,0,3,231
25490,aftermath,voyage,0.1,0,0,100,0,3,231
25500,aftermath,voyage,0.1,0,0,100,0,3,231
25510,aftermath,voyage,0.1,0,0,100,0,3,231
25520,aftermath,voyage,0.1,0,0,100,0,3,232
25530,aftermath,voyage,0.1,0,0,100,0,3,232
25540,quiet,discovery,0.08,0,0,100,0,3,232
25550,quiet,discovery,0.08,0,0,100,0,3,232
25560,quiet,discovery,0.08,0,0,100,0,4,232
25570,quiet,discovery,0.08,0,0,100,0,3,233
25580,quiet,discovery,0.08,0,0,100,0,3,233
25590,quiet,discovery,0.08,0,0,100,0,3,233
25600,quiet,discovery,0.08,0,0,100,0,3,233
25610,quiet,discovery,0.08,0,0,100,0,4,233
25620,quiet,discovery,0.08,0,0,100,0,4,233
25630,peak,discovery,0.242,0.13,0.004,100,1,3,234
25640,peak,discovery,0.422,0.422417,0.024596,100,1,3,234
25650,peak,discovery,0.602,0.438167,0.045988,100,1,4,234
25660,peak,discovery,0.7,0.430292,0.068139,100,1,4,234
25670,peak,discovery,0.7,0.438167,0.090334,100,1,4,234
25680,aftermath,discovery,0.35,0.438167,0.112859,100,1,4,234
25690,aftermath,discovery,0.084038,0.37575,0.13302,100,0,4,234
25700,aftermath,discovery,0.088372,0.23575,0.096897,100,0,4,235
25710,aftermath,discovery,0.099282,0,0.005987,100,0,4,235
25720,aftermath,discovery,0.1,0,0,100,0,4,235
25730,aftermath,discovery,0.1,0,0,100,0,4,235
25740,aftermath,discovery,0.1,0,0,100,0,5,235
25750,aftermath,discovery,0.1,0,0,100,0,5,235
25760,aftermath,discovery,0.1,0,0,100,0,5,235
25770,aftermath,discovery,0.1,0,0,100,0,5,235
25780,aftermath,discovery,0.1,0,0,100,0,5,235
25790,aftermath,discovery,0.1,0,0,100,0,6,235
25800,aftermath,discovery,0.1,0,0,100,0,6,235
25810,quiet,hunt,0.08,0,0,100,0,6,235
25820,quiet,hunt,0.08,0,0,100,0,6,235
25830,quiet,hunt,0.08,0,0,100,0,7,235
25840,quiet,hunt,0.08,0,0,100,0,6,236
25850,quiet,hunt,0.08,0,0,100,0,6,236
25860,peak,hunt,0.242,0.422417,0.016397,100,1,5,237
25870,peak,hunt,0.422,0.430292,0.03764,100,1,5,237
25880,peak,hunt,0.602,0.438167,0.059684,100,1,6,237
25890,peak,hunt,0.690153,0.438167,0.08206,100,1,6,237
25900,peak,hunt,0.687468,0.430292,0.104437,100,1,6,237
25910,peak,hunt,0.684919,0.383625,0.125675,100,0,6,237
25920,aftermath,hunt,0.632851,0.355625,0.133817,100,0,7,237
25930,aftermath,hunt,0.132851,0.075625,0.042908,100,0,7,237
25940,aftermath,hunt,0.1,0,0,100,0,7,237
25950,aftermath,hunt,0.1,0,0,100,0,7,237
25960,aftermath,hunt,0.1,0,0,100,0,7,237
25970,aftermath,hunt,0.1,0,0,100,0,7,238
25980,aftermath,hunt,0.1,0,0,100,0,7,238
25990,aftermath,hunt,0.1,0,0,100,0,7,238
26000,aftermath,hunt,0.1,0,0,100,0,7,238
26010,aftermath,hunt,0.1,0,0,100,0,8,238
26020,quiet,discovery,0.08,0,0,100,0,7,239
26030,quiet,discovery,0.08,0,0,100,0,7,239
26040,quiet,discovery,0.08,0,0,100,0,7,239
26050,quiet,discovery,0.08,0,0,100,0,7,239
26060,quiet,discovery,0.08,0,0,100,0,8,239
26070,quiet,discovery,0.08,0,0,100,0,8,239
26080,quiet,discovery,0.08,0,0,100,0,8,239
26090,quiet,discovery,0.08,0,0,100,0,8,239
26100,quiet,discovery,0.08,0,0,100,0,9,239
26110,opportunity,discovery,0.23,0,0,100,0,8,240
26120,opportunity,discovery,0.23,0,0,100,0,8,240
26130,opportunity,discovery,0.23,0,0,100,0,8,240
26140,opportunity,discovery,0.23,0,0,100,0,8,240
26150,opportunity,discovery,0.23,0,0,100,0,8,241
26160,opportunity,discovery,0.23,0,0,100,0,8,241
26170,opportunity,discovery,0.23,0,0,100,0,8,241
26180,opportunity,discovery,0.23,0,0,100,0,8,241
26190,opportunity,discovery,0.23,0,0,100,0,9,241
26200,opportunity,discovery,0.23,0,0,100,0,9,241
26210,opportunity,discovery,0.23,0,0,100,0,9,241
26220,opportunity,discovery,0.23,0,0,100,0,9,241
26230,peak,discovery,0.248,0.065,0.002,100,1,8,242
26240,peak,discovery,0.428,0.422417,0.022596,100,1,9,242
26250,peak,discovery,0.608,0.438167,0.043988,100,1,9,242
26260,peak,discovery,0.692063,0.430292,0.066139,100,1,9,242
26270,peak,discovery,0.6894,0.438167,0.088334,100,1,9,242
26280,aftermath,discovery,0.388328,0.438167,0.110859,100,1,10,242
26290,aftermath,discovery,0.084244,0.37575,0.131296,100,0,9,243
26300,aftermath,discovery,0.087263,0.26375,0.106139,100,0,9,243
26310,aftermath,discovery,0.098172,0,0.01523,100,0,9,243
26320,aftermath,discovery,0.1,0,0,100,0,9,243
26330,aftermath,discovery,0.1,0,0,100,0,9,244
26340,aftermath,discovery,0.1,0,0,100,0,9,244
26350,aftermath,discovery,0.1,0,0,100,0,9,244
26360,aftermath,discovery,0.1,0,0,100,0,9,244
26370,aftermath,discovery,0.1,0,0,100,0,10,244
26380,quiet,voyage,0.08,0,0,100,0,9,245
26390,quiet,voyage,0.08,0,0,100,0,9,245
26400,quiet,voyage,0.08,0,0,100,0,9,245
26410,quiet,voyage,0.08,0,0,100,0,9,245
26420,quiet,voyage,0.08,0,0,100,0,9,246
26430,quiet,voyage,0.08,0,0,100,0,9,246
26440,quiet,voyage,0.08,0,0,100,0,9,246
26450,opportunity,voyage,0.206,0,0,100,0,9,246
26460,peak,voyage,0.284,0.195,0.00605,100,1,9,247
26470,peak,voyage,0.464,0.422417,0.026795,100,1,9,247
26480,peak,voyage,0.644,0.438167,0.048385,100,1,9,247
26490,peak,voyage,0.7,0.438167,0.070686,100,1,8,248
26500,peak,voyage,0.7,0.430292,0.092987,100,1,8,248
26510,peak,voyage,0.7,0.438167,0.115332,100,1,9,248
26520,aftermath,voyage,0.55,0.430292,0.136832,100,1,8,249
26530,aftermath,voyage,0.08093,0.422417,0.158914,100,1,8,249
26540,aftermath,voyage,0.07827,0.438167,0.181081,100,1,8,249
26550,aftermath,voyage,0.075525,0.438167,0.203959,100,1,9,249
26560,aftermath,voyage,0.072779,0.430292,0.226839,100,1,8,250
26570,aftermath,voyage,0.07009,0.3915,0.249251,100,0,8,250
26580,aftermath,voyage,0.067676,0.37575,0.269363,100,0,8,250
26590,aftermath,voyage,0.077265,0.12375,0.189462,100,0,8,250
26600,aftermath,voyage,0.088174,0,0.098553,100,0,8,251
26610,aftermath,voyage,0.099083,0,0.007644,100,0,8,251
26620,aftermath,voyage,0.1,0,0,100,0,8,251
26630,quiet,hunt,0.08,0,0,100,0,8,251
26640,quiet,hunt,0.08,0,0,100,0,9,251
26650,quiet,hunt,0.08,0,0,100,0,9,251
26660,quiet,hunt,0.08,0,0,100,0,9,251
26670,quiet,hunt,0.08,0,0,100,0,9,251
26680,opportunity,hunt,0.23,0,0,100,0,9,251
26690,opportunity,hunt,0.23,0,0,100,0,10,251
26700,recovery,hunt,0.18,0.065,0.003473,100,0,10,251
26710,recovery,hunt,0.025438,0.633,0.038019,100,0,10,251
26720,recovery,hunt,0.03,0.409,0,100,0,10,251
26730,recovery,hunt,0.03,0.245,0,100,0,11,251
26740,recovery,hunt,0.03,0,0,100,0,11,251
26750,recovery,hunt,0.03,0,0,100,0,11,251
26760,recovery,hunt,0.03,0,0,100,0,11,251
26770,recovery,hunt,0.03,0,0,100,0,11,251
26780,recovery,hunt,0.03,0,0,100,0,11,252
26790,aftermath,hunt,0.048,0,0,100,0,11,252
26800,aftermath,hunt,0.1,0,0,100,0,11,252
26810,aftermath,hunt,0.1,0,0,100,0,11,252
26820,aftermath,hunt,0.1,0,0,100,0,12,252
26830,aftermath,hunt,0.1,0,0,100,0,11,253
26840,aftermath,hunt,0.1,0,0,100,0,11,253
26850,aftermath,hunt,0.1,0,0,100,0,11,253
26860,aftermath,hunt,0.1,0,0,100,0,11,253
26870,aftermath,hunt,0.1,0,0,100,0,11,254
26880,aftermath,hunt,0.1,0,0,100,0,11,254
26890,aftermath,hunt,0.1,0,0,100,0,11,254
26900,suspended:docked,discovery,,0,0,100,0,11,254
26910,suspended:docked,discovery,,0,0,100,0,12,254
26920,suspended:docked,discovery,,0,0,100,0,12,254
26930,suspended:docked,discovery,,0,0,100,0,12,254
26940,quiet,discovery,0.08,0,0,100,0,12,254
26950,quiet,discovery,0.08,0,0,100,0,12,254
26960,quiet,discovery,0.08,0,0,100,0,13,254
26970,quiet,discovery,0.08,0,0,100,0,13,254
26980,quiet,discovery,0.08,0,0,100,0,13,254
26990,quiet,discovery,0.08,0,0,100,0,13,254
27000,quiet,discovery,0.08,0,0,100,0,14,254
27010,quiet,discovery,0.08,0,0,100,0,14,254
27020,opportunity,discovery,0.152,0,0,100,0,14,254
27030,opportunity,discovery,0.23,0,0,100,0,14,254
27040,opportunity,discovery,0.23,0,0,100,0,14,254
27050,opportunity,discovery,0.23,0,0,100,0,15,254
27060,opportunity,discovery,0.23,0,0,100,0,15,254
27070,opportunity,discovery,0.23,0,0,100,0,15,254
27080,opportunity,discovery,0.23,0,0,100,0,15,254
27090,opportunity,discovery,0.23,0,0,100,0,16,254
27100,opportunity,discovery,0.23,0,0,100,0,16,254
27110,opportunity,discovery,0.23,0,0,100,0,16,254
27120,opportunity,discovery,0.23,0,0,100,0,16,254
27130,opportunity,discovery,0.23,0,0,100,0,16,254
27140,opportunity,discovery,0.23,0,0,100,0,17,254
27150,opportunity,discovery,0.23,0,0,100,0,17,254
27160,opportunity,discovery,0.23,0,0,100,0,17,254
27170,opportunity,discovery,0.23,0,0,100,0,17,254
27180,build,discovery,0.392,0,0,100,1,17,255
27190,peak,discovery,0.572,0.414542,0.020248,100,1,17,255
27200,peak,discovery,0.7,0.430292,0.041342,100,1,16,256
27210,peak,discovery,0.7,0.438167,0.063188,100,1,16,256
27220,peak,discovery,0.7,0.430292,0.085414,100,1,16,256
27230,aftermath,discovery,0.45,0.438167,0.107684,100,1,16,257
27240,aftermath,discovery,0.08456,0.383625,0.128666,100,0,16,257
27250,aftermath,discovery,0.086227,0.299625,0.114775,100,0,16,257
27260,aftermath,discovery,0.097136,0.019625,0.023866,100,0,16,257
27270,aftermath,discovery,0.1,0,0,100,0,17,257
27280,aftermath,discovery,0.1,0,0,100,0,17,257
27290,aftermath,discovery,0.1,0,0,100,0,17,257
27300,aftermath,discovery,0.1,0,0,100,0,17,257
27310,aftermath,discovery,0.1,0,0,100,0,17,257
27320,aftermath,discovery,0.1,0,0,100,0,18,257
27330,aftermath,discovery,0.1,0,0,100,0,18,257
27340,aftermath,discovery,0.1,0,0,100,0,18,257
27350,aftermath,discovery,0.1,0,0,100,0,18,257
27360,quiet,hunt,0.08,0,0,100,0,19,257
27370,quiet,hunt,0.08,0,0,100,0,18,258
27380,quiet,hunt,0.08,0,0,100,0,18,258
27390,quiet,hunt,0.08,0,0,100,0,18,258
27400,quiet,hunt,0.08,0,0,100,0,18,258
27410,peak,hunt,0.206,0.325,0.010149,100,1,18,259
27420,peak,hunt,0.386,0.430292,0.031043,100,1,18,259
27430,peak,hunt,0.566,0.430292,0.05274,100,1,18,259
27440,peak,hunt,0.7,0.438167,0.07486,100,1,18,259
27450,peak,hunt,0.7,0.438167,0.097311,100,1,19,259
27460,peak,hunt,0.7,0.418042,0.119509,100,0,18,260
27470,peak,hunt,0.7,0.430292,0.140962,100,1,17,261
27480,peak,hunt,0.7,0.430292,0.163193,100,1,17,261
27490,aftermath,hunt,0.2,0.430292,0.185468,100,1,17,261
27500,aftermath,hunt,0.07502,0.438167,0.208165,100,1,17,262
27510,aftermath,hunt,0.072257,0.438167,0.231193,100,1,17,262
27520,aftermath,hunt,0.069617,0.383625,0.25319,100,0,17,262
27530,aftermath,hunt,0.068578,0.355625,0.261852,100,0,17,262
27540,aftermath,hunt,0.079487,0.075625,0.170943,100,0,18,262
27550,aftermath,hunt,0.090396,0,0.080034,100,0,17,263
27560,aftermath,hunt,0.1,0,0,100,0,17,263
27570,aftermath,hunt,0.1,0,0,100,0,17,263
27580,aftermath,hunt,0.1,0,0,100,0,17,263
27590,aftermath,hunt,0.1,0,0,100,0,17,264
27600,aftermath,hunt,0.1,0,0,100,0,17,264
27610,quiet,voyage,0.08,0,0,100,0,17,264
27620,quiet,voyage,0.08,0,0,100,0,17,264
27630,quiet,voyage,0.08,0,0,100,0,18,264
27640,quiet,voyage,0.08,0,0,100,0,18,264
27650,quiet,voyage,0.08,0,0,100,0,18,264
27660,quiet,voyage,0.08,0,0,100,0,18,264
27670,opportunity,voyage,0.152,0,0,100,0,18,264
27680,opportunity,voyage,0.23,0,0,100,0,19,264
27690,opportunity,voyage,0.23,0,0,100,0,19,264
27700,opportunity,voyage,0.23,0,0,100,0,19,264
27710,opportunity,voyage,0.23,0,0,100,0,19,264
27720,opportunity,voyage,0.23,0,0,100,0,20,264
27730,opportunity,voyage,0.23,0,0,100,0,20,264
27740,opportunity,voyage,0.23,0,0,100,0,20,264
27750,opportunity,voyage,0.23,0,0,100,0,20,264
27760,opportunity,voyage,0.23,0,0,100,0,20,264
27770,opportunity,voyage,0.23,0,0,100,0,20,264
27780,opportunity,voyage,0.23,0,0,100,0,20,264
27790,peak,voyage,0.392,0.414542,0.018248,100,1,19,265
27800,peak,voyage,0.572,0.430292,0.039342,100,1,19,265
27810,peak,voyage,0.692657,0.438167,0.061188,100,1,20,265
27820,peak,voyage,0.68999,0.430292,0.083414,100,1,20,265
27830,peak,voyage,0.687318,0.438167,0.105684,100,1,20,265
27840,peak,voyage,0.684768,0.383625,0.126936,100,0,20,265
27850,aftermath,voyage,0.234537,0.327625,0.12406,100,0,20,265
27860,aftermath,voyage,0.096022,0.047625,0.033151,100,0,20,265
27870,aftermath,voyage,0.1,0,0,100,0,20,265
27880,aftermath,voyage,0.1,0,0,100,0,20,265
27890,aftermath,voyage,0.1,0,0,100,0,20,265
27900,aftermath,voyage,0.1,0,0,100,0,20,265
27910,aftermath,voyage,0.1,0,0,100,0,20,265
27920,aftermath,voyage,0.1,0,0,100,0,20,265
27930,aftermath,voyage,0.1,0,0,100,0,20,265
27940,quiet,discovery,0.08,0,0,100,0,20,265
27950,quiet,discovery,0.08,0,0,100,0,20,265
27960,quiet,discovery,0.08,0,0,100,0,20,265
27970,quiet,discovery,0.08,0,0,100,0,20,265
27980,quiet,discovery,0.08,0,0,100,0,20,265
27990,quiet,discovery,0.08,0,0,100,0,20,265
28000,quiet,discovery,0.08,0,0,100,0,20,265
28010,quiet,discovery,0.08,0,0,100,0,20,265
28020,peak,discovery,0.134,0.13,0.00405,100,1,19,266
28030,peak,discovery,0.314,0.422417,0.024795,100,1,19,266
28040,peak,discovery,0.494,0.438167,0.046385,100,1,20,266
28050,peak,discovery,0.674,0.438167,0.068686,100,1,20,266
28060,peak,discovery,0.689082,0.430292,0.090987,100,1,20,266
28070,aftermath,discovery,0.338285,0.438167,0.113332,100,1,20,266
28080,aftermath,discovery,0.083981,0.37575,0.133493,100,0,20,266
28090,aftermath,discovery,0.088316,0.23575,0.097369,100,0,20,266
28100,aftermath,discovery,0.099225,0,0.00646,100,0,20,266
28110,aftermath,discovery,0.1,0,0,100,0,20,266
28120,aftermath,discovery,0.1,0,0,100,0,20,266
28130,aftermath,discovery,0.1,0,0,100,0,20,266
28140,aftermath,discovery,0.1,0,0,100,0,20,266
28150,aftermath,discovery,0.1,0,0,100,0,20,266
28160,aftermath,discovery,0.1,0,0,100,0,20,266
28170,quiet,hunt,0.08,0,0,100,0,20,266
28180,quiet,hunt,0.08,0,0,100,0,20,266
28190,quiet,hunt,0.08,0,0,100,0,20,266
28200,quiet,hunt,0.08,0,0,100,0,20,266
28210,quiet,hunt,0.08,0,0,100,0,20,266
28220,opportunity,hunt,0.134,0,0,100,0,20,266
28230,opportunity,hunt,0.23,0,0,100,0,20,266
28240,opportunity,hunt,0.23,0,0,100,0,20,266
28250,opportunity,hunt,0.23,0,0,100,0,20,266
28260,opportunity,hunt,0.23,0,0,100,0,20,266
28270,opportunity,hunt,0.23,0,0,100,0,20,266
28280,opportunity,hunt,0.23,0,0,100,0,20,266
28290,opportunity,hunt,0.23,0,0,100,0,20,266
28300,opportunity,hunt,0.23,0,0,100,0,20,266
28310,peak,hunt,0.374,0.13,0.004,100,1,19,267
28320,peak,hunt,0.554,0.422417,0.024398,100,1,19,267
28330,peak,hunt,0.7,0.430292,0.04564,100,1,19,267
28340,peak,hunt,0.7,0.438167,0.067684,100,1,19,267
28350,peak,hunt,0.7,0.438167,0.09006,100,1,20,267
28360,peak,hunt,0.7,0.430292,0.112437,100,1,20,267
28370,peak,hunt,0.7,0.383625,0.13259,100,0,19,268
28380,aftermath,hunt,0.45,0.243625,0.096677,100,0,19,268
28390,aftermath,hunt,0.099308,0,0.005768,100,0,19,268
28400,aftermath,hunt,0.1,0,0,100,0,20,268
28410,aftermath,hunt,0.1,0,0,100,0,20,268
28420,aftermath,hunt,0.1,0,0,100,0,20,268
28430,aftermath,hunt,0.1,0,0,100,0,20,268
28440,aftermath,hunt,0.1,0,0,100,0,20,268
28450,aftermath,hunt,0.1,0,0,100,0,20,268
28460,aftermath,hunt,0.1,0,0,100,0,20,268
28470,aftermath,hunt,0.1,0,0,100,0,20,268
28480,aftermath,hunt,0.1,0,0,100,0,20,268
28490,quiet,discovery,0.08,0,0,100,0,20,268
28500,quiet,discovery,0.08,0,0,100,0,20,268
28510,quiet,discovery,0.08,0,0,100,0,20,268
28520,quiet,discovery,0.08,0,0,100,0,20,268
28530,quiet,discovery,0.08,0,0,100,0,20,268
28540,quiet,discovery,0.08,0,0,100,0,20,268
28550,quiet,discovery,0.08,0,0,100,0,20,268
28560,quiet,discovery,0.08,0,0,100,0,20,268
28570,peak,discovery,0.116,0.065,0.002,100,1,19,269
28580,peak,discovery,0.296,0.422417,0.022596,100,1,19,270
28590,peak,discovery,0.476,0.438167,0.043988,100,1,19,270
28600,peak,discovery,0.656,0.430292,0.066139,100,1,19,270
28610,peak,discovery,0.7,0.438167,0.088334,100,1,19,270
28620,aftermath,discovery,0.4,0.438167,0.110859,100,1,20,270
28630,aftermath,discovery,0.084244,0.37575,0.131296,100,0,20,270
28640,aftermath,discovery,0.087263,0.26375,0.106139,100,0,20,270
28650,aftermath,discovery,0.098172,0,0.01523,100,0,20,270
28660,aftermath,discovery,0.1,0,0,100,0,20,270
28670,aftermath,discovery,0.1,0,0,100,0,20,270
28680,aftermath,discovery,0.1,0,0,100,0,20,270
28690,aftermath,discovery,0.1,0,0,100,0,20,270
28700,suspended:docked,discovery,,0,0,100,0,20,270
28710,suspended:docked,discovery,,0,0,100,0,20,270
28720,suspended:docked,discovery,,0,0,100,0,20,270
28730,suspended:docked,discovery,,0,0,100,0,20,270
28740,aftermath,discovery,0.08,0,0,100,0,20,270
28750,aftermath,discovery,0.08,0,0,100,0,20,270
28760,aftermath,discovery,0.1,0,0,100,0,20,270
28770,aftermath,discovery,0.1,0,0,100,0,20,270
28780,quiet,voyage,0.08,0,0,100,0,20,270
28790,quiet,voyage,0.08,0,0,100,0,20,270
28800,quiet,voyage,0.08,0,0,100,0,20,270
28810,quiet,voyage,0.08,0,0,100,0,20,270
28820,quiet,voyage,0.08,0,0,100,0,20,270
28830,quiet,voyage,0.08,0,0,100,0,20,270
28840,peak,voyage,0.17,0.26,0.008,100,1,19,271
28850,peak,voyage,0.35,0.422417,0.028596,100,1,20,271
28860,peak,voyage,0.53,0.438167,0.049988,100,1,20,271
28870,peak,voyage,0.7,0.430292,0.072139,100,1,20,271
28880,peak,voyage,0.7,0.438167,0.094334,100,1,20,271
28890,peak,voyage,0.7,0.438167,0.116859,100,1,20,271
28900,aftermath,voyage,0.5,0.37575,0.136459,100,0,20,271
28910,aftermath,voyage,0.090591,0.17975,0.078411,100,0,20,271
28920,aftermath,voyage,0.1,0,0,100,0,20,271
28930,aftermath,voyage,0.1,0,0,100,0,20,271
28940,aftermath,voyage,0.1,0,0,100,0,20,271
28950,aftermath,voyage,0.1,0,0,100,0,20,271
28960,aftermath,voyage,0.1,0,0,100,0,20,271
28970,aftermath,voyage,0.1,0,0,100,0,20,271
28980,aftermath,voyage,0.1,0,0,100,0,20,271
28990,aftermath,voyage,0.1,0,0,100,0,20,271
29000,aftermath,voyage,0.1,0,0,100,0,20,271
29010,aftermath,voyage,0.1,0,0,100,0,20,271
29020,quiet,discovery,0.08,0,0,100,0,20,271
29030,quiet,discovery,0.08,0,0,100,0,20,271
29040,quiet,discovery,0.08,0,0,100,0,20,271
29050,quiet,discovery,0.08,0,0,100,0,20,271
29060,quiet,discovery,0.08,0,0,100,0,20,271
29070,quiet,discovery,0.08,0,0,100,0,20,271
29080,quiet,discovery,0.08,0,0,100,0,20,271
29090,quiet,discovery,0.08,0,0,100,0,20,271
29100,opportunity,discovery,0.152,0,0,100,0,20,271
29110,opportunity,discovery,0.23,0,0,100,0,20,271
29120,opportunity,discovery,0.23,0,0,100,0,20,271
29130,opportunity,discovery,0.23,0,0,100,0,20,271
29140,opportunity,discovery,0.23,0,0,100,0,20,271
29150,opportunity,discovery,0.23,0,0,100,0,20,271
29160,opportunity,discovery,0.23,0,0,100,0,20,271
29170,opportunity,discovery,0.23,0,0,100,1,19,272
29180,peak,discovery,0.41,0.422417,0.020596,100,1,19,272
29190,peak,discovery,0.59,0.438167,0.041988,100,1,19,272
29200,peak,discovery,0.7,0.430292,0.064139,100,1,19,272
29210,peak,discovery,0.7,0.438167,0.086334,100,1,19,273
29220,aftermath,discovery,0.45,0.438167,0.108859,100,1,19,273
29230,aftermath,discovery,0.084452,0.37575,0.129569,100,0,19,273
29240,aftermath,discovery,0.086154,0.29175,0.115382,100,0,19,273
29250,aftermath,discovery,0.097063,0.01175,0.024473,100,0,20,273
29260,aftermath,discovery,0.1,0,0,100,0,19,274
29270,aftermath,discovery,0.1,0,0,100,0,19,274
29280,aftermath,discovery,0.1,0,0,100,0,19,274
29290,aftermath,discovery,0.1,0,0,100,0,19,274
29300,aftermath,discovery,0.1,0,0,100,0,20,274
29310,aftermath,discovery,0.1,0,0,100,0,20,274
29320,aftermath,discovery,0.1,0,0,100,0,20,274
29330,aftermath,discovery,0.1,0,0,100,0,20,274
29340,aftermath,discovery,0.1,0,0,100,0,20,274
29350,quiet,hunt,0.08,0,0,100,0,20,274
29360,quiet,hunt,0.08,0,0,100,0,20,274
29370,quiet,hunt,0.08,0,0,100,0,20,274
29380,quiet,hunt,0.08,0,0,100,0,20,274
29390,quiet,hunt,0.08,0,0,100,0,20,274
29400,opportunity,hunt,0.206,0,0,100,0,20,274
29410,opportunity,hunt,0.23,0,0,100,0,20,274
29420,opportunity,hunt,0.23,0,0,100,0,20,274
29430,opportunity,hunt,0.23,0,0,100,0,20,274
29440,opportunity,hunt,0.23,0,0,100,0,20,274
29450,opportunity,hunt,0.23,0,0,100,0,20,274
29460,opportunity,hunt,0.23,0,0,100,0,20,274
29470,opportunity,hunt,0.23,0,0,100,0,20,274
29480,build,hunt,0.266,0,0,100,0,20,274
29490,build,hunt,0.446,0,0,100,0,20,274
29500,build,hunt,0.56,0,0,100,0,20,274
29510,build,hunt,0.56,0,0,100,0,20,274
29520,build,hunt,0.56,0,0,100,0,20,274
29530,build,hunt,0.56,0,0,100,0,20,274
29540,build,hunt,0.56,0,0,100,0,20,274
29550,build,hunt,0.56,0,0,100,0,20,274
29560,build,hunt,0.56,0,0,100,0,20,274
29570,build,hunt,0.56,0,0,100,0,20,274
29580,build,hunt,0.56,0,0,100,1,19,275
29590,peak,hunt,0.69757,0.414542,0.020248,100,1,19,275
29600,peak,hunt,0.695039,0.430292,0.041342,100,1,19,275
29610,peak,hunt,0.692417,0.438167,0.063188,100,1,20,275
29620,peak,hunt,0.68975,0.430292,0.085414,100,1,20,275
29630,peak,hunt,0.687078,0.438167,0.107684,100,1,20,275
29640,peak,hunt,0.684524,0.438167,0.128969,100,1,19,276
29650,peak,hunt,0.681831,0.430292,0.151408,100,1,19,276
29660,aftermath,hunt,0.430491,0.438167,0.173891,100,1,19,277
29670,aftermath,hunt,0.076396,0.438167,0.196704,100,1,19,277
29680,aftermath,hunt,0.073658,0.430292,0.219518,100,1,19,277
29690,aftermath,hunt,0.070915,0.438167,0.242375,100,1,19,277
29700,aftermath,hunt,0.068401,0.37575,0.263325,100,0,20,277
29710,aftermath,hunt,0.071383,0.26375,0.238475,100,0,20,277
29720,aftermath,hunt,0.082292,0,0.147566,100,0,20,277
29730,aftermath,hunt,0.093201,0,0.056657,100,0,20,277
29740,aftermath,hunt,0.1,0,0,100,0,20,277
29750,aftermath,hunt,0.1,0,0,100,0,20,277
29760,quiet,discovery,0.08,0,0,100,0,20,277
29770,quiet,discovery,0.08,0,0,100,0,20,277
29780,quiet,discovery,0.08,0,0,100,0,20,277
29790,quiet,discovery,0.08,0,0,100,0,20,277
29800,quiet,discovery,0.08,0,0,100,0,20,277
29810,quiet,discovery,0.08,0,0,100,0,20,277
29820,quiet,discovery,0.08,0,0,100,0,20,277
29830,quiet,discovery,0.08,0,0,100,0,20,277
29840,peak,discovery,0.134,0.065,0.002,100,1,19,278
29850,peak,discovery,0.314,0.422417,0.022398,100,1,19,278
29860,peak,discovery,0.494,0.430292,0.04364,100,1,19,278
29870,peak,discovery,0.674,0.438167,0.065684,100,1,19,278
29880,peak,discovery,0.689433,0.438167,0.08806,100,1,20,278
29890,aftermath,discovery,0.388367,0.430292,0.110437,100,1,20,278
29900,aftermath,discovery,0.084296,0.383625,0.130866,100,0,20,278
29910,aftermath,discovery,0.087285,0.271625,0.105962,100,0,20,278
29920,aftermath,discovery,0.098194,0,0.015053,100,0,20,278
29930,aftermath,discovery,0.1,0,0,100,0,20,278
29940,aftermath,discovery,0.1,0,0,100,0,20,278
29950,aftermath,discovery,0.1,0,0,100,0,20,278
29960,aftermath,discovery,0.1,0,0,100,0,20,278
29970,aftermath,discovery,0.1,0,0,100,0,20,278
29980,aftermath,discovery,0.1,0,0,100,0,20,278
29990,quiet,voyage,0.08,0,0,100,0,20,278
30000,quiet,voyage,0.08,0,0,100,0,20,278
30010,quiet,voyage,0.08,0,0,100,0,20,278
30020,quiet,voyage,0.08,0,0,100,0,20,278
30030,quiet,voyage,0.08,0,0,100,0,20,278
30040,quiet,voyage,0.08,0,0,100,0,20,278
30050,quiet,voyage,0.08,0,0,100,0,20,278
30060,opportunity,voyage,0.206,0,0,100,0,20,278
30070,opportunity,voyage,0.23,0,0,100,0,20,278
30080,opportunity,voyage,0.23,0,0,100,0,20,278
30090,opportunity,voyage,0.23,0,0,100,0,20,278
30100,opportunity,voyage,0.23,0,0,100,0,20,278
30110,opportunity,voyage,0.23,0,0,100,0,20,278
30120,opportunity,voyage,0.23,0,0,100,0,20,278
30130,opportunity,voyage,0.23,0,0,100,0,20,278
30140,opportunity,voyage,0.23,0,0,100,0,20,278
30150,opportunity,voyage,0.23,0,0,100,0,20,278
30160,opportunity,voyage,0.23,0,0,100,0,20,278
30170,build,voyage,0.266,0,0,100,0,20,278
30180,build,voyage,0.446,0,0,100,0,20,278
30190,peak,voyage,0.626,0.414542,0.016248,100,1,19,279
30200,peak,voyage,0.7,0.430292,0.037342,100,1,20,279
30210,peak,voyage,0.7,0.438167,0.059188,100,1,20,279
30220,peak,voyage,0.7,0.430292,0.081414,100,1,20,279
30230,peak,voyage,0.7,0.438167,0.103684,100,1,20,279
30240,peak,voyage,0.7,0.383625,0.125202,100,1,19,280
30250,aftermath,voyage,0.3,0.422417,0.147177,100,1,19,280
30260,aftermath,voyage,0.079697,0.430292,0.169195,100,1,19,280
30270,aftermath,voyage,0.07701,0.438167,0.191586,100,1,19,280
30280,aftermath,voyage,0.074277,0.430292,0.214357,100,1,19,280
30290,aftermath,voyage,0.071539,0.438167,0.237172,100,1,20,280
30300,recovery,voyage,0.02,0.464375,0.260422,100,0,20,280
30310,recovery,voyage,0.02,0.640875,0.297175,100,0,20,280
30320,recovery,voyage,0.02,0.416875,0.231607,100,0,20,280
30330,recovery,voyage,0.02,0.245,0.140698,100,0,20,280
30340,recovery,voyage,0.024025,0,0.049789,100,0,20,280
30350,recovery,voyage,0.03,0,0,100,0,20,280
30360,recovery,voyage,0.03,0,0,100,0,20,280
30370,recovery,voyage,0.03,0,0,100,0,20,280
30380,recovery,voyage,0.03,0,0,100,0,20,280
30390,aftermath,voyage,0.048,0,0,100,0,20,280
30400,aftermath,voyage,0.1,0,0,100,0,20,280
30410,aftermath,voyage,0.1,0,0,100,0,20,280
30420,aftermath,voyage,0.1,0,0,100,0,20,280
30430,aftermath,voyage,0.1,0,0,100,0,20,280
30440,aftermath,voyage,0.1,0,0,100,0,20,280
30450,aftermath,voyage,0.1,0,0,100,0,20,280
30460,aftermath,voyage,0.1,0,0,100,0,20,280
30470,aftermath,voyage,0.1,0,0,100,0,20,280
30480,aftermath,voyage,0.1,0,0,100,0,20,280
30490,quiet,hunt,0.08,0,0,100,0,20,280
30500,suspended:docked,hunt,,0,0,100,0,20,280
30510,suspended:docked,hunt,,0,0,100,0,20,280
30520,suspended:docked,hunt,,0,0,100,0,20,280
30530,suspended:docked,hunt,,0,0,100,0,20,280
30540,quiet,hunt,0.08,0,0,100,0,20,280
30550,quiet,hunt,0.08,0,0,100,0,20,280
30560,quiet,hunt,0.08,0,0,100,0,20,280
30570,quiet,hunt,0.08,0,0,100,0,20,280
30580,peak,hunt,0.152,0.13,0.004,100,1,19,281
30590,peak,hunt,0.332,0.422417,0.024596,100,1,19,281
30600,peak,hunt,0.512,0.438167,0.045988,100,1,20,281
30610,peak,hunt,0.692,0.430292,0.068139,100,1,20,281
30620,peak,hunt,0.7,0.438167,0.090334,100,1,20,281
30630,peak,hunt,0.7,0.438167,0.112859,100,1,20,281
30640,peak,hunt,0.7,0.37575,0.13302,100,0,20,281
30650,aftermath,hunt,0.45,0.23575,0.096897,100,0,20,281
30660,aftermath,hunt,0.099282,0,0.005987,100,0,20,281
30670,aftermath,hunt,0.1,0,0,100,0,20,281
30680,aftermath,hunt,0.1,0,0,100,0,20,281
30690,aftermath,hunt,0.1,0,0,100,0,20,281
30700,aftermath,hunt,0.1,0,0,100,0,20,281
30710,aftermath,hunt,0.1,0,0,100,0,20,281
30720,aftermath,hunt,0.1,0,0,100,0,20,281
30730,aftermath,hunt,0.1,0,0,100,0,20,281
30740,aftermath,hunt,0.1,0,0,100,0,20,281
30750,aftermath,hunt,0.1,0,0,100,0,20,281
30760,quiet,discovery,0.08,0,0,100,0,20,281
30770,quiet,discovery,0.08,0,0,100,0,20,281
30780,quiet,discovery,0.08,0,0,100,0,20,281
30790,quiet,discovery,0.08,0,0,100,0,20,281
30800,quiet,discovery,0.08,0,0,100,0,20,281
30810,quiet,discovery,0.08,0,0,100,0,20,281
30820,quiet,discovery,0.08,0,0,100,0,20,281
30830,quiet,discovery,0.08,0,0,100,0,20,281
30840,opportunity,discovery,0.116,0,0,100,0,20,281
30850,peak,discovery,0.296,0.414542,0.016248,100,1,19,282
30860,peak,discovery,0.476,0.430292,0.037342,100,1,19,282
30870,peak,discovery,0.656,0.438167,0.059188,100,1,20,282
30880,peak,discovery,0.7,0.430292,0.081414,100,1,19,283
30890,aftermath,discovery,0.55,0.438167,0.103684,100,1,19,283
30900,aftermath,discovery,0.084976,0.383625,0.125202,100,0,19,283
30910,aftermath,discovery,0.083999,0.355625,0.133345,100,0,19,283
30920,aftermath,discovery,0.094908,0.075625,0.042435,100,0,20,283
30930,aftermath,discovery,0.1,0,0,100,0,20,283
30940,aftermath,discovery,0.1,0,0,100,0,20,283
30950,aftermath,discovery,0.1,0,0,100,0,20,283
30960,aftermath,discovery,0.1,0,0,100,0,20,283
30970,aftermath,discovery,0.1,0,0,100,0,20,283
30980,aftermath,discovery,0.1,0,0,100,0,20,283
30990,aftermath,discovery,0.1,0,0,100,0,20,283
31000,aftermath,discovery,0.1,0,0,100,0,20,283
31010,aftermath,discovery,0.1,0,0,100,0,20,283
31020,quiet,hunt,0.08,0,0,100,0,20,283
31030,quiet,hunt,0.08,0,0,100,0,20,283
31040,quiet,hunt,0.08,0,0,100,0,20,283
31050,quiet,hunt,0.08,0,0,100,0,20,283
31060,quiet,hunt,0.08,0,0,100,0,20,283
31070,opportunity,hunt,0.17,0,0,100,0,20,283
31080,opportunity,hunt,0.23,0,0,100,0,20,283
31090,opportunity,hunt,0.23,0,0,100,0,20,283
31100,opportunity,hunt,0.23,0,0,100,0,20,283
31110,opportunity,hunt,0.23,0,0,100,0,20,283
31120,opportunity,hunt,0.23,0,0,100,0,20,283
31130,opportunity,hunt,0.23,0,0,100,0,20,283
31140,opportunity,hunt,0.23,0,0,100,0,20,283
31150,opportunity,hunt,0.23,0,0,100,0,20,283
31160,peak,hunt,0.41,0.414542,0.016149,100,1,19,284
31170,peak,hunt,0.59,0.430292,0.037043,100,1,19,284
31180,peak,hunt,0.7,0.430292,0.05874,100,1,19,284
31190,peak,hunt,0.7,0.438167,0.08086,100,1,20,284
31200,peak,hunt,0.7,0.438167,0.103311,100,1,20,284
31210,peak,hunt,0.7,0.430292,0.125239,100,1,19,285
31220,peak,hunt,0.7,0.438167,0.147669,100,1,19,285
31230,aftermath,hunt,0.55,0.438167,0.17043,100,1,20,285
31240,aftermath,hunt,0.076817,0.430292,0.193191,100,1,19,286
31250,aftermath,hunt,0.07408,0.438167,0.215996,100,1,19,286
31260,aftermath,hunt,0.071304,0.438167,0.239132,100,1,19,286
31270,aftermath,hunt,0.068812,0.37575,0.259903,100,0,19,286
31280,aftermath,hunt,0.07311,0.23575,0.224084,100,0,20,286
31290,aftermath,hunt,0.084019,0,0.133175,100,0,20,286
31300,aftermath,hunt,0.094928,0,0.042266,100,0,20,286
31310,aftermath,hunt,0.1,0,0,100,0,20,286
31320,aftermath,hunt,0.1,0,0,100,0,20,286
31330,aftermath,hunt,0.1,0,0,100,0,20,286
31340,aftermath,hunt,0.1,0,0,100,0,20,286
31350,quiet,voyage,0.08,0,0,100,0,20,286
31360,quiet,voyage,0.08,0,0,100,0,20,286
31370,quiet,voyage,0.08,0,0,100,0,20,286
31380,quiet,voyage,0.08,0,0,100,0,20,286
31390,quiet,voyage,0.08,0,0,100,0,20,286
31400,quiet,voyage,0.08,0,0,100,0,20,286
31410,quiet,voyage,0.08,0,0,100,0,20,286
31420,opportunity,voyage,0.206,0,0,100,0,20,286
31430,opportunity,voyage,0.23,0,0,100,0,20,286
31440,opportunity,voyage,0.23,0,0,100,0,20,286
31450,peak,voyage,0.356,0.414542,0.014248,100,1,19,287
31460,peak,voyage,0.536,0.430292,0.035342,100,1,20,287
31470,peak,voyage,0.693138,0.438167,0.057187,100,1,20,287
31480,peak,voyage,0.69047,0.430292,0.079414,100,1,20,287
31490,peak,voyage,0.687798,0.438167,0.101684,100,1,20,287
31500,peak,voyage,0.685184,0.383625,0.123465,100,0,20,287
31510,aftermath,voyage,0.33449,0.367875,0.142545,100,0,20,287
31520,aftermath,voyage,0.093804,0.087875,0.051636,100,0,20,287
31530,aftermath,voyage,0.1,0,0,100,0,20,287
31540,aftermath,voyage,0.1,0,0,100,0,20,287
31550,aftermath,voyage,0.1,0,0,100,0,20,287
31560,aftermath,voyage,0.1,0,0,100,0,20,287
31570,aftermath,voyage,0.1,0,0,100,0,20,287
31580,aftermath,voyage,0.1,0,0,100,0,20,287
31590,aftermath,voyage,0.1,0,0,100,0,20,287
31600,quiet,discovery,0.08,0,0,100,0,20,287
31610,quiet,discovery,0.08,0,0,100,0,20,287
31620,quiet,discovery,0.08,0,0,100,0,20,287
31630,quiet,discovery,0.08,0,0,100,0,20,287
31640,quiet,discovery,0.08,0,0,100,0,20,287
31650,quiet,discovery,0.08,0,0,100,0,20,287
31660,quiet,discovery,0.08,0,0,100,0,20,287
31670,quiet,discovery,0.08,0,0,100,0,20,287
31680,opportunity,discovery,0.098,0,0,100,0,20,287
31690,opportunity,discovery,0.23,0,0,100,0,20,287
31700,opportunity,discovery,0.23,0,0,100,0,20,287
31710,opportunity,discovery,0.23,0,0,100,0,20,287
31720,opportunity,discovery,0.23,0,0,100,0,20,287
31730,opportunity,discovery,0.23,0,0,100,0,20,287
31740,opportunity,discovery,0.23,0,0,100,0,20,287
31750,opportunity,discovery,0.23,0,0,100,0,20,287
31760,opportunity,discovery,0.23,0,0,100,0,20,287
31770,opportunity,discovery,0.23,0,0,100,0,20,287
31780,opportunity,discovery,0.23,0,0,100,0,20,287
31790,opportunity,discovery,0.23,0,0,100,0,20,287
31800,opportunity,discovery,0.23,0,0,100,0,0,287
31810,opportunity,discovery,0.23,0,0,100,0,0,287
31820,opportunity,discovery,0.23,0,0,100,0,0,287
31830,opportunity,discovery,0.23,0,0,100,0,0,287
31840,build,discovery,0.338,0,0,100,0,0,287
31850,build,discovery,0.518,0,0,100,0,0,287
31860,build,discovery,0.56,0,0,100,0,0,287
31870,build,discovery,0.56,0,0,100,0,0,287
31880,build,discovery,0.578,0,0,100,0,0,287
31890,build,discovery,0.585,0,0,100,0,0,287
31900,build,discovery,0.585,0,0,100,0,0,287
31910,build,discovery,0.585,0,0,100,0,0,287
31920,opportunity,discovery,0.535,0,0,100,0,0,287
31930,opportunity,discovery,0.23,0,0,100,0,0,287
31940,opportunity,discovery,0.23,0,0,100,0,0,287
31950,opportunity,discovery,0.23,0,0,100,0,0,287
31960,opportunity,discovery,0.23,0,0,100,0,0,287
31970,opportunity,discovery,0.23,0,0,100,0,0,287
31980,opportunity,discovery,0.23,0,0,100,0,0,287
31990,opportunity,discovery,0.23,0,0,100,0,0,287
32000,opportunity,discovery,0.23,0,0,100,0,0,287
32010,opportunity,discovery,0.23,0,0,100,0,0,287
32020,opportunity,discovery,0.23,0,0,100,0,0,287
32030,opportunity,discovery,0.23,0,0,100,0,0,287
32040,opportunity,discovery,0.23,0,0,100,0,0,287
32050,opportunity,discovery,0.23,0,0,100,0,0,287
32060,opportunity,discovery,0.23,0,0,100,0,0,287
32070,opportunity,discovery,0.23,0,0,100,0,0,287
32080,build,discovery,0.338,0,0,100,0,0,287
32090,build,discovery,0.518,0,0,100,0,0,287
32100,build,discovery,0.585,0,0,100,0,0,287
32110,build,discovery,0.585,0,0,100,0,0,287
32120,build,discovery,0.585,0,0,100,0,0,287
32130,build,discovery,0.585,0,0,100,0,0,287
32140,build,discovery,0.585,0,0,100,0,0,287
32150,build,discovery,0.585,0,0,100,0,0,287
32160,build,discovery,0.585,0,0,100,0,0,287
32170,aftermath,discovery,0.535,0,0,100,0,0,287
32180,aftermath,discovery,0.1,0,0,100,0,0,288
32190,aftermath,discovery,0.1,0,0,100,0,0,288
32200,aftermath,discovery,0.1,0,0,100,0,0,288
32210,aftermath,discovery,0.1,0,0,100,0,0,288
32220,aftermath,discovery,0.1,0,0,100,0,1,288
32230,aftermath,discovery,0.1,0,0,100,0,0,289
32240,aftermath,discovery,0.1,0,0,100,0,0,289
32250,aftermath,discovery,0.1,0,0,100,0,0,289
32260,aftermath,discovery,0.1,0,0,100,0,0,289
32270,aftermath,discovery,0.1,0,0,100,0,1,289
32280,aftermath,discovery,0.1,0,0,100,0,1,289
32290,quiet,hunt,0.08,0,0,100,0,1,289
32300,suspended:docked,hunt,,0,0,100,0,1,289
32310,suspended:docked,hunt,,0,0,100,0,2,289
32320,suspended:docked,hunt,,0,0,100,0,2,289
32330,suspended:docked,hunt,,0,0,100,0,2,289
32340,quiet,hunt,0.08,0,0,100,0,2,289
32350,quiet,hunt,0.08,0,0,100,0,2,289
32360,quiet,hunt,0.08,0,0,100,0,2,290
32370,quiet,hunt,0.08,0,0,100,0,2,290
32380,peak,hunt,0.242,0.414542,0.016248,100,1,1,291
32390,peak,hunt,0.422,0.430292,0.037342,100,1,1,291
32400,peak,hunt,0.602,0.438167,0.059188,100,1,2,291
32410,peak,hunt,0.7,0.430292,0.081414,100,1,1,292
32420,peak,hunt,0.7,0.438167,0.103684,100,1,1,292
32430,peak,hunt,0.7,0.383625,0.125202,100,0,1,292
32440,aftermath,hunt,0.65,0.355625,0.133345,100,0,1,292
32450,aftermath,hunt,0.15,0.075625,0.042435,100,0,2,292
32460,aftermath,hunt,0.1,0,0,100,0,2,292
32470,aftermath,hunt,0.1,0,0,100,0,2,292
32480,aftermath,hunt,0.1,0,0,100,0,2,292
32490,aftermath,hunt,0.1,0,0,100,0,3,292
32500,aftermath,hunt,0.1,0,0,100,0,3,292
32510,aftermath,hunt,0.1,0,0,100,0,3,292
32520,aftermath,hunt,0.1,0,0,100,0,3,292
32530,aftermath,hunt,0.1,0,0,100,0,3,292
32540,aftermath,hunt,0.1,0,0,100,0,4,292
32550,quiet,discovery,0.08,0,0,100,0,4,292
32560,quiet,discovery,0.08,0,0,100,0,4,292
32570,quiet,discovery,0.08,0,0,100,0,4,292
32580,quiet,discovery,0.08,0,0,100,0,5,292
32590,quiet,discovery,0.08,0,0,100,0,5,292
32600,quiet,discovery,0.08,0,0,100,0,5,292
32610,quiet,discovery,0.08,0,0,100,0,5,292
32620,quiet,discovery,0.08,0,0,100,0,5,292
32630,quiet,discovery,0.08,0,0,100,0,6,292
32640,peak,discovery,0.224,0.065,0.00205,100,1,5,293
32650,peak,discovery,0.404,0.422417,0.022795,100,1,5,293
32660,peak,discovery,0.584,0.438167,0.044385,100,1,5,293
32670,peak,discovery,0.7,0.438167,0.066686,100,1,6,293
32680,peak,discovery,0.7,0.430292,0.088987,100,1,5,294
32690,aftermath,discovery,0.4,0.438167,0.111332,100,1,5,294
32700,aftermath,discovery,0.084188,0.37575,0.131769,100,0,5,294
32710,aftermath,discovery,0.087207,0.26375,0.106612,100,0,5,294
32720,aftermath,discovery,0.098116,0,0.015703,100,0,5,295
32730,aftermath,discovery,0.1,0,0,100,0,5,295
32740,aftermath,discovery,0.1,0,0,100,0,5,295
32750,aftermath,discovery,0.1,0,0,100,0,5,295
32760,aftermath,discovery,0.1,0,0,100,0,6,295
32770,aftermath,discovery,0.1,0,0,100,0,6,295
32780,aftermath,discovery,0.1,0,0,100,0,6,295
32790,aftermath,discovery,0.1,0,0,100,0,6,295
32800,aftermath,discovery,0.1,0,0,100,0,6,295
32810,aftermath,discovery,0.1,0,0,100,0,7,295
32820,quiet,voyage,0.08,0,0,100,0,7,295
32830,quiet,voyage,0.08,0,0,100,0,7,295
32840,quiet,voyage,0.08,0,0,100,0,7,295
32850,quiet,voyage,0.08,0,0,100,0,8,295
32860,quiet,voyage,0.08,0,0,100,0,8,295
32870,quiet,voyage,0.08,0,0,100,0,8,295
32880,opportunity,voyage,0.116,0,0,100,0,8,295
32890,opportunity,voyage,0.23,0,0,100,0,8,295
32900,opportunity,voyage,0.23,0,0,100,0,8,296
32910,opportunity,voyage,0.23,0,0,100,0,8,296
32920,opportunity,voyage,0.23,0,0,100,0,8,296
32930,opportunity,voyage,0.23,0,0,100,0,8,296
32940,opportunity,voyage,0.23,0,0,100,0,9,296
32950,opportunity,voyage,0.23,0,0,100,0,8,297
32960,opportunity,voyage,0.23,0,0,100,0,8,297
32970,opportunity,voyage,0.23,0,0,100,0,8,297
32980,peak,voyage,0.356,0.414542,0.014248,100,1,7,298
32990,peak,voyage,0.536,0.430292,0.035342,100,1,8,298
33000,peak,voyage,0.7,0.438167,0.057187,100,1,8,298
33010,peak,voyage,0.7,0.430292,0.079414,100,1,8,298
33020,peak,voyage,0.7,0.438167,0.101684,100,1,8,298
33030,peak,voyage,0.7,0.383625,0.123465,100,0,9,298
33040,aftermath,voyage,0.35,0.422417,0.144911,100,1,8,299
33050,aftermath,voyage,0.079972,0.430292,0.166896,100,1,8,299
33060,aftermath,voyage,0.077289,0.438167,0.189254,100,1,8,299
33070,aftermath,voyage,0.074561,0.430292,0.211993,100,1,8,299
33080,aftermath,voyage,0.071827,0.438167,0.234776,100,1,9,299
33090,aftermath,voyage,0.069183,0.383625,0.256807,100,0,9,299
33100,aftermath,voyage,0.068151,0.355625,0.26541,100,0,9,299
33110,aftermath,voyage,0.07906,0.075625,0.174501,100,0,9,299
33120,aftermath,voyage,0.089969,0,0.083592,100,0,10,299
33130,aftermath,voyage,0.1,0,0,100,0,10,299
33140,aftermath,voyage,0.1,0,0,100,0,10,299
33150,quiet,hunt,0.08,0,0,100,0,10,299
33160,quiet,hunt,0.08,0,0,100,0,10,299
33170,quiet,hunt,0.08,0,0,100,0,10,300
33180,quiet,hunt,0.08,0,0,100,0,10,300
33190,quiet,hunt,0.08,0,0,100,0,10,300
33200,opportunity,hunt,0.116,0,0,100,0,10,300
33210,opportunity,hunt,0.23,0,0,100,0,11,300
33220,opportunity,hunt,0.23,0,0,100,0,11,300
33230,opportunity,hunt,0.23,0,0,100,0,11,300
33240,opportunity,hunt,0.23,0,0,100,1,10,301
33250,peak,hunt,0.41,0.414542,0.020248,100,1,10,301
33260,peak,hunt,0.59,0.430292,0.041342,100,1,10,302
33270,peak,hunt,0.692417,0.438167,0.063188,100,1,10,302
33280,peak,hunt,0.68975,0.430292,0.085414,100,1,10,302
33290,peak,hunt,0.687078,0.438167,0.107684,100,1,10,302
33300,peak,hunt,0.68456,0.383625,0.128666,100,0,11,302
33310,aftermath,hunt,0.532954,0.299625,0.114775,100,0,11,302
33320,aftermath,hunt,0.097136,0.019625,0.023866,100,0,11,302
33330,aftermath,hunt,0.1,0,0,100,0,11,302
33340,aftermath,hunt,0.1,0,0,100,0,11,302
33350,aftermath,hunt,0.1,0,0,100,0,11,303
33360,aftermath,hunt,0.1,0,0,100,0,11,303
33370,aftermath,hunt,0.1,0,0,100,0,11,303
33380,aftermath,hunt,0.1,0,0,100,0,11,303
33390,aftermath,hunt,0.1,0,0,100,0,12,303
33400,aftermath,hunt,0.1,0,0,100,0,12,303
33410,quiet,discovery,0.08,0,0,100,0,12,303
33420,quiet,discovery,0.08,0,0,100,0,12,303
33430,quiet,discovery,0.08,0,0,100,0,12,303
33440,quiet,discovery,0.08,0,0,100,0,12,304
33450,quiet,discovery,0.08,0,0,100,0,12,304
33460,quiet,discovery,0.08,0,0,100,0,12,304
33470,quiet,discovery,0.08,0,0,100,0,12,304
33480,quiet,discovery,0.08,0,0,100,0,13,304
33490,opportunity,discovery,0.116,0,0,100,0,12,305
33500,opportunity,discovery,0.23,0,0,100,0,12,305
33510,opportunity,discovery,0.23,0,0,100,0,12,305
33520,opportunity,discovery,0.23,0,0,100,0,12,305
33530,opportunity,discovery,0.23,0,0,100,0,13,305
33540,opportunity,discovery,0.23,0,0,100,0,13,305
33550,opportunity,discovery,0.23,0,0,100,0,13,305
33560,opportunity,discovery,0.23,0,0,100,0,13,305
33570,opportunity,discovery,0.23,0,0,100,0,14,305
33580,peak,discovery,0.32,0.325,0.010248,100,1,12,307
33590,peak,discovery,0.5,0.430292,0.031342,100,1,12,307
33600,peak,discovery,0.68,0.438167,0.053188,100,1,12,307
33610,peak,discovery,0.69095,0.430292,0.075414,100,1,12,307
33620,peak,discovery,0.688278,0.438167,0.097684,100,1,13,307
33630,aftermath,discovery,0.188278,0.418042,0.119981,100,0,13,307
33640,aftermath,discovery,0.083305,0.367875,0.139126,100,0,13,307
33650,aftermath,discovery,0.091596,0.143875,0.070037,100,0,13,307
33660,aftermath,discovery,0.1,0,0,100,0,14,307
33670,aftermath,discovery,0.1,0,0,100,0,14,307
33680,aftermath,discovery,0.1,0,0,100,0,14,307
33690,aftermath,discovery,0.1,0,0,100,0,14,307
33700,aftermath,discovery,0.1,0,0,100,0,14,307
33710,aftermath,discovery,0.1,0,0,100,0,15,307
33720,aftermath,discovery,0.1,0,0,100,0,15,307
33730,quiet,hunt,0.08,0,0,100,0,15,307
33740,quiet,hunt,0.08,0,0,100,0,15,307
33750,quiet,hunt,0.08,0,0,100,0,16,307
33760,quiet,hunt,0.08,0,0,100,0,16,307
33770,quiet,hunt,0.08,0,0,100,0,16,307
33780,opportunity,hunt,0.188,0,0,100,0,16,307
33790,opportunity,hunt,0.23,0,0,100,0,16,307
33800,opportunity,hunt,0.23,0,0,100,0,17,307
33810,opportunity,hunt,0.23,0,0,100,0,16,308
33820,opportunity,hunt,0.23,0,0,100,0,16,308
33830,opportunity,hunt,0.23,0,0,100,0,16,308
33840,opportunity,hunt,0.23,0,0,100,0,17,308
33850,peak,hunt,0.392,0.414542,0.018248,100,1,16,309
33860,peak,hunt,0.572,0.430292,0.039342,100,1,16,309
33870,peak,hunt,0.7,0.438167,0.061188,100,1,15,310
33880,peak,hunt,0.7,0.430292,0.083414,100,1,15,310
33890,peak,hunt,0.7,0.438167,0.105684,100,1,15,311
33900,recovery,hunt,0.65,0.511042,0.129741,100,1,14,312
33910,recovery,hunt,0.15,0.703292,0.169535,100,1,14,312
33920,recovery,hunt,0.02,0.711167,0.209372,100,1,14,312
33930,recovery,hunt,0.02,0.691042,0.248078,100,1,15,312
33940,recovery,hunt,0.02,0.430292,0.273622,100,1,14,313
33950,recovery,hunt,0.02,0.438167,0.299209,100,1,14,313
33960,recovery,hunt,0.02,0.37575,0.322051,100,0,14,313
33970,recovery,hunt,0.02,0.17975,0.264976,100,0,14,313
33980,recovery,hunt,0.02,0,0.174067,100,0,15,313
33990,aftermath,hunt,0.038,0,0.083157,100,0,15,313
34000,aftermath,hunt,0.1,0,0,100,0,15,313
34010,aftermath,hunt,0.1,0,0,100,0,15,313
34020,aftermath,hunt,0.1,0,0,100,0,16,313
34030,aftermath,hunt,0.1,0,0,100,0,16,313
34040,aftermath,hunt,0.1,0,0,100,0,16,313
34050,aftermath,hunt,0.1,0,0,100,0,16,313
34060,aftermath,hunt,0.1,0,0,100,0,16,313
34070,aftermath,hunt,0.1,0,0,100,0,17,313
34080,aftermath,hunt,0.1,0,0,100,0,17,313
34090,aftermath,hunt,0.1,0,0,100,0,17,313
34100,suspended:docked,voyage,,0,0,100,0,17,313
34110,suspended:docked,voyage,,0,0,100,0,18,313
34120,suspended:docked,voyage,,0,0,100,0,18,313
34130,suspended:docked,voyage,,0,0,100,0,18,313
34140,quiet,voyage,0.08,0,0,100,0,18,313
34150,quiet,voyage,0.08,0,0,100,0,18,313
34160,quiet,voyage,0.08,0,0,100,0,19,313
34170,quiet,voyage,0.08,0,0,100,0,19,313
34180,quiet,voyage,0.08,0,0,100,0,19,313
34190,quiet,voyage,0.08,0,0,100,0,19,313
34200,quiet,voyage,0.08,0,0,100,0,20,313
34210,opportunity,voyage,0.23,0,0,100,0,20,313
34220,opportunity,voyage,0.23,0,0,100,0,20,313
34230,opportunity,voyage,0.23,0,0,100,0,20,313
34240,opportunity,voyage,0.23,0,0,100,0,20,313
34250,opportunity,voyage,0.23,0,0,100,0,20,313
34260,opportunity,voyage,0.23,0,0,100,0,20,313
34270,opportunity,voyage,0.23,0,0,100,0,20,313
34280,opportunity,voyage,0.23,0,0,100,0,20,313
34290,opportunity,voyage,0.23,0,0,100,0,20,313
34300,opportunity,voyage,0.23,0,0,100,0,20,313
34310,opportunity,voyage,0.23,0,0,100,0,20,313
34320,build,voyage,0.32,0,0,100,0,20,313
34330,build,voyage,0.5,0,0,100,0,20,313
34340,build,voyage,0.585,0,0,100,0,20,313
34350,build,voyage,0.585,0,0,100,0,20,313
34360,build,voyage,0.603,0,0,100,0,20,313
34370,build,voyage,0.61,0,0,100,0,20,313
34380,build,voyage,0.61,0,0,100,1,19,314
34390,peak,voyage,0.7,0.414542,0.020248,100,1,19,314
34400,peak,voyage,0.7,0.430292,0.041342,100,1,19,314
34410,peak,voyage,0.7,0.438167,0.063188,100,1,19,314
34420,peak,voyage,0.7,0.430292,0.085414,100,1,19,314
34430,peak,voyage,0.7,0.438167,0.107684,100,1,20,314
34440,peak,voyage,0.7,0.383625,0.128666,100,0,20,314
34450,aftermath,voyage,0.2,0.299625,0.114775,100,0,20,314
34460,aftermath,voyage,0.097136,0.019625,0.023866,100,0,20,314
34470,aftermath,voyage,0.1,0,0,100,0,20,314
34480,aftermath,voyage,0.1,0,0,100,0,20,314
34490,aftermath,voyage,0.1,0,0,100,0,20,314
34500,aftermath,voyage,0.1,0,0,100,0,20,314
34510,aftermath,voyage,0.1,0,0,100,0,20,314
34520,aftermath,voyage,0.1,0,0,100,0,20,314
34530,aftermath,voyage,0.1,0,0,100,0,20,314
34540,aftermath,voyage,0.1,0,0,100,0,20,314
34550,aftermath,voyage,0.1,0,0,100,0,20,314
34560,quiet,discovery,0.08,0,0,100,0,20,314
34570,quiet,discovery,0.08,0,0,100,0,20,314
34580,quiet,discovery,0.08,0,0,100,0,20,314
34590,quiet,discovery,0.08,0,0,100,0,20,314
34600,quiet,discovery,0.08,0,0,100,0,20,314
34610,quiet,discovery,0.08,0,0,100,0,20,314
34620,quiet,discovery,0.08,0,0,100,0,20,314
34630,quiet,discovery,0.08,0,0,100,0,20,314
34640,quiet,discovery,0.08,0,0,100,0,20,314
34650,peak,discovery,0.26,0.422417,0.018397,100,1,20,315
34660,peak,discovery,0.44,0.430292,0.03964,100,1,20,315
34670,peak,discovery,0.62,0.438167,0.061684,100,1,20,315
34680,peak,discovery,0.7,0.438167,0.08406,100,1,20,315
34690,aftermath,discovery,0.5,0.430292,0.106437,100,1,20,315
34700,aftermath,discovery,0.084711,0.383625,0.127408,100,0,20,315
34710,aftermath,discovery,0.085056,0.327625,0.124532,100,0,20,315
34720,aftermath,discovery,0.095965,0.047625,0.033623,100,0,20,315
34730,aftermath,discovery,0.1,0,0,100,0,20,315
34740,aftermath,discovery,0.1,0,0,100,0,20,315
34750,aftermath,discovery,0.1,0,0,100,0,20,315
34760,aftermath,discovery,0.1,0,0,100,0,20,315
34770,aftermath,discovery,0.1,0,0,100,0,20,315
34780,aftermath,discovery,0.1,0,0,100,0,20,315
34790,aftermath,discovery,0.1,0,0,100,0,20,315
34800,aftermath,discovery,0.1,0,0,100,0,20,315
34810,aftermath,discovery,0.1,0,0,100,0,20,315
34820,quiet,hunt,0.08,0,0,100,0,20,315
34830,quiet,hunt,0.08,0,0,100,0,20,315
34840,quiet,hunt,0.08,0,0,100,0,20,315
34850,quiet,hunt,0.08,0,0,100,0,20,315
34860,quiet,hunt,0.08,0,0,100,0,20,315
34870,opportunity,hunt,0.188,0,0,100,0,20,315
34880,opportunity,hunt,0.23,0,0,100,0,20,315
34890,opportunity,hunt,0.23,0,0,100,0,20,315
34900,opportunity,hunt,0.23,0,0,100,0,20,315
34910,opportunity,hunt,0.23,0,0,100,0,20,315
34920,opportunity,hunt,0.23,0,0,100,0,20,315
34930,opportunity,hunt,0.23,0,0,100,0,20,315
34940,opportunity,hunt,0.23,0,0,100,0,20,315
34950,build,hunt,0.248,0,0,100,0,20,315
34960,peak,hunt,0.428,0.39,0.012248,100,1,19,316
34970,peak,hunt,0.608,0.430292,0.033342,100,1,20,316
34980,peak,hunt,0.693378,0.438167,0.055187,100,1,19,317
34990,peak,hunt,0.69071,0.430292,0.077414,100,1,19,317
35000,peak,hunt,0.688038,0.438167,0.099684,100,1,19,317
35010,peak,hunt,0.685357,0.438167,0.122028,100,1,19,318
35020,peak,hunt,0.682648,0.430292,0.144597,100,1,19,318
35030,aftermath,hunt,0.630206,0.438167,0.167209,100,1,19,318
35040,aftermath,hunt,0.130206,0.438167,0.190152,100,1,19,318
35050,aftermath,hunt,0.074428,0.430292,0.213096,100,1,19,318
35060,aftermath,hunt,0.07167,0.438167,0.236083,100,1,20,318
35070,aftermath,hunt,0.06914,0.37575,0.257163,100,0,20,318
35080,aftermath,hunt,0.072113,0.26375,0.232391,100,0,20,318
35090,aftermath,hunt,0.083022,0,0.141482,100,0,20,318
35100,aftermath,hunt,0.093931,0,0.050573,100,0,20,318
35110,aftermath,hunt,0.1,0,0,100,0,20,318
35120,aftermath,hunt,0.1,0,0,100,0,20,318
35130,quiet,discovery,0.08,0,0,100,0,20,318
35140,quiet,discovery,0.08,0,0,100,0,20,318
35150,quiet,discovery,0.08,0,0,100,0,20,318
35160,quiet,discovery,0.08,0,0,100,0,20,318
35170,quiet,discovery,0.08,0,0,100,0,20,318
35180,quiet,discovery,0.08,0,0,100,0,20,318
35190,quiet,discovery,0.08,0,0,100,0,20,318
35200,quiet,discovery,0.08,0,0,100,0,20,318
35210,quiet,discovery,0.08,0,0,100,0,20,318
35220,opportunity,discovery,0.224,0,0,100,0,20,318
35230,opportunity,discovery,0.23,0,0,100,0,20,318
35240,opportunity,discovery,0.23,0,0,100,0,20,318
35250,peak,discovery,0.374,0.422417,0.016397,100,1,19,319
35260,peak,discovery,0.554,0.430292,0.03764,100,1,19,319
35270,peak,discovery,0.692838,0.438167,0.059684,100,1,19,319
35280,peak,discovery,0.690153,0.438167,0.08206,100,1,20,319
35290,aftermath,discovery,0.538275,0.430292,0.104437,100,1,20,319
35300,aftermath,discovery,0.084919,0.383625,0.125675,100,0,20,319
35310,aftermath,discovery,0.083942,0.355625,0.133817,100,0,20,319
35320,aftermath,discovery,0.094851,0.075625,0.042908,100,0,20,319
35330,aftermath,discovery,0.1,0,0,100,0,20,319
35340,aftermath,discovery,0.1,0,0,100,0,20,319
35350,aftermath,discovery,0.1,0,0,100,0,20,319
35360,aftermath,discovery,0.1,0,0,100,0,20,319
35370,aftermath,discovery,0.1,0,0,100,0,20,319
35380,aftermath,discovery,0.1,0,0,100,0,20,319
35390,aftermath,discovery,0.1,0,0,100,0,20,319
35400,quiet,voyage,0.08,0,0,100,0,20,319
35410,quiet,voyage,0.08,0,0,100,0,20,319
35420,quiet,voyage,0.08,0,0,100,0,20,319
35430,quiet,voyage,0.08,0,0,100,0,20,319
35440,quiet,voyage,0.08,0,0,100,0,20,319
35450,quiet,voyage,0.08,0,0,100,0,20,319
35460,opportunity,voyage,0.152,0,0,100,0,20,319
35470,opportunity,voyage,0.23,0,0,100,0,20,319
35480,opportunity,voyage,0.23,0,0,100,0,20,319
35490,opportunity,voyage,0.23,0,0,100,0,20,319
35500,opportunity,voyage,0.23,0,0,100,0,20,319
35510,opportunity,voyage,0.23,0,0,100,0,20,319
35520,opportunity,voyage,0.23,0,0,100,0,20,319
35530,opportunity,voyage,0.23,0,0,100,0,20,319
35540,opportunity,voyage,0.23,0,0,100,0,20,319
35550,opportunity,voyage,0.23,0,0,100,0,20,319
35560,opportunity,voyage,0.23,0,0,100,0,20,319
35570,opportunity,voyage,0.23,0,0,100,0,20,319
35580,peak,voyage,0.392,0.422417,0.016397,100,1,19,320
35590,peak,voyage,0.572,0.430292,0.03764,100,1,19,320
35600,peak,voyage,0.7,0.438167,0.059684,100,1,19,321
35610,peak,voyage,0.7,0.438167,0.08206,100,1,19,321
35620,peak,voyage,0.7,0.430292,0.104437,100,1,19,321
35630,peak,voyage,0.7,0.438167,0.126593,100,1,18,322
35640,aftermath,voyage,0.3,0.438167,0.149311,100,1,19,322
35650,aftermath,voyage,0.079356,0.430292,0.17203,100,1,19,322
35660,aftermath,voyage,0.076625,0.438167,0.194793,100,1,19,322
35670,aftermath,voyage,0.073854,0.438167,0.217886,100,1,19,322
35680,aftermath,voyage,0.071082,0.430292,0.24098,100,1,19,322
35690,aftermath,voyage,0.068665,0.37575,0.261124,100,0,20,322
35700,aftermath,voyage,0.074285,0.20775,0.214294,100,0,20,322
35710,aftermath,voyage,0.085194,0,0.123385,100,0,20,322
35720,aftermath,voyage,0.096103,0,0.032476,100,0,20,322
35730,aftermath,voyage,0.1,0,0,100,0,20,322
35740,quiet,hunt,0.08,0,0,100,0,20,322
35750,quiet,hunt,0.08,0,0,100,0,20,322
35760,quiet,hunt,0.08,0,0,100,0,20,322
35770,quiet,hunt,0.08,0,0,100,0,20,322
35780,quiet,hunt,0.08,0,0,100,0,20,322
35790,opportunity,hunt,0.17,0,0,100,0,20,322
35800,opportunity,hunt,0.23,0,0,100,0,20,322
35810,opportunity,hunt,0.23,0,0,100,0,20,322
35820,opportunity,hunt,0.23,0,0,100,0,20,322
35830,opportunity,hunt,0.23,0,0,100,0,20,322
35840,opportunity,hunt,0.23,0,0,100,0,20,322
35850,peak,hunt,0.32,0.325,0.01005,100,1,19,323
35860,peak,hunt,0.5,0.422417,0.030795,100,1,19,323
35870,peak,hunt,0.68,0.438167,0.052385,100,1,20,323
35880,peak,hunt,0.7,0.438167,0.074686,100,1,20,323
35890,peak,hunt,0.7,0.430292,0.096987,100,1,20,323
35900,suspended:docked,hunt,,0.446042,0.117096,100,0,20,323
35910,suspended:docked,hunt,,0.446042,0.117096,100,0,20,323
35920,suspended:docked,hunt,,0.446042,0.117096,100,0,20,323
35930,suspended:docked,hunt,,0.446042,0.117096,100,0,20,323
35940,aftermath,hunt,0.65,0.418042,0.108005,100,0,20,323
35950,aftermath,hunt,0.15,0.138042,0.017096,100,0,20,323
35960,aftermath,hunt,0.1,0,0,100,0,20,323
35970,aftermath,hunt,0.1,0,0,100,0,20,323
35980,aftermath,hunt,0.1,0,0,100,0,20,323
35990,aftermath,hunt,0.1,0,0,100,0,20,323
