t,phase,motif,requested,observed,fatigue,hull,liveCombat,pending,totalSpawns
0,quiet,voyage,0.08,0,0,100,0,1,0
10,quiet,voyage,0.08,0,0,100,0,1,0
20,quiet,voyage,0.08,0,0,100,0,1,0
30,quiet,voyage,0.08,0,0,100,0,1,0
40,quiet,voyage,0.08,0,0,100,0,1,0
50,quiet,voyage,0.08,0,0,100,0,2,0
60,quiet,voyage,0.08,0,0,100,0,2,0
70,opportunity,voyage,0.188,0,0,100,0,2,0
80,opportunity,voyage,0.23,0,0,100,0,2,0
90,opportunity,voyage,0.23,0,0,100,0,3,0
100,opportunity,voyage,0.23,0,0,100,0,2,1
110,opportunity,voyage,0.23,0,0,100,0,2,1
120,opportunity,voyage,0.23,0,0,100,0,2,1
130,opportunity,voyage,0.23,0,0,100,0,2,1
140,peak,voyage,0.284,0.195,0.006348,100,1,2,2
150,peak,voyage,0.464,0.461792,0.028435,100,1,2,2
160,peak,voyage,0.593713,0.461792,0.052394,100,1,2,2
170,peak,voyage,0.590719,0.480167,0.07734,100,1,2,2
180,peak,voyage,0.587633,0.480167,0.103058,100,1,3,2
190,peak,voyage,0.584547,0.470542,0.128778,100,1,3,2
200,aftermath,voyage,0.432403,0.480167,0.154599,100,1,3,2
210,aftermath,voyage,0.078257,0.480167,0.181193,100,1,3,2
220,aftermath,voyage,0.075065,0.470542,0.207788,100,1,3,2
230,aftermath,voyage,0.071862,0.480167,0.234484,100,1,4,2
240,aftermath,voyage,0.068566,0.480167,0.261952,100,1,4,2
250,aftermath,voyage,0.065626,0.4055,0.286446,100,0,4,2
260,aftermath,voyage,0.073819,0.17275,0.218174,100,0,4,2
270,aftermath,voyage,0.084728,0,0.127265,100,0,5,2
280,aftermath,voyage,0.095637,0,0.036356,100,0,4,3
290,quiet,discovery,0.08,0,0,100,0,4,3
300,quiet,discovery,0.08,0,0,100,0,4,3
310,quiet,discovery,0.08,0,0,100,0,4,3
320,quiet,discovery,0.08,0,0,100,0,5,3
330,quiet,discovery,0.08,0,0,100,0,5,3
340,quiet,discovery,0.08,0,0,100,0,5,3
350,quiet,discovery,0.08,0,0,100,0,5,3
360,quiet,discovery,0.08,0,0,100,0,6,3
370,quiet,discovery,0.08,0,0,100,0,6,3
380,opportunity,discovery,0.188,0,0,100,0,6,3
390,peak,discovery,0.368,0.443417,0.018928,100,1,5,4
400,peak,discovery,0.548,0.461792,0.041826,100,1,5,4
410,peak,discovery,0.592008,0.480167,0.066597,100,1,6,4
420,peak,discovery,0.588943,0.480167,0.09214,100,1,6,4
430,aftermath,discovery,0.387118,0.470542,0.117685,100,1,6,4
440,aftermath,discovery,0.0828,0.480167,0.143331,100,1,6,4
450,aftermath,discovery,0.07963,0.480167,0.169749,100,1,7,4
460,aftermath,discovery,0.07646,0.470542,0.19617,100,1,6,5
470,aftermath,discovery,0.073277,0.480167,0.222691,100,1,6,5
480,aftermath,discovery,0.070002,0.480167,0.249984,100,1,6,5
490,aftermath,discovery,0.066952,0.4055,0.275401,100,0,6,5
500,aftermath,discovery,0.075146,0.17275,0.20712,100,0,7,5
510,aftermath,discovery,0.086055,0,0.116211,100,0,7,5
520,aftermath,discovery,0.096964,0,0.025302,100,0,7,5
530,aftermath,discovery,0.1,0,0,100,0,7,5
540,quiet,hunt,0.08,0,0,100,0,8,5
550,quiet,hunt,0.08,0,0,100,0,7,6
560,quiet,hunt,0.08,0,0,100,0,7,6
570,quiet,hunt,0.08,0,0,100,0,7,6
580,quiet,hunt,0.08,0,0,100,0,7,6
590,opportunity,hunt,0.23,0,0,100,0,7,7
600,opportunity,hunt,0.23,0,0,100,0,7,7
610,opportunity,hunt,0.23,0,0,100,0,7,7
620,opportunity,hunt,0.23,0,0,100,0,7,7
630,opportunity,hunt,0.23,0,0,100,0,8,7
640,opportunity,hunt,0.23,0,0,100,0,8,7
650,opportunity,hunt,0.23,0,0,100,0,8,7
660,opportunity,hunt,0.23,0,0,100,0,8,7
670,build,hunt,0.302,0,0,100,0,8,7
680,build,hunt,0.482,0,0,100,0,9,7
690,build,hunt,0.485,0,0,100,0,9,7
700,build,hunt,0.485,0,0,100,0,9,7
710,build,hunt,0.485,0,0,100,0,9,7
720,build,hunt,0.485,0,0,100,0,10,7
730,build,hunt,0.485,0,0,100,0,10,7
740,build,hunt,0.485,0,0,100,0,10,7
750,build,hunt,0.485,0,0,100,0,10,7
760,build,hunt,0.485,0,0,100,0,10,7
770,build,hunt,0.485,0,0,100,0,11,7
780,build,hunt,0.485,0,0,100,1,10,8
790,peak,hunt,0.62253,0.425042,0.02058,100,1,9,9
800,peak,hunt,0.619824,0.461792,0.04313,100,1,9,9
810,peak,hunt,0.616908,0.480167,0.067438,100,1,10,9
820,peak,hunt,0.613884,0.470542,0.092633,100,1,10,9
830,peak,hunt,0.610849,0.480167,0.117929,100,1,10,9
840,peak,hunt,0.60772,0.480167,0.143997,100,1,10,9
850,peak,hunt,0.604592,0.470542,0.170067,100,1,10,9
860,aftermath,hunt,0.353044,0.480167,0.196238,100,1,11,9
870,aftermath,hunt,0.073218,0.480167,0.223181,100,1,11,9
880,aftermath,hunt,0.069985,0.470542,0.250127,100,1,11,9
890,aftermath,hunt,0.066969,0.415125,0.275256,100,0,11,9
900,aftermath,hunt,0.072403,0.247125,0.229972,100,0,12,9
910,aftermath,hunt,0.083312,0,0.139063,100,0,11,10
920,aftermath,hunt,0.094222,0,0.048154,100,0,11,10
930,aftermath,hunt,0.1,0,0,100,0,11,10
940,aftermath,hunt,0.1,0,0,100,0,11,10
950,aftermath,hunt,0.1,0,0,100,0,11,11
960,aftermath,hunt,0.1,0,0,100,0,11,11
970,quiet,discovery,0.08,0,0,100,0,11,11
980,quiet,discovery,0.08,0,0,100,0,11,11
990,quiet,discovery,0.08,0,0,100,0,12,11
1000,quiet,discovery,0.08,0,0,100,0,12,11
1010,quiet,discovery,0.08,0,0,100,0,12,11
1020,quiet,discovery,0.08,0,0,100,0,12,11
1030,quiet,discovery,0.08,0,0,100,0,12,11
1040,quiet,discovery,0.08,0,0,100,0,13,11
1050,quiet,discovery,0.08,0,0,100,0,13,11
1060,peak,discovery,0.26,0.13,0.004,100,1,12,12
1070,peak,discovery,0.44,0.443417,0.025391,100,1,12,12
1080,peak,discovery,0.619164,0.480167,0.048637,100,1,13,12
1090,peak,discovery,0.616161,0.470542,0.073658,100,1,13,12
1100,peak,discovery,0.613147,0.480167,0.098779,100,1,13,12
1110,aftermath,discovery,0.262241,0.480167,0.124672,100,1,13,12
1120,aftermath,discovery,0.081932,0.470542,0.150567,100,1,13,12
1130,aftermath,discovery,0.078812,0.480167,0.176563,100,1,14,12
1140,aftermath,discovery,0.0756,0.480167,0.203331,100,1,14,12
1150,aftermath,discovery,0.072388,0.470542,0.230102,100,1,14,12
1160,aftermath,discovery,0.069163,0.480167,0.256973,100,1,14,12
1170,aftermath,discovery,0.066211,0.4055,0.281571,100,0,15,12
1180,aftermath,discovery,0.077121,0.1255,0.190662,100,0,15,12
1190,aftermath,discovery,0.08803,0,0.099753,100,0,15,12
1200,aftermath,discovery,0.098939,0,0.008844,100,0,15,12
1210,aftermath,discovery,0.1,0,0,100,0,15,12
1220,aftermath,discovery,0.1,0,0,100,0,16,12
1230,quiet,voyage,0.08,0,0,100,0,16,12
1240,quiet,voyage,0.08,0,0,100,0,16,12
1250,quiet,voyage,0.08,0,0,100,0,16,12
1260,quiet,voyage,0.08,0,0,100,0,17,12
1270,quiet,voyage,0.08,0,0,100,0,17,12
1280,quiet,voyage,0.08,0,0,100,0,17,12
1290,opportunity,voyage,0.17,0,0,100,0,17,12
1300,opportunity,voyage,0.23,0,0,100,0,17,12
1310,opportunity,voyage,0.23,0,0,100,0,18,12
1320,opportunity,voyage,0.23,0,0,100,0,18,12
1330,opportunity,voyage,0.23,0,0,100,0,18,12
1340,opportunity,voyage,0.23,0,0,100,0,18,12
1350,opportunity,voyage,0.23,0,0,100,0,19,12
1360,opportunity,voyage,0.23,0,0,100,0,19,12
1370,opportunity,voyage,0.23,0,0,100,0,19,12
1380,opportunity,voyage,0.23,0,0,100,0,19,12
1390,peak,voyage,0.392,0.425042,0.01858,100,1,18,13
1400,peak,voyage,0.572,0.461792,0.04113,100,1,18,14
1410,peak,voyage,0.642148,0.480167,0.065437,100,1,18,14
1420,peak,voyage,0.639124,0.470542,0.090633,100,1,18,14
1430,peak,voyage,0.636089,0.480167,0.115929,100,1,18,14
1440,peak,voyage,0.63296,0.480167,0.141997,100,1,19,14
1450,aftermath,voyage,0.182652,0.470542,0.168067,100,1,18,15
1460,aftermath,voyage,0.076691,0.480167,0.194238,100,1,18,15
1470,aftermath,voyage,0.073458,0.480167,0.221181,100,1,18,15
1480,aftermath,voyage,0.070225,0.470542,0.248127,100,1,18,15
1490,aftermath,voyage,0.067177,0.415125,0.273526,100,0,18,16
1500,recovery,voyage,0.021519,0.340125,0.241182,98.25,0,18,16
1510,recovery,voyage,0.02,0.63344,0.279178,99.45,0,18,16
1520,recovery,voyage,0.02,0.409248,0.213812,100,0,18,16
1530,recovery,voyage,0.02,0.245,0.122903,100,0,19,16
1540,recovery,voyage,0.026161,0,0.031994,100,0,18,17
1550,recovery,voyage,0.03,0,0,100,0,18,17
1560,recovery,voyage,0.03,0,0,100,0,18,17
1570,recovery,voyage,0.03,0,0,100,0,18,17
1580,recovery,voyage,0.03,0,0,100,0,18,18
1590,aftermath,voyage,0.048,0,0,100,0,18,18
1600,aftermath,voyage,0.1,0,0,100,0,18,18
1610,aftermath,voyage,0.1,0,0,100,0,18,18
1620,aftermath,voyage,0.1,0,0,100,0,19,18
1630,aftermath,voyage,0.1,0,0,100,0,19,18
1640,aftermath,voyage,0.1,0,0,100,0,19,18
1650,aftermath,voyage,0.1,0,0,100,0,19,18
1660,aftermath,voyage,0.1,0,0,100,0,19,18
1670,aftermath,voyage,0.1,0,0,100,0,20,18
1680,aftermath,voyage,0.1,0,0,100,0,20,18
1690,aftermath,voyage,0.1,0,0,100,0,20,18
1700,suspended:docked,discovery,,0,0,100,0,20,18
1710,suspended:docked,discovery,,0,0,100,0,20,18
1720,suspended:docked,discovery,,0,0,100,0,20,18
1730,suspended:docked,discovery,,0,0,100,0,20,18
1740,quiet,discovery,0.08,0,0,100,0,20,18
1750,quiet,discovery,0.08,0,0,100,0,20,18
1760,quiet,discovery,0.08,0,0,100,0,20,18
1770,quiet,discovery,0.08,0,0,100,0,20,18
1780,quiet,discovery,0.08,0,0,100,0,20,18
1790,quiet,discovery,0.08,0,0,100,0,20,18
1800,quiet,discovery,0.08,0,0,100,0,20,18
1810,quiet,discovery,0.08,0,0,100,0,20,18
1820,quiet,discovery,0.08,0,0,100,0,20,18
1830,peak,discovery,0.206,0.39,0.012116,100,1,19,19
1840,peak,discovery,0.386,0.443417,0.033855,100,1,19,19
1850,peak,discovery,0.566,0.480167,0.057565,100,1,19,20
1860,peak,discovery,0.590048,0.480167,0.082933,100,1,19,20
1870,aftermath,discovery,0.537294,0.470542,0.108303,100,1,19,20
1880,aftermath,discovery,0.083947,0.480167,0.133774,100,1,19,20
1890,aftermath,discovery,0.080798,0.480167,0.160018,100,1,20,20
1900,aftermath,discovery,0.077648,0.470542,0.186263,100,1,20,20
1910,aftermath,discovery,0.074487,0.480167,0.212609,100,1,20,20
1920,aftermath,discovery,0.071233,0.480167,0.239727,100,1,20,20
1930,aftermath,discovery,0.06804,0.442542,0.266337,100,0,20,20
1940,aftermath,discovery,0.067993,0.359125,0.266729,100,0,20,20
1950,aftermath,discovery,0.078902,0.079125,0.17582,100,0,20,20
1960,aftermath,discovery,0.089811,0,0.084911,100,0,20,20
1970,aftermath,discovery,0.1,0,0,100,0,20,20
1980,quiet,hunt,0.08,0,0,100,0,20,20
1990,quiet,hunt,0.08,0,0,100,0,20,20
2000,quiet,hunt,0.08,0,0,100,0,20,20
2010,quiet,hunt,0.08,0,0,100,0,20,20
2020,quiet,hunt,0.08,0,0,100,0,20,20
2030,peak,hunt,0.188,0.26,0.008348,100,1,19,21
2040,peak,hunt,0.368,0.461792,0.030435,100,1,19,21
2050,peak,hunt,0.548,0.461792,0.054394,100,1,19,21
2060,peak,hunt,0.590479,0.480167,0.07934,100,1,19,21
2070,peak,hunt,0.587393,0.480167,0.105058,100,1,20,21
2080,peak,hunt,0.584307,0.470542,0.130778,100,1,19,22
2090,peak,hunt,0.581208,0.480167,0.156599,100,1,19,22
2100,peak,hunt,0.578017,0.480167,0.183193,100,1,19,22
2110,aftermath,hunt,0.127702,0.470542,0.209788,100,1,19,22
2120,aftermath,hunt,0.071622,0.480167,0.236484,100,1,20,22
2130,aftermath,hunt,0.068326,0.480167,0.263952,100,1,20,22
2140,aftermath,hunt,0.06542,0.4055,0.288164,100,0,20,22
2150,aftermath,hunt,0.073614,0.17275,0.219885,100,0,20,22
2160,aftermath,hunt,0.084523,0,0.128976,100,0,20,22
2170,aftermath,hunt,0.095432,0,0.038067,100,0,20,22
2180,aftermath,hunt,0.1,0,0,100,0,20,22
2190,aftermath,hunt,0.1,0,0,100,0,20,22
2200,quiet,discovery,0.08,0,0,100,0,20,22
2210,quiet,discovery,0.08,0,0,100,0,20,22
2220,quiet,discovery,0.08,0,0,100,0,20,22
2230,quiet,discovery,0.08,0,0,100,0,20,22
2240,quiet,discovery,0.08,0,0,100,0,20,22
2250,quiet,discovery,0.08,0,0,100,0,20,22
2260,quiet,discovery,0.08,0,0,100,0,20,22
2270,quiet,discovery,0.08,0,0,100,0,20,22
2280,quiet,discovery,0.08,0,0,100,0,20,22
2290,opportunity,discovery,0.188,0,0,100,0,20,22
2300,opportunity,discovery,0.23,0,0,100,0,20,22
2310,opportunity,discovery,0.23,0,0,100,0,20,22
2320,opportunity,discovery,0.23,0,0,100,0,20,22
2330,opportunity,discovery,0.23,0,0,100,0,20,22
2340,opportunity,discovery,0.23,0,0,100,0,20,22
2350,opportunity,discovery,0.23,0,0,100,0,20,22
2360,opportunity,discovery,0.23,0,0,100,0,20,22
2370,opportunity,discovery,0.23,0,0,100,0,20,22
2380,opportunity,discovery,0.23,0,0,100,0,20,22
2390,opportunity,discovery,0.23,0,0,100,0,20,22
2400,opportunity,discovery,0.23,0,0,100,0,20,22
2410,opportunity,discovery,0.23,0,0,100,0,20,22
2420,opportunity,discovery,0.23,0,0,100,0,20,22
2430,opportunity,discovery,0.23,0,0,100,1,19,23
2440,peak,discovery,0.41,0.425042,0.02058,100,1,19,23
2450,peak,discovery,0.59,0.461792,0.04313,100,1,19,23
2460,peak,discovery,0.616908,0.480167,0.067438,100,1,19,23
2470,peak,discovery,0.613884,0.470542,0.092633,100,1,19,23
2480,aftermath,discovery,0.362388,0.480167,0.117929,100,1,20,23
2490,aftermath,discovery,0.08272,0.480167,0.143997,100,1,20,23
2500,aftermath,discovery,0.079592,0.470542,0.170067,100,1,20,23
2510,aftermath,discovery,0.076451,0.480167,0.196238,100,1,20,23
2520,aftermath,discovery,0.073218,0.480167,0.223181,100,1,20,23
2530,aftermath,discovery,0.069985,0.470542,0.250127,100,1,20,23
2540,aftermath,discovery,0.066969,0.415125,0.275256,100,0,20,23
2550,aftermath,discovery,0.072403,0.247125,0.229972,100,0,20,23
2560,aftermath,discovery,0.083312,0,0.139063,100,0,20,23
2570,aftermath,discovery,0.094222,0,0.048154,100,0,20,23
2580,aftermath,discovery,0.1,0,0,100,0,20,23
2590,aftermath,discovery,0.1,0,0,100,0,20,23
2600,quiet,voyage,0.08,0,0,100,0,20,23
2610,quiet,voyage,0.08,0,0,100,0,20,23
2620,quiet,voyage,0.08,0,0,100,0,20,23
2630,quiet,voyage,0.08,0,0,100,0,20,23
2640,quiet,voyage,0.08,0,0,100,0,20,23
2650,quiet,voyage,0.08,0,0,100,0,20,23
2660,opportunity,voyage,0.134,0,0,100,0,20,23
2670,peak,voyage,0.314,0.443417,0.014927,100,1,19,24
2680,peak,voyage,0.494,0.461792,0.037826,100,1,19,24
2690,peak,voyage,0.617488,0.480167,0.062597,100,1,19,24
2700,peak,voyage,0.614423,0.480167,0.08814,100,1,20,24
2710,peak,voyage,0.611358,0.470542,0.113685,100,1,19,25
2720,peak,voyage,0.60828,0.480167,0.139331,100,1,19,25
2730,aftermath,voyage,0.257356,0.480167,0.165749,100,1,19,25
2740,aftermath,voyage,0.07694,0.470542,0.19217,100,1,19,25
2750,aftermath,voyage,0.073757,0.480167,0.218691,100,1,19,26
2760,aftermath,voyage,0.070482,0.480167,0.245984,100,1,19,26
2770,aftermath,voyage,0.067299,0.423875,0.27251,100,0,19,26
2780,aftermath,voyage,0.067238,0.359125,0.273015,100,0,19,26
2790,aftermath,voyage,0.078147,0.079125,0.182106,100,0,20,26
2800,aftermath,voyage,0.089056,0,0.091197,100,0,20,26
2810,aftermath,voyage,0.099965,0,0.000288,100,0,20,26
2820,aftermath,voyage,0.1,0,0,100,0,20,26
2830,quiet,discovery,0.08,0,0,100,0,20,26
2840,quiet,discovery,0.08,0,0,100,0,20,26
2850,quiet,discovery,0.08,0,0,100,0,20,26
2860,quiet,discovery,0.08,0,0,100,0,20,26
2870,quiet,discovery,0.08,0,0,100,0,20,26
2880,quiet,discovery,0.08,0,0,100,0,20,26
2890,quiet,discovery,0.08,0,0,100,0,20,26
2900,quiet,discovery,0.08,0,0,100,0,20,26
2910,quiet,discovery,0.08,0,0,100,0,20,26
2920,opportunity,discovery,0.224,0,0,100,0,20,26
2930,opportunity,discovery,0.23,0,0,100,0,20,26
2940,opportunity,discovery,0.23,0,0,100,0,20,26
2950,opportunity,discovery,0.23,0,0,100,0,20,26
2960,opportunity,discovery,0.23,0,0,100,0,20,26
2970,opportunity,discovery,0.23,0,0,100,0,20,26
2980,opportunity,discovery,0.23,0,0,100,0,20,26
2990,opportunity,discovery,0.23,0,0,100,0,20,26
3000,opportunity,discovery,0.23,0,0,100,0,0,26
3010,opportunity,discovery,0.23,0,0,100,0,0,26
3020,opportunity,discovery,0.23,0,0,100,0,0,26
3030,opportunity,discovery,0.23,0,0,100,0,0,26
3040,opportunity,discovery,0.23,0,0,100,0,0,26
3050,opportunity,discovery,0.23,0,0,100,0,0,26
3060,opportunity,discovery,0.23,0,0,100,0,0,26
3070,build,discovery,0.284,0,0,100,0,0,26
3080,build,discovery,0.464,0,0,100,0,0,26
3090,build,discovery,0.51,0,0,100,0,0,26
3100,build,discovery,0.51,0,0,100,0,0,26
3110,build,discovery,0.51,0,0,100,0,0,26
3120,build,discovery,0.51,0,0,100,0,0,26
3130,build,discovery,0.51,0,0,100,0,0,26
3140,build,discovery,0.51,0,0,100,0,0,26
3150,build,discovery,0.51,0,0,100,0,0,26
3160,build,discovery,0.51,0,0,100,0,0,26
3170,build,discovery,0.51,0,0,100,0,0,26
3180,opportunity,discovery,0.23,0,0,100,0,0,26
3190,opportunity,discovery,0.23,0,0,100,0,0,26
3200,opportunity,discovery,0.23,0,0,100,0,0,26
3210,opportunity,discovery,0.23,0,0,100,0,0,26
3220,opportunity,discovery,0.23,0,0,100,0,0,26
3230,opportunity,discovery,0.23,0,0,100,0,0,26
3240,opportunity,discovery,0.23,0,0,100,0,0,26
3250,opportunity,discovery,0.23,0,0,100,0,0,26
3260,opportunity,discovery,0.23,0,0,100,0,0,26
3270,opportunity,discovery,0.23,0,0,100,0,0,26
3280,opportunity,discovery,0.23,0,0,100,0,0,26
3290,opportunity,discovery,0.23,0,0,100,0,0,26
3300,opportunity,discovery,0.23,0,0,100,0,0,26
3310,opportunity,discovery,0.23,0,0,100,0,0,26
3320,opportunity,discovery,0.23,0,0,100,0,0,26
3330,build,discovery,0.284,0,0,100,0,0,26
3340,build,discovery,0.464,0,0,100,0,0,26
3350,build,discovery,0.51,0,0,100,0,0,26
3360,build,discovery,0.51,0,0,100,0,0,26
3370,build,discovery,0.51,0,0,100,0,0,26
3380,peak,discovery,0.564,0.195,0.006348,100,1,0,27
3390,peak,discovery,0.646588,0.461792,0.028435,100,1,0,27
3400,peak,discovery,0.643713,0.461792,0.052394,100,1,0,27
3410,peak,discovery,0.640719,0.480167,0.07734,100,1,0,27
3420,peak,discovery,0.637633,0.480167,0.103058,100,1,1,27
3430,aftermath,discovery,0.237025,0.470542,0.128778,100,1,1,27
3440,aftermath,discovery,0.081448,0.480167,0.154599,100,1,1,27
3450,aftermath,discovery,0.078257,0.480167,0.181193,100,1,1,27
3460,aftermath,discovery,0.075065,0.470542,0.207788,100,1,1,27
3470,aftermath,discovery,0.071862,0.480167,0.234484,100,1,2,27
3480,aftermath,discovery,0.068566,0.480167,0.261952,100,1,2,27
3490,aftermath,discovery,0.065626,0.4055,0.286446,100,0,2,27
3500,suspended:docked,discovery,,0.20075,0.227265,100,0,2,27
3510,suspended:docked,discovery,,0.20075,0.227265,100,0,3,27
3520,suspended:docked,discovery,,0.20075,0.227265,100,0,3,27
3530,suspended:docked,discovery,,0.20075,0.227265,100,0,3,27
3540,aftermath,discovery,0.073819,0.17275,0.218174,100,0,3,27
3550,aftermath,discovery,0.08,0,0.127265,100,0,3,27
3560,aftermath,discovery,0.095637,0,0.036356,100,0,3,28
3570,aftermath,discovery,0.1,0,0,100,0,3,28
3580,aftermath,discovery,0.1,0,0,100,0,3,28
3590,aftermath,discovery,0.1,0,0,100,0,3,28
3600,quiet,hunt,0.08,0,0,100,0,4,28
3610,quiet,hunt,0.08,0,0,100,0,3,29
3620,quiet,hunt,0.08,0,0,100,0,3,29
3630,quiet,hunt,0.08,0,0,100,0,3,29
3640,quiet,hunt,0.08,0,0,100,0,3,29
3650,opportunity,hunt,0.23,0,0,100,0,3,30
3660,peak,hunt,0.356,0.443417,0.014927,100,1,2,31
3670,peak,hunt,0.536,0.461792,0.037826,100,1,2,31
3680,peak,hunt,0.592786,0.480167,0.062597,100,1,2,31
3690,peak,hunt,0.589423,0.480167,0.08814,100,1,3,31
3700,peak,hunt,0.586358,0.470542,0.113685,100,1,3,31
3710,peak,hunt,0.58328,0.480167,0.139331,100,1,3,31
3720,peak,hunt,0.58011,0.480167,0.165749,100,1,3,31
3730,aftermath,hunt,0.477569,0.470542,0.19217,100,1,3,31
3740,aftermath,hunt,0.073757,0.480167,0.218691,100,1,4,31
3750,aftermath,hunt,0.070482,0.480167,0.245984,100,1,4,31
3760,aftermath,hunt,0.067299,0.423875,0.27251,100,0,4,31
3770,aftermath,hunt,0.067238,0.359125,0.273015,100,0,4,31
3780,aftermath,hunt,0.078147,0.079125,0.182106,100,0,5,31
3790,aftermath,hunt,0.089056,0,0.091197,100,0,4,32
3800,aftermath,hunt,0.099965,0,0.000288,100,0,4,32
3810,aftermath,hunt,0.1,0,0,100,0,4,32
3820,aftermath,hunt,0.1,0,0,100,0,4,32
3830,quiet,discovery,0.08,0,0,100,0,5,32
3840,quiet,discovery,0.08,0,0,100,0,5,32
3850,quiet,discovery,0.08,0,0,100,0,5,32
3860,quiet,discovery,0.08,0,0,100,0,5,32
3870,quiet,discovery,0.08,0,0,100,0,6,32
3880,quiet,discovery,0.08,0,0,100,0,6,32
3890,quiet,discovery,0.08,0,0,100,0,6,32
3900,quiet,discovery,0.08,0,0,100,0,6,32
3910,quiet,discovery,0.08,0,0,100,0,6,32
3920,opportunity,discovery,0.224,0,0,100,0,7,32
3930,opportunity,discovery,0.23,0,0,100,0,7,32
3940,opportunity,discovery,0.23,0,0,100,0,7,32
3950,opportunity,discovery,0.23,0,0,100,0,7,32
3960,opportunity,discovery,0.23,0,0,100,0,8,32
3970,opportunity,discovery,0.23,0,0,100,0,7,33
3980,peak,discovery,0.266,0.13,0.004,100,1,6,34
3990,peak,discovery,0.446,0.443417,0.024928,100,1,6,34
4000,peak,discovery,0.594261,0.461792,0.047826,100,1,6,34
4010,peak,discovery,0.591288,0.480167,0.072597,100,1,6,35
4020,peak,discovery,0.588223,0.480167,0.09814,100,1,6,35
4030,aftermath,discovery,0.237317,0.470542,0.123685,100,1,6,35
4040,aftermath,discovery,0.08208,0.480167,0.149331,100,1,6,35
4050,aftermath,discovery,0.07891,0.480167,0.175749,100,1,7,35
4060,aftermath,discovery,0.07574,0.470542,0.20217,100,1,6,36
4070,aftermath,discovery,0.072557,0.480167,0.228691,100,1,6,36
4080,aftermath,discovery,0.069282,0.480167,0.255984,100,1,6,36
4090,aftermath,discovery,0.06633,0.4055,0.280582,100,0,6,36
4100,aftermath,discovery,0.074526,0.17275,0.212282,100,0,6,37
4110,aftermath,discovery,0.085435,0,0.121373,100,0,6,37
4120,aftermath,discovery,0.096344,0,0.030464,100,0,6,37
4130,quiet,voyage,0.08,0,0,100,0,6,37
4140,quiet,voyage,0.08,0,0,100,0,7,37
4150,quiet,voyage,0.08,0,0,100,0,7,37
4160,quiet,voyage,0.08,0,0,100,0,7,37
4170,quiet,voyage,0.08,0,0,100,0,7,37
4180,quiet,voyage,0.08,0,0,100,0,7,37
4190,quiet,voyage,0.08,0,0,100,0,7,38
4200,opportunity,voyage,0.206,0,0,100,0,7,38
4210,opportunity,voyage,0.23,0,0,100,0,7,38
4220,opportunity,voyage,0.23,0,0,100,0,7,38
4230,opportunity,voyage,0.23,0,0,100,0,8,38
4240,opportunity,voyage,0.23,0,0,100,0,7,39
4250,opportunity,voyage,0.23,0,0,100,0,7,39
4260,peak,voyage,0.338,0.39,0.012116,100,1,6,40
4270,peak,voyage,0.518,0.443417,0.033855,100,1,6,40
4280,peak,voyage,0.611388,0.480167,0.057565,100,1,7,40
4290,peak,voyage,0.615048,0.480167,0.082933,100,1,7,40
4300,peak,voyage,0.612004,0.470542,0.108303,100,1,7,40
4310,peak,voyage,0.608947,0.480167,0.133774,100,1,7,40
4320,aftermath,voyage,0.307709,0.480167,0.160018,100,1,8,40
4330,aftermath,voyage,0.077648,0.470542,0.186263,100,1,8,40
4340,aftermath,voyage,0.074487,0.480167,0.212609,100,1,8,40
4350,aftermath,voyage,0.071233,0.480167,0.239727,100,1,8,40
4360,aftermath,voyage,0.06804,0.442542,0.266337,100,0,8,40
4370,aftermath,voyage,0.067993,0.359125,0.266729,100,0,8,41
4380,aftermath,voyage,0.078902,0.079125,0.17582,100,0,8,41
4390,aftermath,voyage,0.089811,0,0.084911,100,0,8,41
4400,aftermath,voyage,0.1,0,0,100,0,8,41
4410,aftermath,voyage,0.1,0,0,100,0,9,41
4420,quiet,discovery,0.08,0,0,100,0,9,41
4430,quiet,discovery,0.08,0,0,100,0,9,41
4440,quiet,discovery,0.08,0,0,100,0,9,41
4450,quiet,discovery,0.08,0,0,100,0,9,41
4460,quiet,discovery,0.08,0,0,100,0,9,42
4470,quiet,discovery,0.08,0,0,100,0,9,42
4480,quiet,discovery,0.08,0,0,100,0,9,42
4490,quiet,discovery,0.08,0,0,100,0,9,42
4500,quiet,discovery,0.08,0,0,100,0,10,42
4510,opportunity,discovery,0.206,0,0,100,0,10,42
4520,opportunity,discovery,0.23,0,0,100,0,10,42
4530,opportunity,discovery,0.23,0,0,100,0,10,42
4540,opportunity,discovery,0.23,0,0,100,0,10,42
4550,opportunity,discovery,0.23,0,0,100,0,11,42
4560,opportunity,discovery,0.23,0,0,100,0,11,42
4570,opportunity,discovery,0.23,0,0,100,0,11,42
4580,opportunity,discovery,0.23,0,0,100,0,11,42
4590,peak,discovery,0.392,0.443417,0.018928,100,1,11,43
4600,peak,discovery,0.572,0.461792,0.041826,100,1,11,43
4610,peak,discovery,0.617008,0.480167,0.066597,100,1,11,43
4620,peak,discovery,0.613943,0.480167,0.09214,100,1,11,43
4630,aftermath,discovery,0.412118,0.470542,0.117685,100,1,11,43
4640,aftermath,discovery,0.0828,0.480167,0.143331,100,1,11,44
4650,aftermath,discovery,0.07963,0.480167,0.169749,100,1,11,44
4660,aftermath,discovery,0.07646,0.470542,0.19617,100,1,11,44
4670,aftermath,discovery,0.073277,0.480167,0.222691,100,1,11,44
4680,aftermath,discovery,0.070002,0.480167,0.249984,100,1,12,44
4690,aftermath,discovery,0.066952,0.4055,0.275401,100,0,11,45
4700,aftermath,discovery,0.075146,0.17275,0.20712,100,0,11,45
4710,aftermath,discovery,0.086055,0,0.116211,100,0,11,45
4720,aftermath,discovery,0.096964,0,0.025302,100,0,11,45
4730,aftermath,discovery,0.1,0,0,100,0,12,45
4740,aftermath,discovery,0.1,0,0,100,0,12,45
4750,quiet,hunt,0.08,0,0,100,0,12,45
4760,quiet,hunt,0.08,0,0,100,0,12,45
4770,quiet,hunt,0.08,0,0,100,0,13,45
4780,quiet,hunt,0.08,0,0,100,0,12,46
4790,quiet,hunt,0.08,0,0,100,0,12,46
4800,opportunity,hunt,0.206,0,0,100,0,12,46
4810,opportunity,hunt,0.23,0,0,100,0,12,46
4820,opportunity,hunt,0.23,0,0,100,0,12,47
4830,opportunity,hunt,0.23,0,0,100,0,12,47
4840,opportunity,hunt,0.23,0,0,100,0,12,47
4850,opportunity,hunt,0.23,0,0,100,0,12,47
4860,peak,hunt,0.284,0.195,0.006116,100,1,12,48
4870,peak,hunt,0.464,0.443417,0.027855,100,1,12,48
4880,peak,hunt,0.637108,0.480167,0.051565,100,1,12,48
4890,peak,hunt,0.640768,0.480167,0.076933,100,1,11,49
4900,peak,hunt,0.637724,0.470542,0.102303,100,1,11,49
4910,peak,hunt,0.634667,0.480167,0.127774,100,1,11,50
4920,peak,hunt,0.631518,0.480167,0.154018,100,1,11,50
4930,peak,hunt,0.628368,0.470542,0.180263,100,1,11,50
4940,aftermath,hunt,0.227753,0.480167,0.206609,100,1,11,50
4950,aftermath,hunt,0.071953,0.480167,0.233727,100,1,12,50
4960,aftermath,hunt,0.068698,0.470542,0.260847,100,1,12,50
4970,aftermath,hunt,0.068612,0.359125,0.261567,100,0,12,50
4980,aftermath,hunt,0.079521,0.079125,0.170658,100,0,12,50
4990,aftermath,hunt,0.09043,0,0.079749,100,0,12,50
5000,aftermath,hunt,0.1,0,0,100,0,12,51
5010,aftermath,hunt,0.1,0,0,100,0,12,51
5020,aftermath,hunt,0.1,0,0,100,0,12,51
5030,aftermath,hunt,0.1,0,0,100,0,12,51
5040,aftermath,hunt,0.1,0,0,100,0,13,51
5050,aftermath,hunt,0.1,0,0,100,0,12,52
5060,quiet,discovery,0.08,0,0,100,0,12,52
5070,quiet,discovery,0.08,0,0,100,0,12,52
5080,quiet,discovery,0.08,0,0,100,0,12,52
5090,quiet,discovery,0.08,0,0,100,0,12,53
5100,recovery,discovery,0.03,0.065,0.003473,100,0,12,53
5110,recovery,discovery,0.025438,0.633,0.038019,100,0,12,53
5120,recovery,discovery,0.03,0.409,0,100,0,12,53
5130,recovery,discovery,0.03,0.245,0,100,0,13,53
5140,recovery,discovery,0.03,0,0,100,0,12,54
5150,recovery,discovery,0.03,0,0,100,0,12,54
5160,recovery,discovery,0.03,0,0,100,0,12,54
5170,recovery,discovery,0.03,0,0,100,0,12,54
5180,recovery,discovery,0.03,0,0,100,0,12,55
5190,aftermath,discovery,0.048,0,0,100,0,12,55
5200,aftermath,discovery,0.1,0,0,100,0,12,55
5210,aftermath,discovery,0.1,0,0,100,0,12,55
5220,aftermath,discovery,0.1,0,0,100,0,13,55
5230,aftermath,discovery,0.1,0,0,100,0,13,55
5240,aftermath,discovery,0.1,0,0,100,0,13,55
5250,aftermath,discovery,0.1,0,0,100,0,13,55
5260,aftermath,discovery,0.1,0,0,100,0,13,55
5270,aftermath,discovery,0.1,0,0,100,0,14,55
5280,aftermath,discovery,0.1,0,0,100,0,14,55
5290,aftermath,discovery,0.1,0,0,100,0,14,55
5300,suspended:docked,discovery,,0,0,100,0,14,55
5310,suspended:docked,discovery,,0,0,100,0,15,55
5320,suspended:docked,discovery,,0,0,100,0,15,55
5330,suspended:docked,discovery,,0,0,100,0,15,55
5340,aftermath,discovery,0.08,0,0,100,0,15,55
5350,aftermath,discovery,0.08,0,0,100,0,15,55
5360,quiet,voyage,0.08,0,0,100,0,15,56
5370,quiet,voyage,0.08,0,0,100,0,15,56
5380,quiet,voyage,0.08,0,0,100,0,14,57
5390,quiet,voyage,0.08,0,0,100,0,14,57
5400,quiet,voyage,0.08,0,0,100,0,15,57
5410,quiet,voyage,0.08,0,0,100,0,15,57
5420,opportunity,voyage,0.116,0,0,100,0,15,57
5430,opportunity,voyage,0.23,0,0,100,0,15,57
5440,opportunity,voyage,0.23,0,0,100,0,15,57
5450,opportunity,voyage,0.23,0,0,100,0,16,57
5460,opportunity,voyage,0.23,0,0,100,0,16,57
5470,opportunity,voyage,0.23,0,0,100,0,16,57
5480,opportunity,voyage,0.23,0,0,100,0,16,57
5490,opportunity,voyage,0.23,0,0,100,0,17,57
5500,opportunity,voyage,0.23,0,0,100,0,17,57
5510,opportunity,voyage,0.23,0,0,100,0,17,57
5520,opportunity,voyage,0.23,0,0,100,0,17,57
5530,opportunity,voyage,0.23,0,0,100,0,17,57
5540,build,voyage,0.356,0,0,100,0,18,57
5550,build,voyage,0.46,0,0,100,0,18,57
5560,build,voyage,0.46,0,0,100,0,18,57
5570,build,voyage,0.46,0,0,100,0,18,57
5580,build,voyage,0.46,0,0,100,1,18,58
5590,peak,voyage,0.59753,0.425042,0.02058,100,1,18,58
5600,peak,voyage,0.594824,0.461792,0.04313,100,1,17,59
5610,peak,voyage,0.591908,0.480167,0.067438,100,1,17,59
5620,peak,voyage,0.588884,0.470542,0.092633,100,1,16,60
5630,peak,voyage,0.585849,0.480167,0.117929,100,1,17,60
5640,peak,voyage,0.58272,0.480167,0.143997,100,1,17,60
5650,aftermath,voyage,0.08272,0.470542,0.170067,100,1,17,60
5660,aftermath,voyage,0.076451,0.480167,0.196238,100,1,17,60
5670,aftermath,voyage,0.073218,0.480167,0.223181,100,1,18,60
5680,aftermath,voyage,0.069985,0.470542,0.250127,100,1,17,61
5690,aftermath,voyage,0.066969,0.415125,0.275256,100,0,17,61
5700,aftermath,voyage,0.072403,0.247125,0.229972,100,0,17,61
5710,aftermath,voyage,0.083312,0,0.139063,100,0,17,61
5720,aftermath,voyage,0.094222,0,0.048154,100,0,17,62
5730,aftermath,voyage,0.1,0,0,100,0,17,62
5740,quiet,discovery,0.08,0,0,100,0,17,62
5750,quiet,discovery,0.08,0,0,100,0,17,62
5760,quiet,discovery,0.08,0,0,100,0,18,62
5770,quiet,discovery,0.08,0,0,100,0,18,62
5780,quiet,discovery,0.08,0,0,100,0,18,62
5790,quiet,discovery,0.08,0,0,100,0,18,62
5800,quiet,discovery,0.08,0,0,100,0,18,62
5810,quiet,discovery,0.08,0,0,100,0,19,62
5820,opportunity,discovery,0.134,0,0,100,1,18,63
5830,peak,discovery,0.314,0.425042,0.02058,100,1,18,63
5840,peak,discovery,0.494,0.461792,0.04313,100,1,18,63
5850,peak,discovery,0.591908,0.480167,0.067438,100,1,19,63
5860,peak,discovery,0.588884,0.470542,0.092633,100,1,19,63
5870,aftermath,discovery,0.337388,0.480167,0.117929,100,1,19,63
5880,aftermath,discovery,0.08272,0.480167,0.143997,100,1,19,63
5890,aftermath,discovery,0.079592,0.470542,0.170067,100,1,19,63
5900,aftermath,discovery,0.076451,0.480167,0.196238,100,1,19,64
5910,aftermath,discovery,0.073218,0.480167,0.223181,100,1,19,64
5920,aftermath,discovery,0.069985,0.470542,0.250127,100,1,19,64
5930,aftermath,discovery,0.066969,0.415125,0.275256,100,0,19,64
5940,aftermath,discovery,0.072403,0.247125,0.229972,100,0,20,64
5950,aftermath,discovery,0.083312,0,0.139063,100,0,20,64
5960,aftermath,discovery,0.094222,0,0.048154,100,0,20,64
5970,aftermath,discovery,0.1,0,0,100,0,20,64
5980,quiet,hunt,0.08,0,0,100,0,20,64
5990,quiet,hunt,0.08,0,0,100,0,20,64
6000,quiet,hunt,0.08,0,0,100,0,20,64
6010,quiet,hunt,0.08,0,0,100,0,20,64
6020,quiet,hunt,0.08,0,0,100,0,20,64
6030,opportunity,hunt,0.23,0,0,100,0,20,64
6040,opportunity,hunt,0.23,0,0,100,0,20,64
6050,opportunity,hunt,0.23,0,0,100,0,20,64
6060,opportunity,hunt,0.23,0,0,100,0,20,64
6070,opportunity,hunt,0.23,0,0,100,0,20,64
6080,opportunity,hunt,0.23,0,0,100,0,20,64
6090,opportunity,hunt,0.23,0,0,100,0,20,64
6100,opportunity,hunt,0.23,0,0,100,0,20,64
6110,peak,hunt,0.32,0.13,0.004,100,1,19,65
6120,peak,hunt,0.5,0.443417,0.024928,100,1,20,65
6130,peak,hunt,0.619261,0.461792,0.047826,100,1,20,65
6140,peak,hunt,0.616288,0.480167,0.072597,100,1,20,65
6150,peak,hunt,0.613223,0.480167,0.09814,100,1,20,65
6160,peak,hunt,0.610158,0.470542,0.123685,100,1,20,65
6170,peak,hunt,0.60708,0.480167,0.149331,100,1,20,65
6180,peak,hunt,0.60391,0.480167,0.175749,100,1,20,65
6190,aftermath,hunt,0.252973,0.470542,0.20217,100,1,20,65
6200,aftermath,hunt,0.072557,0.480167,0.228691,100,1,20,65
6210,aftermath,hunt,0.069282,0.480167,0.255984,100,1,20,65
6220,aftermath,hunt,0.06633,0.4055,0.280582,100,0,20,65
6230,aftermath,hunt,0.074526,0.17275,0.212282,100,0,20,65
6240,aftermath,hunt,0.085435,0,0.121373,100,0,20,65
6250,aftermath,hunt,0.096344,0,0.030464,100,0,20,65
6260,aftermath,hunt,0.1,0,0,100,0,20,65
6270,aftermath,hunt,0.1,0,0,100,0,20,65
6280,aftermath,hunt,0.1,0,0,100,0,20,65
6290,aftermath,hunt,0.1,0,0,100,0,20,65
6300,quiet,discovery,0.08,0,0,100,0,20,65
6310,quiet,discovery,0.08,0,0,100,0,20,65
6320,quiet,discovery,0.08,0,0,100,0,20,65
6330,quiet,discovery,0.08,0,0,100,0,20,65
6340,quiet,discovery,0.08,0,0,100,0,20,65
6350,quiet,discovery,0.08,0,0,100,0,20,65
6360,quiet,discovery,0.08,0,0,100,0,20,65
6370,quiet,discovery,0.08,0,0,100,0,20,65
6380,opportunity,discovery,0.116,0,0,100,1,19,66
6390,peak,discovery,0.296,0.443417,0.020928,100,1,20,66
6400,peak,discovery,0.476,0.461792,0.043826,100,1,19,67
6410,peak,discovery,0.616768,0.480167,0.068597,100,1,19,67
6420,peak,discovery,0.613703,0.480167,0.09414,100,1,19,67
6430,aftermath,discovery,0.362193,0.470542,0.119685,100,1,19,67
6440,aftermath,discovery,0.08256,0.480167,0.145331,100,1,19,68
6450,aftermath,discovery,0.07939,0.480167,0.171749,100,1,19,68
6460,aftermath,discovery,0.07622,0.470542,0.19817,100,1,19,68
6470,aftermath,discovery,0.073037,0.480167,0.224691,100,1,19,68
6480,aftermath,discovery,0.069762,0.480167,0.251984,100,1,20,68
6490,aftermath,discovery,0.066744,0.4055,0.277131,100,0,20,68
6500,aftermath,discovery,0.074939,0.17275,0.208844,100,0,20,68
6510,aftermath,discovery,0.085848,0,0.117935,100,0,20,68
6520,aftermath,discovery,0.096757,0,0.027026,100,0,20,68
6530,aftermath,discovery,0.1,0,0,100,0,20,68
6540,aftermath,discovery,0.1,0,0,100,0,20,68
6550,quiet,voyage,0.08,0,0,100,0,20,68
6560,quiet,voyage,0.08,0,0,100,0,20,68
6570,quiet,voyage,0.08,0,0,100,0,20,68
6580,quiet,voyage,0.08,0,0,100,0,20,68
6590,quiet,voyage,0.08,0,0,100,0,20,68
6600,quiet,voyage,0.08,0,0,100,0,20,68
6610,peak,voyage,0.134,0.065,0.002,100,1,19,69
6620,peak,voyage,0.314,0.443417,0.023391,100,1,20,69
6630,peak,voyage,0.494,0.480167,0.046637,100,1,20,69
6640,peak,voyage,0.616401,0.470542,0.071658,100,1,20,69
6650,peak,voyage,0.613387,0.480167,0.096779,100,1,20,69
6660,peak,voyage,0.610279,0.480167,0.122672,100,1,20,69
6670,aftermath,voyage,0.557468,0.470542,0.148567,100,1,20,69
6680,aftermath,voyage,0.079052,0.480167,0.174563,100,1,20,69
6690,aftermath,voyage,0.07584,0.480167,0.201331,100,1,20,69
6700,aftermath,voyage,0.072628,0.470542,0.228102,100,1,20,69
6710,aftermath,voyage,0.069403,0.480167,0.254973,100,1,20,69
6720,aftermath,voyage,0.066418,0.4055,0.279847,100,0,20,69
6730,aftermath,voyage,0.077327,0.1255,0.188938,100,0,20,69
6740,aftermath,voyage,0.088237,0,0.098029,100,0,20,69
6750,aftermath,voyage,0.099146,0,0.00712,100,0,20,69
6760,aftermath,voyage,0.1,0,0,100,0,20,69
6770,aftermath,voyage,0.1,0,0,100,0,20,69
6780,quiet,discovery,0.08,0,0,100,0,20,69
6790,quiet,discovery,0.08,0,0,100,0,20,69
6800,quiet,discovery,0.08,0,0,100,0,20,69
6810,quiet,discovery,0.08,0,0,100,0,20,69
6820,quiet,discovery,0.08,0,0,100,0,20,69
6830,quiet,discovery,0.08,0,0,100,0,20,69
6840,quiet,discovery,0.08,0,0,100,0,20,69
6850,quiet,discovery,0.08,0,0,100,0,20,69
6860,opportunity,discovery,0.116,0,0,100,0,20,69
6870,opportunity,discovery,0.23,0,0,100,0,20,69
6880,opportunity,discovery,0.23,0,0,100,0,20,69
6890,opportunity,discovery,0.23,0,0,100,0,20,69
6900,opportunity,discovery,0.23,0,0,100,0,20,69
6910,opportunity,discovery,0.23,0,0,100,0,20,69
6920,opportunity,discovery,0.23,0,0,100,0,20,69
6930,opportunity,discovery,0.23,0,0,100,0,20,69
6940,opportunity,discovery,0.23,0,0,100,0,20,69
6950,opportunity,discovery,0.23,0,0,100,0,20,69
6960,opportunity,discovery,0.23,0,0,100,0,20,69
6970,opportunity,discovery,0.23,0,0,100,0,20,69
6980,opportunity,discovery,0.23,0,0,100,0,20,69
6990,peak,discovery,0.374,0.443417,0.016927,100,1,19,70
7000,peak,discovery,0.554,0.461792,0.039826,100,1,19,70
7010,peak,discovery,0.642248,0.480167,0.064597,100,1,19,70
7020,peak,discovery,0.639183,0.480167,0.09014,100,1,20,70
7030,aftermath,discovery,0.487042,0.470542,0.115685,100,1,19,71
7040,aftermath,discovery,0.08304,0.480167,0.141331,100,1,19,71
7050,aftermath,discovery,0.07987,0.480167,0.167749,100,1,19,71
7060,aftermath,discovery,0.0767,0.470542,0.19417,100,1,19,71
7070,aftermath,discovery,0.073517,0.480167,0.220691,100,1,19,72
7080,aftermath,discovery,0.070242,0.480167,0.247984,100,1,19,72
7090,aftermath,discovery,0.06709,0.423875,0.274247,100,0,19,72
7100,suspended:docked,discovery,,0.387125,0.283817,100,0,19,72
7110,suspended:docked,discovery,,0.387125,0.283817,100,0,20,72
7120,suspended:docked,discovery,,0.387125,0.283817,100,0,20,72
7130,suspended:docked,discovery,,0.387125,0.283817,100,0,20,72
7140,aftermath,discovery,0.067033,0.359125,0.274726,100,0,20,72
7150,aftermath,discovery,0.077942,0.079125,0.183817,100,0,20,72
7160,aftermath,discovery,0.088851,0,0.092908,100,0,20,72
7170,aftermath,discovery,0.09976,0,0.001999,100,0,20,72
7180,aftermath,discovery,0.1,0,0,100,0,20,72
7190,aftermath,discovery,0.1,0,0,100,0,20,72
7200,quiet,hunt,0.08,0,0,100,0,20,72
7210,quiet,hunt,0.08,0,0,100,0,20,72
7220,quiet,hunt,0.08,0,0,100,0,20,72
7230,quiet,hunt,0.08,0,0,100,0,20,72
7240,quiet,hunt,0.08,0,0,100,0,20,72
7250,peak,hunt,0.152,0.13,0.004,100,1,19,73
7260,peak,hunt,0.332,0.443417,0.024928,100,1,19,73
7270,peak,hunt,0.512,0.461792,0.047826,100,1,19,73
7280,peak,hunt,0.641288,0.480167,0.072597,100,1,19,73
7290,peak,hunt,0.638223,0.480167,0.09814,100,1,20,73
7300,peak,hunt,0.635158,0.470542,0.123685,100,1,20,73
7310,peak,hunt,0.63208,0.480167,0.149331,100,1,20,73
7320,peak,hunt,0.62891,0.480167,0.175749,100,1,20,73
7330,aftermath,hunt,0.277973,0.470542,0.20217,100,1,20,73
7340,aftermath,hunt,0.072557,0.480167,0.228691,100,1,20,73
7350,aftermath,hunt,0.069282,0.480167,0.255984,100,1,20,73
7360,aftermath,hunt,0.06633,0.4055,0.280582,100,0,20,73
7370,aftermath,hunt,0.074526,0.17275,0.212282,100,0,20,73
7380,aftermath,hunt,0.085435,0,0.121373,100,0,20,73
7390,aftermath,hunt,0.096344,0,0.030464,100,0,20,73
7400,aftermath,hunt,0.1,0,0,100,0,20,73
7410,aftermath,hunt,0.1,0,0,100,0,20,73
7420,aftermath,hunt,0.1,0,0,100,0,20,73
7430,aftermath,hunt,0.1,0,0,100,0,20,73
7440,aftermath,hunt,0.1,0,0,100,0,20,73
7450,quiet,discovery,0.08,0,0,100,0,20,73
7460,quiet,discovery,0.08,0,0,100,0,20,73
7470,quiet,discovery,0.08,0,0,100,0,20,73
7480,quiet,discovery,0.08,0,0,100,0,20,73
7490,quiet,discovery,0.08,0,0,100,0,20,73
7500,quiet,discovery,0.08,0,0,100,0,20,73
7510,quiet,discovery,0.08,0,0,100,0,20,73
7520,quiet,discovery,0.08,0,0,100,0,20,73
7530,quiet,discovery,0.08,0,0,100,0,20,73
7540,opportunity,discovery,0.23,0,0,100,0,20,73
7550,opportunity,discovery,0.23,0,0,100,0,20,73
7560,opportunity,discovery,0.23,0,0,100,0,20,73
7570,opportunity,discovery,0.23,0,0,100,0,20,73
7580,opportunity,discovery,0.23,0,0,100,0,20,73
7590,peak,discovery,0.32,0.325,0.010116,100,1,19,74
7600,peak,discovery,0.5,0.443417,0.031855,100,1,19,74
7610,peak,discovery,0.593332,0.480167,0.055565,100,1,19,75
7620,peak,discovery,0.590288,0.480167,0.080933,100,1,19,75
7630,peak,discovery,0.587244,0.470542,0.106303,100,1,19,75
7640,aftermath,discovery,0.087244,0.480167,0.131774,100,1,19,75
7650,aftermath,discovery,0.081038,0.480167,0.158018,100,1,20,75
7660,aftermath,discovery,0.077888,0.470542,0.184263,100,1,20,75
7670,aftermath,discovery,0.074727,0.480167,0.210609,100,1,20,75
7680,aftermath,discovery,0.071473,0.480167,0.237727,100,1,20,75
7690,aftermath,discovery,0.068249,0.470542,0.264594,100,0,20,75
7700,aftermath,discovery,0.068199,0.359125,0.265012,100,0,20,75
7710,aftermath,discovery,0.079108,0.079125,0.174103,100,0,20,75
7720,aftermath,discovery,0.090017,0,0.083193,100,0,20,75
7730,aftermath,discovery,0.1,0,0,100,0,20,75
7740,quiet,voyage,0.08,0,0,100,0,20,75
7750,quiet,voyage,0.08,0,0,100,0,20,75
7760,quiet,voyage,0.08,0,0,100,0,20,75
7770,quiet,voyage,0.08,0,0,100,0,20,75
7780,quiet,voyage,0.08,0,0,100,0,20,75
7790,quiet,voyage,0.08,0,0,100,0,20,75
7800,quiet,voyage,0.08,0,0,100,0,20,75
7810,opportunity,voyage,0.23,0,0,100,0,20,75
7820,opportunity,voyage,0.23,0,0,100,0,20,75
7830,opportunity,voyage,0.23,0,0,100,0,20,75
7840,opportunity,voyage,0.23,0,0,100,0,20,75
7850,opportunity,voyage,0.23,0,0,100,0,20,75
7860,opportunity,voyage,0.23,0,0,100,0,20,75
7870,opportunity,voyage,0.23,0,0,100,0,20,75
7880,opportunity,voyage,0.23,0,0,100,0,20,75
7890,opportunity,voyage,0.23,0,0,100,0,20,75
7900,opportunity,voyage,0.23,0,0,100,0,20,75
7910,opportunity,voyage,0.23,0,0,100,0,20,75
7920,build,voyage,0.32,0,0,100,0,20,75
7930,build,voyage,0.46,0,0,100,0,20,75
7940,build,voyage,0.46,0,0,100,0,20,75
7950,build,voyage,0.46,0,0,100,0,20,75
7960,build,voyage,0.478,0,0,100,0,20,75
7970,build,voyage,0.485,0,0,100,0,20,75
7980,build,voyage,0.485,0,0,100,1,19,76
7990,peak,voyage,0.62253,0.425042,0.02058,100,1,19,76
8000,peak,voyage,0.619824,0.461792,0.04313,100,1,19,76
8010,peak,voyage,0.616908,0.480167,0.067438,100,1,20,76
8020,peak,voyage,0.613884,0.470542,0.092633,100,1,20,76
8030,peak,voyage,0.610849,0.480167,0.117929,100,1,20,76
8040,peak,voyage,0.60772,0.480167,0.143997,100,1,20,76
8050,aftermath,voyage,0.10772,0.470542,0.170067,100,1,20,76
8060,aftermath,voyage,0.076451,0.480167,0.196238,100,1,20,76
8070,aftermath,voyage,0.073218,0.480167,0.223181,100,1,20,76
8080,aftermath,voyage,0.069985,0.470542,0.250127,100,1,20,76
8090,aftermath,voyage,0.066969,0.415125,0.275256,100,0,20,76
8100,aftermath,voyage,0.072403,0.247125,0.229972,100,0,20,76
8110,aftermath,voyage,0.083312,0,0.139063,100,0,20,76
8120,aftermath,voyage,0.094222,0,0.048154,100,0,20,76
8130,aftermath,voyage,0.1,0,0,100,0,20,76
8140,aftermath,voyage,0.1,0,0,100,0,20,76
8150,quiet,discovery,0.08,0,0,100,0,20,76
8160,quiet,discovery,0.08,0,0,100,0,20,76
8170,quiet,discovery,0.08,0,0,100,0,20,76
8180,quiet,discovery,0.08,0,0,100,0,20,76
8190,quiet,discovery,0.08,0,0,100,0,20,76
8200,quiet,discovery,0.08,0,0,100,0,20,76
8210,quiet,discovery,0.08,0,0,100,0,20,76
8220,quiet,discovery,0.08,0,0,100,0,20,76
8230,opportunity,discovery,0.098,0,0,100,1,19,77
8240,peak,discovery,0.278,0.443417,0.021391,100,1,20,77
8250,peak,discovery,0.458,0.480167,0.044638,100,1,20,77
8260,peak,discovery,0.616641,0.470542,0.069658,100,1,20,77
8270,peak,discovery,0.613627,0.480167,0.094779,100,1,20,77
8280,aftermath,discovery,0.362089,0.480167,0.120672,100,1,20,77
8290,aftermath,discovery,0.082412,0.470542,0.146567,100,1,20,77
8300,aftermath,discovery,0.079292,0.480167,0.172563,100,1,20,77
8310,aftermath,discovery,0.07608,0.480167,0.199331,100,1,20,77
8320,aftermath,discovery,0.072868,0.470542,0.226102,100,1,20,77
8330,aftermath,discovery,0.069643,0.480167,0.252973,100,1,20,77
8340,aftermath,discovery,0.066528,0.423875,0.278931,100,0,20,77
8350,aftermath,discovery,0.069215,0.303125,0.256544,100,0,20,77
8360,aftermath,discovery,0.080124,0.023125,0.165635,100,0,20,77
8370,aftermath,discovery,0.091033,0,0.074726,100,0,20,77
8380,aftermath,discovery,0.1,0,0,100,0,20,77
8390,aftermath,discovery,0.1,0,0,100,0,20,77
8400,quiet,hunt,0.08,0,0,100,0,20,77
8410,quiet,hunt,0.08,0,0,100,0,20,77
8420,quiet,hunt,0.08,0,0,100,0,20,77
8430,quiet,hunt,0.08,0,0,100,0,20,77
8440,quiet,hunt,0.08,0,0,100,0,20,77
8450,peak,hunt,0.224,0.39,0.012348,100,1,19,78
8460,peak,hunt,0.404,0.461792,0.034435,100,1,20,78
8470,peak,hunt,0.584,0.461792,0.058394,100,1,20,78
8480,peak,hunt,0.614999,0.480167,0.08334,100,1,20,78
8490,peak,hunt,0.611913,0.480167,0.109058,100,1,20,78
8500,peak,hunt,0.608827,0.470542,0.134778,100,1,20,78
8510,peak,hunt,0.605728,0.480167,0.160599,100,1,20,78
8520,aftermath,hunt,0.552851,0.480167,0.187193,100,1,20,78
8530,aftermath,hunt,0.074345,0.470542,0.213788,100,1,20,78
8540,aftermath,hunt,0.071142,0.480167,0.240484,100,1,20,78
8550,aftermath,hunt,0.067921,0.442542,0.267326,100,0,20,78
8560,aftermath,hunt,0.070611,0.303125,0.244912,100,0,20,78
8570,aftermath,hunt,0.08152,0.023125,0.154003,100,0,20,78
8580,aftermath,hunt,0.092429,0,0.063094,100,0,20,78
8590,aftermath,hunt,0.1,0,0,100,0,20,78
8600,aftermath,hunt,0.1,0,0,100,0,20,78
8610,aftermath,hunt,0.1,0,0,100,0,20,78
8620,aftermath,hunt,0.1,0,0,100,0,20,78
8630,quiet,discovery,0.08,0,0,100,0,20,78
8640,quiet,discovery,0.08,0,0,100,0,20,78
8650,quiet,discovery,0.08,0,0,100,0,20,78
8660,quiet,discovery,0.08,0,0,100,0,20,78
8670,quiet,discovery,0.08,0,0,100,0,20,78
8680,quiet,discovery,0.08,0,0,100,0,20,78
8690,quiet,discovery,0.08,0,0,100,0,20,78
8700,recovery,discovery,0.03,0.065,0.003473,100,0,20,78
8710,recovery,discovery,0.025438,0.633,0.038019,100,0,20,78
8720,recovery,discovery,0.03,0.409,0,100,0,20,78
8730,recovery,discovery,0.03,0.245,0,100,0,20,78
8740,recovery,discovery,0.03,0,0,100,0,20,78
8750,recovery,discovery,0.03,0,0,100,0,20,78
8760,recovery,discovery,0.03,0,0,100,0,20,78
8770,recovery,discovery,0.03,0,0,100,0,20,78
8780,recovery,discovery,0.03,0,0,100,0,20,78
8790,aftermath,discovery,0.048,0,0,100,0,20,78
8800,aftermath,discovery,0.1,0,0,100,0,20,78
8810,aftermath,discovery,0.1,0,0,100,0,20,78
8820,aftermath,discovery,0.1,0,0,100,0,20,78
8830,aftermath,discovery,0.1,0,0,100,0,20,78
8840,aftermath,discovery,0.1,0,0,100,0,20,78
8850,aftermath,discovery,0.1,0,0,100,0,20,78
8860,aftermath,discovery,0.1,0,0,100,0,20,78
8870,aftermath,discovery,0.1,0,0,100,0,20,78
8880,aftermath,discovery,0.1,0,0,100,0,20,78
8890,aftermath,discovery,0.1,0,0,100,0,20,78
8900,suspended:docked,discovery,,0,0,100,0,20,78
8910,suspended:docked,discovery,,0,0,100,0,20,78
8920,suspended:docked,discovery,,0,0,100,0,20,78
8930,suspended:docked,discovery,,0,0,100,0,20,78
8940,aftermath,discovery,0.08,0,0,100,0,20,78
8950,aftermath,discovery,0.08,0,0,100,0,20,78
8960,quiet,voyage,0.08,0,0,100,0,20,78
8970,quiet,voyage,0.08,0,0,100,0,20,78
8980,quiet,voyage,0.08,0,0,100,0,20,78
8990,quiet,voyage,0.08,0,0,100,0,20,78
9000,quiet,voyage,0.08,0,0,100,0,20,78
9010,quiet,voyage,0.08,0,0,100,0,20,78
9020,peak,voyage,0.116,0.065,0.002,100,1,19,79
9030,peak,voyage,0.296,0.443417,0.022927,100,1,19,79
9040,peak,voyage,0.476,0.461792,0.045826,100,1,19,79
9050,peak,voyage,0.641528,0.480167,0.070597,100,1,19,80
9060,peak,voyage,0.638463,0.480167,0.09614,100,1,19,80
9070,peak,voyage,0.635398,0.470542,0.121685,100,1,19,80
9080,aftermath,voyage,0.582629,0.480167,0.147331,100,1,19,80
9090,aftermath,voyage,0.082629,0.480167,0.173749,100,1,20,80
9100,aftermath,voyage,0.07598,0.470542,0.20017,100,1,20,80
9110,aftermath,voyage,0.072797,0.480167,0.226691,100,1,20,80
9120,aftermath,voyage,0.069522,0.480167,0.253984,100,1,20,80
9130,aftermath,voyage,0.066537,0.4055,0.278858,100,0,20,80
9140,aftermath,voyage,0.074732,0.17275,0.210565,100,0,20,80
9150,aftermath,voyage,0.085641,0,0.119656,100,0,20,80
9160,aftermath,voyage,0.09655,0,0.028746,100,0,20,80
9170,aftermath,voyage,0.1,0,0,100,0,20,80
9180,aftermath,voyage,0.1,0,0,100,0,20,80
9190,aftermath,voyage,0.1,0,0,100,0,20,80
9200,quiet,discovery,0.08,0,0,100,0,20,80
9210,quiet,discovery,0.08,0,0,100,0,20,80
9220,quiet,discovery,0.08,0,0,100,0,20,80
9230,quiet,discovery,0.08,0,0,100,0,20,80
9240,quiet,discovery,0.08,0,0,100,0,20,80
9250,quiet,discovery,0.08,0,0,100,0,20,80
9260,quiet,discovery,0.08,0,0,100,0,20,80
9270,quiet,discovery,0.08,0,0,100,0,20,80
9280,quiet,discovery,0.08,0,0,100,0,20,80
9290,peak,discovery,0.26,0.425042,0.016348,100,1,19,81
9300,peak,discovery,0.44,0.461792,0.038435,100,1,19,81
9310,peak,discovery,0.592513,0.461792,0.062394,100,1,19,81
9320,peak,discovery,0.589519,0.480167,0.08734,100,1,20,81
9330,aftermath,discovery,0.437365,0.480167,0.113058,100,1,20,81
9340,aftermath,discovery,0.083347,0.470542,0.138778,100,1,20,81
9350,aftermath,discovery,0.080248,0.480167,0.164599,100,1,20,81
9360,aftermath,discovery,0.077057,0.480167,0.191193,100,1,20,81
9370,aftermath,discovery,0.073865,0.470542,0.217788,100,1,20,81
9380,aftermath,discovery,0.070662,0.480167,0.244484,100,1,20,81
9390,aftermath,discovery,0.067504,0.423875,0.270803,100,0,20,81
9400,aftermath,discovery,0.070198,0.303125,0.24835,100,0,20,81
9410,aftermath,discovery,0.081107,0.023125,0.157441,100,0,20,81
9420,aftermath,discovery,0.092016,0,0.066532,100,0,20,81
9430,aftermath,discovery,0.1,0,0,100,0,20,81
9440,quiet,hunt,0.08,0,0,100,0,20,81
9450,quiet,hunt,0.08,0,0,100,0,20,81
9460,quiet,hunt,0.08,0,0,100,0,20,81
9470,quiet,hunt,0.08,0,0,100,0,20,81
9480,quiet,hunt,0.08,0,0,100,0,20,81
9490,opportunity,hunt,0.224,0,0,100,0,20,81
9500,opportunity,hunt,0.23,0,0,100,0,20,81
9510,opportunity,hunt,0.23,0,0,100,0,20,81
9520,opportunity,hunt,0.23,0,0,100,0,20,81
9530,opportunity,hunt,0.23,0,0,100,0,20,81
9540,opportunity,hunt,0.23,0,0,100,0,20,81
9550,opportunity,hunt,0.23,0,0,100,0,20,81
9560,opportunity,hunt,0.23,0,0,100,0,20,81
9570,peak,hunt,0.284,0.065,0.002116,100,1,19,82
9580,peak,hunt,0.464,0.443417,0.023855,100,1,19,82
9590,peak,hunt,0.594292,0.480167,0.047565,100,1,20,82
9600,peak,hunt,0.591248,0.480167,0.072933,100,1,20,82
9610,peak,hunt,0.588204,0.470542,0.098303,100,1,20,82
9620,peak,hunt,0.585147,0.480167,0.123774,100,1,20,82
9630,peak,hunt,0.581998,0.480167,0.150018,100,1,20,82
9640,peak,hunt,0.578848,0.470542,0.176263,100,1,20,82
9650,aftermath,hunt,0.277604,0.480167,0.202609,100,1,20,82
9660,aftermath,hunt,0.072433,0.480167,0.229727,100,1,20,82
9670,aftermath,hunt,0.069178,0.470542,0.256847,100,1,20,82
9680,aftermath,hunt,0.066174,0.415125,0.281879,100,0,20,82
9690,aftermath,hunt,0.071602,0.247125,0.236652,100,0,20,82
9700,aftermath,hunt,0.082511,0,0.145743,100,0,20,82
9710,aftermath,hunt,0.09342,0,0.054833,100,0,20,82
9720,aftermath,hunt,0.1,0,0,100,0,20,82
9730,aftermath,hunt,0.1,0,0,100,0,20,82
9740,aftermath,hunt,0.1,0,0,100,0,20,82
9750,quiet,discovery,0.08,0,0,100,0,20,82
9760,quiet,discovery,0.08,0,0,100,0,20,82
9770,quiet,discovery,0.08,0,0,100,0,20,82
9780,quiet,discovery,0.08,0,0,100,0,20,82
9790,quiet,discovery,0.08,0,0,100,0,20,82
9800,quiet,discovery,0.08,0,0,100,0,20,82
9810,quiet,discovery,0.08,0,0,100,0,20,82
9820,quiet,discovery,0.08,0,0,100,0,20,82
9830,peak,discovery,0.116,0.065,0.002,100,1,19,83
9840,peak,discovery,0.296,0.443417,0.022927,100,1,19,83
9850,peak,discovery,0.476,0.461792,0.045826,100,1,19,83
9860,peak,discovery,0.616528,0.480167,0.070597,100,1,20,83
9870,peak,discovery,0.613463,0.480167,0.09614,100,1,20,83
9880,aftermath,discovery,0.312255,0.470542,0.121685,100,1,20,83
9890,aftermath,discovery,0.08232,0.480167,0.147331,100,1,20,83
9900,aftermath,discovery,0.07915,0.480167,0.173749,100,1,20,83
9910,aftermath,discovery,0.07598,0.470542,0.20017,100,1,20,83
9920,aftermath,discovery,0.072797,0.480167,0.226691,100,1,20,83
9930,aftermath,discovery,0.069522,0.480167,0.253984,100,1,20,83
9940,aftermath,discovery,0.066537,0.4055,0.278858,100,0,20,83
9950,aftermath,discovery,0.074732,0.17275,0.210565,100,0,20,83
9960,aftermath,discovery,0.085641,0,0.119656,100,0,20,83
9970,aftermath,discovery,0.09655,0,0.028746,100,0,20,83
9980,aftermath,discovery,0.1,0,0,100,0,20,83
9990,aftermath,discovery,0.1,0,0,100,0,20,83
10000,quiet,voyage,0.08,0,0,100,0,20,83
10010,quiet,voyage,0.08,0,0,100,0,20,83
10020,quiet,voyage,0.08,0,0,100,0,20,83
10030,quiet,voyage,0.08,0,0,100,0,20,83
10040,quiet,voyage,0.08,0,0,100,0,20,83
10050,quiet,voyage,0.08,0,0,100,0,20,83
10060,peak,voyage,0.152,0.195,0.006,100,1,19,84
10070,peak,voyage,0.332,0.443417,0.027391,100,1,19,84
10080,peak,voyage,0.512,0.480167,0.050637,100,1,20,84
10090,peak,voyage,0.615921,0.470542,0.075658,100,1,19,85
10100,peak,voyage,0.612907,0.480167,0.100779,100,1,19,85
10110,peak,voyage,0.609799,0.480167,0.126672,100,1,19,85
10120,aftermath,voyage,0.457628,0.470542,0.152567,100,1,19,85
10130,aftermath,voyage,0.078572,0.480167,0.178563,100,1,20,85
10140,aftermath,voyage,0.07536,0.480167,0.205331,100,1,20,85
10150,aftermath,voyage,0.072148,0.470542,0.232102,100,1,20,85
10160,aftermath,voyage,0.068923,0.480167,0.258973,100,1,20,85
10170,aftermath,voyage,0.066005,0.4055,0.283292,100,0,20,85
10180,aftermath,voyage,0.076914,0.1255,0.192383,100,0,20,85
10190,aftermath,voyage,0.087823,0,0.101474,100,0,20,85
10200,aftermath,voyage,0.098732,0,0.010565,100,0,0,85
10210,aftermath,voyage,0.1,0,0,100,0,0,85
10220,aftermath,voyage,0.1,0,0,100,0,0,85
10230,quiet,discovery,0.08,0,0,100,0,0,85
10240,quiet,discovery,0.08,0,0,100,0,0,85
10250,quiet,discovery,0.08,0,0,100,0,0,85
10260,quiet,discovery,0.08,0,0,100,0,0,85
10270,quiet,discovery,0.08,0,0,100,0,0,85
10280,quiet,discovery,0.08,0,0,100,0,0,85
10290,quiet,discovery,0.08,0,0,100,0,0,85
10300,quiet,discovery,0.08,0,0,100,0,0,85
10310,opportunity,discovery,0.152,0,0,100,0,0,85
10320,opportunity,discovery,0.23,0,0,100,0,0,85
10330,opportunity,discovery,0.23,0,0,100,0,0,85
10340,opportunity,discovery,0.23,0,0,100,0,0,85
10350,opportunity,discovery,0.23,0,0,100,0,0,85
10360,opportunity,discovery,0.23,0,0,100,0,0,85
10370,opportunity,discovery,0.23,0,0,100,0,0,85
10380,opportunity,discovery,0.23,0,0,100,0,0,85
10390,opportunity,discovery,0.23,0,0,100,0,0,85
10400,opportunity,discovery,0.23,0,0,100,0,0,85
10410,opportunity,discovery,0.23,0,0,100,0,0,85
10420,opportunity,discovery,0.23,0,0,100,0,0,85
10430,opportunity,discovery,0.23,0,0,100,0,0,85
10440,opportunity,discovery,0.23,0,0,100,0,0,85
10450,opportunity,discovery,0.23,0,0,100,0,0,85
10460,opportunity,discovery,0.23,0,0,100,0,0,85
10470,build,discovery,0.392,0,0,100,0,0,85
10480,build,discovery,0.51,0,0,100,0,0,85
10490,build,discovery,0.51,0,0,100,0,0,85
10500,build,discovery,0.51,0,0,100,0,0,85
10510,build,discovery,0.51,0,0,100,0,0,85
10520,build,discovery,0.51,0,0,100,0,0,85
10530,build,discovery,0.51,0,0,100,0,0,85
10540,build,discovery,0.51,0,0,100,0,0,85
10550,build,discovery,0.51,0,0,100,0,0,85
10560,build,discovery,0.51,0,0,100,0,0,85
10570,opportunity,discovery,0.31,0,0,100,0,0,85
10580,peak,discovery,0.284,0.195,0.006348,100,1,0,86
10590,peak,discovery,0.464,0.461792,0.028435,100,1,0,86
10600,peak,discovery,0.643713,0.461792,0.052394,100,1,0,86
10610,peak,discovery,0.640719,0.480167,0.07734,100,1,0,86
10620,peak,discovery,0.637633,0.480167,0.103058,100,1,1,86
10630,aftermath,discovery,0.237025,0.470542,0.128778,100,1,0,87
10640,aftermath,discovery,0.081448,0.480167,0.154599,100,1,0,87
10650,aftermath,discovery,0.078257,0.480167,0.181193,100,1,0,87
10660,aftermath,discovery,0.075065,0.470542,0.207788,100,1,0,87
10670,aftermath,discovery,0.071862,0.480167,0.234484,100,1,0,88
10680,aftermath,discovery,0.068566,0.480167,0.261952,100,1,0,88
10690,aftermath,discovery,0.065626,0.4055,0.286446,100,0,0,88
10700,suspended:docked,discovery,,0.20075,0.227265,100,0,0,88
10710,suspended:docked,discovery,,0.20075,0.227265,100,0,1,88
10720,suspended:docked,discovery,,0.20075,0.227265,100,0,1,88
10730,suspended:docked,discovery,,0.20075,0.227265,100,0,1,88
10740,aftermath,discovery,0.073819,0.17275,0.218174,100,0,1,88
10750,aftermath,discovery,0.08,0,0.127265,100,0,1,88
10760,aftermath,discovery,0.095637,0,0.036356,100,0,1,89
10770,aftermath,discovery,0.1,0,0,100,0,1,89
10780,aftermath,discovery,0.1,0,0,100,0,0,90
10790,aftermath,discovery,0.1,0,0,100,0,0,90
10800,quiet,hunt,0.08,0,0,100,0,1,90
10810,quiet,hunt,0.08,0,0,100,0,1,90
10820,quiet,hunt,0.08,0,0,100,0,1,90
10830,quiet,hunt,0.08,0,0,100,0,1,90
10840,quiet,hunt,0.08,0,0,100,0,1,90
10850,peak,hunt,0.242,0.39,0.012348,100,1,1,91
10860,peak,hunt,0.422,0.461792,0.034435,100,1,1,91
10870,peak,hunt,0.602,0.461792,0.058394,100,1,1,91
10880,peak,hunt,0.639999,0.480167,0.08334,100,1,1,91
10890,peak,hunt,0.636913,0.480167,0.109058,100,1,2,91
10900,peak,hunt,0.633827,0.470542,0.134778,100,1,1,92
10910,peak,hunt,0.630728,0.480167,0.160599,100,1,1,92
10920,aftermath,hunt,0.577851,0.480167,0.187193,100,1,1,92
10930,aftermath,hunt,0.077851,0.470542,0.213788,100,1,1,92
10940,aftermath,hunt,0.071142,0.480167,0.240484,100,1,1,93
10950,aftermath,hunt,0.067921,0.442542,0.267326,100,0,1,93
10960,aftermath,hunt,0.070611,0.303125,0.244912,100,0,1,93
10970,aftermath,hunt,0.08152,0.023125,0.154003,100,0,1,93
10980,aftermath,hunt,0.092429,0,0.063094,100,0,2,93
10990,aftermath,hunt,0.1,0,0,100,0,2,93
11000,aftermath,hunt,0.1,0,0,100,0,2,93
11010,aftermath,hunt,0.1,0,0,100,0,2,93
11020,aftermath,hunt,0.1,0,0,100,0,2,93
11030,aftermath,hunt,0.1,0,0,100,0,3,93
11040,aftermath,hunt,0.1,0,0,100,0,3,93
11050,quiet,discovery,0.08,0,0,100,0,3,93
11060,quiet,discovery,0.08,0,0,100,0,3,93
11070,quiet,discovery,0.08,0,0,100,0,4,93
11080,quiet,discovery,0.08,0,0,100,0,4,93
11090,quiet,discovery,0.08,0,0,100,0,4,93
11100,quiet,discovery,0.08,0,0,100,0,4,93
11110,quiet,discovery,0.08,0,0,100,0,4,93
11120,quiet,discovery,0.08,0,0,100,0,5,93
11130,opportunity,discovery,0.152,0,0,100,0,5,93
11140,opportunity,discovery,0.23,0,0,100,0,5,93
11150,opportunity,discovery,0.23,0,0,100,0,5,93
11160,opportunity,discovery,0.23,0,0,100,0,6,93
11170,opportunity,discovery,0.23,0,0,100,0,6,93
11180,opportunity,discovery,0.23,0,0,100,1,5,94
11190,peak,discovery,0.41,0.443417,0.020928,100,1,5,94
11200,peak,discovery,0.59,0.461792,0.043826,100,1,5,94
11210,peak,discovery,0.591768,0.480167,0.068597,100,1,6,94
11220,peak,discovery,0.588703,0.480167,0.09414,100,1,6,94
11230,aftermath,discovery,0.337193,0.470542,0.119685,100,1,6,94
11240,aftermath,discovery,0.08256,0.480167,0.145331,100,1,6,94
11250,aftermath,discovery,0.07939,0.480167,0.171749,100,1,7,94
11260,aftermath,discovery,0.07622,0.470542,0.19817,100,1,6,95
11270,aftermath,discovery,0.073037,0.480167,0.224691,100,1,6,95
11280,aftermath,discovery,0.069762,0.480167,0.251984,100,1,6,95
11290,aftermath,discovery,0.066744,0.4055,0.277131,100,0,6,95
11300,aftermath,discovery,0.074939,0.17275,0.208844,100,0,6,96
11310,aftermath,discovery,0.085848,0,0.117935,100,0,6,96
11320,aftermath,discovery,0.096757,0,0.027026,100,0,6,96
11330,aftermath,discovery,0.1,0,0,100,0,6,96
11340,quiet,voyage,0.08,0,0,100,0,7,96
11350,quiet,voyage,0.08,0,0,100,0,7,96
11360,quiet,voyage,0.08,0,0,100,0,7,96
11370,quiet,voyage,0.08,0,0,100,0,7,96
11380,quiet,voyage,0.08,0,0,100,0,7,96
11390,quiet,voyage,0.08,0,0,100,0,8,96
11400,opportunity,voyage,0.17,0,0,100,0,8,96
11410,opportunity,voyage,0.23,0,0,100,0,8,96
11420,opportunity,voyage,0.23,0,0,100,0,8,96
11430,opportunity,voyage,0.23,0,0,100,0,9,96
11440,opportunity,voyage,0.23,0,0,100,0,9,96
11450,peak,voyage,0.284,0.195,0.006348,100,1,8,97
11460,peak,voyage,0.464,0.461792,0.028435,100,1,8,97
11470,peak,voyage,0.593713,0.461792,0.052394,100,1,8,97
11480,peak,voyage,0.590719,0.480167,0.07734,100,1,8,98
11490,peak,voyage,0.587633,0.480167,0.103058,100,1,8,98
11500,peak,voyage,0.584547,0.470542,0.128778,100,1,8,98
11510,aftermath,voyage,0.432403,0.480167,0.154599,100,1,8,98
11520,aftermath,voyage,0.078257,0.480167,0.181193,100,1,9,98
11530,aftermath,voyage,0.075065,0.470542,0.207788,100,1,8,99
11540,aftermath,voyage,0.071862,0.480167,0.234484,100,1,8,99
11550,aftermath,voyage,0.068566,0.480167,0.261952,100,1,8,99
11560,aftermath,voyage,0.065626,0.4055,0.286446,100,0,8,99
11570,aftermath,voyage,0.073819,0.17275,0.218174,100,0,9,99
11580,aftermath,voyage,0.084728,0,0.127265,100,0,9,99
11590,aftermath,voyage,0.095637,0,0.036356,100,0,9,99
11600,quiet,discovery,0.08,0,0,100,0,9,99
11610,quiet,discovery,0.08,0,0,100,0,10,99
11620,quiet,discovery,0.08,0,0,100,0,10,99
11630,quiet,discovery,0.08,0,0,100,0,10,99
11640,quiet,discovery,0.08,0,0,100,0,10,99
11650,quiet,discovery,0.08,0,0,100,0,10,99
11660,quiet,discovery,0.08,0,0,100,0,11,99
11670,quiet,discovery,0.08,0,0,100,0,11,99
11680,quiet,discovery,0.08,0,0,100,0,11,99
11690,opportunity,discovery,0.188,0,0,100,0,11,99
11700,opportunity,discovery,0.23,0,0,100,0,12,99
11710,opportunity,discovery,0.23,0,0,100,0,12,99
11720,opportunity,discovery,0.23,0,0,100,0,12,99
11730,opportunity,discovery,0.23,0,0,100,0,12,99
11740,opportunity,discovery,0.23,0,0,100,0,12,99
11750,opportunity,discovery,0.23,0,0,100,0,12,100
11760,opportunity,discovery,0.23,0,0,100,0,12,100
11770,opportunity,discovery,0.23,0,0,100,0,12,100
11780,opportunity,discovery,0.23,0,0,100,0,12,100
11790,peak,discovery,0.338,0.39,0.012116,100,1,12,101
11800,peak,discovery,0.518,0.443417,0.033855,100,1,12,101
11810,peak,discovery,0.618092,0.480167,0.057565,100,1,12,101
11820,peak,discovery,0.615048,0.480167,0.082933,100,1,12,101
11830,aftermath,discovery,0.562294,0.470542,0.108303,100,1,12,101
11840,aftermath,discovery,0.083947,0.480167,0.133774,100,1,13,101
11850,aftermath,discovery,0.080798,0.480167,0.160018,100,1,13,101
11860,aftermath,discovery,0.077648,0.470542,0.186263,100,1,13,101
11870,aftermath,discovery,0.074487,0.480167,0.212609,100,1,13,101
11880,aftermath,discovery,0.071233,0.480167,0.239727,100,1,14,101
11890,aftermath,discovery,0.06804,0.442542,0.266337,100,0,14,101
11900,aftermath,discovery,0.067993,0.359125,0.266729,100,0,14,101
11910,aftermath,discovery,0.078902,0.079125,0.17582,100,0,14,101
11920,aftermath,discovery,0.089811,0,0.084911,100,0,14,101
11930,aftermath,discovery,0.1,0,0,100,0,15,101
11940,aftermath,discovery,0.1,0,0,100,0,15,101
11950,quiet,hunt,0.08,0,0,100,0,15,101
11960,quiet,hunt,0.08,0,0,100,0,15,101
11970,quiet,hunt,0.08,0,0,100,0,16,101
11980,quiet,hunt,0.08,0,0,100,0,16,101
11990,quiet,hunt,0.08,0,0,100,0,16,101
12000,opportunity,hunt,0.152,0,0,100,0,16,101
12010,opportunity,hunt,0.23,0,0,100,0,16,101
12020,opportunity,hunt,0.23,0,0,100,0,17,101
12030,opportunity,hunt,0.23,0,0,100,0,17,101
12040,opportunity,hunt,0.23,0,0,100,0,17,101
12050,peak,hunt,0.266,0.13,0.004,100,1,16,102
12060,peak,hunt,0.446,0.443417,0.024928,100,1,17,102
12070,peak,hunt,0.619261,0.461792,0.047826,100,1,16,103
12080,peak,hunt,0.616288,0.480167,0.072597,100,1,16,103
12090,peak,hunt,0.613223,0.480167,0.09814,100,1,16,103
12100,peak,hunt,0.610158,0.470542,0.123685,100,1,16,103
12110,peak,hunt,0.60708,0.480167,0.149331,100,1,17,103
12120,peak,hunt,0.60391,0.480167,0.175749,100,1,16,104
12130,aftermath,hunt,0.252973,0.470542,0.20217,100,1,16,104
12140,aftermath,hunt,0.072557,0.480167,0.228691,100,1,16,104
12150,aftermath,hunt,0.069282,0.480167,0.255984,100,1,17,104
12160,aftermath,hunt,0.06633,0.4055,0.280582,100,0,16,105
12170,aftermath,hunt,0.074526,0.17275,0.212282,100,0,16,105
12180,aftermath,hunt,0.085435,0,0.121373,100,0,16,105
12190,aftermath,hunt,0.096344,0,0.030464,100,0,16,105
12200,aftermath,hunt,0.1,0,0,100,0,17,105
12210,aftermath,hunt,0.1,0,0,100,0,17,105
12220,aftermath,hunt,0.1,0,0,100,0,17,105
12230,aftermath,hunt,0.1,0,0,100,0,17,105
12240,quiet,discovery,0.08,0,0,100,0,18,105
12250,quiet,discovery,0.08,0,0,100,0,18,105
12260,quiet,discovery,0.08,0,0,100,0,18,105
12270,quiet,discovery,0.08,0,0,100,0,18,105
12280,quiet,discovery,0.08,0,0,100,0,18,105
12290,quiet,discovery,0.08,0,0,100,0,18,106
12300,recovery,discovery,0.03,0.065,0.003473,100,0,18,106
12310,recovery,discovery,0.025438,0.633,0.038019,100,0,18,106
12320,recovery,discovery,0.03,0.409,0,100,0,18,106
12330,recovery,discovery,0.03,0.245,0,100,0,19,106
12340,recovery,discovery,0.03,0,0,100,0,19,106
12350,recovery,discovery,0.03,0,0,100,0,19,106
12360,recovery,discovery,0.03,0,0,100,0,19,106
12370,recovery,discovery,0.03,0,0,100,0,19,106
12380,recovery,discovery,0.03,0,0,100,0,20,106
12390,aftermath,discovery,0.048,0,0,100,0,20,106
12400,aftermath,discovery,0.1,0,0,100,0,20,106
12410,aftermath,discovery,0.1,0,0,100,0,20,106
12420,aftermath,discovery,0.1,0,0,100,0,20,106
12430,aftermath,discovery,0.1,0,0,100,0,20,106
12440,aftermath,discovery,0.1,0,0,100,0,20,106
12450,aftermath,discovery,0.1,0,0,100,0,20,106
12460,aftermath,discovery,0.1,0,0,100,0,20,106
12470,aftermath,discovery,0.1,0,0,100,0,20,106
12480,aftermath,discovery,0.1,0,0,100,0,20,106
12490,aftermath,discovery,0.1,0,0,100,0,20,106
12500,suspended:docked,discovery,,0,0,100,0,20,106
12510,suspended:docked,discovery,,0,0,100,0,20,106
12520,suspended:docked,discovery,,0,0,100,0,20,106
12530,suspended:docked,discovery,,0,0,100,0,20,106
12540,aftermath,discovery,0.08,0,0,100,0,20,106
12550,aftermath,discovery,0.08,0,0,100,0,20,106
12560,quiet,voyage,0.08,0,0,100,0,20,106
12570,quiet,voyage,0.08,0,0,100,0,20,106
12580,quiet,voyage,0.08,0,0,100,0,20,106
12590,quiet,voyage,0.08,0,0,100,0,20,106
12600,quiet,voyage,0.08,0,0,100,0,20,106
12610,quiet,voyage,0.08,0,0,100,0,20,106
12620,opportunity,voyage,0.116,0,0,100,0,20,106
12630,opportunity,voyage,0.23,0,0,100,0,20,106
12640,opportunity,voyage,0.23,0,0,100,0,20,106
12650,opportunity,voyage,0.23,0,0,100,0,20,106
12660,opportunity,voyage,0.23,0,0,100,0,20,106
12670,opportunity,voyage,0.23,0,0,100,0,20,106
12680,opportunity,voyage,0.23,0,0,100,0,20,106
12690,opportunity,voyage,0.23,0,0,100,0,20,106
12700,opportunity,voyage,0.23,0,0,100,0,20,106
12710,opportunity,voyage,0.23,0,0,100,0,20,106
12720,opportunity,voyage,0.23,0,0,100,0,20,106
12730,opportunity,voyage,0.23,0,0,100,0,20,106
12740,build,voyage,0.356,0,0,100,0,20,106
12750,build,voyage,0.51,0,0,100,0,20,106
12760,build,voyage,0.51,0,0,100,0,20,106
12770,build,voyage,0.51,0,0,100,0,20,106
12780,build,voyage,0.51,0,0,100,1,19,107
12790,peak,voyage,0.64753,0.425042,0.02058,100,1,19,107
12800,peak,voyage,0.644824,0.461792,0.04313,100,1,19,107
12810,peak,voyage,0.641908,0.480167,0.067438,100,1,19,107
12820,peak,voyage,0.638884,0.470542,0.092633,100,1,19,107
12830,peak,voyage,0.635849,0.480167,0.117929,100,1,19,108
12840,peak,voyage,0.63272,0.480167,0.143997,100,1,19,108
12850,aftermath,voyage,0.13272,0.470542,0.170067,100,1,19,108
12860,aftermath,voyage,0.076451,0.480167,0.196238,100,1,19,108
12870,aftermath,voyage,0.073218,0.480167,0.223181,100,1,20,108
12880,aftermath,voyage,0.069985,0.470542,0.250127,100,1,20,108
12890,aftermath,voyage,0.066969,0.415125,0.275256,100,0,20,108
12900,aftermath,voyage,0.072403,0.247125,0.229972,100,0,20,108
12910,aftermath,voyage,0.083312,0,0.139063,100,0,20,108
12920,aftermath,voyage,0.094222,0,0.048154,100,0,20,108
12930,aftermath,voyage,0.1,0,0,100,0,20,108
12940,aftermath,voyage,0.1,0,0,100,0,20,108
12950,aftermath,voyage,0.1,0,0,100,0,20,108
12960,quiet,discovery,0.08,0,0,100,0,20,108
12970,quiet,discovery,0.08,0,0,100,0,20,108
12980,quiet,discovery,0.08,0,0,100,0,20,108
12990,quiet,discovery,0.08,0,0,100,0,20,108
13000,quiet,discovery,0.08,0,0,100,0,20,108
13010,quiet,discovery,0.08,0,0,100,0,20,108
13020,quiet,discovery,0.08,0,0,100,0,20,108
13030,quiet,discovery,0.08,0,0,100,0,20,108
13040,quiet,discovery,0.08,0,0,100,0,20,108
13050,peak,discovery,0.242,0.443417,0.014927,100,1,20,109
13060,peak,discovery,0.422,0.461792,0.037826,100,1,20,109
13070,peak,discovery,0.592488,0.480167,0.062597,100,1,20,109
13080,peak,discovery,0.589423,0.480167,0.08814,100,1,20,109
13090,aftermath,discovery,0.486966,0.470542,0.113685,100,1,20,109
13100,aftermath,discovery,0.08328,0.480167,0.139331,100,1,20,109
13110,aftermath,discovery,0.08011,0.480167,0.165749,100,1,20,109
13120,aftermath,discovery,0.07694,0.470542,0.19217,100,1,20,109
13130,aftermath,discovery,0.073757,0.480167,0.218691,100,1,20,109
13140,aftermath,discovery,0.070482,0.480167,0.245984,100,1,20,109
13150,aftermath,discovery,0.067299,0.423875,0.27251,100,0,20,109
13160,aftermath,discovery,0.067238,0.359125,0.273015,100,0,20,109
13170,aftermath,discovery,0.078147,0.079125,0.182106,100,0,20,109
13180,aftermath,discovery,0.089056,0,0.091197,100,0,20,109
13190,aftermath,discovery,0.099965,0,0.000288,100,0,20,109
13200,quiet,hunt,0.08,0,0,100,0,20,109
13210,quiet,hunt,0.08,0,0,100,0,20,109
13220,quiet,hunt,0.08,0,0,100,0,20,109
13230,quiet,hunt,0.08,0,0,100,0,20,109
13240,quiet,hunt,0.08,0,0,100,0,20,109
13250,peak,hunt,0.206,0.325,0.010348,100,1,19,110
13260,peak,hunt,0.386,0.461792,0.032435,100,1,19,110
13270,peak,hunt,0.566,0.461792,0.056394,100,1,19,110
13280,peak,hunt,0.590239,0.480167,0.08134,100,1,20,110
13290,peak,hunt,0.587153,0.480167,0.107058,100,1,19,111
13300,peak,hunt,0.584067,0.470542,0.132778,100,1,19,111
13310,peak,hunt,0.580968,0.480167,0.158599,100,1,19,111
13320,peak,hunt,0.577777,0.480167,0.185193,100,1,20,111
13330,aftermath,hunt,0.077777,0.470542,0.211788,100,1,20,111
13340,aftermath,hunt,0.071382,0.480167,0.238484,100,1,20,111
13350,aftermath,hunt,0.06813,0.470542,0.265583,100,0,20,111
13360,aftermath,hunt,0.070817,0.303125,0.243188,100,0,20,111
13370,aftermath,hunt,0.081727,0.023125,0.152279,100,0,20,111
13380,aftermath,hunt,0.092636,0,0.06137,100,0,20,111
13390,aftermath,hunt,0.1,0,0,100,0,20,111
13400,aftermath,hunt,0.1,0,0,100,0,20,111
13410,aftermath,hunt,0.1,0,0,100,0,20,111
13420,quiet,discovery,0.08,0,0,100,0,20,111
13430,quiet,discovery,0.08,0,0,100,0,20,111
13440,quiet,discovery,0.08,0,0,100,0,20,111
13450,quiet,discovery,0.08,0,0,100,0,20,111
13460,quiet,discovery,0.08,0,0,100,0,20,111
13470,quiet,discovery,0.08,0,0,100,0,20,111
13480,quiet,discovery,0.08,0,0,100,0,20,111
13490,quiet,discovery,0.08,0,0,100,0,20,111
13500,quiet,discovery,0.08,0,0,100,0,20,111
13510,opportunity,discovery,0.206,0,0,100,0,20,111
13520,opportunity,discovery,0.23,0,0,100,0,20,111
13530,opportunity,discovery,0.23,0,0,100,0,20,111
13540,opportunity,discovery,0.23,0,0,100,0,20,111
13550,opportunity,discovery,0.23,0,0,100,0,20,111
13560,opportunity,discovery,0.23,0,0,100,0,20,111
13570,opportunity,discovery,0.23,0,0,100,0,20,111
13580,opportunity,discovery,0.23,0,0,100,0,20,111
13590,opportunity,discovery,0.23,0,0,100,0,20,111
13600,opportunity,discovery,0.23,0,0,100,0,20,111
13610,opportunity,discovery,0.23,0,0,100,0,20,111
13620,opportunity,discovery,0.23,0,0,100,0,20,111
13630,opportunity,discovery,0.23,0,0,100,0,20,111
13640,opportunity,discovery,0.23,0,0,100,0,20,111
13650,peak,discovery,0.32,0.325,0.010116,100,1,19,112
13660,peak,discovery,0.5,0.443417,0.031855,100,1,19,112
13670,peak,discovery,0.618332,0.480167,0.055565,100,1,19,112
13680,peak,discovery,0.615288,0.480167,0.080933,100,1,20,112
13690,peak,discovery,0.612244,0.470542,0.106303,100,1,20,112
13700,aftermath,discovery,0.112244,0.480167,0.131774,100,1,20,112
13710,aftermath,discovery,0.081038,0.480167,0.158018,100,1,20,112
13720,aftermath,discovery,0.077888,0.470542,0.184263,100,1,20,112
13730,aftermath,discovery,0.074727,0.480167,0.210609,100,1,20,112
13740,aftermath,discovery,0.071473,0.480167,0.237727,100,1,20,112
13750,aftermath,discovery,0.068249,0.470542,0.264594,100,0,20,112
13760,aftermath,discovery,0.068199,0.359125,0.265012,100,0,20,112
13770,aftermath,discovery,0.079108,0.079125,0.174103,100,0,20,112
13780,aftermath,discovery,0.090017,0,0.083193,100,0,20,112
13790,aftermath,discovery,0.1,0,0,100,0,20,112
13800,aftermath,discovery,0.1,0,0,100,0,20,112
13810,quiet,voyage,0.08,0,0,100,0,20,112
13820,quiet,voyage,0.08,0,0,100,0,20,112
13830,quiet,voyage,0.08,0,0,100,0,20,112
13840,quiet,voyage,0.08,0,0,100,0,20,112
13850,quiet,voyage,0.08,0,0,100,0,20,112
13860,quiet,voyage,0.08,0,0,100,0,20,112
13870,quiet,voyage,0.08,0,0,100,0,20,112
13880,peak,voyage,0.224,0.425042,0.014348,100,1,19,113
13890,peak,voyage,0.404,0.461792,0.036435,100,1,19,113
13900,peak,voyage,0.584,0.461792,0.060394,100,1,19,113
13910,peak,voyage,0.614759,0.480167,0.08534,100,1,19,114
13920,peak,voyage,0.611673,0.480167,0.111058,100,1,19,114
13930,peak,voyage,0.608587,0.470542,0.136778,100,1,19,114
13940,aftermath,voyage,0.257676,0.480167,0.162599,100,1,19,114
13950,aftermath,voyage,0.077297,0.480167,0.189193,100,1,20,114
13960,aftermath,voyage,0.074105,0.470542,0.215788,100,1,20,114
13970,aftermath,voyage,0.070902,0.480167,0.242484,100,1,20,114
13980,aftermath,voyage,0.067712,0.423875,0.269066,100,0,20,114
13990,aftermath,voyage,0.070404,0.303125,0.246633,100,0,20,114
14000,aftermath,voyage,0.081313,0.023125,0.155724,100,0,20,114
14010,aftermath,voyage,0.092222,0,0.064815,100,0,20,114
14020,aftermath,voyage,0.1,0,0,100,0,20,114
14030,aftermath,voyage,0.1,0,0,100,0,20,114
14040,quiet,discovery,0.08,0,0,100,0,20,114
14050,quiet,discovery,0.08,0,0,100,0,20,114
14060,quiet,discovery,0.08,0,0,100,0,20,114
14070,quiet,discovery,0.08,0,0,100,0,20,114
14080,quiet,discovery,0.08,0,0,100,0,20,114
14090,quiet,discovery,0.08,0,0,100,0,20,114
14100,quiet,discovery,0.08,0,0,100,0,20,114
14110,quiet,discovery,0.08,0,0,100,0,20,114
14120,quiet,discovery,0.08,0,0,100,0,20,114
14130,opportunity,discovery,0.224,0,0,100,0,20,114
14140,opportunity,discovery,0.23,0,0,100,0,20,114
14150,opportunity,discovery,0.23,0,0,100,0,20,114
14160,opportunity,discovery,0.23,0,0,100,0,20,114
14170,opportunity,discovery,0.23,0,0,100,0,20,114
14180,opportunity,discovery,0.23,0,0,100,0,20,114
14190,opportunity,discovery,0.23,0,0,100,0,20,114
14200,opportunity,discovery,0.23,0,0,100,0,20,114
14210,opportunity,discovery,0.23,0,0,100,0,20,114
14220,opportunity,discovery,0.23,0,0,100,0,20,114
14230,opportunity,discovery,0.23,0,0,100,0,20,114
14240,opportunity,discovery,0.23,0,0,100,0,20,114
14250,peak,discovery,0.302,0.26,0.008116,100,1,19,115
14260,peak,discovery,0.482,0.443417,0.029855,100,1,19,115
14270,peak,discovery,0.643572,0.480167,0.053565,100,1,20,115
14280,peak,discovery,0.640528,0.480167,0.078933,100,1,20,115
14290,peak,discovery,0.637484,0.470542,0.104303,100,1,20,115
14300,suspended:docked,discovery,,0.498542,0.127223,100,1,20,115
14310,suspended:docked,discovery,,0.498542,0.127223,100,1,20,115
14320,suspended:docked,discovery,,0.498542,0.127223,100,1,20,115
14330,suspended:docked,discovery,,0.498542,0.127223,100,1,20,115
14340,aftermath,discovery,0.187193,0.470542,0.129503,100,1,20,115
14350,aftermath,discovery,0.08,0.425042,0.152883,100,1,20,115
14360,aftermath,discovery,0.08179,0.322375,0.151751,100,0,20,115
14370,aftermath,discovery,0.092699,0.042375,0.060842,100,0,20,115
14380,aftermath,discovery,0.1,0,0,100,0,20,115
14390,aftermath,discovery,0.1,0,0,100,0,20,115
14400,aftermath,discovery,0.1,0,0,100,0,20,115
14410,aftermath,discovery,0.1,0,0,100,0,20,115
14420,aftermath,discovery,0.1,0,0,100,0,20,115
14430,aftermath,discovery,0.1,0,0,100,0,20,115
14440,aftermath,discovery,0.1,0,0,100,0,20,115
14450,aftermath,discovery,0.1,0,0,100,0,20,115
14460,aftermath,discovery,0.1,0,0,100,0,20,115
14470,quiet,hunt,0.08,0,0,100,0,20,115
14480,quiet,hunt,0.08,0,0,100,0,20,115
14490,quiet,hunt,0.08,0,0,100,0,20,115
14500,quiet,hunt,0.08,0,0,100,0,20,115
14510,quiet,hunt,0.08,0,0,100,0,20,115
14520,peak,hunt,0.26,0.443417,0.018928,100,1,19,116
14530,peak,hunt,0.44,0.461792,0.041826,100,1,19,116
14540,peak,hunt,0.62,0.480167,0.066597,100,1,19,117
14550,peak,hunt,0.638943,0.480167,0.09214,100,1,19,117
14560,peak,hunt,0.635878,0.470542,0.117685,100,1,19,117
14570,peak,hunt,0.6328,0.480167,0.143331,100,1,19,117
14580,peak,hunt,0.62963,0.480167,0.169749,100,1,20,117
14590,aftermath,hunt,0.427741,0.470542,0.19617,100,1,19,118
14600,aftermath,hunt,0.073277,0.480167,0.222691,100,1,19,118
14610,aftermath,hunt,0.070002,0.480167,0.249984,100,1,19,118
14620,aftermath,hunt,0.066952,0.4055,0.275401,100,0,19,118
14630,aftermath,hunt,0.075146,0.17275,0.20712,100,0,20,118
14640,aftermath,hunt,0.086055,0,0.116211,100,0,20,118
14650,aftermath,hunt,0.096964,0,0.025302,100,0,20,118
14660,aftermath,hunt,0.1,0,0,100,0,20,118
14670,aftermath,hunt,0.1,0,0,100,0,20,118
14680,aftermath,hunt,0.1,0,0,100,0,20,118
14690,aftermath,hunt,0.1,0,0,100,0,20,118
14700,aftermath,hunt,0.1,0,0,100,0,20,118
14710,quiet,discovery,0.08,0,0,100,0,20,118
14720,quiet,discovery,0.08,0,0,100,0,20,118
14730,quiet,discovery,0.08,0,0,100,0,20,118
14740,quiet,discovery,0.08,0,0,100,0,20,118
14750,quiet,discovery,0.08,0,0,100,0,20,118
14760,quiet,discovery,0.08,0,0,100,0,20,118
14770,quiet,discovery,0.08,0,0,100,0,20,118
14780,quiet,discovery,0.08,0,0,100,0,20,118
14790,quiet,discovery,0.08,0,0,100,0,20,118
14800,opportunity,discovery,0.206,0,0,100,0,20,118
14810,opportunity,discovery,0.23,0,0,100,0,20,118
14820,opportunity,discovery,0.23,0,0,100,0,20,118
14830,opportunity,discovery,0.23,0,0,100,0,20,118
14840,opportunity,discovery,0.23,0,0,100,0,20,118
14850,peak,discovery,0.284,0.195,0.006116,100,1,20,119
14860,peak,discovery,0.464,0.443417,0.027855,100,1,20,119
14870,peak,discovery,0.593812,0.480167,0.051565,100,1,20,119
14880,peak,discovery,0.590768,0.480167,0.076933,100,1,19,120
14890,peak,discovery,0.587724,0.470542,0.102303,100,1,19,120
14900,aftermath,discovery,0.187129,0.480167,0.127774,100,1,20,120
14910,aftermath,discovery,0.081518,0.480167,0.154018,100,1,20,120
14920,aftermath,discovery,0.078368,0.470542,0.180263,100,1,20,120
14930,aftermath,discovery,0.075207,0.480167,0.206609,100,1,20,120
14940,aftermath,discovery,0.071953,0.480167,0.233727,100,1,20,120
14950,aftermath,discovery,0.068698,0.470542,0.260847,100,1,20,120
14960,aftermath,discovery,0.068612,0.359125,0.261567,100,0,20,120
14970,aftermath,discovery,0.079521,0.079125,0.170658,100,0,20,120
14980,aftermath,discovery,0.09043,0,0.079749,100,0,20,120
14990,aftermath,discovery,0.1,0,0,100,0,20,120
15000,quiet,voyage,0.08,0,0,100,0,20,120
15010,quiet,voyage,0.08,0,0,100,0,20,120
15020,quiet,voyage,0.08,0,0,100,0,20,120
15030,quiet,voyage,0.08,0,0,100,0,20,120
15040,quiet,voyage,0.08,0,0,100,0,20,120
15050,quiet,voyage,0.08,0,0,100,0,20,120
15060,quiet,voyage,0.08,0,0,100,0,20,120
15070,opportunity,voyage,0.224,0,0,100,0,20,120
15080,opportunity,voyage,0.23,0,0,100,0,20,120
15090,opportunity,voyage,0.23,0,0,100,0,20,120
15100,opportunity,voyage,0.23,0,0,100,0,20,120
15110,opportunity,voyage,0.23,0,0,100,0,20,120
15120,opportunity,voyage,0.23,0,0,100,0,20,120
15130,opportunity,voyage,0.23,0,0,100,0,20,120
15140,opportunity,voyage,0.23,0,0,100,0,20,120
15150,opportunity,voyage,0.23,0,0,100,0,20,120
15160,opportunity,voyage,0.23,0,0,100,0,20,120
15170,opportunity,voyage,0.23,0,0,100,0,20,120
15180,build,voyage,0.284,0,0,100,1,19,121
15190,peak,voyage,0.464,0.425042,0.02058,100,1,19,121
15200,peak,voyage,0.594824,0.461792,0.04313,100,1,19,121
15210,peak,voyage,0.591908,0.480167,0.067438,100,1,20,121
15220,peak,voyage,0.588884,0.470542,0.092633,100,1,20,121
15230,peak,voyage,0.585849,0.480167,0.117929,100,1,20,121
15240,peak,voyage,0.58272,0.480167,0.143997,100,1,20,121
15250,aftermath,voyage,0.08272,0.470542,0.170067,100,1,20,121
15260,aftermath,voyage,0.076451,0.480167,0.196238,100,1,20,121
15270,aftermath,voyage,0.073218,0.480167,0.223181,100,1,20,121
15280,aftermath,voyage,0.069985,0.470542,0.250127,100,1,20,121
15290,aftermath,voyage,0.066969,0.415125,0.275256,100,0,20,121
15300,aftermath,voyage,0.072403,0.247125,0.229972,100,0,20,121
15310,aftermath,voyage,0.083312,0,0.139063,100,0,20,121
15320,aftermath,voyage,0.094222,0,0.048154,100,0,20,121
15330,aftermath,voyage,0.1,0,0,100,0,20,121
15340,quiet,discovery,0.08,0,0,100,0,20,121
15350,quiet,discovery,0.08,0,0,100,0,20,121
15360,quiet,discovery,0.08,0,0,100,0,20,121
15370,quiet,discovery,0.08,0,0,100,0,20,121
15380,quiet,discovery,0.08,0,0,100,0,20,121
15390,quiet,discovery,0.08,0,0,100,0,20,121
15400,quiet,discovery,0.08,0,0,100,0,20,121
15410,quiet,discovery,0.08,0,0,100,0,20,121
15420,opportunity,discovery,0.134,0,0,100,0,20,121
15430,peak,discovery,0.314,0.425042,0.01858,100,1,19,122
15440,peak,discovery,0.494,0.461792,0.04113,100,1,20,122
15450,peak,discovery,0.617148,0.480167,0.065437,100,1,20,122
15460,peak,discovery,0.614124,0.470542,0.090633,100,1,20,122
15470,aftermath,discovery,0.412326,0.480167,0.115929,100,1,20,122
15480,aftermath,discovery,0.08296,0.480167,0.141997,100,1,20,122
15490,aftermath,discovery,0.079832,0.470542,0.168067,100,1,20,122
15500,aftermath,discovery,0.076691,0.480167,0.194238,100,1,20,122
15510,aftermath,discovery,0.073458,0.480167,0.221181,100,1,20,122
15520,aftermath,discovery,0.070225,0.470542,0.248127,100,1,20,122
15530,aftermath,discovery,0.067177,0.415125,0.273526,100,0,20,122
15540,aftermath,discovery,0.072609,0.247125,0.228254,100,0,20,122
15550,aftermath,discovery,0.083519,0,0.137345,100,0,20,122
15560,aftermath,discovery,0.094428,0,0.046436,100,0,20,122
15570,aftermath,discovery,0.1,0,0,100,0,20,122
15580,aftermath,discovery,0.1,0,0,100,0,20,122
15590,quiet,hunt,0.08,0,0,100,0,20,122
15600,quiet,hunt,0.08,0,0,100,0,20,122
15610,quiet,hunt,0.08,0,0,100,0,20,122
15620,quiet,hunt,0.08,0,0,100,0,20,122
15630,quiet,hunt,0.08,0,0,100,0,20,122
15640,peak,hunt,0.206,0.26,0.008,100,1,19,123
15650,peak,hunt,0.386,0.443417,0.029391,100,1,19,123
15660,peak,hunt,0.566,0.480167,0.052637,100,1,20,123
15670,peak,hunt,0.615681,0.470542,0.077658,100,1,20,123
15680,peak,hunt,0.612667,0.480167,0.102779,100,1,20,123
15690,peak,hunt,0.609559,0.480167,0.128672,100,1,20,123
15700,peak,hunt,0.606452,0.470542,0.154567,100,1,20,123
15710,peak,hunt,0.603332,0.480167,0.180563,100,1,20,123
15720,aftermath,hunt,0.15302,0.480167,0.207331,100,1,20,123
15730,aftermath,hunt,0.071908,0.470542,0.234102,100,1,20,123
15740,aftermath,hunt,0.068683,0.480167,0.260973,100,1,20,123
15750,aftermath,hunt,0.065799,0.4055,0.285009,100,0,20,123
15760,aftermath,hunt,0.076708,0.1255,0.1941,100,0,20,123
15770,aftermath,hunt,0.087617,0,0.103191,100,0,20,123
15780,aftermath,hunt,0.098526,0,0.012282,100,0,20,123
15790,aftermath,hunt,0.1,0,0,100,0,20,123
15800,aftermath,hunt,0.1,0,0,100,0,20,123
15810,aftermath,hunt,0.1,0,0,100,0,20,123
15820,aftermath,hunt,0.1,0,0,100,0,20,123
15830,quiet,discovery,0.08,0,0,100,0,20,123
15840,quiet,discovery,0.08,0,0,100,0,20,123
15850,quiet,discovery,0.08,0,0,100,0,20,123
15860,quiet,discovery,0.08,0,0,100,0,20,123
15870,quiet,discovery,0.08,0,0,100,0,20,123
15880,quiet,discovery,0.08,0,0,100,0,20,123
15890,quiet,discovery,0.08,0,0,100,0,20,123
15900,recovery,discovery,0.03,0.065,0.003473,100,0,20,123
15910,recovery,discovery,0.025438,0.633,0.038019,100,0,20,123
15920,recovery,discovery,0.03,0.409,0,100,0,20,123
15930,recovery,discovery,0.03,0.245,0,100,0,20,123
15940,recovery,discovery,0.03,0,0,100,0,20,123
15950,recovery,discovery,0.03,0,0,100,0,20,123
15960,recovery,discovery,0.03,0,0,100,0,20,123
15970,recovery,discovery,0.03,0,0,100,0,20,123
15980,recovery,discovery,0.03,0,0,100,0,20,123
15990,aftermath,discovery,0.048,0,0,100,0,20,123
16000,aftermath,discovery,0.1,0,0,100,0,20,123
16010,aftermath,discovery,0.1,0,0,100,0,20,123
16020,aftermath,discovery,0.1,0,0,100,0,20,123
16030,aftermath,discovery,0.1,0,0,100,0,20,123
16040,aftermath,discovery,0.1,0,0,100,0,20,123
16050,aftermath,discovery,0.1,0,0,100,0,20,123
16060,aftermath,discovery,0.1,0,0,100,0,20,123
16070,aftermath,discovery,0.1,0,0,100,0,20,123
16080,aftermath,discovery,0.1,0,0,100,0,20,123
16090,aftermath,discovery,0.1,0,0,100,0,20,123
16100,suspended:docked,discovery,,0,0,100,0,20,123
16110,suspended:docked,discovery,,0,0,100,0,20,123
16120,suspended:docked,discovery,,0,0,100,0,20,123
16130,suspended:docked,discovery,,0,0,100,0,20,123
16140,aftermath,discovery,0.08,0,0,100,0,20,123
16150,aftermath,discovery,0.08,0,0,100,0,20,123
16160,quiet,voyage,0.08,0,0,100,0,20,123
16170,quiet,voyage,0.08,0,0,100,0,20,123
16180,quiet,voyage,0.08,0,0,100,0,20,123
16190,quiet,voyage,0.08,0,0,100,0,20,123
16200,quiet,voyage,0.08,0,0,100,0,20,123
16210,quiet,voyage,0.08,0,0,100,0,20,123
16220,opportunity,voyage,0.116,0,0,100,1,19,124
16230,peak,voyage,0.296,0.443417,0.020928,100,1,19,124
16240,peak,voyage,0.476,0.461792,0.043826,100,1,19,124
16250,peak,voyage,0.641768,0.480167,0.068597,100,1,19,125
16260,peak,voyage,0.638703,0.480167,0.09414,100,1,19,125
16270,peak,voyage,0.635638,0.470542,0.119685,100,1,19,125
16280,peak,voyage,0.63256,0.480167,0.145331,100,1,19,125
16290,aftermath,voyage,0.13256,0.480167,0.171749,100,1,20,125
16300,aftermath,voyage,0.07622,0.470542,0.19817,100,1,19,126
16310,aftermath,voyage,0.073037,0.480167,0.224691,100,1,19,126
16320,aftermath,voyage,0.069762,0.480167,0.251984,100,1,19,126
16330,aftermath,voyage,0.066744,0.4055,0.277131,100,0,19,126
16340,aftermath,voyage,0.074939,0.17275,0.208844,100,0,20,126
16350,aftermath,voyage,0.085848,0,0.117935,100,0,20,126
16360,aftermath,voyage,0.096757,0,0.027026,100,0,20,126
16370,aftermath,voyage,0.1,0,0,100,0,20,126
16380,aftermath,voyage,0.1,0,0,100,0,20,126
16390,aftermath,voyage,0.1,0,0,100,0,20,126
16400,quiet,discovery,0.08,0,0,100,0,20,126
16410,quiet,discovery,0.08,0,0,100,0,20,126
16420,quiet,discovery,0.08,0,0,100,0,20,126
16430,quiet,discovery,0.08,0,0,100,0,20,126
16440,quiet,discovery,0.08,0,0,100,0,20,126
16450,quiet,discovery,0.08,0,0,100,0,20,126
16460,quiet,discovery,0.08,0,0,100,0,20,126
16470,quiet,discovery,0.08,0,0,100,0,20,126
16480,quiet,discovery,0.08,0,0,100,0,20,126
16490,peak,discovery,0.242,0.325,0.010348,100,1,19,127
16500,peak,discovery,0.422,0.461792,0.032435,100,1,19,127
16510,peak,discovery,0.602,0.461792,0.056394,100,1,19,127
16520,peak,discovery,0.640239,0.480167,0.08134,100,1,19,128
16530,peak,discovery,0.637153,0.480167,0.107058,100,1,19,128
16540,aftermath,discovery,0.137153,0.470542,0.132778,100,1,19,128
16550,aftermath,discovery,0.080968,0.480167,0.158599,100,1,19,128
16560,aftermath,discovery,0.077777,0.480167,0.185193,100,1,20,128
16570,aftermath,discovery,0.074585,0.470542,0.211788,100,1,20,128
16580,aftermath,discovery,0.071382,0.480167,0.238484,100,1,20,128
16590,aftermath,discovery,0.06813,0.470542,0.265583,100,0,20,128
16600,aftermath,discovery,0.070817,0.303125,0.243188,100,0,20,128
16610,aftermath,discovery,0.081727,0.023125,0.152279,100,0,20,128
16620,aftermath,discovery,0.092636,0,0.06137,100,0,20,128
16630,aftermath,discovery,0.1,0,0,100,0,20,128
16640,aftermath,discovery,0.1,0,0,100,0,20,128
16650,aftermath,discovery,0.1,0,0,100,0,20,128
16660,quiet,hunt,0.08,0,0,100,0,20,128
16670,quiet,hunt,0.08,0,0,100,0,20,128
16680,quiet,hunt,0.08,0,0,100,0,20,128
16690,quiet,hunt,0.08,0,0,100,0,20,128
16700,quiet,hunt,0.08,0,0,100,0,20,128
16710,opportunity,hunt,0.098,0,0,100,0,20,128
16720,opportunity,hunt,0.23,0,0,100,0,20,128
16730,opportunity,hunt,0.23,0,0,100,0,20,128
16740,opportunity,hunt,0.23,0,0,100,0,20,128
16750,opportunity,hunt,0.23,0,0,100,0,20,128
16760,opportunity,hunt,0.23,0,0,100,0,20,128
16770,opportunity,hunt,0.23,0,0,100,0,20,128
16780,opportunity,hunt,0.23,0,0,100,0,20,128
16790,opportunity,hunt,0.23,0,0,100,0,20,128
16800,peak,hunt,0.338,0.13,0.004116,100,1,19,129
16810,peak,hunt,0.518,0.443417,0.025855,100,1,19,129
16820,peak,hunt,0.594052,0.480167,0.049565,100,1,19,129
16830,peak,hunt,0.591008,0.480167,0.074933,100,1,20,129
16840,peak,hunt,0.587964,0.470542,0.100303,100,1,20,129
16850,peak,hunt,0.584907,0.480167,0.125774,100,1,20,129
16860,peak,hunt,0.581758,0.480167,0.152018,100,1,20,129
16870,peak,hunt,0.578608,0.470542,0.178263,100,1,20,129
16880,aftermath,hunt,0.227679,0.480167,0.204609,100,1,20,129
16890,aftermath,hunt,0.072193,0.480167,0.231727,100,1,20,129
16900,aftermath,hunt,0.068938,0.470542,0.258847,100,1,20,129
16910,aftermath,hunt,0.065968,0.415125,0.283603,100,0,20,129
16920,aftermath,hunt,0.071396,0.247125,0.238363,100,0,20,129
16930,aftermath,hunt,0.082306,0,0.147454,100,0,20,129
16940,aftermath,hunt,0.093215,0,0.056544,100,0,20,129
16950,aftermath,hunt,0.1,0,0,100,0,20,129
16960,aftermath,hunt,0.1,0,0,100,0,20,129
16970,aftermath,hunt,0.1,0,0,100,0,20,129
16980,quiet,discovery,0.08,0,0,100,0,20,129
16990,quiet,discovery,0.08,0,0,100,0,20,129
17000,quiet,discovery,0.08,0,0,100,0,20,129
17010,quiet,discovery,0.08,0,0,100,0,20,129
17020,quiet,discovery,0.08,0,0,100,0,20,129
17030,quiet,discovery,0.08,0,0,100,0,20,129
17040,quiet,discovery,0.08,0,0,100,0,20,129
17050,quiet,discovery,0.08,0,0,100,0,20,129
17060,peak,discovery,0.152,0.065,0.002,100,1,19,130
17070,peak,discovery,0.332,0.443417,0.022927,100,1,19,130
17080,peak,discovery,0.512,0.461792,0.045826,100,1,19,130
17090,peak,discovery,0.591528,0.480167,0.070597,100,1,19,130
17100,peak,discovery,0.588463,0.480167,0.09614,100,1,20,130
17110,aftermath,discovery,0.287255,0.470542,0.121685,100,1,20,130
17120,aftermath,discovery,0.08232,0.480167,0.147331,100,1,20,130
17130,aftermath,discovery,0.07915,0.480167,0.173749,100,1,20,130
17140,aftermath,discovery,0.07598,0.470542,0.20017,100,1,20,130
17150,aftermath,discovery,0.072797,0.480167,0.226691,100,1,20,130
17160,aftermath,discovery,0.069522,0.480167,0.253984,100,1,20,130
17170,aftermath,discovery,0.066537,0.4055,0.278858,100,0,20,130
17180,aftermath,discovery,0.074732,0.17275,0.210565,100,0,20,130
17190,aftermath,discovery,0.085641,0,0.119656,100,0,20,130
17200,aftermath,discovery,0.09655,0,0.028746,100,0,20,130
17210,quiet,voyage,0.08,0,0,100,0,20,130
17220,quiet,voyage,0.08,0,0,100,0,20,130
17230,quiet,voyage,0.08,0,0,100,0,20,130
17240,quiet,voyage,0.08,0,0,100,0,20,130
17250,quiet,voyage,0.08,0,0,100,0,20,130
17260,quiet,voyage,0.08,0,0,100,0,20,130
17270,quiet,voyage,0.08,0,0,100,0,20,130
17280,peak,voyage,0.188,0.325,0.010116,100,1,20,131
17290,peak,voyage,0.368,0.443417,0.031855,100,1,20,131
17300,peak,voyage,0.548,0.480167,0.055565,100,1,20,131
17310,peak,voyage,0.615288,0.480167,0.080933,100,1,20,131
17320,peak,voyage,0.612244,0.470542,0.106303,100,1,20,131
17330,peak,voyage,0.609187,0.480167,0.131774,100,1,20,131
17340,aftermath,voyage,0.357628,0.480167,0.158018,100,1,20,131
17350,aftermath,voyage,0.077888,0.470542,0.184263,100,1,20,131
17360,aftermath,voyage,0.074727,0.480167,0.210609,100,1,20,131
17370,aftermath,voyage,0.071473,0.480167,0.237727,100,1,20,131
17380,aftermath,voyage,0.068249,0.470542,0.264594,100,0,20,131
17390,aftermath,voyage,0.068199,0.359125,0.265012,100,0,20,131
17400,aftermath,voyage,0.079108,0.079125,0.174103,100,0,0,131
17410,aftermath,voyage,0.090017,0,0.083193,100,0,0,131
17420,aftermath,voyage,0.1,0,0,100,0,0,131
17430,aftermath,voyage,0.1,0,0,100,0,0,131
17440,quiet,discovery,0.08,0,0,100,0,0,131
17450,quiet,discovery,0.08,0,0,100,0,0,131
17460,quiet,discovery,0.08,0,0,100,0,0,131
17470,quiet,discovery,0.08,0,0,100,0,0,131
17480,quiet,discovery,0.08,0,0,100,0,0,131
17490,quiet,discovery,0.08,0,0,100,0,0,131
17500,quiet,discovery,0.08,0,0,100,0,0,131
17510,quiet,discovery,0.08,0,0,100,0,0,131
17520,quiet,discovery,0.08,0,0,100,0,0,131
17530,opportunity,discovery,0.188,0,0,100,0,0,131
17540,opportunity,discovery,0.23,0,0,100,0,0,131
17550,opportunity,discovery,0.23,0,0,100,0,0,131
17560,opportunity,discovery,0.23,0,0,100,0,0,131
17570,opportunity,discovery,0.23,0,0,100,0,0,131
17580,opportunity,discovery,0.23,0,0,100,0,0,131
17590,opportunity,discovery,0.23,0,0,100,0,0,131
17600,opportunity,discovery,0.23,0,0,100,0,0,131
17610,opportunity,discovery,0.23,0,0,100,0,0,131
17620,opportunity,discovery,0.23,0,0,100,0,0,131
17630,opportunity,discovery,0.23,0,0,100,0,0,131
17640,opportunity,discovery,0.23,0,0,100,0,0,131
17650,opportunity,discovery,0.23,0,0,100,0,0,131
17660,opportunity,discovery,0.23,0,0,100,0,0,131
17670,opportunity,discovery,0.23,0,0,100,0,0,131
17680,build,discovery,0.248,0,0,100,0,0,131
17690,build,discovery,0.428,0,0,100,0,0,131
17700,build,discovery,0.485,0,0,100,0,0,131
17710,build,discovery,0.485,0,0,100,0,0,131
17720,build,discovery,0.485,0,0,100,0,0,131
17730,build,discovery,0.485,0,0,100,0,0,131
17740,build,discovery,0.485,0,0,100,0,0,131
17750,build,discovery,0.485,0,0,100,0,0,131
17760,build,discovery,0.503,0,0,100,0,0,131
17770,build,discovery,0.51,0,0,100,0,0,131
17780,peak,discovery,0.414,0.195,0.006348,100,1,0,132
17790,peak,discovery,0.594,0.461792,0.028435,100,1,0,132
17800,peak,discovery,0.643713,0.461792,0.052394,100,1,0,132
17810,peak,discovery,0.640719,0.480167,0.07734,100,1,0,132
17820,peak,discovery,0.637633,0.480167,0.103058,100,1,1,132
17830,aftermath,discovery,0.237025,0.470542,0.128778,100,1,1,132
17840,aftermath,discovery,0.081448,0.480167,0.154599,100,1,1,132
17850,aftermath,discovery,0.078257,0.480167,0.181193,100,1,1,132
17860,aftermath,discovery,0.075065,0.470542,0.207788,100,1,1,132
17870,aftermath,discovery,0.071862,0.480167,0.234484,100,1,1,133
17880,aftermath,discovery,0.068566,0.480167,0.261952,100,1,1,133
17890,aftermath,discovery,0.065626,0.4055,0.286446,100,0,1,133
17900,suspended:docked,discovery,,0.20075,0.227265,100,0,1,133
17910,suspended:docked,discovery,,0.20075,0.227265,100,0,2,133
17920,suspended:docked,discovery,,0.20075,0.227265,100,0,2,133
17930,suspended:docked,discovery,,0.20075,0.227265,100,0,2,133
17940,aftermath,discovery,0.073819,0.17275,0.218174,100,0,2,133
17950,aftermath,discovery,0.08,0,0.127265,100,0,2,133
17960,aftermath,discovery,0.095637,0,0.036356,100,0,3,133
17970,aftermath,discovery,0.1,0,0,100,0,3,133
17980,aftermath,discovery,0.1,0,0,100,0,3,133
17990,aftermath,discovery,0.1,0,0,100,0,3,133
18000,quiet,hunt,0.08,0,0,100,0,4,133
18010,quiet,hunt,0.08,0,0,100,0,3,134
18020,quiet,hunt,0.08,0,0,100,0,3,134
18030,quiet,hunt,0.08,0,0,100,0,3,134
18040,quiet,hunt,0.08,0,0,100,0,3,134
18050,opportunity,hunt,0.23,0,0,100,0,3,135
18060,peak,hunt,0.248,0.065,0.002116,100,1,2,136
18070,peak,hunt,0.428,0.443417,0.023855,100,1,2,136
18080,peak,hunt,0.608,0.480167,0.047565,100,1,2,136
18090,peak,hunt,0.641248,0.480167,0.072933,100,1,3,136
18100,peak,hunt,0.638204,0.470542,0.098303,100,1,2,137
18110,peak,hunt,0.635147,0.480167,0.123774,100,1,2,137
18120,peak,hunt,0.631998,0.480167,0.150018,100,1,2,137
18130,peak,hunt,0.628848,0.470542,0.176263,100,1,2,137
18140,aftermath,hunt,0.327604,0.480167,0.202609,100,1,2,138
18150,aftermath,hunt,0.072433,0.480167,0.229727,100,1,2,138
18160,aftermath,hunt,0.069178,0.470542,0.256847,100,1,2,138
18170,aftermath,hunt,0.066174,0.415125,0.281879,100,0,2,138
18180,aftermath,hunt,0.071602,0.247125,0.236652,100,0,3,138
18190,aftermath,hunt,0.082511,0,0.145743,100,0,2,139
18200,aftermath,hunt,0.09342,0,0.054833,100,0,2,139
18210,aftermath,hunt,0.1,0,0,100,0,2,139
18220,aftermath,hunt,0.1,0,0,100,0,2,139
18230,aftermath,hunt,0.1,0,0,100,0,3,139
18240,aftermath,hunt,0.1,0,0,100,0,3,139
18250,aftermath,hunt,0.1,0,0,100,0,3,139
18260,quiet,discovery,0.08,0,0,100,0,3,139
18270,quiet,discovery,0.08,0,0,100,0,4,139
18280,quiet,discovery,0.08,0,0,100,0,4,139
18290,quiet,discovery,0.08,0,0,100,0,4,139
18300,quiet,discovery,0.08,0,0,100,0,4,139
18310,quiet,discovery,0.08,0,0,100,0,4,139
18320,quiet,discovery,0.08,0,0,100,0,4,140
18330,quiet,discovery,0.08,0,0,100,0,4,140
18340,quiet,discovery,0.08,0,0,100,0,4,140
18350,opportunity,discovery,0.224,0,0,100,0,4,140
18360,opportunity,discovery,0.23,0,0,100,0,5,140
18370,opportunity,discovery,0.23,0,0,100,0,4,141
18380,peak,discovery,0.266,0.13,0.004,100,1,3,142
18390,peak,discovery,0.446,0.443417,0.024928,100,1,3,142
18400,peak,discovery,0.594261,0.461792,0.047826,100,1,3,142
18410,peak,discovery,0.591288,0.480167,0.072597,100,1,4,142
18420,peak,discovery,0.588223,0.480167,0.09814,100,1,4,142
18430,aftermath,discovery,0.237317,0.470542,0.123685,100,1,4,142
18440,aftermath,discovery,0.08208,0.480167,0.149331,100,1,4,142
18450,aftermath,discovery,0.07891,0.480167,0.175749,100,1,5,142
18460,aftermath,discovery,0.07574,0.470542,0.20217,100,1,4,143
18470,aftermath,discovery,0.072557,0.480167,0.228691,100,1,4,143
18480,aftermath,discovery,0.069282,0.480167,0.255984,100,1,4,143
18490,aftermath,discovery,0.06633,0.4055,0.280582,100,0,4,143
18500,aftermath,discovery,0.074526,0.17275,0.212282,100,0,5,143
18510,aftermath,discovery,0.085435,0,0.121373,100,0,5,143
18520,aftermath,discovery,0.096344,0,0.030464,100,0,5,143
18530,quiet,voyage,0.08,0,0,100,0,5,143
18540,quiet,voyage,0.08,0,0,100,0,6,143
18550,quiet,voyage,0.08,0,0,100,0,5,144
18560,quiet,voyage,0.08,0,0,100,0,5,144
18570,quiet,voyage,0.08,0,0,100,0,5,144
18580,quiet,voyage,0.08,0,0,100,0,5,144
18590,quiet,voyage,0.08,0,0,100,0,6,144
18600,opportunity,voyage,0.206,0,0,100,0,6,144
18610,opportunity,voyage,0.23,0,0,100,0,6,144
18620,opportunity,voyage,0.23,0,0,100,0,6,144
18630,opportunity,voyage,0.23,0,0,100,0,7,144
18640,opportunity,voyage,0.23,0,0,100,0,6,145
18650,opportunity,voyage,0.23,0,0,100,0,6,145
18660,opportunity,voyage,0.23,0,0,100,0,6,145
18670,opportunity,voyage,0.23,0,0,100,0,6,145
18680,peak,voyage,0.374,0.425042,0.016348,100,1,6,146
18690,peak,voyage,0.554,0.461792,0.038435,100,1,6,146
18700,peak,voyage,0.592513,0.461792,0.062394,100,1,5,147
18710,peak,voyage,0.589519,0.480167,0.08734,100,1,5,147
18720,peak,voyage,0.586433,0.480167,0.113058,100,1,6,147
18730,peak,voyage,0.583347,0.470542,0.138778,100,1,6,147
18740,aftermath,voyage,0.182744,0.480167,0.164599,100,1,6,147
18750,aftermath,voyage,0.077057,0.480167,0.191193,100,1,6,147
18760,aftermath,voyage,0.073865,0.470542,0.217788,100,1,6,147
18770,aftermath,voyage,0.070662,0.480167,0.244484,100,1,7,147
18780,aftermath,voyage,0.067504,0.423875,0.270803,100,0,7,147
18790,aftermath,voyage,0.070198,0.303125,0.24835,100,0,7,147
18800,aftermath,voyage,0.081107,0.023125,0.157441,100,0,7,147
18810,aftermath,voyage,0.092016,0,0.066532,100,0,8,147
18820,aftermath,voyage,0.1,0,0,100,0,7,148
18830,quiet,discovery,0.08,0,0,100,0,7,148
18840,quiet,discovery,0.08,0,0,100,0,7,148
18850,quiet,discovery,0.08,0,0,100,0,7,148
18860,quiet,discovery,0.08,0,0,100,0,7,149
18870,quiet,discovery,0.08,0,0,100,0,7,149
18880,quiet,discovery,0.08,0,0,100,0,7,149
18890,quiet,discovery,0.08,0,0,100,0,7,149
18900,quiet,discovery,0.08,0,0,100,0,8,149
18910,opportunity,discovery,0.098,0,0,100,0,7,150
18920,opportunity,discovery,0.23,0,0,100,0,7,150
18930,opportunity,discovery,0.23,0,0,100,0,7,150
18940,opportunity,discovery,0.23,0,0,100,0,7,150
18950,opportunity,discovery,0.23,0,0,100,0,7,151
18960,opportunity,discovery,0.23,0,0,100,0,7,151
18970,opportunity,discovery,0.23,0,0,100,0,7,151
18980,opportunity,discovery,0.23,0,0,100,0,7,151
18990,opportunity,discovery,0.23,0,0,100,0,8,151
19000,peak,discovery,0.302,0.26,0.008,100,1,6,153
19010,peak,discovery,0.482,0.443417,0.029391,100,1,6,153
19020,peak,discovery,0.618684,0.480167,0.052637,100,1,6,153
19030,peak,discovery,0.615681,0.470542,0.077658,100,1,6,153
19040,peak,discovery,0.612667,0.480167,0.102779,100,1,7,153
19050,aftermath,discovery,0.162365,0.480167,0.128672,100,1,7,153
19060,aftermath,discovery,0.081452,0.470542,0.154567,100,1,7,153
19070,aftermath,discovery,0.078332,0.480167,0.180563,100,1,7,153
19080,aftermath,discovery,0.07512,0.480167,0.207331,100,1,8,153
19090,aftermath,discovery,0.071908,0.470542,0.234102,100,1,8,153
19100,aftermath,discovery,0.068683,0.480167,0.260973,100,1,8,153
19110,aftermath,discovery,0.065799,0.4055,0.285009,100,0,8,153
19120,aftermath,discovery,0.076708,0.1255,0.1941,100,0,8,153
19130,aftermath,discovery,0.087617,0,0.103191,100,0,9,153
19140,aftermath,discovery,0.098526,0,0.012282,100,0,9,153
19150,aftermath,discovery,0.1,0,0,100,0,9,153
19160,quiet,hunt,0.08,0,0,100,0,9,153
19170,quiet,hunt,0.08,0,0,100,0,10,153
19180,quiet,hunt,0.08,0,0,100,0,10,153
19190,quiet,hunt,0.08,0,0,100,0,10,153
19200,quiet,hunt,0.08,0,0,100,0,10,153
19210,opportunity,hunt,0.116,0,0,100,0,10,153
19220,opportunity,hunt,0.23,0,0,100,0,11,153
19230,opportunity,hunt,0.23,0,0,100,0,11,153
19240,opportunity,hunt,0.23,0,0,100,0,11,153
19250,opportunity,hunt,0.23,0,0,100,0,11,153
19260,opportunity,hunt,0.23,0,0,100,0,12,153
19270,opportunity,hunt,0.23,0,0,100,0,12,153
19280,peak,hunt,0.338,0.39,0.012348,100,1,11,154
19290,peak,hunt,0.518,0.461792,0.034435,100,1,11,154
19300,peak,hunt,0.617993,0.461792,0.058394,100,1,11,154
19310,peak,hunt,0.614999,0.480167,0.08334,100,1,12,154
19320,peak,hunt,0.611913,0.480167,0.109058,100,1,12,154
19330,peak,hunt,0.608827,0.470542,0.134778,100,1,12,154
19340,peak,hunt,0.605728,0.480167,0.160599,100,1,12,154
19350,aftermath,hunt,0.552851,0.480167,0.187193,100,1,13,154
19360,aftermath,hunt,0.074345,0.470542,0.213788,100,1,13,154
19370,aftermath,hunt,0.071142,0.480167,0.240484,100,1,13,154
19380,aftermath,hunt,0.067921,0.442542,0.267326,100,0,13,154
19390,aftermath,hunt,0.070611,0.303125,0.244912,100,0,13,154
19400,aftermath,hunt,0.08152,0.023125,0.154003,100,0,13,155
19410,aftermath,hunt,0.092429,0,0.063094,100,0,13,155
19420,aftermath,hunt,0.1,0,0,100,0,13,155
19430,aftermath,hunt,0.1,0,0,100,0,13,155
19440,aftermath,hunt,0.1,0,0,100,0,14,155
19450,aftermath,hunt,0.1,0,0,100,0,14,155
19460,quiet,discovery,0.08,0,0,100,0,14,155
19470,quiet,discovery,0.08,0,0,100,0,14,155
19480,quiet,discovery,0.08,0,0,100,0,14,155
19490,quiet,discovery,0.08,0,0,100,0,15,155
19500,recovery,discovery,0.03,0.065,0.003473,100,0,15,155
19510,recovery,discovery,0.025438,0.633,0.038019,100,0,15,155
19520,recovery,discovery,0.03,0.409,0,100,0,15,155
19530,recovery,discovery,0.03,0.245,0,100,0,16,155
19540,recovery,discovery,0.03,0,0,100,0,16,155
19550,recovery,discovery,0.03,0,0,100,0,16,155
19560,recovery,discovery,0.03,0,0,100,0,16,155
19570,recovery,discovery,0.03,0,0,100,0,16,155
19580,recovery,discovery,0.03,0,0,100,0,17,155
19590,aftermath,discovery,0.048,0,0,100,0,17,155
19600,aftermath,discovery,0.1,0,0,100,0,17,155
19610,aftermath,discovery,0.1,0,0,100,0,17,155
19620,aftermath,discovery,0.1,0,0,100,0,18,155
19630,aftermath,discovery,0.1,0,0,100,0,17,156
19640,aftermath,discovery,0.1,0,0,100,0,17,156
19650,aftermath,discovery,0.1,0,0,100,0,17,156
19660,aftermath,discovery,0.1,0,0,100,0,17,156
19670,aftermath,discovery,0.1,0,0,100,0,18,156
19680,aftermath,discovery,0.1,0,0,100,0,18,156
19690,aftermath,discovery,0.1,0,0,100,0,18,156
19700,suspended:docked,discovery,,0,0,100,0,18,156
19710,suspended:docked,discovery,,0,0,100,0,19,156
19720,suspended:docked,discovery,,0,0,100,0,19,156
19730,suspended:docked,discovery,,0,0,100,0,19,156
19740,aftermath,discovery,0.08,0,0,100,0,19,156
19750,quiet,voyage,0.08,0,0,100,0,19,156
19760,quiet,voyage,0.08,0,0,100,0,19,157
19770,quiet,voyage,0.08,0,0,100,0,19,157
19780,quiet,voyage,0.08,0,0,100,0,19,157
19790,quiet,voyage,0.08,0,0,100,0,19,157
19800,quiet,voyage,0.08,0,0,100,0,20,157
19810,opportunity,voyage,0.152,0,0,100,0,20,157
19820,opportunity,voyage,0.23,0,0,100,0,20,157
19830,opportunity,voyage,0.23,0,0,100,0,20,157
19840,opportunity,voyage,0.23,0,0,100,0,20,157
19850,opportunity,voyage,0.23,0,0,100,0,20,157
19860,opportunity,voyage,0.23,0,0,100,0,20,157
19870,opportunity,voyage,0.23,0,0,100,0,20,157
19880,opportunity,voyage,0.23,0,0,100,0,20,157
19890,opportunity,voyage,0.23,0,0,100,0,20,157
19900,opportunity,voyage,0.23,0,0,100,0,20,157
19910,opportunity,voyage,0.23,0,0,100,0,20,157
19920,opportunity,voyage,0.23,0,0,100,0,20,157
19930,build,voyage,0.392,0,0,100,0,20,157
19940,build,voyage,0.51,0,0,100,0,20,157
19950,build,voyage,0.51,0,0,100,0,20,157
19960,build,voyage,0.51,0,0,100,0,20,157
19970,build,voyage,0.51,0,0,100,0,20,157
19980,build,voyage,0.51,0,0,100,1,19,158
19990,peak,voyage,0.64753,0.425042,0.02058,100,1,19,158
20000,peak,voyage,0.644824,0.461792,0.04313,100,1,18,159
20010,peak,voyage,0.641908,0.480167,0.067438,100,1,18,159
20020,peak,voyage,0.638884,0.470542,0.092633,100,1,18,159
20030,peak,voyage,0.635849,0.480167,0.117929,100,1,18,160
20040,peak,voyage,0.63272,0.480167,0.143997,100,1,18,160
20050,aftermath,voyage,0.13272,0.470542,0.170067,100,1,18,160
20060,aftermath,voyage,0.076451,0.480167,0.196238,100,1,18,160
20070,aftermath,voyage,0.073218,0.480167,0.223181,100,1,19,160
20080,aftermath,voyage,0.069985,0.470542,0.250127,100,1,18,161
20090,aftermath,voyage,0.066969,0.415125,0.275256,100,0,18,161
20100,aftermath,voyage,0.072403,0.247125,0.229972,100,0,18,161
20110,aftermath,voyage,0.083312,0,0.139063,100,0,18,161
20120,aftermath,voyage,0.094222,0,0.048154,100,0,18,162
20130,aftermath,voyage,0.1,0,0,100,0,18,162
20140,aftermath,voyage,0.1,0,0,100,0,18,162
20150,aftermath,voyage,0.1,0,0,100,0,18,162
20160,quiet,discovery,0.08,0,0,100,0,19,162
20170,quiet,discovery,0.08,0,0,100,0,18,163
20180,quiet,discovery,0.08,0,0,100,0,18,163
20190,quiet,discovery,0.08,0,0,100,0,18,163
20200,quiet,discovery,0.08,0,0,100,0,18,163
20210,quiet,discovery,0.08,0,0,100,0,19,163
20220,quiet,discovery,0.08,0,0,100,0,19,163
20230,quiet,discovery,0.08,0,0,100,0,19,163
20240,quiet,discovery,0.08,0,0,100,0,19,163
20250,peak,discovery,0.242,0.443417,0.016927,100,1,19,164
20260,peak,discovery,0.422,0.461792,0.039826,100,1,19,164
20270,peak,discovery,0.592248,0.480167,0.064597,100,1,19,164
20280,peak,discovery,0.589183,0.480167,0.09014,100,1,19,164
20290,aftermath,discovery,0.437042,0.470542,0.115685,100,1,19,164
20300,aftermath,discovery,0.08304,0.480167,0.141331,100,1,19,165
20310,aftermath,discovery,0.07987,0.480167,0.167749,100,1,19,165
20320,aftermath,discovery,0.0767,0.470542,0.19417,100,1,19,165
20330,aftermath,discovery,0.073517,0.480167,0.220691,100,1,19,165
20340,aftermath,discovery,0.070242,0.480167,0.247984,100,1,20,165
20350,aftermath,discovery,0.06709,0.423875,0.274247,100,0,20,165
20360,aftermath,discovery,0.067033,0.359125,0.274726,100,0,20,165
20370,aftermath,discovery,0.077942,0.079125,0.183817,100,0,20,165
20380,aftermath,discovery,0.088851,0,0.092908,100,0,20,165
20390,aftermath,discovery,0.09976,0,0.001999,100,0,20,165
20400,quiet,hunt,0.08,0,0,100,0,20,165
20410,quiet,hunt,0.08,0,0,100,0,20,165
20420,quiet,hunt,0.08,0,0,100,0,20,165
20430,quiet,hunt,0.08,0,0,100,0,20,165
20440,quiet,hunt,0.08,0,0,100,0,20,165
20450,opportunity,hunt,0.224,0,0,100,0,20,165
20460,opportunity,hunt,0.23,0,0,100,0,20,165
20470,opportunity,hunt,0.23,0,0,100,0,20,165
20480,opportunity,hunt,0.23,0,0,100,0,20,165
20490,opportunity,hunt,0.23,0,0,100,0,20,165
20500,opportunity,hunt,0.23,0,0,100,0,20,165
20510,opportunity,hunt,0.23,0,0,100,0,20,165
20520,opportunity,hunt,0.23,0,0,100,0,20,165
20530,peak,hunt,0.284,0.065,0.002,100,1,19,166
20540,peak,hunt,0.464,0.443417,0.023391,100,1,19,166
20550,peak,hunt,0.594404,0.480167,0.046637,100,1,19,166
20560,peak,hunt,0.591401,0.470542,0.071658,100,1,19,166
20570,peak,hunt,0.588387,0.480167,0.096779,100,1,20,166
20580,peak,hunt,0.585279,0.480167,0.122672,100,1,20,166
20590,peak,hunt,0.582172,0.470542,0.148567,100,1,20,166
20600,peak,hunt,0.579052,0.480167,0.174563,100,1,20,166
20610,aftermath,hunt,0.277789,0.480167,0.201331,100,1,20,166
20620,aftermath,hunt,0.072628,0.470542,0.228102,100,1,20,166
20630,aftermath,hunt,0.069403,0.480167,0.254973,100,1,20,166
20640,aftermath,hunt,0.066418,0.4055,0.279847,100,0,20,166
20650,aftermath,hunt,0.077327,0.1255,0.188938,100,0,20,166
20660,aftermath,hunt,0.088237,0,0.098029,100,0,20,166
20670,aftermath,hunt,0.099146,0,0.00712,100,0,20,166
20680,aftermath,hunt,0.1,0,0,100,0,20,166
20690,aftermath,hunt,0.1,0,0,100,0,20,166
20700,aftermath,hunt,0.1,0,0,100,0,20,166
20710,quiet,discovery,0.08,0,0,100,0,20,166
20720,quiet,discovery,0.08,0,0,100,0,20,166
20730,quiet,discovery,0.08,0,0,100,0,20,166
20740,quiet,discovery,0.08,0,0,100,0,20,166
20750,quiet,discovery,0.08,0,0,100,0,20,166
20760,quiet,discovery,0.08,0,0,100,0,20,166
20770,quiet,discovery,0.08,0,0,100,0,20,166
20780,quiet,discovery,0.08,0,0,100,0,20,166
20790,opportunity,discovery,0.134,0,0,100,1,19,167
20800,peak,discovery,0.314,0.425042,0.02058,100,1,19,167
20810,peak,discovery,0.494,0.461792,0.04313,100,1,19,167
20820,peak,discovery,0.591908,0.480167,0.067438,100,1,19,167
20830,peak,discovery,0.588884,0.470542,0.092633,100,1,19,167
20840,aftermath,discovery,0.337388,0.480167,0.117929,100,1,20,167
20850,aftermath,discovery,0.08272,0.480167,0.143997,100,1,20,167
20860,aftermath,discovery,0.079592,0.470542,0.170067,100,1,20,167
20870,aftermath,discovery,0.076451,0.480167,0.196238,100,1,20,167
20880,aftermath,discovery,0.073218,0.480167,0.223181,100,1,20,167
20890,aftermath,discovery,0.069985,0.470542,0.250127,100,1,20,167
20900,aftermath,discovery,0.066969,0.415125,0.275256,100,0,20,167
20910,aftermath,discovery,0.072403,0.247125,0.229972,100,0,20,167
20920,aftermath,discovery,0.083312,0,0.139063,100,0,20,167
20930,aftermath,discovery,0.094222,0,0.048154,100,0,20,167
20940,aftermath,discovery,0.1,0,0,100,0,20,167
20950,quiet,voyage,0.08,0,0,100,0,20,167
20960,quiet,voyage,0.08,0,0,100,0,20,167
20970,quiet,voyage,0.08,0,0,100,0,20,167
20980,quiet,voyage,0.08,0,0,100,0,20,167
20990,quiet,voyage,0.08,0,0,100,0,20,167
21000,quiet,voyage,0.08,0,0,100,0,20,167
21010,peak,voyage,0.17,0.26,0.008,100,1,19,168
21020,peak,voyage,0.35,0.443417,0.029391,100,1,19,169
21030,peak,voyage,0.53,0.480167,0.052637,100,1,19,169
21040,peak,voyage,0.615681,0.470542,0.077658,100,1,19,169
21050,peak,voyage,0.612667,0.480167,0.102779,100,1,19,169
21060,peak,voyage,0.609559,0.480167,0.128672,100,1,20,169
21070,aftermath,voyage,0.407709,0.470542,0.154567,100,1,20,169
21080,aftermath,voyage,0.078332,0.480167,0.180563,100,1,20,169
21090,aftermath,voyage,0.07512,0.480167,0.207331,100,1,20,169
21100,aftermath,voyage,0.071908,0.470542,0.234102,100,1,20,169
21110,aftermath,voyage,0.068683,0.480167,0.260973,100,1,20,169
21120,aftermath,voyage,0.065799,0.4055,0.285009,100,0,20,169
21130,aftermath,voyage,0.076708,0.1255,0.1941,100,0,20,169
21140,aftermath,voyage,0.087617,0,0.103191,100,0,20,169
21150,aftermath,voyage,0.098526,0,0.012282,100,0,20,169
21160,aftermath,voyage,0.1,0,0,100,0,20,169
21170,aftermath,voyage,0.1,0,0,100,0,20,169
21180,quiet,discovery,0.08,0,0,100,0,20,169
21190,quiet,discovery,0.08,0,0,100,0,20,169
21200,quiet,discovery,0.08,0,0,100,0,20,169
21210,quiet,discovery,0.08,0,0,100,0,20,169
21220,quiet,discovery,0.08,0,0,100,0,20,169
21230,quiet,discovery,0.08,0,0,100,0,20,169
21240,quiet,discovery,0.08,0,0,100,0,20,169
21250,quiet,discovery,0.08,0,0,100,0,20,169
21260,opportunity,discovery,0.17,0,0,100,0,20,169
21270,opportunity,discovery,0.23,0,0,100,0,20,169
21280,opportunity,discovery,0.23,0,0,100,0,20,169
21290,opportunity,discovery,0.23,0,0,100,0,20,169
21300,opportunity,discovery,0.23,0,0,100,0,20,169
21310,opportunity,discovery,0.23,0,0,100,0,20,169
21320,opportunity,discovery,0.23,0,0,100,0,20,169
21330,opportunity,discovery,0.23,0,0,100,0,20,169
21340,opportunity,discovery,0.23,0,0,100,0,20,169
21350,opportunity,discovery,0.23,0,0,100,0,20,169
21360,opportunity,discovery,0.23,0,0,100,0,20,169
21370,opportunity,discovery,0.23,0,0,100,0,20,169
21380,opportunity,discovery,0.23,0,0,100,0,20,169
21390,opportunity,discovery,0.23,0,0,100,0,20,169
21400,peak,discovery,0.392,0.425042,0.01858,100,1,19,170
21410,peak,discovery,0.572,0.461792,0.04113,100,1,19,170
21420,peak,discovery,0.617148,0.480167,0.065437,100,1,20,170
21430,peak,discovery,0.614124,0.470542,0.090633,100,1,19,171
21440,aftermath,discovery,0.412326,0.480167,0.115929,100,1,19,171
21450,aftermath,discovery,0.08296,0.480167,0.141997,100,1,19,171
21460,aftermath,discovery,0.079832,0.470542,0.168067,100,1,19,171
21470,aftermath,discovery,0.076691,0.480167,0.194238,100,1,20,171
21480,aftermath,discovery,0.073458,0.480167,0.221181,100,1,20,171
21490,aftermath,discovery,0.070225,0.470542,0.248127,100,1,20,171
21500,suspended:docked,discovery,,0.4335,0.271199,100,0,20,171
21510,suspended:docked,discovery,,0.4335,0.271199,100,0,20,171
21520,suspended:docked,discovery,,0.4335,0.271199,100,0,20,171
21530,suspended:docked,discovery,,0.4335,0.271199,100,0,20,171
21540,aftermath,discovery,0.068547,0.4055,0.262108,100,0,20,171
21550,aftermath,discovery,0.079456,0.1255,0.171199,100,0,20,171
21560,aftermath,discovery,0.090365,0,0.08029,100,0,20,171
21570,aftermath,discovery,0.1,0,0,100,0,20,171
21580,aftermath,discovery,0.1,0,0,100,0,20,171
21590,aftermath,discovery,0.1,0,0,100,0,20,171
21600,quiet,hunt,0.08,0,0,100,0,20,171
21610,quiet,hunt,0.08,0,0,100,0,20,171
21620,quiet,hunt,0.08,0,0,100,0,20,171
21630,quiet,hunt,0.08,0,0,100,0,20,171
21640,quiet,hunt,0.08,0,0,100,0,20,171
21650,peak,hunt,0.206,0.26,0.008348,100,1,19,172
21660,peak,hunt,0.386,0.461792,0.030435,100,1,19,172
21670,peak,hunt,0.566,0.461792,0.054394,100,1,19,172
21680,peak,hunt,0.640479,0.480167,0.07934,100,1,19,172
21690,peak,hunt,0.637393,0.480167,0.105058,100,1,20,172
21700,peak,hunt,0.634307,0.470542,0.130778,100,1,20,172
21710,peak,hunt,0.631208,0.480167,0.156599,100,1,20,172
21720,peak,hunt,0.628017,0.480167,0.183193,100,1,20,172
21730,aftermath,hunt,0.177702,0.470542,0.209788,100,1,20,172
21740,aftermath,hunt,0.071622,0.480167,0.236484,100,1,20,172
21750,aftermath,hunt,0.068326,0.480167,0.263952,100,1,20,172
21760,aftermath,hunt,0.06542,0.4055,0.288164,100,0,20,172
21770,aftermath,hunt,0.073614,0.17275,0.219885,100,0,20,172
21780,aftermath,hunt,0.084523,0,0.128976,100,0,20,172
21790,aftermath,hunt,0.095432,0,0.038067,100,0,20,172
21800,aftermath,hunt,0.1,0,0,100,0,20,172
21810,aftermath,hunt,0.1,0,0,100,0,20,172
21820,aftermath,hunt,0.1,0,0,100,0,20,172
21830,aftermath,hunt,0.1,0,0,100,0,20,172
21840,aftermath,hunt,0.1,0,0,100,0,20,172
21850,quiet,discovery,0.08,0,0,100,0,20,172
21860,quiet,discovery,0.08,0,0,100,0,20,172
21870,quiet,discovery,0.08,0,0,100,0,20,172
21880,quiet,discovery,0.08,0,0,100,0,20,172
21890,quiet,discovery,0.08,0,0,100,0,20,172
21900,quiet,discovery,0.08,0,0,100,0,20,172
21910,quiet,discovery,0.08,0,0,100,0,20,172
21920,quiet,discovery,0.08,0,0,100,0,20,172
21930,opportunity,discovery,0.116,0,0,100,0,20,172
21940,opportunity,discovery,0.23,0,0,100,0,20,172
21950,opportunity,discovery,0.23,0,0,100,0,20,172
21960,opportunity,discovery,0.23,0,0,100,0,20,172
21970,opportunity,discovery,0.23,0,0,100,0,20,172
21980,opportunity,discovery,0.23,0,0,100,0,20,172
21990,opportunity,discovery,0.23,0,0,100,0,20,172
22000,peak,discovery,0.356,0.425042,0.01458,100,1,19,173
22010,peak,discovery,0.536,0.461792,0.03713,100,1,19,174
22020,peak,discovery,0.642628,0.480167,0.061437,100,1,19,174
22030,peak,discovery,0.639604,0.470542,0.086633,100,1,19,174
22040,aftermath,discovery,0.537188,0.480167,0.111929,100,1,19,174
22050,aftermath,discovery,0.08344,0.480167,0.137997,100,1,20,174
22060,aftermath,discovery,0.080312,0.470542,0.164067,100,1,19,175
22070,aftermath,discovery,0.077171,0.480167,0.190238,100,1,19,175
22080,aftermath,discovery,0.073938,0.480167,0.217181,100,1,19,175
22090,aftermath,discovery,0.070705,0.470542,0.244127,100,1,19,175
22100,aftermath,discovery,0.067593,0.415125,0.270055,100,0,20,175
22110,aftermath,discovery,0.073023,0.247125,0.224809,100,0,20,175
22120,aftermath,discovery,0.083932,0,0.1339,100,0,20,175
22130,aftermath,discovery,0.094841,0,0.042991,100,0,20,175
22140,aftermath,discovery,0.1,0,0,100,0,20,175
22150,aftermath,discovery,0.1,0,0,100,0,20,175
22160,aftermath,discovery,0.1,0,0,100,0,20,175
22170,quiet,voyage,0.08,0,0,100,0,20,175
22180,quiet,voyage,0.08,0,0,100,0,20,175
22190,quiet,voyage,0.08,0,0,100,0,20,175
22200,quiet,voyage,0.08,0,0,100,0,20,175
22210,quiet,voyage,0.08,0,0,100,0,20,175
22220,quiet,voyage,0.08,0,0,100,0,20,175
22230,quiet,voyage,0.08,0,0,100,0,20,175
22240,opportunity,voyage,0.224,0,0,100,0,20,175
22250,opportunity,voyage,0.23,0,0,100,0,20,175
22260,opportunity,voyage,0.23,0,0,100,0,20,175
22270,opportunity,voyage,0.23,0,0,100,0,20,175
22280,opportunity,voyage,0.23,0,0,100,0,20,175
22290,opportunity,voyage,0.23,0,0,100,0,20,175
22300,opportunity,voyage,0.23,0,0,100,0,20,175
22310,opportunity,voyage,0.23,0,0,100,0,20,175
22320,opportunity,voyage,0.23,0,0,100,0,20,175
22330,opportunity,voyage,0.23,0,0,100,0,20,175
22340,opportunity,voyage,0.23,0,0,100,0,20,175
22350,build,voyage,0.284,0,0,100,0,20,175
22360,build,voyage,0.46,0,0,100,0,20,175
22370,build,voyage,0.46,0,0,100,0,20,175
22380,build,voyage,0.46,0,0,100,1,19,176
22390,peak,voyage,0.59753,0.425042,0.02058,100,1,19,176
22400,peak,voyage,0.594824,0.461792,0.04313,100,1,19,176
22410,peak,voyage,0.591908,0.480167,0.067438,100,1,20,176
22420,peak,voyage,0.588884,0.470542,0.092633,100,1,20,176
22430,peak,voyage,0.585849,0.480167,0.117929,100,1,20,176
22440,peak,voyage,0.58272,0.480167,0.143997,100,1,20,176
22450,aftermath,voyage,0.08272,0.470542,0.170067,100,1,20,176
22460,aftermath,voyage,0.076451,0.480167,0.196238,100,1,20,176
22470,aftermath,voyage,0.073218,0.480167,0.223181,100,1,20,176
22480,aftermath,voyage,0.069985,0.470542,0.250127,100,1,20,176
22490,aftermath,voyage,0.066969,0.415125,0.275256,100,0,20,176
22500,aftermath,voyage,0.072403,0.247125,0.229972,100,0,20,176
22510,aftermath,voyage,0.083312,0,0.139063,100,0,20,176
22520,aftermath,voyage,0.094222,0,0.048154,100,0,20,176
22530,aftermath,voyage,0.1,0,0,100,0,20,176
22540,quiet,discovery,0.08,0,0,100,0,20,176
22550,quiet,discovery,0.08,0,0,100,0,20,176
22560,quiet,discovery,0.08,0,0,100,0,20,176
22570,quiet,discovery,0.08,0,0,100,0,20,176
22580,quiet,discovery,0.08,0,0,100,0,20,176
22590,quiet,discovery,0.08,0,0,100,0,20,176
22600,quiet,discovery,0.08,0,0,100,0,20,176
22610,quiet,discovery,0.08,0,0,100,0,20,176
22620,opportunity,discovery,0.134,0,0,100,1,19,177
22630,peak,discovery,0.314,0.425042,0.02058,100,1,19,177
22640,peak,discovery,0.494,0.461792,0.04313,100,1,20,177
22650,peak,discovery,0.591908,0.480167,0.067438,100,1,20,177
22660,peak,discovery,0.588884,0.470542,0.092633,100,1,20,177
22670,aftermath,discovery,0.337388,0.480167,0.117929,100,1,20,177
22680,aftermath,discovery,0.08272,0.480167,0.143997,100,1,20,177
22690,aftermath,discovery,0.079592,0.470542,0.170067,100,1,20,177
22700,aftermath,discovery,0.076451,0.480167,0.196238,100,1,20,177
22710,aftermath,discovery,0.073218,0.480167,0.223181,100,1,20,177
22720,aftermath,discovery,0.069985,0.470542,0.250127,100,1,20,177
22730,aftermath,discovery,0.066969,0.415125,0.275256,100,0,20,177
22740,aftermath,discovery,0.072403,0.247125,0.229972,100,0,20,177
22750,aftermath,discovery,0.083312,0,0.139063,100,0,20,177
22760,aftermath,discovery,0.094222,0,0.048154,100,0,20,177
22770,aftermath,discovery,0.1,0,0,100,0,20,177
22780,quiet,hunt,0.08,0,0,100,0,20,177
22790,quiet,hunt,0.08,0,0,100,0,20,177
22800,quiet,hunt,0.08,0,0,100,0,20,177
22810,quiet,hunt,0.08,0,0,100,0,20,177
22820,quiet,hunt,0.08,0,0,100,0,20,177
22830,peak,hunt,0.26,0.443417,0.018928,100,1,19,178
22840,peak,hunt,0.44,0.461792,0.041826,100,1,19,178
22850,peak,hunt,0.617008,0.480167,0.066597,100,1,19,178
22860,peak,hunt,0.613943,0.480167,0.09214,100,1,20,178
22870,peak,hunt,0.610878,0.470542,0.117685,100,1,19,179
22880,peak,hunt,0.6078,0.480167,0.143331,100,1,19,179
22890,peak,hunt,0.60463,0.480167,0.169749,100,1,19,179
22900,aftermath,hunt,0.402741,0.470542,0.19617,100,1,19,179
22910,aftermath,hunt,0.073277,0.480167,0.222691,100,1,20,179
22920,aftermath,hunt,0.070002,0.480167,0.249984,100,1,20,179
22930,aftermath,hunt,0.066952,0.4055,0.275401,100,0,20,179
22940,aftermath,hunt,0.075146,0.17275,0.20712,100,0,20,179
22950,aftermath,hunt,0.086055,0,0.116211,100,0,20,179
22960,aftermath,hunt,0.096964,0,0.025302,100,0,20,179
22970,aftermath,hunt,0.1,0,0,100,0,20,179
22980,aftermath,hunt,0.1,0,0,100,0,20,179
22990,aftermath,hunt,0.1,0,0,100,0,20,179
23000,aftermath,hunt,0.1,0,0,100,0,20,179
23010,quiet,discovery,0.08,0,0,100,0,20,179
23020,quiet,discovery,0.08,0,0,100,0,20,179
23030,quiet,discovery,0.08,0,0,100,0,20,179
23040,quiet,discovery,0.08,0,0,100,0,20,179
23050,quiet,discovery,0.08,0,0,100,0,20,179
23060,quiet,discovery,0.08,0,0,100,0,20,179
23070,quiet,discovery,0.08,0,0,100,0,20,179
23080,quiet,discovery,0.08,0,0,100,0,20,179
23090,quiet,discovery,0.08,0,0,100,0,20,179
23100,recovery,discovery,0.174,0.065,0.003473,100,0,20,179
23110,recovery,discovery,0.025438,0.633,0.038019,100,0,20,179
23120,recovery,discovery,0.03,0.409,0,100,0,20,179
23130,recovery,discovery,0.03,0.245,0,100,0,20,179
23140,recovery,discovery,0.03,0,0,100,0,20,179
23150,recovery,discovery,0.03,0,0,100,0,20,179
23160,recovery,discovery,0.03,0,0,100,0,20,179
23170,recovery,discovery,0.03,0,0,100,0,20,179
23180,recovery,discovery,0.03,0,0,100,0,20,179
23190,aftermath,discovery,0.048,0,0,100,0,20,179
23200,aftermath,discovery,0.1,0,0,100,0,20,179
23210,aftermath,discovery,0.1,0,0,100,0,20,179
23220,aftermath,discovery,0.1,0,0,100,0,20,179
23230,aftermath,discovery,0.1,0,0,100,0,20,179
23240,aftermath,discovery,0.1,0,0,100,0,20,179
23250,aftermath,discovery,0.1,0,0,100,0,20,179
23260,aftermath,discovery,0.1,0,0,100,0,20,179
23270,aftermath,discovery,0.1,0,0,100,0,20,179
23280,aftermath,discovery,0.1,0,0,100,0,20,179
23290,aftermath,discovery,0.1,0,0,100,0,20,179
23300,suspended:docked,discovery,,0,0,100,0,20,179
23310,suspended:docked,discovery,,0,0,100,0,20,179
23320,suspended:docked,discovery,,0,0,100,0,20,179
23330,suspended:docked,discovery,,0,0,100,0,20,179
23340,aftermath,discovery,0.08,0,0,100,0,20,179
23350,quiet,voyage,0.08,0,0,100,0,20,179
23360,quiet,voyage,0.08,0,0,100,0,20,179
23370,quiet,voyage,0.08,0,0,100,0,20,179
23380,quiet,voyage,0.08,0,0,100,0,20,179
23390,quiet,voyage,0.08,0,0,100,0,20,179
23400,quiet,voyage,0.08,0,0,100,0,20,179
23410,opportunity,voyage,0.152,0,0,100,0,20,179
23420,peak,voyage,0.332,0.425042,0.016348,100,1,19,180
23430,peak,voyage,0.512,0.461792,0.038435,100,1,19,180
23440,peak,voyage,0.642513,0.461792,0.062394,100,1,19,180
23450,peak,voyage,0.639519,0.480167,0.08734,100,1,20,180
23460,peak,voyage,0.636433,0.480167,0.113058,100,1,20,180
23470,peak,voyage,0.633347,0.470542,0.138778,100,1,20,180
23480,aftermath,voyage,0.232744,0.480167,0.164599,100,1,20,180
23490,aftermath,voyage,0.077057,0.480167,0.191193,100,1,20,180
23500,aftermath,voyage,0.073865,0.470542,0.217788,100,1,20,180
23510,aftermath,voyage,0.070662,0.480167,0.244484,100,1,20,180
23520,aftermath,voyage,0.067504,0.423875,0.270803,100,0,20,180
23530,aftermath,voyage,0.070198,0.303125,0.24835,100,0,20,180
23540,aftermath,voyage,0.081107,0.023125,0.157441,100,0,20,180
23550,aftermath,voyage,0.092016,0,0.066532,100,0,20,180
23560,aftermath,voyage,0.1,0,0,100,0,20,180
23570,aftermath,voyage,0.1,0,0,100,0,20,180
23580,aftermath,voyage,0.1,0,0,100,0,20,180
23590,quiet,discovery,0.08,0,0,100,0,20,180
23600,quiet,discovery,0.08,0,0,100,0,20,180
23610,quiet,discovery,0.08,0,0,100,0,20,180
23620,quiet,discovery,0.08,0,0,100,0,20,180
23630,quiet,discovery,0.08,0,0,100,0,20,180
23640,quiet,discovery,0.08,0,0,100,0,20,180
23650,quiet,discovery,0.08,0,0,100,0,20,180
23660,quiet,discovery,0.08,0,0,100,0,20,180
23670,quiet,discovery,0.08,0,0,100,0,20,180
23680,peak,discovery,0.206,0.39,0.01258,100,1,19,181
23690,peak,discovery,0.386,0.461792,0.03513,100,1,19,181
23700,peak,discovery,0.566,0.480167,0.059438,100,1,19,181
23710,peak,discovery,0.639844,0.470542,0.084633,100,1,19,181
23720,aftermath,discovery,0.587113,0.480167,0.109929,100,1,20,181
23730,aftermath,discovery,0.087113,0.480167,0.135997,100,1,20,181
23740,aftermath,discovery,0.080552,0.470542,0.162067,100,1,20,181
23750,aftermath,discovery,0.077411,0.480167,0.188238,100,1,20,181
23760,aftermath,discovery,0.074178,0.480167,0.215181,100,1,20,181
23770,aftermath,discovery,0.070945,0.470542,0.242127,100,1,20,181
23780,aftermath,discovery,0.06776,0.442542,0.268663,100,0,20,181
23790,aftermath,discovery,0.064863,0.4055,0.29281,100,0,20,181
23800,aftermath,discovery,0.075772,0.1255,0.201901,100,0,20,181
23810,aftermath,discovery,0.086681,0,0.110991,100,0,20,181
23820,aftermath,discovery,0.09759,0,0.020082,100,0,20,181
23830,aftermath,discovery,0.1,0,0,100,0,20,181
23840,aftermath,discovery,0.1,0,0,100,0,20,181
23850,quiet,hunt,0.08,0,0,100,0,20,181
23860,quiet,hunt,0.08,0,0,100,0,20,181
23870,quiet,hunt,0.08,0,0,100,0,20,181
23880,quiet,hunt,0.08,0,0,100,0,20,181
23890,quiet,hunt,0.08,0,0,100,0,20,181
23900,opportunity,hunt,0.116,0,0,100,0,20,181
23910,opportunity,hunt,0.23,0,0,100,0,20,181
23920,opportunity,hunt,0.23,0,0,100,0,20,181
23930,opportunity,hunt,0.23,0,0,100,0,20,181
23940,opportunity,hunt,0.23,0,0,100,0,20,181
23950,opportunity,hunt,0.23,0,0,100,0,20,181
23960,opportunity,hunt,0.23,0,0,100,0,20,181
23970,opportunity,hunt,0.23,0,0,100,0,20,181
23980,opportunity,hunt,0.23,0,0,100,0,20,181
23990,peak,hunt,0.356,0.39,0.012348,100,1,20,182
24000,peak,hunt,0.536,0.461792,0.034435,100,1,20,182
24010,peak,hunt,0.592993,0.461792,0.058394,100,1,19,183
24020,peak,hunt,0.589999,0.480167,0.08334,100,1,19,183
24030,peak,hunt,0.586913,0.480167,0.109058,100,1,20,183
24040,peak,hunt,0.583827,0.470542,0.134778,100,1,20,183
24050,peak,hunt,0.580728,0.480167,0.160599,100,1,20,183
24060,aftermath,hunt,0.527851,0.480167,0.187193,100,1,20,183
24070,aftermath,hunt,0.074345,0.470542,0.213788,100,1,20,183
24080,aftermath,hunt,0.071142,0.480167,0.240484,100,1,20,183
24090,aftermath,hunt,0.067921,0.442542,0.267326,100,0,20,183
24100,aftermath,hunt,0.070611,0.303125,0.244912,100,0,20,183
24110,aftermath,hunt,0.08152,0.023125,0.154003,100,0,20,183
24120,aftermath,hunt,0.092429,0,0.063094,100,0,20,183
24130,aftermath,hunt,0.1,0,0,100,0,20,183
24140,aftermath,hunt,0.1,0,0,100,0,20,183
24150,aftermath,hunt,0.1,0,0,100,0,20,183
24160,quiet,discovery,0.08,0,0,100,0,20,183
24170,quiet,discovery,0.08,0,0,100,0,20,183
24180,quiet,discovery,0.08,0,0,100,0,20,183
24190,quiet,discovery,0.08,0,0,100,0,20,183
24200,quiet,discovery,0.08,0,0,100,0,20,183
24210,quiet,discovery,0.08,0,0,100,0,20,183
24220,quiet,discovery,0.08,0,0,100,0,20,183
24230,quiet,discovery,0.08,0,0,100,0,20,183
24240,quiet,discovery,0.08,0,0,100,0,20,183
24250,peak,discovery,0.224,0.425042,0.01458,100,1,19,184
24260,peak,discovery,0.404,0.461792,0.03713,100,1,20,184
24270,peak,discovery,0.584,0.480167,0.061437,100,1,20,184
24280,peak,discovery,0.589604,0.470542,0.086633,100,1,20,184
24290,aftermath,discovery,0.487188,0.480167,0.111929,100,1,20,184
24300,aftermath,discovery,0.08344,0.480167,0.137997,100,1,20,184
24310,aftermath,discovery,0.080312,0.470542,0.164067,100,1,20,184
24320,aftermath,discovery,0.077171,0.480167,0.190238,100,1,20,184
24330,aftermath,discovery,0.073938,0.480167,0.217181,100,1,20,184
24340,aftermath,discovery,0.070705,0.470542,0.244127,100,1,20,184
24350,aftermath,discovery,0.067593,0.415125,0.270055,100,0,20,184
24360,aftermath,discovery,0.073023,0.247125,0.224809,100,0,20,184
24370,aftermath,discovery,0.083932,0,0.1339,100,0,20,184
24380,aftermath,discovery,0.094841,0,0.042991,100,0,20,184
24390,aftermath,discovery,0.1,0,0,100,0,20,184
24400,quiet,voyage,0.08,0,0,100,0,20,184
24410,quiet,voyage,0.08,0,0,100,0,20,184
24420,quiet,voyage,0.08,0,0,100,0,20,184
24430,quiet,voyage,0.08,0,0,100,0,20,184
24440,quiet,voyage,0.08,0,0,100,0,20,184
24450,quiet,voyage,0.08,0,0,100,0,20,184
24460,peak,voyage,0.116,0.065,0.002,100,1,19,185
24470,peak,voyage,0.296,0.443417,0.023391,100,1,19,185
24480,peak,voyage,0.476,0.480167,0.046637,100,1,20,185
24490,peak,voyage,0.591401,0.470542,0.071658,100,1,20,185
24500,peak,voyage,0.588387,0.480167,0.096779,100,1,20,185
24510,peak,voyage,0.585279,0.480167,0.122672,100,1,20,185
24520,aftermath,voyage,0.532468,0.470542,0.148567,100,1,20,185
24530,aftermath,voyage,0.079052,0.480167,0.174563,100,1,20,185
24540,aftermath,voyage,0.07584,0.480167,0.201331,100,1,20,185
24550,aftermath,voyage,0.072628,0.470542,0.228102,100,1,20,185
24560,aftermath,voyage,0.069403,0.480167,0.254973,100,1,20,185
24570,aftermath,voyage,0.066418,0.4055,0.279847,100,0,20,185
24580,aftermath,voyage,0.077327,0.1255,0.188938,100,0,20,185
24590,aftermath,voyage,0.088237,0,0.098029,100,0,20,185
24600,aftermath,voyage,0.099146,0,0.00712,100,0,0,185
24610,aftermath,voyage,0.1,0,0,100,0,0,185
24620,aftermath,voyage,0.1,0,0,100,0,0,185
24630,quiet,discovery,0.08,0,0,100,0,0,185
24640,quiet,discovery,0.08,0,0,100,0,0,185
24650,quiet,discovery,0.08,0,0,100,0,0,185
24660,quiet,discovery,0.08,0,0,100,0,0,185
24670,quiet,discovery,0.08,0,0,100,0,0,185
24680,quiet,discovery,0.08,0,0,100,0,0,185
24690,quiet,discovery,0.08,0,0,100,0,0,185
24700,quiet,discovery,0.08,0,0,100,0,0,185
24710,opportunity,discovery,0.116,0,0,100,0,0,185
24720,opportunity,discovery,0.23,0,0,100,0,0,185
24730,opportunity,discovery,0.23,0,0,100,0,0,185
24740,opportunity,discovery,0.23,0,0,100,0,0,185
24750,opportunity,discovery,0.23,0,0,100,0,0,185
24760,opportunity,discovery,0.23,0,0,100,0,0,185
24770,opportunity,discovery,0.23,0,0,100,0,0,185
24780,opportunity,discovery,0.23,0,0,100,0,0,185
24790,opportunity,discovery,0.23,0,0,100,0,0,185
24800,opportunity,discovery,0.23,0,0,100,0,0,185
24810,opportunity,discovery,0.23,0,0,100,0,0,185
24820,opportunity,discovery,0.23,0,0,100,0,0,185
24830,opportunity,discovery,0.23,0,0,100,0,0,185
24840,opportunity,discovery,0.23,0,0,100,0,0,185
24850,opportunity,discovery,0.23,0,0,100,0,0,185
24860,opportunity,discovery,0.23,0,0,100,0,0,185
24870,build,discovery,0.356,0,0,100,0,0,185
24880,build,discovery,0.485,0,0,100,0,0,185
24890,build,discovery,0.485,0,0,100,0,0,185
24900,build,discovery,0.485,0,0,100,0,0,185
24910,build,discovery,0.485,0,0,100,0,0,185
24920,build,discovery,0.485,0,0,100,0,0,185
24930,build,discovery,0.485,0,0,100,0,0,185
24940,build,discovery,0.485,0,0,100,0,0,185
24950,build,discovery,0.485,0,0,100,0,0,185
24960,opportunity,discovery,0.385,0,0,100,0,0,185
24970,opportunity,discovery,0.23,0,0,100,0,0,185
24980,peak,discovery,0.284,0.195,0.006348,100,1,0,186
24990,peak,discovery,0.464,0.461792,0.028435,100,1,0,186
25000,peak,discovery,0.618713,0.461792,0.052394,100,1,0,186
25010,peak,discovery,0.615719,0.480167,0.07734,100,1,0,186
25020,peak,discovery,0.612633,0.480167,0.103058,100,1,1,186
25030,aftermath,discovery,0.212025,0.470542,0.128778,100,1,0,187
25040,aftermath,discovery,0.081448,0.480167,0.154599,100,1,0,187
25050,aftermath,discovery,0.078257,0.480167,0.181193,100,1,0,187
25060,aftermath,discovery,0.075065,0.470542,0.207788,100,1,0,187
25070,aftermath,discovery,0.071862,0.480167,0.234484,100,1,1,187
25080,aftermath,discovery,0.068566,0.480167,0.261952,100,1,1,187
25090,aftermath,discovery,0.065626,0.4055,0.286446,100,0,1,187
25100,suspended:docked,discovery,,0.20075,0.227265,100,0,1,187
25110,suspended:docked,discovery,,0.20075,0.227265,100,0,2,187
25120,suspended:docked,discovery,,0.20075,0.227265,100,0,2,187
25130,suspended:docked,discovery,,0.20075,0.227265,100,0,2,187
25140,aftermath,discovery,0.073819,0.17275,0.218174,100,0,2,187
25150,aftermath,discovery,0.08,0,0.127265,100,0,2,187
25160,aftermath,discovery,0.095637,0,0.036356,100,0,2,188
25170,aftermath,discovery,0.1,0,0,100,0,2,188
25180,quiet,hunt,0.08,0,0,100,0,2,188
25190,quiet,hunt,0.08,0,0,100,0,2,188
25200,quiet,hunt,0.08,0,0,100,0,3,188
25210,quiet,hunt,0.08,0,0,100,0,2,189
25220,quiet,hunt,0.08,0,0,100,0,2,189
25230,opportunity,hunt,0.098,0,0,100,0,2,189
25240,opportunity,hunt,0.23,0,0,100,0,2,189
25250,opportunity,hunt,0.23,0,0,100,0,2,190
25260,opportunity,hunt,0.23,0,0,100,0,2,190
25270,opportunity,hunt,0.23,0,0,100,0,2,190
25280,opportunity,hunt,0.23,0,0,100,0,2,190
25290,opportunity,hunt,0.23,0,0,100,0,3,190
25300,opportunity,hunt,0.23,0,0,100,0,2,191
25310,opportunity,hunt,0.23,0,0,100,0,2,191
25320,peak,hunt,0.338,0.065,0.002116,100,1,1,192
25330,peak,hunt,0.518,0.443417,0.023855,100,1,1,192
25340,peak,hunt,0.644292,0.480167,0.047565,100,1,1,193
25350,peak,hunt,0.641248,0.480167,0.072933,100,1,1,193
25360,peak,hunt,0.638204,0.470542,0.098303,100,1,1,193
25370,peak,hunt,0.635147,0.480167,0.123774,100,1,1,193
25380,peak,hunt,0.631998,0.480167,0.150018,100,1,2,193
25390,peak,hunt,0.628848,0.470542,0.176263,100,1,2,193
25400,aftermath,hunt,0.327604,0.480167,0.202609,100,1,2,193
25410,aftermath,hunt,0.072433,0.480167,0.229727,100,1,2,193
25420,aftermath,hunt,0.069178,0.470542,0.256847,100,1,2,193
25430,aftermath,hunt,0.066174,0.415125,0.281879,100,0,2,194
25440,aftermath,hunt,0.071602,0.247125,0.236652,100,0,2,194
25450,aftermath,hunt,0.082511,0,0.145743,100,0,2,194
25460,aftermath,hunt,0.09342,0,0.054833,100,0,2,194
25470,aftermath,hunt,0.1,0,0,100,0,3,194
25480,aftermath,hunt,0.1,0,0,100,0,3,194
25490,aftermath,hunt,0.1,0,0,100,0,3,194
25500,aftermath,hunt,0.1,0,0,100,0,3,194
25510,aftermath,hunt,0.1,0,0,100,0,3,194
25520,quiet,discovery,0.08,0,0,100,0,3,195
25530,quiet,discovery,0.08,0,0,100,0,3,195
25540,quiet,discovery,0.08,0,0,100,0,3,195
25550,quiet,discovery,0.08,0,0,100,0,3,195
25560,quiet,discovery,0.08,0,0,100,0,4,195
25570,quiet,discovery,0.08,0,0,100,0,3,196
25580,quiet,discovery,0.08,0,0,100,0,3,196
25590,quiet,discovery,0.08,0,0,100,0,3,196
25600,quiet,discovery,0.08,0,0,100,0,3,196
25610,peak,discovery,0.224,0.195,0.006348,100,1,3,197
25620,peak,discovery,0.404,0.461792,0.028435,100,1,3,197
25630,peak,discovery,0.584,0.461792,0.052394,100,1,3,197
25640,peak,discovery,0.640719,0.480167,0.07734,100,1,3,197
25650,peak,discovery,0.637633,0.480167,0.103058,100,1,4,197
25660,aftermath,discovery,0.237025,0.470542,0.128778,100,1,4,197
25670,aftermath,discovery,0.081448,0.480167,0.154599,100,1,4,197
25680,aftermath,discovery,0.078257,0.480167,0.181193,100,1,4,197
25690,aftermath,discovery,0.075065,0.470542,0.207788,100,1,4,197
25700,aftermath,discovery,0.071862,0.480167,0.234484,100,1,4,198
25710,aftermath,discovery,0.068566,0.480167,0.261952,100,1,4,198
25720,aftermath,discovery,0.065626,0.4055,0.286446,100,0,4,198
25730,aftermath,discovery,0.073819,0.17275,0.218174,100,0,4,198
25740,aftermath,discovery,0.084728,0,0.127265,100,0,5,198
25750,aftermath,discovery,0.095637,0,0.036356,100,0,5,198
25760,aftermath,discovery,0.1,0,0,100,0,5,198
25770,aftermath,discovery,0.1,0,0,100,0,5,198
25780,aftermath,discovery,0.1,0,0,100,0,5,198
25790,quiet,voyage,0.08,0,0,100,0,6,198
25800,quiet,voyage,0.08,0,0,100,0,6,198
25810,quiet,voyage,0.08,0,0,100,0,6,198
25820,quiet,voyage,0.08,0,0,100,0,6,198
25830,quiet,voyage,0.08,0,0,100,0,7,198
25840,quiet,voyage,0.08,0,0,100,0,6,199
25850,peak,voyage,0.152,0.195,0.006348,100,1,5,200
25860,peak,voyage,0.332,0.461792,0.028435,100,1,5,200
25870,peak,voyage,0.512,0.461792,0.052394,100,1,5,200
25880,peak,voyage,0.590719,0.480167,0.07734,100,1,6,200
25890,peak,voyage,0.587633,0.480167,0.103058,100,1,6,200
25900,peak,voyage,0.584547,0.470542,0.128778,100,1,6,200
25910,aftermath,voyage,0.432403,0.480167,0.154599,100,1,6,200
25920,aftermath,voyage,0.078257,0.480167,0.181193,100,1,7,200
25930,aftermath,voyage,0.075065,0.470542,0.207788,100,1,7,200
25940,aftermath,voyage,0.071862,0.480167,0.234484,100,1,7,200
25950,aftermath,voyage,0.068566,0.480167,0.261952,100,1,7,200
25960,aftermath,voyage,0.065626,0.4055,0.286446,100,0,7,200
25970,aftermath,voyage,0.073819,0.17275,0.218174,100,0,7,201
25980,aftermath,voyage,0.084728,0,0.127265,100,0,7,201
25990,aftermath,voyage,0.095637,0,0.036356,100,0,7,201
26000,quiet,discovery,0.08,0,0,100,0,7,201
26010,quiet,discovery,0.08,0,0,100,0,8,201
26020,quiet,discovery,0.08,0,0,100,0,7,202
26030,quiet,discovery,0.08,0,0,100,0,7,202
26040,quiet,discovery,0.08,0,0,100,0,7,202
26050,quiet,discovery,0.08,0,0,100,0,7,202
26060,quiet,discovery,0.08,0,0,100,0,8,202
26070,quiet,discovery,0.08,0,0,100,0,8,202
26080,quiet,discovery,0.08,0,0,100,0,8,202
26090,opportunity,discovery,0.188,0,0,100,0,8,202
26100,opportunity,discovery,0.23,0,0,100,0,9,202
26110,opportunity,discovery,0.23,0,0,100,0,8,203
26120,opportunity,discovery,0.23,0,0,100,0,8,203
26130,opportunity,discovery,0.23,0,0,100,0,8,203
26140,opportunity,discovery,0.23,0,0,100,0,8,203
26150,opportunity,discovery,0.23,0,0,100,0,8,204
26160,opportunity,discovery,0.23,0,0,100,0,8,204
26170,opportunity,discovery,0.23,0,0,100,0,8,204
26180,opportunity,discovery,0.23,0,0,100,0,8,204
26190,opportunity,discovery,0.23,0,0,100,0,9,204
26200,opportunity,discovery,0.23,0,0,100,0,9,204
26210,peak,discovery,0.266,0.13,0.004,100,1,8,205
26220,peak,discovery,0.446,0.443417,0.024928,100,1,8,205
26230,peak,discovery,0.594261,0.461792,0.047826,100,1,8,205
26240,peak,discovery,0.591288,0.480167,0.072597,100,1,9,205
26250,peak,discovery,0.588223,0.480167,0.09814,100,1,9,205
26260,aftermath,discovery,0.237317,0.470542,0.123685,100,1,9,205
26270,aftermath,discovery,0.08208,0.480167,0.149331,100,1,9,205
26280,aftermath,discovery,0.07891,0.480167,0.175749,100,1,10,205
26290,aftermath,discovery,0.07574,0.470542,0.20217,100,1,9,206
26300,aftermath,discovery,0.072557,0.480167,0.228691,100,1,9,206
26310,aftermath,discovery,0.069282,0.480167,0.255984,100,1,9,206
26320,aftermath,discovery,0.06633,0.4055,0.280582,100,0,9,206
26330,aftermath,discovery,0.074526,0.17275,0.212282,100,0,9,207
26340,aftermath,discovery,0.085435,0,0.121373,100,0,9,207
26350,aftermath,discovery,0.096344,0,0.030464,100,0,9,207
26360,quiet,hunt,0.08,0,0,100,0,9,207
26370,quiet,hunt,0.08,0,0,100,0,10,207
26380,quiet,hunt,0.08,0,0,100,0,9,208
26390,quiet,hunt,0.08,0,0,100,0,9,208
26400,quiet,hunt,0.08,0,0,100,0,9,208
26410,opportunity,hunt,0.116,0,0,100,0,9,208
26420,opportunity,hunt,0.23,0,0,100,0,9,209
26430,opportunity,hunt,0.23,0,0,100,0,9,209
26440,opportunity,hunt,0.23,0,0,100,0,9,209
26450,peak,hunt,0.266,0.13,0.004,100,1,8,210
26460,peak,hunt,0.446,0.443417,0.024928,100,1,9,210
26470,peak,hunt,0.619261,0.461792,0.047826,100,1,8,211
26480,peak,hunt,0.616288,0.480167,0.072597,100,1,8,211
26490,peak,hunt,0.613223,0.480167,0.09814,100,1,8,211
26500,peak,hunt,0.610158,0.470542,0.123685,100,1,8,211
26510,peak,hunt,0.60708,0.480167,0.149331,100,1,9,211
26520,peak,hunt,0.60391,0.480167,0.175749,100,1,9,211
26530,aftermath,hunt,0.252973,0.470542,0.20217,100,1,9,211
26540,aftermath,hunt,0.072557,0.480167,0.228691,100,1,9,211
26550,aftermath,hunt,0.069282,0.480167,0.255984,100,1,10,211
26560,aftermath,hunt,0.06633,0.4055,0.280582,100,0,9,212
26570,aftermath,hunt,0.074526,0.17275,0.212282,100,0,9,212
26580,aftermath,hunt,0.085435,0,0.121373,100,0,9,212
26590,aftermath,hunt,0.096344,0,0.030464,100,0,9,212
26600,aftermath,hunt,0.1,0,0,100,0,9,213
26610,aftermath,hunt,0.1,0,0,100,0,9,213
26620,aftermath,hunt,0.1,0,0,100,0,9,213
26630,aftermath,hunt,0.1,0,0,100,0,9,213
26640,quiet,discovery,0.08,0,0,100,0,10,213
26650,quiet,discovery,0.08,0,0,100,0,10,213
26660,quiet,discovery,0.08,0,0,100,0,10,213
26670,quiet,discovery,0.08,0,0,100,0,10,213
26680,quiet,discovery,0.08,0,0,100,0,10,213
26690,quiet,discovery,0.08,0,0,100,0,11,213
26700,recovery,discovery,0.03,0.065,0.003473,100,0,11,213
26710,recovery,discovery,0.025438,0.633,0.038019,100,0,11,213
26720,recovery,discovery,0.03,0.409,0,100,0,11,213
26730,recovery,discovery,0.03,0.245,0,100,0,12,213
26740,recovery,discovery,0.03,0,0,100,0,12,213
26750,recovery,discovery,0.03,0,0,100,0,12,213
26760,recovery,discovery,0.03,0,0,100,0,12,213
26770,recovery,discovery,0.03,0,0,100,0,12,213
26780,recovery,discovery,0.03,0,0,100,0,12,214
26790,aftermath,discovery,0.048,0,0,100,0,12,214
26800,aftermath,discovery,0.1,0,0,100,0,12,214
26810,aftermath,discovery,0.1,0,0,100,0,12,214
26820,aftermath,discovery,0.1,0,0,100,0,13,214
26830,aftermath,discovery,0.1,0,0,100,0,12,215
26840,aftermath,discovery,0.1,0,0,100,0,12,215
26850,aftermath,discovery,0.1,0,0,100,0,12,215
26860,aftermath,discovery,0.1,0,0,100,0,12,215
26870,aftermath,discovery,0.1,0,0,100,0,12,216
26880,aftermath,discovery,0.1,0,0,100,0,12,216
26890,aftermath,discovery,0.1,0,0,100,0,12,216
26900,suspended:docked,discovery,,0,0,100,0,12,216
26910,suspended:docked,discovery,,0,0,100,0,13,216
26920,suspended:docked,discovery,,0,0,100,0,13,216
26930,suspended:docked,discovery,,0,0,100,0,13,216
26940,aftermath,discovery,0.08,0,0,100,0,13,216
26950,quiet,voyage,0.08,0,0,100,0,13,216
26960,quiet,voyage,0.08,0,0,100,0,14,216
26970,quiet,voyage,0.08,0,0,100,0,14,216
26980,quiet,voyage,0.08,0,0,100,0,14,216
26990,quiet,voyage,0.08,0,0,100,0,14,216
27000,quiet,voyage,0.08,0,0,100,0,15,216
27010,opportunity,voyage,0.152,0,0,100,0,15,216
27020,opportunity,voyage,0.23,0,0,100,0,15,216
27030,opportunity,voyage,0.23,0,0,100,0,15,216
27040,opportunity,voyage,0.23,0,0,100,0,15,216
27050,opportunity,voyage,0.23,0,0,100,0,16,216
27060,opportunity,voyage,0.23,0,0,100,0,16,216
27070,opportunity,voyage,0.23,0,0,100,0,16,216
27080,opportunity,voyage,0.23,0,0,100,0,16,216
27090,opportunity,voyage,0.23,0,0,100,0,17,216
27100,opportunity,voyage,0.23,0,0,100,0,17,216
27110,opportunity,voyage,0.23,0,0,100,0,17,216
27120,opportunity,voyage,0.23,0,0,100,0,17,216
27130,build,voyage,0.392,0,0,100,0,17,216
27140,build,voyage,0.51,0,0,100,0,18,216
27150,build,voyage,0.51,0,0,100,0,18,216
27160,build,voyage,0.51,0,0,100,0,18,216
27170,build,voyage,0.51,0,0,100,0,18,216
27180,build,voyage,0.51,0,0,100,1,18,217
27190,peak,voyage,0.64753,0.425042,0.02058,100,1,18,217
27200,peak,voyage,0.644824,0.461792,0.04313,100,1,17,218
27210,peak,voyage,0.641908,0.480167,0.067438,100,1,17,218
27220,peak,voyage,0.638884,0.470542,0.092633,100,1,17,218
27230,peak,voyage,0.635849,0.480167,0.117929,100,1,17,219
27240,peak,voyage,0.63272,0.480167,0.143997,100,1,17,219
27250,aftermath,voyage,0.13272,0.470542,0.170067,100,1,17,219
27260,aftermath,voyage,0.076451,0.480167,0.196238,100,1,17,219
27270,aftermath,voyage,0.073218,0.480167,0.223181,100,1,18,219
27280,aftermath,voyage,0.069985,0.470542,0.250127,100,1,18,219
27290,aftermath,voyage,0.066969,0.415125,0.275256,100,0,18,219
27300,aftermath,voyage,0.072403,0.247125,0.229972,100,0,18,219
27310,aftermath,voyage,0.083312,0,0.139063,100,0,18,219
27320,aftermath,voyage,0.094222,0,0.048154,100,0,19,219
27330,aftermath,voyage,0.1,0,0,100,0,19,219
27340,aftermath,voyage,0.1,0,0,100,0,19,219
27350,aftermath,voyage,0.1,0,0,100,0,19,219
27360,quiet,discovery,0.08,0,0,100,0,20,219
27370,quiet,discovery,0.08,0,0,100,0,19,220
27380,quiet,discovery,0.08,0,0,100,0,19,220
27390,quiet,discovery,0.08,0,0,100,0,19,220
27400,quiet,discovery,0.08,0,0,100,0,19,220
27410,quiet,discovery,0.08,0,0,100,0,20,220
27420,quiet,discovery,0.08,0,0,100,0,20,220
27430,quiet,discovery,0.08,0,0,100,0,20,220
27440,quiet,discovery,0.08,0,0,100,0,20,220
27450,peak,discovery,0.242,0.443417,0.016927,100,1,20,221
27460,peak,discovery,0.422,0.461792,0.039826,100,1,19,222
27470,peak,discovery,0.602,0.480167,0.064597,100,1,19,222
27480,peak,discovery,0.639183,0.480167,0.09014,100,1,19,222
27490,aftermath,discovery,0.487042,0.470542,0.115685,100,1,19,222
27500,aftermath,discovery,0.08304,0.480167,0.141331,100,1,19,223
27510,aftermath,discovery,0.07987,0.480167,0.167749,100,1,19,223
27520,aftermath,discovery,0.0767,0.470542,0.19417,100,1,19,223
27530,aftermath,discovery,0.073517,0.480167,0.220691,100,1,19,223
27540,aftermath,discovery,0.070242,0.480167,0.247984,100,1,20,223
27550,aftermath,discovery,0.06709,0.423875,0.274247,100,0,19,224
27560,aftermath,discovery,0.067033,0.359125,0.274726,100,0,19,224
27570,aftermath,discovery,0.077942,0.079125,0.183817,100,0,19,224
27580,aftermath,discovery,0.088851,0,0.092908,100,0,19,224
27590,aftermath,discovery,0.09976,0,0.001999,100,0,19,225
27600,aftermath,discovery,0.1,0,0,100,0,19,225
27610,aftermath,discovery,0.1,0,0,100,0,19,225
27620,quiet,hunt,0.08,0,0,100,0,19,225
27630,quiet,hunt,0.08,0,0,100,0,20,225
27640,quiet,hunt,0.08,0,0,100,0,20,225
27650,quiet,hunt,0.08,0,0,100,0,20,225
27660,quiet,hunt,0.08,0,0,100,0,20,225
27670,peak,hunt,0.152,0.195,0.006,100,1,19,226
27680,peak,hunt,0.332,0.443417,0.027391,100,1,20,226
27690,peak,hunt,0.512,0.480167,0.050637,100,1,20,226
27700,peak,hunt,0.590921,0.470542,0.075658,100,1,20,226
27710,peak,hunt,0.587907,0.480167,0.100779,100,1,20,226
27720,peak,hunt,0.584799,0.480167,0.126672,100,1,20,226
27730,peak,hunt,0.581692,0.470542,0.152567,100,1,20,226
27740,peak,hunt,0.578572,0.480167,0.178563,100,1,20,226
27750,aftermath,hunt,0.177948,0.480167,0.205331,100,1,20,226
27760,aftermath,hunt,0.072148,0.470542,0.232102,100,1,20,226
27770,aftermath,hunt,0.068923,0.480167,0.258973,100,1,20,226
27780,aftermath,hunt,0.066005,0.4055,0.283292,100,0,20,226
27790,aftermath,hunt,0.076914,0.1255,0.192383,100,0,20,226
27800,aftermath,hunt,0.087823,0,0.101474,100,0,20,226
27810,aftermath,hunt,0.098732,0,0.010565,100,0,20,226
27820,aftermath,hunt,0.1,0,0,100,0,20,226
27830,aftermath,hunt,0.1,0,0,100,0,20,226
27840,aftermath,hunt,0.1,0,0,100,0,20,226
27850,quiet,discovery,0.08,0,0,100,0,20,226
27860,quiet,discovery,0.08,0,0,100,0,20,226
27870,quiet,discovery,0.08,0,0,100,0,20,226
27880,quiet,discovery,0.08,0,0,100,0,20,226
27890,quiet,discovery,0.08,0,0,100,0,20,226
27900,quiet,discovery,0.08,0,0,100,0,20,226
27910,quiet,discovery,0.08,0,0,100,0,20,226
27920,quiet,discovery,0.08,0,0,100,0,20,226
27930,opportunity,discovery,0.17,0,0,100,0,20,226
27940,opportunity,discovery,0.23,0,0,100,0,20,226
27950,opportunity,discovery,0.23,0,0,100,0,20,226
27960,opportunity,discovery,0.23,0,0,100,0,20,226
27970,opportunity,discovery,0.23,0,0,100,0,20,226
27980,opportunity,discovery,0.23,0,0,100,0,20,226
27990,opportunity,discovery,0.23,0,0,100,0,20,226
28000,opportunity,discovery,0.23,0,0,100,0,20,226
28010,opportunity,discovery,0.23,0,0,100,0,20,226
28020,opportunity,discovery,0.23,0,0,100,0,20,226
28030,opportunity,discovery,0.23,0,0,100,0,20,226
28040,opportunity,discovery,0.23,0,0,100,0,20,226
28050,peak,discovery,0.356,0.443417,0.014927,100,1,19,227
28060,peak,discovery,0.536,0.461792,0.037826,100,1,19,227
28070,peak,discovery,0.592488,0.480167,0.062597,100,1,19,227
28080,peak,discovery,0.589423,0.480167,0.08814,100,1,20,227
28090,aftermath,discovery,0.486966,0.470542,0.113685,100,1,20,227
28100,aftermath,discovery,0.08328,0.480167,0.139331,100,1,20,227
28110,aftermath,discovery,0.08011,0.480167,0.165749,100,1,20,227
28120,aftermath,discovery,0.07694,0.470542,0.19217,100,1,20,227
28130,aftermath,discovery,0.073757,0.480167,0.218691,100,1,20,227
28140,aftermath,discovery,0.070482,0.480167,0.245984,100,1,20,227
28150,aftermath,discovery,0.067299,0.423875,0.27251,100,0,20,227
28160,aftermath,discovery,0.067238,0.359125,0.273015,100,0,20,227
28170,aftermath,discovery,0.078147,0.079125,0.182106,100,0,20,227
28180,aftermath,discovery,0.089056,0,0.091197,100,0,20,227
28190,aftermath,discovery,0.099965,0,0.000288,100,0,20,227
28200,quiet,voyage,0.08,0,0,100,0,20,227
28210,quiet,voyage,0.08,0,0,100,0,20,227
28220,quiet,voyage,0.08,0,0,100,0,20,227
28230,quiet,voyage,0.08,0,0,100,0,20,227
28240,quiet,voyage,0.08,0,0,100,0,20,227
28250,quiet,voyage,0.08,0,0,100,0,20,227
28260,opportunity,voyage,0.116,0,0,100,0,20,227
28270,peak,voyage,0.266,0.13,0.004,100,1,19,228
28280,peak,voyage,0.446,0.443417,0.025391,100,1,19,228
28290,peak,voyage,0.619164,0.480167,0.048637,100,1,19,228
28300,peak,voyage,0.616161,0.470542,0.073658,100,1,19,228
28310,peak,voyage,0.613147,0.480167,0.098779,100,1,20,228
28320,peak,voyage,0.610039,0.480167,0.124672,100,1,20,228
28330,aftermath,voyage,0.507548,0.470542,0.150567,100,1,20,228
28340,aftermath,voyage,0.078812,0.480167,0.176563,100,1,20,228
28350,aftermath,voyage,0.0756,0.480167,0.203331,100,1,20,228
28360,aftermath,voyage,0.072388,0.470542,0.230102,100,1,20,228
28370,aftermath,voyage,0.069163,0.480167,0.256973,100,1,20,228
28380,aftermath,voyage,0.066211,0.4055,0.281571,100,0,20,228
28390,aftermath,voyage,0.077121,0.1255,0.190662,100,0,20,228
28400,aftermath,voyage,0.08803,0,0.099753,100,0,20,228
28410,aftermath,voyage,0.098939,0,0.008844,100,0,20,228
28420,aftermath,voyage,0.1,0,0,100,0,20,228
28430,aftermath,voyage,0.1,0,0,100,0,20,228
28440,quiet,discovery,0.08,0,0,100,0,20,228
28450,quiet,discovery,0.08,0,0,100,0,20,228
28460,quiet,discovery,0.08,0,0,100,0,20,228
28470,quiet,discovery,0.08,0,0,100,0,20,228
28480,quiet,discovery,0.08,0,0,100,0,20,228
28490,quiet,discovery,0.08,0,0,100,0,20,228
28500,quiet,discovery,0.08,0,0,100,0,20,228
28510,quiet,discovery,0.08,0,0,100,0,20,228
28520,opportunity,discovery,0.134,0,0,100,0,20,228
28530,opportunity,discovery,0.23,0,0,100,0,20,228
28540,opportunity,discovery,0.23,0,0,100,0,20,228
28550,opportunity,discovery,0.23,0,0,100,0,20,228
28560,opportunity,discovery,0.23,0,0,100,0,20,228
28570,opportunity,discovery,0.23,0,0,100,0,20,228
28580,opportunity,discovery,0.23,0,0,100,0,20,228
28590,opportunity,discovery,0.23,0,0,100,0,20,228
28600,opportunity,discovery,0.23,0,0,100,0,20,228
28610,opportunity,discovery,0.23,0,0,100,0,20,228
28620,opportunity,discovery,0.23,0,0,100,0,20,228
28630,opportunity,discovery,0.23,0,0,100,0,20,228
28640,opportunity,discovery,0.23,0,0,100,0,20,228
28650,peak,discovery,0.32,0.325,0.010116,100,1,19,229
28660,peak,discovery,0.5,0.443417,0.031855,100,1,19,229
28670,peak,discovery,0.618332,0.480167,0.055565,100,1,20,229
28680,peak,discovery,0.615288,0.480167,0.080933,100,1,20,229
28690,peak,discovery,0.612244,0.470542,0.106303,100,1,20,229
28700,suspended:docked,discovery,,0.498542,0.129223,100,1,20,229
28710,suspended:docked,discovery,,0.498542,0.129223,100,1,20,229
28720,suspended:docked,discovery,,0.498542,0.129223,100,1,20,229
28730,suspended:docked,discovery,,0.498542,0.129223,100,1,20,229
28740,aftermath,discovery,0.112244,0.470542,0.131503,100,1,20,229
28750,aftermath,discovery,0.08,0.397042,0.15463,100,0,20,229
28760,aftermath,discovery,0.081583,0.322375,0.153472,100,0,20,229
28770,aftermath,discovery,0.092492,0.042375,0.062563,100,0,20,229
28780,aftermath,discovery,0.1,0,0,100,0,20,229
28790,aftermath,discovery,0.1,0,0,100,0,20,229
28800,aftermath,discovery,0.1,0,0,100,0,20,229
28810,aftermath,discovery,0.1,0,0,100,0,20,229
28820,aftermath,discovery,0.1,0,0,100,0,20,229
28830,aftermath,discovery,0.1,0,0,100,0,20,229
28840,aftermath,discovery,0.1,0,0,100,0,20,229
28850,quiet,hunt,0.08,0,0,100,0,20,229
28860,quiet,hunt,0.08,0,0,100,0,20,229
28870,quiet,hunt,0.08,0,0,100,0,20,229
28880,quiet,hunt,0.08,0,0,100,0,20,229
28890,quiet,hunt,0.08,0,0,100,0,20,229
28900,peak,hunt,0.134,0.065,0.002,100,1,19,230
28910,peak,hunt,0.314,0.443417,0.023391,100,1,19,230
28920,peak,hunt,0.494,0.480167,0.046637,100,1,19,230
28930,peak,hunt,0.641401,0.470542,0.071658,100,1,19,230
28940,peak,hunt,0.638387,0.480167,0.096779,100,1,20,230
28950,peak,hunt,0.635279,0.480167,0.122672,100,1,20,230
28960,peak,hunt,0.632172,0.470542,0.148567,100,1,20,230
28970,peak,hunt,0.629052,0.480167,0.174563,100,1,20,230
28980,aftermath,hunt,0.327789,0.480167,0.201331,100,1,20,230
28990,aftermath,hunt,0.072628,0.470542,0.228102,100,1,20,230
29000,aftermath,hunt,0.069403,0.480167,0.254973,100,1,20,230
29010,aftermath,hunt,0.066418,0.4055,0.279847,100,0,20,230
29020,aftermath,hunt,0.077327,0.1255,0.188938,100,0,20,230
29030,aftermath,hunt,0.088237,0,0.098029,100,0,20,230
29040,aftermath,hunt,0.099146,0,0.00712,100,0,20,230
29050,aftermath,hunt,0.1,0,0,100,0,20,230
29060,aftermath,hunt,0.1,0,0,100,0,20,230
29070,aftermath,hunt,0.1,0,0,100,0,20,230
29080,aftermath,hunt,0.1,0,0,100,0,20,230
29090,aftermath,hunt,0.1,0,0,100,0,20,230
29100,quiet,discovery,0.08,0,0,100,0,20,230
29110,quiet,discovery,0.08,0,0,100,0,20,230
29120,quiet,discovery,0.08,0,0,100,0,20,230
29130,quiet,discovery,0.08,0,0,100,0,20,230
29140,quiet,discovery,0.08,0,0,100,0,20,230
29150,quiet,discovery,0.08,0,0,100,0,20,230
29160,quiet,discovery,0.08,0,0,100,0,20,230
29170,quiet,discovery,0.08,0,0,100,0,20,230
29180,quiet,discovery,0.08,0,0,100,0,20,230
29190,opportunity,discovery,0.23,0,0,100,0,20,230
29200,opportunity,discovery,0.23,0,0,100,0,20,230
29210,opportunity,discovery,0.23,0,0,100,0,20,230
29220,opportunity,discovery,0.23,0,0,100,0,20,230
29230,opportunity,discovery,0.23,0,0,100,0,20,230
29240,opportunity,discovery,0.23,0,0,100,0,20,230
29250,peak,discovery,0.302,0.26,0.008116,100,1,20,231
29260,peak,discovery,0.482,0.443417,0.029855,100,1,20,231
29270,peak,discovery,0.643572,0.480167,0.053565,100,1,20,231
29280,peak,discovery,0.640528,0.480167,0.078933,100,1,19,232
29290,peak,discovery,0.637484,0.470542,0.104303,100,1,19,232
29300,aftermath,discovery,0.187193,0.480167,0.129774,100,1,20,232
29310,aftermath,discovery,0.081278,0.480167,0.156018,100,1,20,232
29320,aftermath,discovery,0.078128,0.470542,0.182263,100,1,20,232
29330,aftermath,discovery,0.074967,0.480167,0.208609,100,1,20,232
29340,aftermath,discovery,0.071713,0.480167,0.235727,100,1,20,232
29350,aftermath,discovery,0.068458,0.470542,0.262847,100,1,20,232
29360,aftermath,discovery,0.068405,0.359125,0.263291,100,0,20,232
29370,aftermath,discovery,0.079314,0.079125,0.172382,100,0,20,232
29380,aftermath,discovery,0.090223,0,0.081473,100,0,20,232
29390,aftermath,discovery,0.1,0,0,100,0,20,232
29400,aftermath,discovery,0.1,0,0,100,0,20,232
29410,aftermath,discovery,0.1,0,0,100,0,20,232
29420,aftermath,discovery,0.1,0,0,100,0,20,232
29430,quiet,voyage,0.08,0,0,100,0,20,232
29440,quiet,voyage,0.08,0,0,100,0,20,232
29450,quiet,voyage,0.08,0,0,100,0,20,232
29460,quiet,voyage,0.08,0,0,100,0,20,232
29470,quiet,voyage,0.08,0,0,100,0,20,232
29480,quiet,voyage,0.08,0,0,100,0,20,232
29490,opportunity,voyage,0.17,0,0,100,0,20,232
29500,opportunity,voyage,0.23,0,0,100,0,20,232
29510,opportunity,voyage,0.23,0,0,100,0,20,232
29520,opportunity,voyage,0.23,0,0,100,0,20,232
29530,opportunity,voyage,0.23,0,0,100,0,20,232
29540,opportunity,voyage,0.23,0,0,100,0,20,232
29550,opportunity,voyage,0.23,0,0,100,0,20,232
29560,opportunity,voyage,0.23,0,0,100,0,20,232
29570,opportunity,voyage,0.23,0,0,100,0,20,232
29580,opportunity,voyage,0.23,0,0,100,1,19,233
29590,peak,voyage,0.41,0.425042,0.02058,100,1,19,233
29600,peak,voyage,0.59,0.461792,0.04313,100,1,19,233
29610,peak,voyage,0.591908,0.480167,0.067438,100,1,20,233
29620,peak,voyage,0.588884,0.470542,0.092633,100,1,20,233
29630,peak,voyage,0.585849,0.480167,0.117929,100,1,20,233
29640,peak,voyage,0.58272,0.480167,0.143997,100,1,20,233
29650,aftermath,voyage,0.08272,0.470542,0.170067,100,1,20,233
29660,aftermath,voyage,0.076451,0.480167,0.196238,100,1,20,233
29670,aftermath,voyage,0.073218,0.480167,0.223181,100,1,20,233
29680,aftermath,voyage,0.069985,0.470542,0.250127,100,1,20,233
29690,aftermath,voyage,0.066969,0.415125,0.275256,100,0,20,233
29700,aftermath,voyage,0.072403,0.247125,0.229972,100,0,20,233
29710,aftermath,voyage,0.083312,0,0.139063,100,0,20,233
29720,aftermath,voyage,0.094222,0,0.048154,100,0,20,233
29730,aftermath,voyage,0.1,0,0,100,0,20,233
29740,quiet,discovery,0.08,0,0,100,0,20,233
29750,quiet,discovery,0.08,0,0,100,0,20,233
29760,quiet,discovery,0.08,0,0,100,0,20,233
29770,quiet,discovery,0.08,0,0,100,0,20,233
29780,quiet,discovery,0.08,0,0,100,0,20,233
29790,quiet,discovery,0.08,0,0,100,0,20,233
29800,quiet,discovery,0.08,0,0,100,0,20,233
29810,quiet,discovery,0.08,0,0,100,0,20,233
29820,opportunity,discovery,0.134,0,0,100,0,20,233
29830,opportunity,discovery,0.23,0,0,100,0,20,233
29840,opportunity,discovery,0.23,0,0,100,0,20,233
29850,opportunity,discovery,0.23,0,0,100,1,19,234
29860,peak,discovery,0.41,0.425042,0.02058,100,1,19,234
29870,peak,discovery,0.59,0.461792,0.04313,100,1,19,234
29880,peak,discovery,0.591908,0.480167,0.067438,100,1,20,234
29890,peak,discovery,0.588884,0.470542,0.092633,100,1,20,234
29900,aftermath,discovery,0.337388,0.480167,0.117929,100,1,20,234
29910,aftermath,discovery,0.08272,0.480167,0.143997,100,1,20,234
29920,aftermath,discovery,0.079592,0.470542,0.170067,100,1,20,234
29930,aftermath,discovery,0.076451,0.480167,0.196238,100,1,20,234
29940,aftermath,discovery,0.073218,0.480167,0.223181,100,1,20,234
29950,aftermath,discovery,0.069985,0.470542,0.250127,100,1,20,234
29960,aftermath,discovery,0.066969,0.415125,0.275256,100,0,20,234
29970,aftermath,discovery,0.072403,0.247125,0.229972,100,0,20,234
29980,aftermath,discovery,0.083312,0,0.139063,100,0,20,234
29990,aftermath,discovery,0.094222,0,0.048154,100,0,20,234
30000,aftermath,discovery,0.1,0,0,100,0,20,234
30010,quiet,hunt,0.08,0,0,100,0,20,234
30020,quiet,hunt,0.08,0,0,100,0,20,234
30030,quiet,hunt,0.08,0,0,100,0,20,234
30040,quiet,hunt,0.08,0,0,100,0,20,234
30050,quiet,hunt,0.08,0,0,100,0,20,234
30060,opportunity,hunt,0.23,0,0,100,0,20,234
30070,opportunity,hunt,0.23,0,0,100,0,20,234
30080,opportunity,hunt,0.23,0,0,100,0,20,234
30090,opportunity,hunt,0.23,0,0,100,0,20,234
30100,opportunity,hunt,0.23,0,0,100,0,20,234
30110,opportunity,hunt,0.23,0,0,100,0,20,234
30120,opportunity,hunt,0.23,0,0,100,0,20,234
30130,opportunity,hunt,0.23,0,0,100,0,20,234
30140,peak,hunt,0.32,0.26,0.008348,100,1,19,235
30150,peak,hunt,0.5,0.461792,0.030435,100,1,20,235
30160,peak,hunt,0.618473,0.461792,0.054394,100,1,19,236
30170,peak,hunt,0.615479,0.480167,0.07934,100,1,19,236
30180,peak,hunt,0.612393,0.480167,0.105058,100,1,19,236
30190,peak,hunt,0.609307,0.470542,0.130778,100,1,19,236
30200,peak,hunt,0.606208,0.480167,0.156599,100,1,20,236
30210,peak,hunt,0.603017,0.480167,0.183193,100,1,20,236
30220,aftermath,hunt,0.152702,0.470542,0.209788,100,1,20,236
30230,aftermath,hunt,0.071622,0.480167,0.236484,100,1,20,236
30240,aftermath,hunt,0.068326,0.480167,0.263952,100,1,20,236
30250,aftermath,hunt,0.06542,0.4055,0.288164,100,0,20,236
30260,aftermath,hunt,0.073614,0.17275,0.219885,100,0,20,236
30270,aftermath,hunt,0.084523,0,0.128976,100,0,20,236
30280,aftermath,hunt,0.095432,0,0.038067,100,0,20,236
30290,aftermath,hunt,0.1,0,0,100,0,20,236
30300,recovery,hunt,0.05,0.065,0.003593,100,0,20,236
30310,recovery,hunt,0.025279,0.633,0.039339,100,0,20,236
30320,recovery,hunt,0.03,0.409,0,100,0,20,236
30330,recovery,hunt,0.03,0.245,0,100,0,20,236
30340,recovery,hunt,0.03,0,0,100,0,20,236
30350,recovery,hunt,0.03,0,0,100,0,20,236
30360,recovery,hunt,0.03,0,0,100,0,20,236
30370,recovery,hunt,0.03,0,0,100,0,20,236
30380,recovery,hunt,0.03,0,0,100,0,20,236
30390,aftermath,hunt,0.048,0,0,100,0,20,236
30400,aftermath,hunt,0.1,0,0,100,0,20,236
30410,aftermath,hunt,0.1,0,0,100,0,20,236
30420,aftermath,hunt,0.1,0,0,100,0,20,236
30430,aftermath,hunt,0.1,0,0,100,0,20,236
30440,aftermath,hunt,0.1,0,0,100,0,20,236
30450,aftermath,hunt,0.1,0,0,100,0,20,236
30460,aftermath,hunt,0.1,0,0,100,0,20,236
30470,aftermath,hunt,0.1,0,0,100,0,20,236
30480,aftermath,hunt,0.1,0,0,100,0,20,236
30490,aftermath,hunt,0.1,0,0,100,0,20,236
30500,suspended:docked,discovery,,0,0,100,0,20,236
30510,suspended:docked,discovery,,0,0,100,0,20,236
30520,suspended:docked,discovery,,0,0,100,0,20,236
30530,suspended:docked,discovery,,0,0,100,0,20,236
30540,quiet,discovery,0.08,0,0,100,0,20,236
30550,quiet,discovery,0.08,0,0,100,0,20,236
30560,quiet,discovery,0.08,0,0,100,0,20,236
30570,quiet,discovery,0.08,0,0,100,0,20,236
30580,quiet,discovery,0.08,0,0,100,0,20,236
30590,quiet,discovery,0.08,0,0,100,0,20,236
30600,quiet,discovery,0.08,0,0,100,0,20,236
30610,quiet,discovery,0.08,0,0,100,0,20,236
30620,peak,discovery,0.152,0.13,0.004,100,1,19,237
30630,peak,discovery,0.332,0.443417,0.024928,100,1,19,237
30640,peak,discovery,0.512,0.461792,0.047826,100,1,19,237
30650,peak,discovery,0.616288,0.480167,0.072597,100,1,20,237
30660,peak,discovery,0.613223,0.480167,0.09814,100,1,20,237
30670,aftermath,discovery,0.262317,0.470542,0.123685,100,1,20,237
30680,aftermath,discovery,0.08208,0.480167,0.149331,100,1,20,237
30690,aftermath,discovery,0.07891,0.480167,0.175749,100,1,20,237
30700,aftermath,discovery,0.07574,0.470542,0.20217,100,1,20,237
30710,aftermath,discovery,0.072557,0.480167,0.228691,100,1,20,237
30720,aftermath,discovery,0.069282,0.480167,0.255984,100,1,20,237
30730,aftermath,discovery,0.06633,0.4055,0.280582,100,0,20,237
30740,aftermath,discovery,0.074526,0.17275,0.212282,100,0,20,237
30750,aftermath,discovery,0.085435,0,0.121373,100,0,20,237
30760,aftermath,discovery,0.096344,0,0.030464,100,0,20,237
30770,aftermath,discovery,0.1,0,0,100,0,20,237
30780,aftermath,discovery,0.1,0,0,100,0,20,237
30790,quiet,voyage,0.08,0,0,100,0,20,237
30800,quiet,voyage,0.08,0,0,100,0,20,237
30810,quiet,voyage,0.08,0,0,100,0,20,237
30820,quiet,voyage,0.08,0,0,100,0,20,237
30830,quiet,voyage,0.08,0,0,100,0,20,237
30840,quiet,voyage,0.08,0,0,100,0,20,237
30850,peak,voyage,0.17,0.26,0.008,100,1,19,238
30860,peak,voyage,0.35,0.443417,0.029391,100,1,19,238
30870,peak,voyage,0.53,0.480167,0.052637,100,1,20,238
30880,peak,voyage,0.640681,0.470542,0.077658,100,1,19,239
30890,peak,voyage,0.637667,0.480167,0.102779,100,1,19,239
30900,peak,voyage,0.634559,0.480167,0.128672,100,1,19,239
30910,aftermath,voyage,0.432709,0.470542,0.154567,100,1,19,239
30920,aftermath,voyage,0.078332,0.480167,0.180563,100,1,20,239
30930,aftermath,voyage,0.07512,0.480167,0.207331,100,1,20,239
30940,aftermath,voyage,0.071908,0.470542,0.234102,100,1,20,239
30950,aftermath,voyage,0.068683,0.480167,0.260973,100,1,20,239
30960,aftermath,voyage,0.065799,0.4055,0.285009,100,0,20,239
30970,aftermath,voyage,0.076708,0.1255,0.1941,100,0,20,239
30980,aftermath,voyage,0.087617,0,0.103191,100,0,20,239
30990,aftermath,voyage,0.098526,0,0.012282,100,0,20,239
31000,aftermath,voyage,0.1,0,0,100,0,20,239
31010,aftermath,voyage,0.1,0,0,100,0,20,239
31020,aftermath,voyage,0.1,0,0,100,0,20,239
31030,quiet,discovery,0.08,0,0,100,0,20,239
31040,quiet,discovery,0.08,0,0,100,0,20,239
31050,quiet,discovery,0.08,0,0,100,0,20,239
31060,quiet,discovery,0.08,0,0,100,0,20,239
31070,quiet,discovery,0.08,0,0,100,0,20,239
31080,quiet,discovery,0.08,0,0,100,0,20,239
31090,quiet,discovery,0.08,0,0,100,0,20,239
31100,quiet,discovery,0.08,0,0,100,0,20,239
31110,opportunity,discovery,0.134,0,0,100,0,20,239
31120,opportunity,discovery,0.23,0,0,100,0,20,239
31130,opportunity,discovery,0.23,0,0,100,0,20,239
31140,opportunity,discovery,0.23,0,0,100,0,20,239
31150,opportunity,discovery,0.23,0,0,100,0,20,239
31160,opportunity,discovery,0.23,0,0,100,0,20,239
31170,opportunity,discovery,0.23,0,0,100,0,20,239
31180,opportunity,discovery,0.23,0,0,100,0,20,239
31190,opportunity,discovery,0.23,0,0,100,0,20,239
31200,opportunity,discovery,0.23,0,0,100,0,20,239
31210,opportunity,discovery,0.23,0,0,100,0,20,239
31220,peak,discovery,0.248,0.065,0.002,100,1,19,240
31230,peak,discovery,0.428,0.443417,0.022927,100,1,20,240
31240,peak,discovery,0.608,0.461792,0.045826,100,1,19,241
31250,peak,discovery,0.641528,0.480167,0.070597,100,1,19,241
31260,peak,discovery,0.638463,0.480167,0.09614,100,1,19,241
31270,aftermath,discovery,0.337255,0.470542,0.121685,100,1,19,241
31280,aftermath,discovery,0.08232,0.480167,0.147331,100,1,20,241
31290,aftermath,discovery,0.07915,0.480167,0.173749,100,1,20,241
31300,aftermath,discovery,0.07598,0.470542,0.20017,100,1,20,241
31310,aftermath,discovery,0.072797,0.480167,0.226691,100,1,20,241
31320,aftermath,discovery,0.069522,0.480167,0.253984,100,1,20,241
31330,aftermath,discovery,0.066537,0.4055,0.278858,100,0,20,241
31340,aftermath,discovery,0.074732,0.17275,0.210565,100,0,20,241
31350,aftermath,discovery,0.085641,0,0.119656,100,0,20,241
31360,aftermath,discovery,0.09655,0,0.028746,100,0,20,241
31370,aftermath,discovery,0.1,0,0,100,0,20,241
31380,aftermath,discovery,0.1,0,0,100,0,20,241
31390,aftermath,discovery,0.1,0,0,100,0,20,241
31400,quiet,hunt,0.08,0,0,100,0,20,241
31410,quiet,hunt,0.08,0,0,100,0,20,241
31420,quiet,hunt,0.08,0,0,100,0,20,241
31430,quiet,hunt,0.08,0,0,100,0,20,241
31440,quiet,hunt,0.08,0,0,100,0,20,241
31450,opportunity,hunt,0.206,0,0,100,1,19,242
31460,peak,hunt,0.386,0.443417,0.021391,100,1,20,242
31470,peak,hunt,0.566,0.480167,0.044638,100,1,20,242
31480,peak,hunt,0.591641,0.470542,0.069658,100,1,20,242
31490,peak,hunt,0.588627,0.480167,0.094779,100,1,20,242
31500,peak,hunt,0.585519,0.480167,0.120672,100,1,20,242
31510,peak,hunt,0.582412,0.470542,0.146567,100,1,20,242
31520,peak,hunt,0.579292,0.480167,0.172563,100,1,20,242
31530,aftermath,hunt,0.327702,0.480167,0.199331,100,1,20,242
31540,aftermath,hunt,0.072868,0.470542,0.226102,100,1,20,242
31550,aftermath,hunt,0.069643,0.480167,0.252973,100,1,20,242
31560,aftermath,hunt,0.066528,0.423875,0.278931,100,0,20,242
31570,aftermath,hunt,0.069215,0.303125,0.256544,100,0,20,242
31580,aftermath,hunt,0.080124,0.023125,0.165635,100,0,20,242
31590,aftermath,hunt,0.091033,0,0.074726,100,0,20,242
31600,aftermath,hunt,0.1,0,0,100,0,20,242
31610,aftermath,hunt,0.1,0,0,100,0,20,242
31620,aftermath,hunt,0.1,0,0,100,0,20,242
31630,quiet,discovery,0.08,0,0,100,0,20,242
31640,quiet,discovery,0.08,0,0,100,0,20,242
31650,quiet,discovery,0.08,0,0,100,0,20,242
31660,quiet,discovery,0.08,0,0,100,0,20,242
31670,quiet,discovery,0.08,0,0,100,0,20,242
31680,quiet,discovery,0.08,0,0,100,0,20,242
31690,quiet,discovery,0.08,0,0,100,0,20,242
31700,quiet,discovery,0.08,0,0,100,0,20,242
31710,opportunity,discovery,0.116,0,0,100,0,20,242
31720,opportunity,discovery,0.23,0,0,100,0,20,242
31730,opportunity,discovery,0.23,0,0,100,0,20,242
31740,opportunity,discovery,0.23,0,0,100,0,20,242
31750,opportunity,discovery,0.23,0,0,100,0,20,242
31760,opportunity,discovery,0.23,0,0,100,0,20,242
31770,opportunity,discovery,0.23,0,0,100,0,20,242
31780,opportunity,discovery,0.23,0,0,100,0,20,242
31790,opportunity,discovery,0.23,0,0,100,0,20,242
31800,opportunity,discovery,0.23,0,0,100,0,0,242
31810,opportunity,discovery,0.23,0,0,100,0,0,242
31820,opportunity,discovery,0.23,0,0,100,0,0,242
31830,opportunity,discovery,0.23,0,0,100,0,0,242
31840,opportunity,discovery,0.23,0,0,100,0,0,242
31850,opportunity,discovery,0.23,0,0,100,0,0,242
31860,opportunity,discovery,0.23,0,0,100,0,0,242
31870,build,discovery,0.356,0,0,100,0,0,242
31880,build,discovery,0.478,0,0,100,0,0,242
31890,build,discovery,0.485,0,0,100,0,0,242
31900,build,discovery,0.485,0,0,100,0,0,242
31910,build,discovery,0.485,0,0,100,0,0,242
31920,build,discovery,0.485,0,0,100,0,0,242
31930,build,discovery,0.485,0,0,100,0,0,242
31940,build,discovery,0.485,0,0,100,0,0,242
31950,opportunity,discovery,0.385,0,0,100,0,0,242
31960,opportunity,discovery,0.23,0,0,100,0,0,242
31970,opportunity,discovery,0.23,0,0,100,0,0,242
31980,opportunity,discovery,0.23,0,0,100,0,0,242
31990,opportunity,discovery,0.23,0,0,100,0,0,242
32000,opportunity,discovery,0.23,0,0,100,0,0,242
32010,opportunity,discovery,0.23,0,0,100,0,0,242
32020,opportunity,discovery,0.23,0,0,100,0,0,242
32030,opportunity,discovery,0.23,0,0,100,0,0,242
32040,opportunity,discovery,0.23,0,0,100,0,0,242
32050,opportunity,discovery,0.23,0,0,100,0,0,242
32060,opportunity,discovery,0.23,0,0,100,0,0,242
32070,opportunity,discovery,0.23,0,0,100,0,0,242
32080,opportunity,discovery,0.23,0,0,100,0,0,242
32090,opportunity,discovery,0.23,0,0,100,0,0,242
32100,opportunity,discovery,0.23,0,0,100,0,0,242
32110,build,discovery,0.356,0,0,100,0,0,242
32120,build,discovery,0.485,0,0,100,0,0,242
32130,build,discovery,0.485,0,0,100,0,0,242
32140,build,discovery,0.485,0,0,100,0,0,242
32150,build,discovery,0.485,0,0,100,0,0,242
32160,build,discovery,0.485,0,0,100,0,0,242
32170,build,discovery,0.485,0,0,100,0,0,242
32180,build,discovery,0.485,0,0,100,0,0,243
32190,build,discovery,0.485,0,0,100,0,0,243
32200,aftermath,discovery,0.385,0,0,100,0,0,243
32210,aftermath,discovery,0.1,0,0,100,0,0,243
32220,aftermath,discovery,0.1,0,0,100,0,1,243
32230,aftermath,discovery,0.1,0,0,100,0,0,244
32240,aftermath,discovery,0.1,0,0,100,0,0,244
32250,aftermath,discovery,0.1,0,0,100,0,0,244
32260,aftermath,discovery,0.1,0,0,100,0,0,244
32270,aftermath,discovery,0.1,0,0,100,0,1,244
32280,aftermath,discovery,0.1,0,0,100,0,1,244
32290,aftermath,discovery,0.1,0,0,100,0,1,244
32300,suspended:docked,discovery,,0,0,100,0,1,244
32310,suspended:docked,discovery,,0,0,100,0,2,244
32320,suspended:docked,discovery,,0,0,100,0,2,244
32330,suspended:docked,discovery,,0,0,100,0,2,244
32340,aftermath,discovery,0.08,0,0,100,0,2,244
32350,aftermath,discovery,0.08,0,0,100,0,2,244
32360,quiet,voyage,0.08,0,0,100,0,2,245
32370,quiet,voyage,0.08,0,0,100,0,2,245
32380,quiet,voyage,0.08,0,0,100,0,2,245
32390,quiet,voyage,0.08,0,0,100,0,2,245
32400,quiet,voyage,0.08,0,0,100,0,3,245
32410,quiet,voyage,0.08,0,0,100,0,2,246
32420,opportunity,voyage,0.17,0,0,100,1,1,247
32430,peak,voyage,0.35,0.443417,0.020928,100,1,1,247
32440,peak,voyage,0.53,0.461792,0.043826,100,1,1,247
32450,peak,voyage,0.616768,0.480167,0.068597,100,1,2,247
32460,peak,voyage,0.613703,0.480167,0.09414,100,1,2,247
32470,peak,voyage,0.610638,0.470542,0.119685,100,1,2,247
32480,peak,voyage,0.60756,0.480167,0.145331,100,1,2,247
32490,aftermath,voyage,0.10756,0.480167,0.171749,100,1,3,247
32500,aftermath,voyage,0.07622,0.470542,0.19817,100,1,3,247
32510,aftermath,voyage,0.073037,0.480167,0.224691,100,1,3,247
32520,aftermath,voyage,0.069762,0.480167,0.251984,100,1,3,247
32530,aftermath,voyage,0.066744,0.4055,0.277131,100,0,3,247
32540,aftermath,voyage,0.074939,0.17275,0.208844,100,0,4,247
32550,aftermath,voyage,0.085848,0,0.117935,100,0,4,247
32560,aftermath,voyage,0.096757,0,0.027026,100,0,4,247
32570,aftermath,voyage,0.1,0,0,100,0,4,247
32580,aftermath,voyage,0.1,0,0,100,0,5,247
32590,quiet,discovery,0.08,0,0,100,0,5,247
32600,quiet,discovery,0.08,0,0,100,0,5,247
32610,quiet,discovery,0.08,0,0,100,0,5,247
32620,quiet,discovery,0.08,0,0,100,0,5,247
32630,quiet,discovery,0.08,0,0,100,0,6,247
32640,quiet,discovery,0.08,0,0,100,0,6,247
32650,quiet,discovery,0.08,0,0,100,0,6,247
32660,quiet,discovery,0.08,0,0,100,0,6,247
32670,opportunity,discovery,0.098,0,0,100,0,7,247
32680,opportunity,discovery,0.23,0,0,100,0,6,248
32690,peak,discovery,0.392,0.443417,0.019391,100,1,5,249
32700,peak,discovery,0.572,0.480167,0.042637,100,1,5,249
32710,peak,discovery,0.641881,0.470542,0.067658,100,1,5,249
32720,peak,discovery,0.638867,0.480167,0.092779,100,1,5,250
32730,aftermath,discovery,0.437013,0.480167,0.118672,100,1,5,250
32740,aftermath,discovery,0.082652,0.470542,0.144567,100,1,5,250
32750,aftermath,discovery,0.079532,0.480167,0.170563,100,1,5,250
32760,aftermath,discovery,0.07632,0.480167,0.197331,100,1,6,250
32770,aftermath,discovery,0.073108,0.470542,0.224102,100,1,6,250
32780,aftermath,discovery,0.069883,0.480167,0.250973,100,1,6,250
32790,aftermath,discovery,0.066736,0.423875,0.277201,100,0,6,250
32800,aftermath,discovery,0.06942,0.303125,0.254833,100,0,6,250
32810,aftermath,discovery,0.080329,0.023125,0.163924,100,0,7,250
32820,aftermath,discovery,0.091238,0,0.073015,100,0,7,250
32830,aftermath,discovery,0.1,0,0,100,0,7,250
32840,aftermath,discovery,0.1,0,0,100,0,7,250
32850,aftermath,discovery,0.1,0,0,100,0,8,250
32860,quiet,hunt,0.08,0,0,100,0,8,250
32870,quiet,hunt,0.08,0,0,100,0,8,250
32880,quiet,hunt,0.08,0,0,100,0,8,250
32890,quiet,hunt,0.08,0,0,100,0,8,250
32900,quiet,hunt,0.08,0,0,100,0,8,251
32910,opportunity,hunt,0.17,0,0,100,0,8,251
32920,opportunity,hunt,0.23,0,0,100,0,8,251
32930,opportunity,hunt,0.23,0,0,100,0,8,251
32940,opportunity,hunt,0.23,0,0,100,0,9,251
32950,opportunity,hunt,0.23,0,0,100,0,8,252
32960,opportunity,hunt,0.23,0,0,100,0,8,252
32970,opportunity,hunt,0.23,0,0,100,0,8,252
32980,opportunity,hunt,0.23,0,0,100,0,8,252
32990,opportunity,hunt,0.23,0,0,100,0,9,252
33000,peak,hunt,0.41,0.443417,0.014927,100,1,8,253
33010,peak,hunt,0.59,0.461792,0.037826,100,1,8,253
33020,peak,hunt,0.642488,0.480167,0.062597,100,1,8,253
33030,peak,hunt,0.639423,0.480167,0.08814,100,1,9,253
33040,peak,hunt,0.636358,0.470542,0.113685,100,1,9,253
33050,peak,hunt,0.63328,0.480167,0.139331,100,1,9,253
33060,peak,hunt,0.63011,0.480167,0.165749,100,1,9,253
33070,aftermath,hunt,0.527569,0.470542,0.19217,100,1,9,253
33080,aftermath,hunt,0.073757,0.480167,0.218691,100,1,10,253
33090,aftermath,hunt,0.070482,0.480167,0.245984,100,1,10,253
33100,aftermath,hunt,0.067299,0.423875,0.27251,100,0,10,253
33110,aftermath,hunt,0.067238,0.359125,0.273015,100,0,10,253
33120,aftermath,hunt,0.078147,0.079125,0.182106,100,0,11,253
33130,aftermath,hunt,0.089056,0,0.091197,100,0,11,253
33140,aftermath,hunt,0.099965,0,0.000288,100,0,11,253
33150,aftermath,hunt,0.1,0,0,100,0,11,253
33160,aftermath,hunt,0.1,0,0,100,0,11,253
33170,aftermath,hunt,0.1,0,0,100,0,11,254
33180,aftermath,hunt,0.1,0,0,100,0,11,254
33190,aftermath,hunt,0.1,0,0,100,0,11,254
33200,quiet,discovery,0.08,0,0,100,0,11,254
33210,quiet,discovery,0.08,0,0,100,0,12,254
33220,quiet,discovery,0.08,0,0,100,0,12,254
33230,quiet,discovery,0.08,0,0,100,0,12,254
33240,quiet,discovery,0.08,0,0,100,0,12,254
33250,quiet,discovery,0.08,0,0,100,0,12,254
33260,quiet,discovery,0.08,0,0,100,0,12,255
33270,quiet,discovery,0.08,0,0,100,0,12,255
33280,peak,discovery,0.152,0.195,0.006,100,1,11,256
33290,peak,discovery,0.332,0.443417,0.027391,100,1,11,256
33300,peak,discovery,0.512,0.480167,0.050637,100,1,12,256
33310,peak,discovery,0.590921,0.470542,0.075658,100,1,12,256
33320,peak,discovery,0.587907,0.480167,0.100779,100,1,12,256
33330,aftermath,discovery,0.187303,0.480167,0.126672,100,1,12,256
33340,aftermath,discovery,0.081692,0.470542,0.152567,100,1,12,256
33350,aftermath,discovery,0.078572,0.480167,0.178563,100,1,12,257
33360,aftermath,discovery,0.07536,0.480167,0.205331,100,1,12,257
33370,aftermath,discovery,0.072148,0.470542,0.232102,100,1,12,257
33380,aftermath,discovery,0.068923,0.480167,0.258973,100,1,12,257
33390,aftermath,discovery,0.066005,0.4055,0.283292,100,0,13,257
33400,aftermath,discovery,0.076914,0.1255,0.192383,100,0,13,257
33410,aftermath,discovery,0.087823,0,0.101474,100,0,13,257
33420,aftermath,discovery,0.098732,0,0.010565,100,0,13,257
33430,quiet,voyage,0.08,0,0,100,0,13,257
33440,quiet,voyage,0.08,0,0,100,0,13,258
33450,quiet,voyage,0.08,0,0,100,0,13,258
33460,quiet,voyage,0.08,0,0,100,0,13,258
33470,quiet,voyage,0.08,0,0,100,0,13,258
33480,quiet,voyage,0.08,0,0,100,0,14,258
33490,quiet,voyage,0.08,0,0,100,0,13,259
33500,peak,voyage,0.224,0.195,0.006348,100,1,12,260
33510,peak,voyage,0.404,0.461792,0.028435,100,1,12,260
33520,peak,voyage,0.584,0.461792,0.052394,100,1,12,260
33530,peak,voyage,0.590719,0.480167,0.07734,100,1,13,260
33540,peak,voyage,0.587633,0.480167,0.103058,100,1,13,260
33550,peak,voyage,0.584547,0.470542,0.128778,100,1,13,260
33560,aftermath,voyage,0.432403,0.480167,0.154599,100,1,13,260
33570,aftermath,voyage,0.078257,0.480167,0.181193,100,1,14,260
33580,aftermath,voyage,0.075065,0.470542,0.207788,100,1,13,261
33590,aftermath,voyage,0.071862,0.480167,0.234484,100,1,13,261
33600,aftermath,voyage,0.068566,0.480167,0.261952,100,1,13,261
33610,aftermath,voyage,0.065626,0.4055,0.286446,100,0,13,261
33620,aftermath,voyage,0.073819,0.17275,0.218174,100,0,14,261
33630,aftermath,voyage,0.084728,0,0.127265,100,0,14,261
33640,aftermath,voyage,0.095637,0,0.036356,100,0,14,261
33650,quiet,discovery,0.08,0,0,100,0,14,261
33660,quiet,discovery,0.08,0,0,100,0,15,261
33670,quiet,discovery,0.08,0,0,100,0,15,261
33680,quiet,discovery,0.08,0,0,100,0,15,261
33690,quiet,discovery,0.08,0,0,100,0,15,261
33700,quiet,discovery,0.08,0,0,100,0,15,261
33710,quiet,discovery,0.08,0,0,100,0,16,261
33720,quiet,discovery,0.08,0,0,100,0,16,261
33730,quiet,discovery,0.08,0,0,100,0,16,261
33740,opportunity,discovery,0.188,0,0,100,0,16,261
33750,opportunity,discovery,0.23,0,0,100,0,17,261
33760,opportunity,discovery,0.23,0,0,100,0,17,261
33770,opportunity,discovery,0.23,0,0,100,0,17,261
33780,opportunity,discovery,0.23,0,0,100,0,17,261
33790,opportunity,discovery,0.23,0,0,100,0,17,261
33800,opportunity,discovery,0.23,0,0,100,0,17,262
33810,opportunity,discovery,0.23,0,0,100,0,17,262
33820,opportunity,discovery,0.23,0,0,100,0,17,262
33830,opportunity,discovery,0.23,0,0,100,0,17,262
33840,opportunity,discovery,0.23,0,0,100,0,18,262
33850,opportunity,discovery,0.23,0,0,100,0,17,263
33860,opportunity,discovery,0.23,0,0,100,0,17,263
33870,opportunity,discovery,0.23,0,0,100,0,17,263
33880,peak,discovery,0.266,0.13,0.004,100,1,16,264
33890,peak,discovery,0.446,0.443417,0.025391,100,1,16,265
33900,recovery,discovery,0.558,0.526792,0.05036,100,1,16,265
33910,recovery,discovery,0.058,0.743542,0.092605,100,1,16,265
33920,recovery,discovery,0.02,0.753167,0.134951,100,1,16,265
33930,recovery,discovery,0.02,0.743542,0.176607,100,1,17,265
33940,recovery,discovery,0.02,0.470542,0.205102,100,1,16,266
33950,recovery,discovery,0.02,0.480167,0.233698,100,1,16,266
33960,recovery,discovery,0.02,0.480967,0.263076,99,1,16,266
33970,recovery,discovery,0.02,0.474142,0.292722,95.5,1,16,266
33980,recovery,discovery,0.02,0.489367,0.323063,88.5,1,17,266
33990,recovery,discovery,0.02,0.414028,0.351346,89.46,0,17,266
34000,aftermath,discovery,0.068748,0.134028,0.260437,90.66,0,17,266
34010,aftermath,discovery,0.079657,0.006512,0.169528,91.86,0,17,266
34020,aftermath,discovery,0.090566,0.005552,0.078619,93.06,0,18,266
34030,aftermath,discovery,0.1,0.004592,0,94.26,0,18,266
34040,aftermath,discovery,0.1,0.003632,0,95.46,0,18,266
34050,aftermath,discovery,0.1,0.002672,0,96.66,0,18,266
34060,aftermath,discovery,0.1,0.001712,0,97.86,0,18,266
34070,aftermath,discovery,0.1,0.000752,0,99.06,0,19,266
34080,aftermath,discovery,0.1,0,0,100,0,19,266
34090,aftermath,discovery,0.1,0,0,100,0,19,266
34100,suspended:docked,discovery,,0,0,100,0,19,266
34110,suspended:docked,discovery,,0,0,100,0,20,266
34120,suspended:docked,discovery,,0,0,100,0,20,266
34130,suspended:docked,discovery,,0,0,100,0,20,266
34140,aftermath,discovery,0.08,0,0,100,0,20,266
34150,aftermath,discovery,0.08,0,0,100,0,20,266
34160,aftermath,discovery,0.1,0,0,100,0,20,266
34170,quiet,hunt,0.08,0,0,100,0,20,266
34180,quiet,hunt,0.08,0,0,100,0,20,266
34190,quiet,hunt,0.08,0,0,100,0,20,266
34200,quiet,hunt,0.08,0,0,100,0,20,266
34210,quiet,hunt,0.08,0,0,100,0,20,266
34220,opportunity,hunt,0.224,0,0,100,0,20,266
34230,opportunity,hunt,0.23,0,0,100,0,20,266
34240,opportunity,hunt,0.23,0,0,100,0,20,266
34250,opportunity,hunt,0.23,0,0,100,0,20,266
34260,opportunity,hunt,0.23,0,0,100,0,20,266
34270,opportunity,hunt,0.23,0,0,100,0,20,266
34280,opportunity,hunt,0.23,0,0,100,0,20,266
34290,opportunity,hunt,0.23,0,0,100,0,20,266
34300,build,hunt,0.284,0,0,100,0,20,266
34310,build,hunt,0.464,0,0,100,0,20,266
34320,build,hunt,0.485,0,0,100,0,20,266
34330,build,hunt,0.485,0,0,100,0,20,266
34340,build,hunt,0.485,0,0,100,0,20,266
34350,build,hunt,0.485,0,0,100,0,20,266
34360,build,hunt,0.503,0,0,100,0,20,266
34370,build,hunt,0.51,0,0,100,0,20,266
34380,build,hunt,0.51,0,0,100,1,19,267
34390,peak,hunt,0.64753,0.425042,0.02058,100,1,19,267
34400,peak,hunt,0.644824,0.461792,0.04313,100,1,19,267
34410,peak,hunt,0.641908,0.480167,0.067438,100,1,19,267
34420,peak,hunt,0.638884,0.470542,0.092633,100,1,19,267
34430,peak,hunt,0.635849,0.480167,0.117929,100,1,20,267
34440,peak,hunt,0.63272,0.480167,0.143997,100,1,20,267
34450,peak,hunt,0.629592,0.470542,0.170067,100,1,20,267
34460,aftermath,hunt,0.378044,0.480167,0.196238,100,1,20,267
34470,aftermath,hunt,0.073218,0.480167,0.223181,100,1,20,267
34480,aftermath,hunt,0.069985,0.470542,0.250127,100,1,20,267
34490,aftermath,hunt,0.066969,0.415125,0.275256,100,0,20,267
34500,aftermath,hunt,0.072403,0.247125,0.229972,100,0,20,267
34510,aftermath,hunt,0.083312,0,0.139063,100,0,20,267
34520,aftermath,hunt,0.094222,0,0.048154,100,0,20,267
34530,aftermath,hunt,0.1,0,0,100,0,20,267
34540,aftermath,hunt,0.1,0,0,100,0,20,267
34550,aftermath,hunt,0.1,0,0,100,0,20,267
34560,aftermath,hunt,0.1,0,0,100,0,20,267
34570,aftermath,hunt,0.1,0,0,100,0,20,267
34580,quiet,discovery,0.08,0,0,100,0,20,267
34590,quiet,discovery,0.08,0,0,100,0,20,267
34600,quiet,discovery,0.08,0,0,100,0,20,267
34610,quiet,discovery,0.08,0,0,100,0,20,267
34620,quiet,discovery,0.08,0,0,100,0,20,267
34630,quiet,discovery,0.08,0,0,100,0,20,267
34640,quiet,discovery,0.08,0,0,100,0,20,267
34650,quiet,discovery,0.08,0,0,100,0,20,267
34660,quiet,discovery,0.08,0,0,100,0,20,267
34670,peak,discovery,0.224,0.425042,0.014348,100,1,19,268
34680,peak,discovery,0.404,0.461792,0.036435,100,1,19,268
34690,peak,discovery,0.584,0.461792,0.060394,100,1,19,268
34700,peak,discovery,0.639759,0.480167,0.08534,100,1,20,268
34710,aftermath,discovery,0.537291,0.480167,0.111058,100,1,20,268
34720,aftermath,discovery,0.083587,0.470542,0.136778,100,1,20,268
34730,aftermath,discovery,0.080488,0.480167,0.162599,100,1,20,268
34740,aftermath,discovery,0.077297,0.480167,0.189193,100,1,20,268
34750,aftermath,discovery,0.074105,0.470542,0.215788,100,1,20,268
34760,aftermath,discovery,0.070902,0.480167,0.242484,100,1,20,268
34770,aftermath,discovery,0.067712,0.423875,0.269066,100,0,20,268
34780,aftermath,discovery,0.070404,0.303125,0.246633,100,0,20,268
34790,aftermath,discovery,0.081313,0.023125,0.155724,100,0,20,268
34800,aftermath,discovery,0.092222,0,0.064815,100,0,20,268
34810,aftermath,discovery,0.1,0,0,100,0,20,268
34820,aftermath,discovery,0.1,0,0,100,0,20,268
34830,aftermath,discovery,0.1,0,0,100,0,20,268
34840,quiet,voyage,0.08,0,0,100,0,20,268
34850,quiet,voyage,0.08,0,0,100,0,20,268
34860,quiet,voyage,0.08,0,0,100,0,20,268
34870,quiet,voyage,0.08,0,0,100,0,20,268
34880,quiet,voyage,0.08,0,0,100,0,20,268
34890,quiet,voyage,0.08,0,0,100,0,20,268
34900,quiet,voyage,0.08,0,0,100,0,20,268
34910,peak,voyage,0.224,0.425042,0.014348,100,1,19,269
34920,peak,voyage,0.404,0.461792,0.036435,100,1,20,269
34930,peak,voyage,0.584,0.461792,0.060394,100,1,19,270
34940,peak,voyage,0.639759,0.480167,0.08534,100,1,19,270
34950,peak,voyage,0.636673,0.480167,0.111058,100,1,19,270
34960,peak,voyage,0.583881,0.470542,0.136778,100,1,19,270
34970,aftermath,voyage,0.232676,0.480167,0.162599,100,1,19,271
34980,aftermath,voyage,0.077297,0.480167,0.189193,100,1,19,271
34990,aftermath,voyage,0.074105,0.470542,0.215788,100,1,19,271
35000,aftermath,voyage,0.070902,0.480167,0.242484,100,1,19,271
35010,aftermath,voyage,0.067712,0.423875,0.269066,100,0,20,271
35020,aftermath,voyage,0.070404,0.303125,0.246633,100,0,20,271
35030,aftermath,voyage,0.081313,0.023125,0.155724,100,0,20,271
35040,aftermath,voyage,0.092222,0,0.064815,100,0,20,271
35050,aftermath,voyage,0.1,0,0,100,0,20,271
35060,quiet,discovery,0.08,0,0,100,0,20,271
35070,quiet,discovery,0.08,0,0,100,0,20,271
35080,quiet,discovery,0.08,0,0,100,0,20,271
35090,quiet,discovery,0.08,0,0,100,0,20,271
35100,quiet,discovery,0.08,0,0,100,0,20,271
35110,quiet,discovery,0.08,0,0,100,0,20,271
35120,quiet,discovery,0.08,0,0,100,0,20,271
35130,quiet,discovery,0.08,0,0,100,0,20,271
35140,quiet,discovery,0.08,0,0,100,0,20,271
35150,opportunity,discovery,0.23,0,0,100,0,20,271
35160,opportunity,discovery,0.23,0,0,100,0,20,271
35170,opportunity,discovery,0.23,0,0,100,0,20,271
35180,opportunity,discovery,0.23,0,0,100,0,20,271
35190,opportunity,discovery,0.23,0,0,100,0,20,271
35200,opportunity,discovery,0.23,0,0,100,0,20,271
35210,opportunity,discovery,0.23,0,0,100,0,20,271
35220,opportunity,discovery,0.23,0,0,100,0,20,271
35230,opportunity,discovery,0.23,0,0,100,0,20,271
35240,opportunity,discovery,0.23,0,0,100,0,20,271
35250,opportunity,discovery,0.23,0,0,100,0,20,271
35260,opportunity,discovery,0.23,0,0,100,0,20,271
35270,peak,discovery,0.338,0.39,0.012348,100,1,19,272
35280,peak,discovery,0.518,0.461792,0.034435,100,1,20,272
35290,peak,discovery,0.592993,0.461792,0.058394,100,1,20,272
35300,peak,discovery,0.589999,0.480167,0.08334,100,1,20,272
35310,aftermath,discovery,0.537217,0.480167,0.109058,100,1,20,272
35320,aftermath,discovery,0.083827,0.470542,0.134778,100,1,20,272
35330,aftermath,discovery,0.080728,0.480167,0.160599,100,1,20,272
35340,aftermath,discovery,0.077537,0.480167,0.187193,100,1,20,272
35350,aftermath,discovery,0.074345,0.470542,0.213788,100,1,20,272
35360,aftermath,discovery,0.071142,0.480167,0.240484,100,1,20,272
35370,aftermath,discovery,0.067921,0.442542,0.267326,100,0,20,272
35380,aftermath,discovery,0.070611,0.303125,0.244912,100,0,20,272
35390,aftermath,discovery,0.08152,0.023125,0.154003,100,0,20,272
35400,aftermath,discovery,0.092429,0,0.063094,100,0,20,272
35410,aftermath,discovery,0.1,0,0,100,0,20,272
35420,quiet,hunt,0.08,0,0,100,0,20,272
35430,quiet,hunt,0.08,0,0,100,0,20,272
35440,quiet,hunt,0.08,0,0,100,0,20,272
35450,quiet,hunt,0.08,0,0,100,0,20,272
35460,quiet,hunt,0.08,0,0,100,0,20,272
35470,opportunity,hunt,0.188,0,0,100,0,20,272
35480,opportunity,hunt,0.23,0,0,100,0,20,272
35490,opportunity,hunt,0.23,0,0,100,0,20,272
35500,opportunity,hunt,0.23,0,0,100,0,20,272
35510,peak,hunt,0.338,0.39,0.012348,100,1,20,273
35520,peak,hunt,0.518,0.461792,0.034435,100,1,20,273
35530,peak,hunt,0.592993,0.461792,0.058394,100,1,20,273
35540,peak,hunt,0.589999,0.480167,0.08334,100,1,20,273
35550,peak,hunt,0.586913,0.480167,0.109058,100,1,20,273
35560,peak,hunt,0.602121,0.470542,0.134778,100,1,20,273
35570,peak,hunt,0.605728,0.480167,0.160599,100,1,20,273
35580,aftermath,hunt,0.552851,0.480167,0.187193,100,1,20,273
35590,aftermath,hunt,0.074345,0.470542,0.213788,100,1,20,273
35600,aftermath,hunt,0.071142,0.480167,0.240484,100,1,20,273
35610,aftermath,hunt,0.067921,0.442542,0.267326,100,0,20,273
35620,aftermath,hunt,0.070611,0.303125,0.244912,100,0,20,273
35630,aftermath,hunt,0.08152,0.023125,0.154003,100,0,20,273
35640,aftermath,hunt,0.092429,0,0.063094,100,0,20,273
35650,aftermath,hunt,0.1,0,0,100,0,20,273
35660,aftermath,hunt,0.1,0,0,100,0,20,273
35670,aftermath,hunt,0.1,0,0,100,0,20,273
35680,aftermath,hunt,0.1,0,0,100,0,20,273
35690,quiet,discovery,0.08,0,0,100,0,20,273
35700,quiet,discovery,0.08,0,0,100,0,20,273
35710,quiet,discovery,0.08,0,0,100,0,20,273
35720,quiet,discovery,0.08,0,0,100,0,20,273
35730,quiet,discovery,0.08,0,0,100,0,20,273
35740,quiet,discovery,0.08,0,0,100,0,20,273
35750,quiet,discovery,0.08,0,0,100,0,20,273
35760,quiet,discovery,0.08,0,0,100,0,20,273
35770,quiet,discovery,0.08,0,0,100,0,20,273
35780,opportunity,discovery,0.188,0,0,100,0,20,273
35790,opportunity,discovery,0.23,0,0,100,0,20,273
35800,opportunity,discovery,0.23,0,0,100,0,20,273
35810,opportunity,discovery,0.23,0,0,100,0,20,273
35820,opportunity,discovery,0.23,0,0,100,0,20,273
35830,opportunity,discovery,0.23,0,0,100,0,20,273
35840,opportunity,discovery,0.23,0,0,100,0,20,273
35850,opportunity,discovery,0.23,0,0,100,0,20,273
35860,opportunity,discovery,0.23,0,0,100,0,20,273
35870,peak,discovery,0.32,0.325,0.010348,100,1,19,274
35880,peak,discovery,0.5,0.461792,0.032435,100,1,19,274
35890,peak,discovery,0.618233,0.461792,0.056394,100,1,19,274
35900,suspended:docked,discovery,,0.498542,0.078841,100,1,19,274
35910,suspended:docked,discovery,,0.498542,0.078841,100,1,20,274
35920,suspended:docked,discovery,,0.498542,0.078841,100,1,20,274
35930,suspended:docked,discovery,,0.498542,0.078841,100,1,20,274
35940,peak,discovery,0.565539,0.470542,0.081069,100,1,20,274
35950,peak,discovery,0.08,0.425042,0.103923,100,1,20,274
35960,aftermath,discovery,0.08455,0.461792,0.128749,100,1,20,274
35970,aftermath,discovery,0.081405,0.452167,0.154962,100,0,20,274
35980,aftermath,discovery,0.084092,0.303125,0.132568,100,0,20,274
35990,aftermath,discovery,0.095001,0.023125,0.041658,100,0,20,274
