t,phase,motif,requested,observed,fatigue,hull,liveCombat,pending,totalSpawns
0,travel,,,,,100,0,1,0
10,travel,,,,,100,0,1,0
20,travel,,,,,100,0,1,0
30,travel,,,,,100,0,1,0
40,travel,,,,,100,0,1,0
50,travel,,,,,100,0,2,0
60,travel,,,,,100,0,2,0
70,violence,,,,,100,1,1,1
80,violence,,,,,100,1,1,1
90,violence,,,,,100,1,2,1
100,violence,,,,,100,1,1,2
110,violence,,,,,100,1,1,2
120,violence,,,,,100,1,1,2
130,violence,,,,,100,1,1,2
140,violence,,,,,100,1,2,2
150,violence,,,,,100,1,2,2
160,violence,,,,,100,1,2,2
170,aftermath,,,,,100,0,2,2
180,aftermath,,,,,100,0,3,2
190,aftermath,,,,,100,0,3,2
200,aftermath,,,,,100,0,3,2
210,aftermath,,,,,100,0,3,2
220,aftermath,,,,,100,0,3,2
230,quiet,,,,,100,0,4,2
240,quiet,,,,,100,0,4,2
250,quiet,,,,,100,0,4,2
260,quiet,,,,,100,0,4,2
270,quiet,,,,,100,0,5,2
280,quiet,,,,,100,0,4,3
290,quiet,,,,,100,0,4,3
300,quiet,,,,,100,0,4,3
310,quiet,,,,,100,0,4,3
320,work,,,,,100,0,5,3
330,work,,,,,100,0,5,3
340,travel,,,,,100,0,5,3
350,violence,,,,,100,1,4,4
360,violence,,,,,100,1,5,4
370,violence,,,,,100,1,5,4
380,violence,,,,,100,1,5,4
390,violence,,,,,100,1,5,4
400,violence,,,,,100,1,5,4
410,violence,,,,,100,1,6,4
420,violence,,,,,100,1,6,4
430,violence,,,,,100,1,6,4
440,violence,,,,,100,1,6,4
450,violence,,,,,100,1,7,4
460,aftermath,,,,,100,0,6,5
470,aftermath,,,,,100,0,6,5
480,aftermath,,,,,100,0,6,5
490,aftermath,,,,,100,0,6,5
500,aftermath,,,,,100,0,7,5
510,aftermath,,,,,100,0,7,5
520,quiet,,,,,100,0,7,5
530,quiet,,,,,100,0,7,5
540,quiet,,,,,100,0,8,5
550,quiet,,,,,100,0,7,6
560,quiet,,,,,100,0,7,6
570,quiet,,,,,100,0,7,6
580,quiet,,,,,100,0,7,6
590,quiet,,,,,100,0,7,7
600,quiet,,,,,100,0,7,7
610,work,,,,,100,0,7,7
620,work,,,,,100,0,7,7
630,travel,,,,,100,0,8,7
640,travel,,,,,100,0,8,7
650,travel,,,,,100,0,8,7
660,travel,,,,,100,0,8,7
670,travel,,,,,100,0,8,7
680,travel,,,,,100,0,9,7
690,travel,,,,,100,0,9,7
700,curiosity,,,,,100,0,9,7
710,curiosity,,,,,100,0,9,7
720,curiosity,,,,,100,0,10,7
730,curiosity,,,,,100,0,10,7
740,curiosity,,,,,100,0,10,7
750,curiosity,,,,,100,0,10,7
760,curiosity,,,,,100,0,10,7
770,curiosity,,,,,100,0,11,7
780,opportunity,,,,,100,1,10,8
790,violence,,,,,100,1,9,9
800,violence,,,,,100,1,9,9
810,violence,,,,,100,1,10,9
820,violence,,,,,100,1,10,9
830,violence,,,,,100,1,10,9
840,violence,,,,,100,1,10,9
850,violence,,,,,100,1,10,9
860,violence,,,,,100,1,11,9
870,violence,,,,,100,1,11,9
880,violence,,,,,100,1,11,9
890,aftermath,,,,,100,0,11,9
900,aftermath,,,,,100,0,12,9
910,aftermath,,,,,100,0,11,10
920,aftermath,,,,,100,0,11,10
930,aftermath,,,,,100,0,11,10
940,aftermath,,,,,100,0,11,10
950,quiet,,,,,100,0,11,11
960,quiet,,,,,100,0,11,11
970,quiet,,,,,100,0,11,11
980,quiet,,,,,100,0,11,11
990,quiet,,,,,100,0,12,11
1000,quiet,,,,,100,0,12,11
1010,quiet,,,,,100,0,12,11
1020,quiet,,,,,100,0,12,11
1030,quiet,,,,,100,0,12,11
1040,work,,,,,100,0,13,11
1050,work,,,,,100,0,13,11
1060,violence,,,,,100,1,12,12
1070,violence,,,,,100,1,12,12
1080,violence,,,,,100,1,13,12
1090,violence,,,,,100,1,13,12
1100,violence,,,,,100,1,13,12
1110,violence,,,,,100,1,13,12
1120,violence,,,,,100,1,13,12
1130,violence,,,,,100,1,14,12
1140,violence,,,,,100,1,14,12
1150,violence,,,,,100,1,14,12
1160,aftermath,,,,,100,0,14,12
1170,aftermath,,,,,100,0,15,12
1180,aftermath,,,,,100,0,15,12
1190,aftermath,,,,,100,0,15,12
1200,aftermath,,,,,100,0,15,12
1210,aftermath,,,,,100,0,15,12
1220,quiet,,,,,100,0,16,12
1230,quiet,,,,,100,0,16,12
1240,quiet,,,,,100,0,16,12
1250,quiet,,,,,100,0,16,12
1260,quiet,,,,,100,0,17,12
1270,quiet,,,,,100,0,17,12
1280,quiet,,,,,100,0,17,12
1290,quiet,,,,,100,0,17,12
1300,quiet,,,,,100,0,17,12
1310,work,,,,,100,0,18,12
1320,work,,,,,100,0,18,12
1330,travel,,,,,100,0,18,12
1340,violence,,,,,100,1,17,13
1350,violence,,,,,100,1,18,13
1360,violence,,,,,100,1,18,13
1370,violence,,,,,100,1,18,13
1380,violence,,,,,100,1,18,13
1390,violence,,,,,100,1,18,13
1400,violence,,,,,100,1,18,14
1410,violence,,,,,100,1,18,14
1420,violence,,,,,100,1,18,14
1430,violence,,,,,100,1,18,14
1440,aftermath,,,,,100,0,19,14
1450,aftermath,,,,,100,0,18,15
1460,aftermath,,,,,100,0,18,15
1470,aftermath,,,,,100,0,18,15
1480,aftermath,,,,,100,0,18,15
1490,aftermath,,,,,100,0,18,16
1500,quiet,,,,,100,0,18,16
1510,quiet,,,,,100,0,18,16
1520,quiet,,,,,100,0,18,16
1530,quiet,,,,,100,0,19,16
1540,quiet,,,,,100,0,18,17
1550,quiet,,,,,100,0,18,17
1560,quiet,,,,,100,0,18,17
1570,quiet,,,,,100,0,18,17
1580,quiet,,,,,100,0,18,18
1590,work,,,,,100,0,18,18
1600,work,,,,,100,0,18,18
1610,violence,,,,,100,1,17,19
1620,violence,,,,,100,1,18,19
1630,violence,,,,,100,1,18,19
1640,violence,,,,,100,1,18,19
1650,violence,,,,,100,1,18,19
1660,violence,,,,,100,1,18,19
1670,violence,,,,,100,1,19,19
1680,violence,,,,,100,1,19,19
1690,violence,,,,,100,1,19,19
1700,violence,,,,,100,1,19,19
1710,violence,,,,,100,1,20,19
1720,aftermath,,,,,100,0,20,19
1730,aftermath,,,,,100,0,20,19
1740,aftermath,,,,,100,0,20,19
1750,aftermath,,,,,100,0,20,19
1760,aftermath,,,,,100,0,19,20
1770,aftermath,,,,,100,0,19,20
1780,quiet,,,,,100,0,19,20
1790,quiet,,,,,100,0,19,20
1800,quiet,,,,,100,0,20,20
1810,quiet,,,,,100,0,20,20
1820,quiet,,,,,100,0,20,20
1830,quiet,,,,,100,0,20,20
1840,quiet,,,,,100,0,20,20
1850,quiet,,,,,100,0,20,20
1860,quiet,,,,,100,0,20,20
1870,work,,,,,100,0,20,20
1880,work,,,,,100,0,20,20
1890,violence,,,,,100,1,20,21
1900,violence,,,,,100,1,20,21
1910,violence,,,,,100,1,20,21
1920,violence,,,,,100,1,20,21
1930,violence,,,,,100,1,20,21
1940,violence,,,,,100,1,20,21
1950,violence,,,,,100,1,20,21
1960,violence,,,,,100,1,20,21
1970,violence,,,,,100,1,20,21
1980,violence,,,,,100,1,20,21
1990,aftermath,,,,,100,0,20,21
2000,aftermath,,,,,100,0,20,21
2010,aftermath,,,,,100,0,20,21
2020,aftermath,,,,,100,0,20,21
2030,aftermath,,,,,100,0,20,21
2040,aftermath,,,,,100,0,20,21
2050,quiet,,,,,100,0,20,21
2060,quiet,,,,,100,0,20,21
2070,quiet,,,,,100,0,20,21
2080,quiet,,,,,100,0,20,21
2090,quiet,,,,,100,0,20,21
2100,quiet,,,,,100,0,20,21
2110,quiet,,,,,100,0,20,21
2120,quiet,,,,,100,0,20,21
2130,quiet,,,,,100,0,20,21
2140,work,,,,,100,0,20,21
2150,work,,,,,100,0,20,21
2160,violence,,,,,100,1,20,22
2170,violence,,,,,100,1,20,22
2180,violence,,,,,100,1,20,22
2190,violence,,,,,100,1,20,22
2200,violence,,,,,100,1,20,22
2210,violence,,,,,100,1,20,22
2220,violence,,,,,100,1,20,22
2230,violence,,,,,100,1,20,22
2240,violence,,,,,100,1,20,22
2250,violence,,,,,100,1,20,22
2260,violence,,,,,100,1,20,22
2270,aftermath,,,,,100,0,20,22
2280,aftermath,,,,,100,0,20,22
2290,aftermath,,,,,100,0,20,22
2300,aftermath,,,,,100,0,20,22
2310,aftermath,,,,,100,0,20,22
2320,aftermath,,,,,100,0,20,22
2330,quiet,,,,,100,0,20,22
2340,quiet,,,,,100,0,20,22
2350,quiet,,,,,100,0,20,22
2360,quiet,,,,,100,0,20,22
2370,quiet,,,,,100,0,20,22
2380,quiet,,,,,100,0,20,22
2390,quiet,,,,,100,0,20,22
2400,quiet,,,,,100,0,20,22
2410,quiet,,,,,100,0,20,22
2420,work,,,,,100,0,20,22
2430,work,,,,,100,0,20,22
2440,violence,,,,,100,1,19,23
2450,violence,,,,,100,1,19,23
2460,violence,,,,,100,1,19,23
2470,violence,,,,,100,1,19,23
2480,violence,,,,,100,1,20,23
2490,violence,,,,,100,1,20,23
2500,violence,,,,,100,1,20,23
2510,violence,,,,,100,1,20,23
2520,violence,,,,,100,1,20,23
2530,violence,,,,,100,1,20,23
2540,aftermath,,,,,100,0,20,23
2550,aftermath,,,,,100,0,20,23
2560,aftermath,,,,,100,0,20,23
2570,aftermath,,,,,100,0,20,23
2580,aftermath,,,,,100,0,20,23
2590,aftermath,,,,,100,0,20,23
2600,quiet,,,,,100,0,20,23
2610,quiet,,,,,100,0,20,23
2620,quiet,,,,,100,0,20,23
2630,quiet,,,,,100,0,20,23
2640,quiet,,,,,100,0,20,23
2650,quiet,,,,,100,0,20,23
2660,quiet,,,,,100,0,20,23
2670,quiet,,,,,100,0,20,23
2680,quiet,,,,,100,0,20,23
2690,work,,,,,100,0,20,23
2700,work,,,,,100,0,20,23
2710,violence,,,,,100,1,19,24
2720,violence,,,,,100,1,19,24
2730,violence,,,,,100,1,19,24
2740,violence,,,,,100,1,19,24
2750,violence,,,,,100,1,19,25
2760,violence,,,,,100,1,19,25
2770,violence,,,,,100,1,19,25
2780,violence,,,,,100,1,19,25
2790,violence,,,,,100,1,20,25
2800,violence,,,,,100,1,20,25
2810,violence,,,,,100,1,20,25
2820,aftermath,,,,,100,0,20,25
2830,aftermath,,,,,100,0,20,25
2840,aftermath,,,,,100,0,20,25
2850,aftermath,,,,,100,0,20,25
2860,aftermath,,,,,100,0,20,25
2870,aftermath,,,,,100,0,20,25
2880,quiet,,,,,100,0,20,25
2890,quiet,,,,,100,0,20,25
2900,quiet,,,,,100,0,20,25
2910,quiet,,,,,100,0,20,25
2920,quiet,,,,,100,0,20,25
2930,quiet,,,,,100,0,20,25
2940,quiet,,,,,100,0,20,25
2950,quiet,,,,,100,0,20,25
2960,quiet,,,,,100,0,20,25
2970,work,,,,,100,0,20,25
2980,work,,,,,100,0,20,25
2990,violence,,,,,100,1,19,26
3000,violence,,,,,100,1,0,26
3010,violence,,,,,100,1,0,26
3020,violence,,,,,100,1,0,26
3030,violence,,,,,100,1,0,26
3040,violence,,,,,100,1,0,26
3050,violence,,,,,100,1,0,26
3060,violence,,,,,100,1,0,26
3070,violence,,,,,100,1,0,26
3080,violence,,,,,100,1,0,26
3090,aftermath,,,,,100,0,0,26
3100,aftermath,,,,,100,0,0,26
3110,aftermath,,,,,100,0,0,26
3120,aftermath,,,,,100,0,0,26
3130,aftermath,,,,,100,0,0,26
3140,aftermath,,,,,100,0,0,26
3150,quiet,,,,,100,0,0,26
3160,quiet,,,,,100,0,0,26
3170,quiet,,,,,100,0,0,26
3180,quiet,,,,,100,0,0,26
3190,quiet,,,,,100,0,0,26
3200,quiet,,,,,100,0,0,26
3210,quiet,,,,,100,0,0,26
3220,quiet,,,,,100,0,0,26
3230,quiet,,,,,100,0,0,26
3240,work,,,,,100,0,0,26
3250,work,,,,,100,0,0,26
3260,travel,,,,,100,0,0,26
3270,travel,,,,,100,0,0,26
3280,travel,,,,,100,0,0,26
3290,travel,,,,,100,0,0,26
3300,travel,,,,,100,0,0,26
3310,travel,,,,,100,0,0,26
3320,travel,,,,,100,0,0,26
3330,travel,,,,,100,0,0,26
3340,curiosity,,,,,100,0,0,26
3350,curiosity,,,,,100,0,0,26
3360,curiosity,,,,,100,0,0,26
3370,curiosity,,,,,100,0,0,26
3380,violence,,,,,100,1,0,27
3390,violence,,,,,100,1,0,27
3400,violence,,,,,100,1,0,27
3410,violence,,,,,100,1,0,27
3420,violence,,,,,100,1,1,27
3430,violence,,,,,100,1,1,27
3440,violence,,,,,100,1,1,27
3450,violence,,,,,100,1,1,27
3460,violence,,,,,100,1,1,27
3470,violence,,,,,100,1,2,27
3480,violence,,,,,100,1,2,27
3490,aftermath,,,,,100,0,2,27
3500,aftermath,,,,,100,0,2,27
3510,aftermath,,,,,100,0,3,27
3520,aftermath,,,,,100,0,3,27
3530,aftermath,,,,,100,0,3,27
3540,aftermath,,,,,100,0,3,27
3550,quiet,,,,,100,0,3,27
3560,quiet,,,,,100,0,3,28
3570,quiet,,,,,100,0,3,28
3580,quiet,,,,,100,0,3,28
3590,quiet,,,,,100,0,3,28
3600,quiet,,,,,100,0,4,28
3610,quiet,,,,,100,0,3,29
3620,quiet,,,,,100,0,3,29
3630,quiet,,,,,100,0,3,29
3640,work,,,,,100,0,3,29
3650,work,,,,,100,0,3,30
3660,violence,,,,,100,1,2,31
3670,violence,,,,,100,1,2,31
3680,violence,,,,,100,1,2,31
3690,violence,,,,,100,1,3,31
3700,violence,,,,,100,1,3,31
3710,violence,,,,,100,1,3,31
3720,violence,,,,,100,1,3,31
3730,violence,,,,,100,1,3,31
3740,violence,,,,,100,1,4,31
3750,violence,,,,,100,1,4,31
3760,aftermath,,,,,100,0,4,31
3770,aftermath,,,,,100,0,4,31
3780,aftermath,,,,,100,0,5,31
3790,aftermath,,,,,100,0,4,32
3800,aftermath,,,,,100,0,4,32
3810,aftermath,,,,,100,0,4,32
3820,quiet,,,,,100,0,4,32
3830,quiet,,,,,100,0,5,32
3840,quiet,,,,,100,0,5,32
3850,quiet,,,,,100,0,5,32
3860,quiet,,,,,100,0,5,32
3870,quiet,,,,,100,0,6,32
3880,quiet,,,,,100,0,6,32
3890,quiet,,,,,100,0,6,32
3900,quiet,,,,,100,0,6,32
3910,work,,,,,100,0,6,32
3920,work,,,,,100,0,7,32
3930,travel,,,,,100,0,7,32
3940,travel,,,,,100,0,7,32
3950,violence,,,,,100,1,6,33
3960,violence,,,,,100,1,7,33
3970,violence,,,,,100,1,6,34
3980,violence,,,,,100,1,6,34
3990,violence,,,,,100,1,6,34
4000,violence,,,,,100,1,6,34
4010,violence,,,,,100,1,6,35
4020,violence,,,,,100,1,6,35
4030,violence,,,,,100,1,6,35
4040,violence,,,,,100,1,6,35
4050,violence,,,,,100,1,7,35
4060,aftermath,,,,,100,0,6,36
4070,aftermath,,,,,100,0,6,36
4080,aftermath,,,,,100,0,6,36
4090,aftermath,,,,,100,0,6,36
4100,aftermath,,,,,100,0,6,37
4110,aftermath,,,,,100,0,6,37
4120,quiet,,,,,100,0,6,37
4130,quiet,,,,,100,0,6,37
4140,quiet,,,,,100,0,7,37
4150,quiet,,,,,100,0,7,37
4160,quiet,,,,,100,0,7,37
4170,quiet,,,,,100,0,7,37
4180,quiet,,,,,100,0,7,37
4190,quiet,,,,,100,0,7,38
4200,quiet,,,,,100,0,7,38
4210,work,,,,,100,0,7,38
4220,work,,,,,100,0,7,38
4230,violence,,,,,100,1,7,39
4240,violence,,,,,100,1,6,40
4250,violence,,,,,100,1,6,40
4260,violence,,,,,100,1,6,40
4270,violence,,,,,100,1,6,40
4280,violence,,,,,100,1,7,40
4290,violence,,,,,100,1,7,40
4300,violence,,,,,100,1,7,40
4310,violence,,,,,100,1,7,40
4320,violence,,,,,100,1,8,40
4330,aftermath,,,,,100,0,8,40
4340,aftermath,,,,,100,0,8,40
4350,aftermath,,,,,100,0,8,40
4360,aftermath,,,,,100,0,8,40
4370,aftermath,,,,,100,0,8,41
4380,aftermath,,,,,100,0,8,41
4390,quiet,,,,,100,0,8,41
4400,quiet,,,,,100,0,8,41
4410,quiet,,,,,100,0,9,41
4420,quiet,,,,,100,0,9,41
4430,quiet,,,,,100,0,9,41
4440,quiet,,,,,100,0,9,41
4450,quiet,,,,,100,0,9,41
4460,quiet,,,,,100,0,9,42
4470,quiet,,,,,100,0,9,42
4480,work,,,,,100,0,9,42
4490,work,,,,,100,0,9,42
4500,violence,,,,,100,1,9,43
4510,violence,,,,,100,1,9,43
4520,violence,,,,,100,1,9,43
4530,violence,,,,,100,1,9,43
4540,violence,,,,,100,1,9,43
4550,violence,,,,,100,1,10,43
4560,violence,,,,,100,1,10,43
4570,violence,,,,,100,1,10,43
4580,violence,,,,,100,1,10,43
4590,violence,,,,,100,1,11,43
4600,violence,,,,,100,1,11,43
4610,aftermath,,,,,100,0,11,43
4620,aftermath,,,,,100,0,11,43
4630,aftermath,,,,,100,0,11,43
4640,aftermath,,,,,100,0,11,44
4650,aftermath,,,,,100,0,11,44
4660,aftermath,,,,,100,0,11,44
4670,quiet,,,,,100,0,11,44
4680,quiet,,,,,100,0,12,44
4690,quiet,,,,,100,0,11,45
4700,quiet,,,,,100,0,11,45
4710,quiet,,,,,100,0,11,45
4720,quiet,,,,,100,0,11,45
4730,quiet,,,,,100,0,12,45
4740,quiet,,,,,100,0,12,45
4750,quiet,,,,,100,0,12,45
4760,work,,,,,100,0,12,45
4770,work,,,,,100,0,13,45
4780,violence,,,,,100,1,11,47
4790,violence,,,,,100,1,11,47
4800,violence,,,,,100,1,11,47
4810,violence,,,,,100,1,11,47
4820,violence,,,,,100,1,11,48
4830,violence,,,,,100,1,11,48
4840,violence,,,,,100,1,11,48
4850,violence,,,,,100,1,11,48
4860,violence,,,,,100,1,12,48
4870,violence,,,,,100,1,11,49
4880,violence,,,,,100,1,11,49
4890,aftermath,,,,,100,0,11,49
4900,aftermath,,,,,100,0,11,49
4910,aftermath,,,,,100,0,11,50
4920,aftermath,,,,,100,0,11,50
4930,aftermath,,,,,100,0,11,50
4940,aftermath,,,,,100,0,11,50
4950,quiet,,,,,100,0,12,50
4960,quiet,,,,,100,0,12,50
4970,quiet,,,,,100,0,12,50
4980,quiet,,,,,100,0,12,50
4990,quiet,,,,,100,0,12,50
5000,quiet,,,,,100,0,12,51
5010,quiet,,,,,100,0,12,51
5020,quiet,,,,,100,0,12,51
5030,quiet,,,,,100,0,12,51
5040,work,,,,,100,0,13,51
5050,work,,,,,100,0,12,52
5060,violence,,,,,100,1,11,53
5070,violence,,,,,100,1,11,53
5080,violence,,,,,100,1,11,53
5090,violence,,,,,100,1,11,54
5100,violence,,,,,100,1,11,54
5110,violence,,,,,100,1,11,54
5120,violence,,,,,100,1,11,54
5130,violence,,,,,100,1,12,54
5140,violence,,,,,99,1,11,55
5150,violence,,,,,92,1,11,55
5160,aftermath,,,,,88.74,0,11,55
5170,aftermath,,,,,89.94,0,11,55
5180,aftermath,,,,,91.14,0,11,56
5190,aftermath,,,,,92.34,0,11,56
5200,aftermath,,,,,93.54,0,11,56
5210,aftermath,,,,,94.74,0,11,56
5220,quiet,,,,,95.94,0,12,56
5230,quiet,,,,,97.14,0,12,56
5240,quiet,,,,,98.34,0,12,56
5250,quiet,,,,,99.54,0,12,56
5260,quiet,,,,,100,0,12,56
5270,quiet,,,,,100,0,13,56
5280,quiet,,,,,100,0,13,56
5290,quiet,,,,,100,0,13,56
5300,quiet,,,,,100,0,13,56
5310,work,,,,,100,0,14,56
5320,work,,,,,100,0,14,56
5330,work,,,,,100,0,14,56
5340,travel,,,,,100,0,14,56
5350,violence,,,,,100,1,13,57
5360,violence,,,,,100,1,13,58
5370,violence,,,,,100,1,13,58
5380,violence,,,,,100,1,12,59
5390,violence,,,,,100,1,12,59
5400,violence,,,,,100,1,13,59
5410,violence,,,,,100,1,13,59
5420,violence,,,,,100,1,13,59
5430,violence,,,,,100,1,13,59
5440,violence,,,,,100,1,13,59
5450,aftermath,,,,,100,0,14,59
5460,aftermath,,,,,100,0,14,59
5470,aftermath,,,,,100,0,14,59
5480,aftermath,,,,,100,0,14,59
5490,aftermath,,,,,100,0,15,59
5500,aftermath,,,,,100,0,15,59
5510,quiet,,,,,100,0,15,59
5520,quiet,,,,,100,0,15,59
5530,quiet,,,,,100,0,15,59
5540,quiet,,,,,100,0,16,59
5550,quiet,,,,,100,0,16,59
5560,quiet,,,,,100,0,16,59
5570,quiet,,,,,100,0,16,59
5580,quiet,,,,,100,0,17,59
5590,quiet,,,,,100,0,17,59
5600,work,,,,,100,0,16,60
5610,work,,,,,100,0,16,60
5620,travel,,,,,100,0,15,61
5630,violence,,,,,100,1,15,62
5640,violence,,,,,100,1,15,62
5650,violence,,,,,100,1,15,62
5660,violence,,,,,100,1,15,62
5670,violence,,,,,100,1,16,62
5680,violence,,,,,100,1,15,63
5690,violence,,,,,100,1,15,63
5700,violence,,,,,100,1,15,63
5710,violence,,,,,100,1,15,63
5720,violence,,,,,100,1,15,64
5730,aftermath,,,,,100,0,15,64
5740,aftermath,,,,,100,0,15,64
5750,aftermath,,,,,100,0,15,64
5760,aftermath,,,,,100,0,16,64
5770,aftermath,,,,,100,0,16,64
5780,aftermath,,,,,100,0,16,64
5790,quiet,,,,,100,0,16,64
5800,quiet,,,,,100,0,16,64
5810,quiet,,,,,100,0,17,64
5820,quiet,,,,,100,0,17,64
5830,quiet,,,,,100,0,17,64
5840,quiet,,,,,100,0,17,64
5850,quiet,,,,,100,0,18,64
5860,quiet,,,,,100,0,18,64
5870,quiet,,,,,100,0,18,64
5880,work,,,,,100,0,18,64
5890,work,,,,,100,0,18,64
5900,travel,,,,,100,1,17,66
5910,violence,,,,,100,1,17,66
5920,violence,,,,,100,1,17,66
5930,violence,,,,,100,1,17,66
5940,violence,,,,,100,1,18,66
5950,violence,,,,,100,1,18,66
5960,violence,,,,,100,1,18,66
5970,violence,,,,,100,1,18,66
5980,violence,,,,,100,1,18,66
5990,violence,,,,,100,1,19,66
6000,violence,,,,,100,1,19,66
6010,aftermath,,,,,100,0,19,66
6020,aftermath,,,,,100,0,19,66
6030,aftermath,,,,,100,0,20,66
6040,aftermath,,,,,100,0,19,67
6050,aftermath,,,,,100,0,19,67
6060,aftermath,,,,,100,0,19,67
6070,quiet,,,,,100,0,19,67
6080,quiet,,,,,100,0,19,68
6090,quiet,,,,,100,0,19,68
6100,quiet,,,,,100,0,19,68
6110,quiet,,,,,100,0,19,68
6120,quiet,,,,,100,0,20,68
6130,quiet,,,,,100,0,20,68
6140,quiet,,,,,100,0,20,68
6150,quiet,,,,,100,0,20,68
6160,work,,,,,100,0,20,68
6170,work,,,,,100,0,20,68
6180,violence,,,,,100,1,19,69
6190,violence,,,,,100,1,19,69
6200,violence,,,,,100,1,19,69
6210,violence,,,,,100,1,20,69
6220,violence,,,,,100,1,20,69
6230,violence,,,,,100,1,20,69
6240,violence,,,,,100,1,20,69
6250,violence,,,,,100,1,20,69
6260,violence,,,,,100,1,20,69
6270,violence,,,,,100,1,20,69
6280,aftermath,,,,,100,0,20,69
6290,aftermath,,,,,100,0,20,69
6300,aftermath,,,,,100,0,20,69
6310,aftermath,,,,,100,0,20,69
6320,aftermath,,,,,100,0,20,69
6330,aftermath,,,,,100,0,20,69
6340,quiet,,,,,100,0,20,69
6350,quiet,,,,,100,0,20,69
6360,quiet,,,,,100,0,20,69
6370,quiet,,,,,100,0,20,69
6380,quiet,,,,,100,0,20,69
6390,quiet,,,,,100,0,20,69
6400,quiet,,,,,100,0,20,69
6410,quiet,,,,,100,0,20,69
6420,quiet,,,,,100,0,20,69
6430,work,,,,,100,0,20,69
6440,work,,,,,100,0,20,69
6450,travel,,,,,100,0,20,69
6460,violence,,,,,100,1,19,70
6470,violence,,,,,100,1,19,70
6480,violence,,,,,100,1,20,70
6490,violence,,,,,100,1,20,70
6500,violence,,,,,100,1,20,70
6510,violence,,,,,100,1,20,70
6520,violence,,,,,100,1,20,70
6530,violence,,,,,100,1,20,70
6540,violence,,,,,100,1,20,70
6550,violence,,,,,100,1,20,70
6560,aftermath,,,,,100,0,20,70
6570,aftermath,,,,,100,0,20,70
6580,aftermath,,,,,100,0,20,70
6590,aftermath,,,,,100,0,20,70
6600,aftermath,,,,,100,0,20,70
6610,aftermath,,,,,100,0,20,70
6620,quiet,,,,,100,0,20,70
6630,quiet,,,,,100,0,20,70
6640,quiet,,,,,100,0,20,70
6650,quiet,,,,,100,0,20,70
6660,quiet,,,,,100,0,20,70
6670,quiet,,,,,100,0,20,70
6680,quiet,,,,,100,0,20,70
6690,quiet,,,,,100,0,20,70
6700,quiet,,,,,100,0,20,70
6710,work,,,,,100,0,20,70
6720,work,,,,,100,0,20,70
6730,violence,,,,,100,1,19,71
6740,violence,,,,,100,1,19,71
6750,violence,,,,,100,1,20,71
6760,violence,,,,,100,1,19,72
6770,violence,,,,,100,1,19,72
6780,violence,,,,,100,1,19,72
6790,violence,,,,,100,1,19,72
6800,violence,,,,,100,1,19,73
6810,violence,,,,,100,1,19,73
6820,violence,,,,,100,1,19,73
6830,violence,,,,,100,1,19,73
6840,aftermath,,,,,100,0,20,73
6850,aftermath,,,,,100,0,20,73
6860,aftermath,,,,,100,0,20,73
6870,aftermath,,,,,100,0,20,73
6880,aftermath,,,,,100,0,20,73
6890,aftermath,,,,,100,0,20,73
6900,quiet,,,,,100,0,20,73
6910,quiet,,,,,100,0,20,73
6920,quiet,,,,,100,0,20,73
6930,quiet,,,,,100,0,20,73
6940,quiet,,,,,100,0,20,73
6950,quiet,,,,,100,0,20,73
6960,quiet,,,,,100,0,20,73
6970,quiet,,,,,100,0,20,73
6980,quiet,,,,,100,0,20,73
6990,work,,,,,100,0,20,73
7000,work,,,,,100,0,20,73
7010,violence,,,,,100,1,19,74
7020,violence,,,,,100,1,20,74
7030,violence,,,,,100,1,19,75
7040,violence,,,,,100,1,19,75
7050,violence,,,,,100,1,19,75
7060,violence,,,,,100,1,19,75
7070,violence,,,,,100,1,19,76
7080,violence,,,,,100,1,19,76
7090,violence,,,,,100,1,19,76
7100,violence,,,,,100,1,19,76
7110,aftermath,,,,,100,0,20,76
7120,aftermath,,,,,100,0,20,76
7130,aftermath,,,,,100,0,20,76
7140,aftermath,,,,,100,0,20,76
7150,aftermath,,,,,100,0,20,76
7160,aftermath,,,,,100,0,20,76
7170,quiet,,,,,100,0,20,76
7180,quiet,,,,,100,0,20,76
7190,quiet,,,,,100,0,20,76
7200,quiet,,,,,100,0,20,76
7210,quiet,,,,,100,0,20,76
7220,quiet,,,,,100,0,20,76
7230,quiet,,,,,100,0,20,76
7240,quiet,,,,,100,0,20,76
7250,quiet,,,,,100,0,20,76
7260,work,,,,,100,0,20,76
7270,work,,,,,100,0,20,76
7280,travel,,,,,100,1,19,77
7290,violence,,,,,100,1,20,77
7300,violence,,,,,100,1,20,77
7310,violence,,,,,100,1,20,77
7320,violence,,,,,100,1,20,77
7330,violence,,,,,100,1,20,77
7340,violence,,,,,100,1,20,77
7350,violence,,,,,100,1,20,77
7360,violence,,,,,100,1,20,77
7370,violence,,,,,100,1,20,77
7380,violence,,,,,100,1,20,77
7390,aftermath,,,,,100,0,20,77
7400,aftermath,,,,,100,0,20,77
7410,aftermath,,,,,100,0,20,77
7420,aftermath,,,,,100,0,20,77
7430,aftermath,,,,,100,0,20,77
7440,aftermath,,,,,100,0,20,77
7450,quiet,,,,,100,0,20,77
7460,quiet,,,,,100,0,20,77
7470,quiet,,,,,100,0,20,77
7480,quiet,,,,,100,0,20,77
7490,quiet,,,,,100,0,20,77
7500,quiet,,,,,100,0,20,77
7510,quiet,,,,,100,0,20,77
7520,quiet,,,,,100,0,20,77
7530,quiet,,,,,100,0,20,77
7540,work,,,,,100,0,20,77
7550,work,,,,,100,0,20,77
7560,violence,,,,,100,1,20,78
7570,violence,,,,,100,1,19,79
7580,violence,,,,,100,1,19,79
7590,violence,,,,,100,1,19,79
7600,violence,,,,,100,1,19,79
7610,violence,,,,,100,1,19,80
7620,violence,,,,,100,1,19,80
7630,violence,,,,,100,1,19,80
7640,violence,,,,,100,1,19,80
7650,violence,,,,,100,1,20,80
7660,aftermath,,,,,100,0,20,80
7670,aftermath,,,,,100,0,20,80
7680,aftermath,,,,,100,0,20,80
7690,aftermath,,,,,100,0,20,80
7700,aftermath,,,,,100,0,20,80
7710,aftermath,,,,,100,0,20,80
7720,quiet,,,,,100,0,20,80
7730,quiet,,,,,100,0,20,80
7740,quiet,,,,,100,0,20,80
7750,quiet,,,,,100,0,20,80
7760,quiet,,,,,100,0,20,80
7770,quiet,,,,,100,0,20,80
7780,quiet,,,,,100,0,20,80
7790,quiet,,,,,100,0,20,80
7800,quiet,,,,,100,0,20,80
7810,work,,,,,100,0,20,80
7820,work,,,,,100,0,20,80
7830,travel,,,,,100,0,20,80
7840,travel,,,,,100,0,20,80
7850,travel,,,,,100,0,20,80
7860,travel,,,,,100,0,20,80
7870,travel,,,,,100,0,20,80
7880,travel,,,,,100,0,20,80
7890,travel,,,,,100,0,20,80
7900,travel,,,,,100,0,20,80
7910,curiosity,,,,,100,0,20,80
7920,curiosity,,,,,100,0,20,80
7930,curiosity,,,,,100,0,20,80
7940,curiosity,,,,,100,0,20,80
7950,curiosity,,,,,100,0,20,80
7960,curiosity,,,,,100,0,20,80
7970,curiosity,,,,,100,0,20,80
7980,opportunity,,,,,100,1,19,81
7990,violence,,,,,100,1,19,81
8000,violence,,,,,100,1,19,81
8010,violence,,,,,100,1,20,81
8020,violence,,,,,100,1,20,81
8030,violence,,,,,100,1,20,81
8040,violence,,,,,100,1,20,81
8050,violence,,,,,100,1,20,81
8060,violence,,,,,100,1,20,81
8070,violence,,,,,100,1,20,81
8080,violence,,,,,100,1,20,81
8090,aftermath,,,,,100,0,20,81
8100,aftermath,,,,,100,0,20,81
8110,aftermath,,,,,100,0,20,81
8120,aftermath,,,,,100,0,20,81
8130,aftermath,,,,,100,0,20,81
8140,aftermath,,,,,100,0,20,81
8150,quiet,,,,,100,0,20,81
8160,quiet,,,,,100,0,20,81
8170,quiet,,,,,100,0,20,81
8180,quiet,,,,,100,0,20,81
8190,quiet,,,,,100,0,20,81
8200,quiet,,,,,100,0,20,81
8210,quiet,,,,,100,0,20,81
8220,quiet,,,,,100,0,20,81
8230,quiet,,,,,100,0,20,81
8240,work,,,,,100,0,20,81
8250,work,,,,,100,0,20,81
8260,violence,,,,,100,1,19,82
8270,violence,,,,,100,1,19,82
8280,violence,,,,,100,1,20,82
8290,violence,,,,,100,1,20,82
8300,violence,,,,,100,1,20,82
8310,violence,,,,,100,1,20,82
8320,violence,,,,,100,1,20,82
8330,violence,,,,,100,1,20,82
8340,violence,,,,,100,1,20,82
8350,violence,,,,,100,1,20,82
8360,aftermath,,,,,100,0,20,82
8370,aftermath,,,,,100,0,20,82
8380,aftermath,,,,,100,0,20,82
8390,aftermath,,,,,100,0,20,82
8400,aftermath,,,,,100,0,20,82
8410,aftermath,,,,,100,0,20,82
8420,quiet,,,,,100,0,20,82
8430,quiet,,,,,100,0,20,82
8440,quiet,,,,,100,0,20,82
8450,quiet,,,,,100,0,20,82
8460,quiet,,,,,100,0,20,82
8470,quiet,,,,,100,0,20,82
8480,quiet,,,,,100,0,20,82
8490,quiet,,,,,100,0,20,82
8500,quiet,,,,,100,0,20,82
8510,work,,,,,100,0,20,82
8520,work,,,,,100,0,20,82
8530,travel,,,,,100,0,20,82
8540,violence,,,,,100,1,19,83
8550,violence,,,,,100,1,20,83
8560,violence,,,,,100,1,20,83
8570,violence,,,,,100,1,20,83
8580,violence,,,,,100,1,20,83
8590,violence,,,,,100,1,20,83
8600,violence,,,,,100,1,20,83
8610,violence,,,,,100,1,20,83
8620,violence,,,,,100,1,20,83
8630,violence,,,,,100,1,20,83
8640,aftermath,,,,,100,0,20,83
8650,aftermath,,,,,100,0,20,83
8660,aftermath,,,,,100,0,20,83
8670,aftermath,,,,,100,0,20,83
8680,aftermath,,,,,100,0,20,83
8690,aftermath,,,,,100,0,20,83
8700,quiet,,,,,100,0,20,83
8710,quiet,,,,,100,0,20,83
8720,quiet,,,,,100,0,20,83
8730,quiet,,,,,100,0,20,83
8740,quiet,,,,,100,0,20,83
8750,quiet,,,,,100,0,20,83
8760,quiet,,,,,100,0,20,83
8770,quiet,,,,,100,0,20,83
8780,quiet,,,,,100,0,20,83
8790,work,,,,,100,0,20,83
8800,work,,,,,100,0,20,83
8810,violence,,,,,100,1,19,84
8820,violence,,,,,100,1,20,84
8830,violence,,,,,100,1,19,85
8840,violence,,,,,100,1,19,85
8850,violence,,,,,100,1,19,85
8860,violence,,,,,100,1,19,85
8870,violence,,,,,100,1,20,85
8880,violence,,,,,100,1,20,85
8890,violence,,,,,100,1,20,85
8900,violence,,,,,100,1,20,85
8910,violence,,,,,100,1,20,85
8920,aftermath,,,,,100,0,20,85
8930,aftermath,,,,,100,0,20,85
8940,aftermath,,,,,100,0,20,85
8950,aftermath,,,,,100,0,20,85
8960,aftermath,,,,,100,0,20,85
8970,aftermath,,,,,100,0,20,85
8980,quiet,,,,,100,0,20,85
8990,quiet,,,,,100,0,20,85
9000,quiet,,,,,100,0,20,85
9010,quiet,,,,,100,0,20,85
9020,quiet,,,,,100,0,20,85
9030,quiet,,,,,100,0,20,85
9040,quiet,,,,,100,0,20,85
9050,quiet,,,,,100,0,20,85
9060,quiet,,,,,100,0,20,85
9070,work,,,,,100,0,20,85
9080,work,,,,,100,0,20,85
9090,violence,,,,,100,1,20,86
9100,violence,,,,,100,1,20,86
9110,violence,,,,,100,1,20,86
9120,violence,,,,,100,1,20,86
9130,violence,,,,,100,1,20,86
9140,violence,,,,,100,1,20,86
9150,violence,,,,,100,1,20,86
9160,violence,,,,,100,1,20,86
9170,violence,,,,,100,1,20,86
9180,violence,,,,,100,1,20,86
9190,aftermath,,,,,100,0,20,86
9200,aftermath,,,,,100,0,20,86
9210,aftermath,,,,,100,0,20,86
9220,aftermath,,,,,100,0,20,86
9230,aftermath,,,,,100,0,20,86
9240,aftermath,,,,,100,0,20,86
9250,quiet,,,,,100,0,20,86
9260,quiet,,,,,100,0,20,86
9270,quiet,,,,,100,0,20,86
9280,quiet,,,,,100,0,20,86
9290,quiet,,,,,100,0,20,86
9300,quiet,,,,,100,0,20,86
9310,quiet,,,,,100,0,20,86
9320,quiet,,,,,100,0,20,86
9330,quiet,,,,,100,0,20,86
9340,work,,,,,100,0,20,86
9350,work,,,,,100,0,20,86
9360,travel,,,,,100,0,20,86
9370,violence,,,,,100,1,19,87
9380,violence,,,,,100,1,19,87
9390,violence,,,,,100,1,19,87
9400,violence,,,,,100,1,19,87
9410,violence,,,,,100,1,19,88
9420,violence,,,,,100,1,19,88
9430,violence,,,,,100,1,19,88
9440,violence,,,,,100,1,19,88
9450,violence,,,,,100,1,20,88
9460,violence,,,,,100,1,20,88
9470,aftermath,,,,,100,0,20,88
9480,aftermath,,,,,100,0,20,88
9490,aftermath,,,,,100,0,20,88
9500,aftermath,,,,,100,0,20,88
9510,aftermath,,,,,100,0,20,88
9520,aftermath,,,,,100,0,20,88
9530,quiet,,,,,100,0,20,88
9540,quiet,,,,,100,0,20,88
9550,quiet,,,,,100,0,20,88
9560,quiet,,,,,100,0,20,88
9570,quiet,,,,,100,0,20,88
9580,quiet,,,,,100,0,20,88
9590,quiet,,,,,100,0,20,88
9600,quiet,,,,,100,0,20,88
9610,quiet,,,,,100,0,20,88
9620,work,,,,,100,0,20,88
9630,work,,,,,100,0,20,88
9640,violence,,,,,100,1,19,89
9650,violence,,,,,100,1,19,89
9660,violence,,,,,100,1,19,89
9670,violence,,,,,100,1,19,89
9680,violence,,,,,100,1,20,89
9690,violence,,,,,100,1,20,89
9700,violence,,,,,100,1,20,89
9710,violence,,,,,100,1,20,89
9720,violence,,,,,100,1,20,89
9730,violence,,,,,100,1,20,89
9740,violence,,,,,100,1,20,89
9750,aftermath,,,,,100,0,20,89
9760,aftermath,,,,,100,0,20,89
9770,aftermath,,,,,100,0,20,89
9780,aftermath,,,,,100,0,20,89
9790,aftermath,,,,,100,0,20,89
9800,aftermath,,,,,100,0,20,89
9810,quiet,,,,,100,0,20,89
9820,quiet,,,,,100,0,20,89
9830,quiet,,,,,100,0,20,89
9840,quiet,,,,,100,0,20,89
9850,quiet,,,,,100,0,20,89
9860,quiet,,,,,100,0,20,89
9870,quiet,,,,,100,0,20,89
9880,quiet,,,,,100,0,20,89
9890,quiet,,,,,100,0,20,89
9900,work,,,,,100,0,20,89
9910,work,,,,,100,0,20,89
9920,violence,,,,,100,1,19,90
9930,violence,,,,,100,1,19,90
9940,violence,,,,,100,1,19,90
9950,violence,,,,,100,1,19,91
9960,violence,,,,,100,1,19,91
9970,violence,,,,,100,1,19,91
9980,violence,,,,,100,1,19,91
9990,violence,,,,,100,1,20,91
10000,violence,,,,,100,1,20,91
10010,violence,,,,,100,1,20,91
10020,aftermath,,,,,100,0,20,91
10030,aftermath,,,,,100,0,20,91
10040,aftermath,,,,,100,0,20,91
10050,aftermath,,,,,100,0,20,91
10060,aftermath,,,,,100,0,20,91
10070,aftermath,,,,,100,0,20,91
10080,quiet,,,,,100,0,20,91
10090,quiet,,,,,100,0,20,91
10100,quiet,,,,,100,0,20,91
10110,quiet,,,,,100,0,20,91
10120,quiet,,,,,100,0,20,91
10130,quiet,,,,,100,0,20,91
10140,quiet,,,,,100,0,20,91
10150,quiet,,,,,100,0,20,91
10160,quiet,,,,,100,0,20,91
10170,work,,,,,100,0,20,91
10180,work,,,,,100,0,20,91
10190,violence,,,,,100,1,19,92
10200,violence,,,,,100,1,0,92
10210,violence,,,,,100,1,0,92
10220,violence,,,,,100,1,0,92
10230,violence,,,,,100,1,0,92
10240,violence,,,,,100,1,0,92
10250,violence,,,,,100,1,0,92
10260,violence,,,,,100,1,0,92
10270,violence,,,,,100,1,0,92
10280,violence,,,,,100,1,0,92
10290,violence,,,,,100,1,0,92
10300,aftermath,,,,,100,0,0,92
10310,aftermath,,,,,100,0,0,92
10320,aftermath,,,,,100,0,0,92
10330,aftermath,,,,,100,0,0,92
10340,aftermath,,,,,100,0,0,92
10350,aftermath,,,,,100,0,0,92
10360,quiet,,,,,100,0,0,92
10370,quiet,,,,,100,0,0,92
10380,quiet,,,,,100,0,0,92
10390,quiet,,,,,100,0,0,92
10400,quiet,,,,,100,0,0,92
10410,quiet,,,,,100,0,0,92
10420,quiet,,,,,100,0,0,92
10430,quiet,,,,,100,0,0,92
10440,quiet,,,,,100,0,0,92
10450,work,,,,,100,0,0,92
10460,work,,,,,100,0,0,92
10470,travel,,,,,100,0,0,92
10480,travel,,,,,100,0,0,92
10490,travel,,,,,100,0,0,92
10500,travel,,,,,100,0,0,92
10510,travel,,,,,100,0,0,92
10520,travel,,,,,100,0,0,92
10530,travel,,,,,100,0,0,92
10540,curiosity,,,,,100,0,0,92
10550,curiosity,,,,,100,0,0,92
10560,curiosity,,,,,100,0,0,92
10570,curiosity,,,,,100,0,0,92
10580,violence,,,,,100,1,0,93
10590,violence,,,,,100,1,0,93
10600,violence,,,,,100,1,0,93
10610,violence,,,,,100,1,0,93
10620,violence,,,,,100,1,1,93
10630,violence,,,,,100,1,0,94
10640,violence,,,,,100,1,0,94
10650,violence,,,,,100,1,0,94
10660,violence,,,,,100,1,0,94
10670,violence,,,,,100,1,0,95
10680,violence,,,,,100,1,0,95
10690,aftermath,,,,,100,0,0,95
10700,aftermath,,,,,100,0,0,95
10710,aftermath,,,,,100,0,1,95
10720,aftermath,,,,,100,0,1,95
10730,aftermath,,,,,100,0,1,95
10740,aftermath,,,,,100,0,1,95
10750,quiet,,,,,100,0,1,95
10760,quiet,,,,,100,0,1,96
10770,quiet,,,,,100,0,1,96
10780,quiet,,,,,100,0,0,97
10790,quiet,,,,,100,0,0,97
10800,quiet,,,,,100,0,1,97
10810,quiet,,,,,100,0,1,97
10820,quiet,,,,,100,0,1,97
10830,quiet,,,,,100,0,1,97
10840,work,,,,,100,0,1,97
10850,work,,,,,100,0,2,97
10860,travel,,,,,100,0,2,97
10870,violence,,,,,100,1,1,98
10880,violence,,,,,100,1,1,98
10890,violence,,,,,100,1,2,98
10900,violence,,,,,100,1,1,99
10910,violence,,,,,100,1,1,99
10920,violence,,,,,100,1,1,99
10930,violence,,,,,100,1,1,99
10940,violence,,,,,100,1,1,100
10950,violence,,,,,100,1,1,100
10960,violence,,,,,100,1,1,100
10970,aftermath,,,,,100,0,1,100
10980,aftermath,,,,,100,0,2,100
10990,aftermath,,,,,100,0,2,100
11000,aftermath,,,,,100,0,2,100
11010,aftermath,,,,,100,0,2,100
11020,aftermath,,,,,100,0,2,100
11030,quiet,,,,,100,0,3,100
11040,quiet,,,,,100,0,3,100
11050,quiet,,,,,100,0,3,100
11060,quiet,,,,,100,0,3,100
11070,quiet,,,,,100,0,4,100
11080,quiet,,,,,100,0,4,100
11090,quiet,,,,,100,0,4,100
11100,quiet,,,,,100,0,4,100
11110,quiet,,,,,100,0,4,100
11120,work,,,,,100,0,5,100
11130,work,,,,,100,0,5,100
11140,travel,,,,,100,0,5,100
11150,violence,,,,,100,1,4,101
11160,violence,,,,,100,1,5,101
11170,violence,,,,,100,1,5,101
11180,violence,,,,,100,1,5,101
11190,violence,,,,,100,1,5,101
11200,violence,,,,,100,1,5,101
11210,violence,,,,,100,1,6,101
11220,violence,,,,,100,1,6,101
11230,violence,,,,,100,1,6,101
11240,violence,,,,,100,1,6,101
11250,aftermath,,,,,100,0,7,101
11260,aftermath,,,,,100,0,6,102
11270,aftermath,,,,,100,0,6,102
11280,aftermath,,,,,100,0,6,102
11290,aftermath,,,,,100,0,6,102
11300,aftermath,,,,,100,0,6,103
11310,quiet,,,,,100,0,6,103
11320,quiet,,,,,100,0,6,103
11330,quiet,,,,,100,0,6,103
11340,quiet,,,,,100,0,7,103
11350,quiet,,,,,100,0,7,103
11360,quiet,,,,,100,0,7,103
11370,quiet,,,,,100,0,7,103
11380,quiet,,,,,100,0,7,103
11390,quiet,,,,,100,0,8,103
11400,work,,,,,100,0,8,103
11410,work,,,,,100,0,8,103
11420,violence,,,,,100,1,7,104
11430,violence,,,,,100,1,8,104
11440,violence,,,,,100,1,8,104
11450,violence,,,,,100,1,8,104
11460,violence,,,,,100,1,8,104
11470,violence,,,,,100,1,8,104
11480,violence,,,,,100,1,8,105
11490,violence,,,,,100,1,8,105
11500,violence,,,,,100,1,8,105
11510,violence,,,,,100,1,8,105
11520,violence,,,,,100,1,9,105
11530,aftermath,,,,,100,0,8,106
11540,aftermath,,,,,100,0,8,106
11550,aftermath,,,,,100,0,8,106
11560,aftermath,,,,,100,0,8,106
11570,aftermath,,,,,100,0,9,106
11580,aftermath,,,,,100,0,9,106
11590,quiet,,,,,100,0,9,106
11600,quiet,,,,,100,0,9,106
11610,quiet,,,,,100,0,10,106
11620,quiet,,,,,100,0,10,106
11630,quiet,,,,,100,0,10,106
11640,quiet,,,,,100,0,10,106
11650,quiet,,,,,100,0,10,106
11660,quiet,,,,,100,0,11,106
11670,quiet,,,,,100,0,11,106
11680,work,,,,,100,0,11,106
11690,work,,,,,100,0,11,106
11700,violence,,,,,100,1,11,107
11710,violence,,,,,100,1,11,107
11720,violence,,,,,100,1,11,107
11730,violence,,,,,100,1,11,107
11740,violence,,,,,100,1,11,107
11750,violence,,,,,100,1,11,108
11760,violence,,,,,100,1,11,108
11770,violence,,,,,100,1,11,108
11780,violence,,,,,100,1,11,108
11790,violence,,,,,100,1,12,108
11800,aftermath,,,,,100,0,12,108
11810,aftermath,,,,,100,0,12,108
11820,aftermath,,,,,100,0,12,108
11830,aftermath,,,,,100,0,12,108
11840,aftermath,,,,,100,0,13,108
11850,aftermath,,,,,100,0,13,108
11860,quiet,,,,,100,0,13,108
11870,quiet,,,,,100,0,13,108
11880,quiet,,,,,100,0,14,108
11890,quiet,,,,,100,0,14,108
11900,quiet,,,,,100,0,14,108
11910,quiet,,,,,100,0,14,108
11920,quiet,,,,,100,0,14,108
11930,quiet,,,,,100,0,15,108
11940,quiet,,,,,100,0,15,108
11950,work,,,,,100,0,15,108
11960,work,,,,,100,0,15,108
11970,violence,,,,,100,1,15,109
11980,violence,,,,,100,1,15,109
11990,violence,,,,,100,1,15,109
12000,violence,,,,,100,1,15,109
12010,violence,,,,,100,1,15,109
12020,violence,,,,,100,1,16,109
12030,violence,,,,,100,1,16,109
12040,violence,,,,,100,1,16,109
12050,violence,,,,,100,1,16,109
12060,violence,,,,,100,1,17,109
12070,violence,,,,,100,1,16,110
12080,aftermath,,,,,100,0,16,110
12090,aftermath,,,,,100,0,16,110
12100,aftermath,,,,,100,0,16,110
12110,aftermath,,,,,100,0,16,111
12120,aftermath,,,,,100,0,16,111
12130,aftermath,,,,,100,0,16,111
12140,quiet,,,,,100,0,16,111
12150,quiet,,,,,100,0,17,111
12160,quiet,,,,,100,0,16,112
12170,quiet,,,,,100,0,16,112
12180,quiet,,,,,100,0,16,112
12190,quiet,,,,,100,0,16,112
12200,quiet,,,,,100,0,17,112
12210,quiet,,,,,100,0,17,112
12220,quiet,,,,,100,0,17,112
12230,work,,,,,100,0,17,112
12240,work,,,,,100,0,18,112
12250,violence,,,,,100,1,17,113
12260,violence,,,,,100,1,17,113
12270,violence,,,,,100,1,17,113
12280,violence,,,,,100,1,17,113
12290,violence,,,,,100,1,17,114
12300,violence,,,,,100,1,17,114
12310,violence,,,,,100,1,17,114
12320,violence,,,,,100,1,17,114
12330,violence,,,,,95.5,1,18,114
12340,violence,,,,,92,1,18,114
12350,aftermath,,,,,85.12,0,18,114
12360,aftermath,,,,,86.32,0,18,114
12370,aftermath,,,,,87.52,0,18,114
12380,aftermath,,,,,88.72,0,19,114
12390,aftermath,,,,,89.92,0,19,114
12400,aftermath,,,,,91.12,0,19,114
12410,quiet,,,,,92.32,0,19,114
12420,quiet,,,,,93.52,0,20,114
12430,quiet,,,,,94.72,0,20,114
12440,quiet,,,,,95.92,0,20,114
12450,quiet,,,,,97.12,0,20,114
12460,quiet,,,,,98.32,0,20,114
12470,quiet,,,,,99.52,0,20,114
12480,quiet,,,,,100,0,20,114
12490,quiet,,,,,100,0,20,114
12500,work,,,,,100,0,20,114
12510,work,,,,,100,0,20,114
12520,work,,,,,100,0,20,114
12530,work,,,,,100,0,20,114
12540,travel,,,,,100,1,19,115
12550,violence,,,,,100,1,19,115
12560,violence,,,,,100,1,19,116
12570,violence,,,,,100,1,19,116
12580,violence,,,,,100,1,19,116
12590,violence,,,,,100,1,19,116
12600,violence,,,,,100,1,20,116
12610,violence,,,,,100,1,20,116
12620,violence,,,,,100,1,20,116
12630,violence,,,,,100,1,20,116
12640,violence,,,,,100,1,20,116
12650,aftermath,,,,,100,0,20,116
12660,aftermath,,,,,100,0,20,116
12670,aftermath,,,,,100,0,20,116
12680,aftermath,,,,,100,0,20,116
12690,aftermath,,,,,100,0,20,116
12700,aftermath,,,,,100,0,20,116
12710,quiet,,,,,100,0,20,116
12720,quiet,,,,,100,0,20,116
12730,quiet,,,,,100,0,20,116
12740,quiet,,,,,100,0,20,116
12750,quiet,,,,,100,0,20,116
12760,quiet,,,,,100,0,20,116
12770,quiet,,,,,100,0,20,116
12780,quiet,,,,,100,0,20,116
12790,quiet,,,,,100,0,20,116
12800,work,,,,,100,0,20,116
12810,work,,,,,100,0,20,116
12820,travel,,,,,100,0,20,116
12830,violence,,,,,100,1,20,117
12840,violence,,,,,100,1,20,117
12850,violence,,,,,100,1,19,118
12860,violence,,,,,100,1,19,118
12870,violence,,,,,100,1,20,118
12880,violence,,,,,100,1,20,118
12890,violence,,,,,100,1,20,118
12900,violence,,,,,100,1,20,118
12910,violence,,,,,100,1,20,118
12920,violence,,,,,100,1,20,118
12930,aftermath,,,,,100,0,20,118
12940,aftermath,,,,,100,0,20,118
12950,aftermath,,,,,100,0,20,118
12960,aftermath,,,,,100,0,20,118
12970,aftermath,,,,,100,0,20,118
12980,aftermath,,,,,100,0,20,118
12990,quiet,,,,,100,0,20,118
13000,quiet,,,,,100,0,20,118
13010,quiet,,,,,100,0,20,118
13020,quiet,,,,,100,0,20,118
13030,quiet,,,,,100,0,20,118
13040,quiet,,,,,100,0,20,118
13050,quiet,,,,,100,0,20,118
13060,quiet,,,,,100,0,20,118
13070,quiet,,,,,100,0,20,118
13080,work,,,,,100,0,20,118
13090,work,,,,,100,0,20,118
13100,violence,,,,,100,1,19,119
13110,violence,,,,,100,1,19,119
13120,violence,,,,,100,1,19,119
13130,violence,,,,,100,1,19,119
13140,violence,,,,,100,1,20,119
13150,violence,,,,,100,1,20,119
13160,violence,,,,,100,1,20,119
13170,violence,,,,,100,1,20,119
13180,violence,,,,,100,1,20,119
13190,violence,,,,,100,1,20,119
13200,violence,,,,,100,1,20,119
13210,aftermath,,,,,100,0,20,119
13220,aftermath,,,,,100,0,20,119
13230,aftermath,,,,,100,0,20,119
13240,aftermath,,,,,100,0,20,119
13250,aftermath,,,,,100,0,20,119
13260,aftermath,,,,,100,0,20,119
13270,quiet,,,,,100,0,20,119
13280,quiet,,,,,100,0,20,119
13290,quiet,,,,,100,0,20,119
13300,quiet,,,,,100,0,20,119
13310,quiet,,,,,100,0,20,119
13320,quiet,,,,,100,0,20,119
13330,quiet,,,,,100,0,20,119
13340,quiet,,,,,100,0,20,119
13350,quiet,,,,,100,0,20,119
13360,work,,,,,100,0,20,119
13370,work,,,,,100,0,20,119
13380,violence,,,,,100,1,19,120
13390,violence,,,,,100,1,19,120
13400,violence,,,,,100,1,19,120
13410,violence,,,,,100,1,20,120
13420,violence,,,,,100,1,19,121
13430,violence,,,,,100,1,19,121
13440,violence,,,,,100,1,19,121
13450,violence,,,,,100,1,19,121
13460,violence,,,,,100,1,20,121
13470,violence,,,,,100,1,20,121
13480,aftermath,,,,,100,0,20,121
13490,aftermath,,,,,100,0,20,121
13500,aftermath,,,,,100,0,20,121
13510,aftermath,,,,,100,0,20,121
13520,aftermath,,,,,100,0,20,121
13530,aftermath,,,,,100,0,20,121
13540,quiet,,,,,100,0,20,121
13550,quiet,,,,,100,0,20,121
13560,quiet,,,,,100,0,20,121
13570,quiet,,,,,100,0,20,121
13580,quiet,,,,,100,0,20,121
13590,quiet,,,,,100,0,20,121
13600,quiet,,,,,100,0,20,121
13610,quiet,,,,,100,0,20,121
13620,quiet,,,,,100,0,20,121
13630,work,,,,,100,0,20,121
13640,work,,,,,100,0,20,121
13650,violence,,,,,100,1,19,122
13660,violence,,,,,100,1,19,122
13670,violence,,,,,100,1,19,122
13680,violence,,,,,100,1,20,122
13690,violence,,,,,100,1,20,122
13700,violence,,,,,100,1,20,122
13710,violence,,,,,100,1,20,122
13720,violence,,,,,100,1,20,122
13730,violence,,,,,100,1,20,122
13740,violence,,,,,100,1,20,122
13750,violence,,,,,100,1,20,122
13760,aftermath,,,,,100,0,20,122
13770,aftermath,,,,,100,0,20,122
13780,aftermath,,,,,100,0,20,122
13790,aftermath,,,,,100,0,20,122
13800,aftermath,,,,,100,0,20,122
13810,aftermath,,,,,100,0,20,122
13820,quiet,,,,,100,0,20,122
13830,quiet,,,,,100,0,20,122
13840,quiet,,,,,100,0,20,122
13850,quiet,,,,,100,0,20,122
13860,quiet,,,,,100,0,20,122
13870,quiet,,,,,100,0,20,122
13880,quiet,,,,,100,0,20,122
13890,quiet,,,,,100,0,20,122
13900,quiet,,,,,100,0,20,122
13910,work,,,,,100,0,20,122
13920,work,,,,,100,0,20,122
13930,violence,,,,,100,1,19,123
13940,violence,,,,,100,1,19,123
13950,violence,,,,,100,1,20,123
13960,violence,,,,,100,1,20,123
13970,violence,,,,,100,1,20,123
13980,violence,,,,,100,1,20,123
13990,violence,,,,,100,1,20,123
14000,violence,,,,,100,1,20,123
14010,violence,,,,,100,1,20,123
14020,violence,,,,,100,1,20,123
14030,aftermath,,,,,100,0,20,123
14040,aftermath,,,,,100,0,20,123
14050,aftermath,,,,,100,0,20,123
14060,aftermath,,,,,100,0,20,123
14070,aftermath,,,,,100,0,20,123
14080,aftermath,,,,,100,0,20,123
14090,quiet,,,,,100,0,20,123
14100,quiet,,,,,100,0,20,123
14110,quiet,,,,,100,0,20,123
14120,quiet,,,,,100,0,20,123
14130,quiet,,,,,100,0,20,123
14140,quiet,,,,,100,0,20,123
14150,quiet,,,,,100,0,20,123
14160,quiet,,,,,100,0,20,123
14170,quiet,,,,,100,0,20,123
14180,work,,,,,100,0,20,123
14190,work,,,,,100,0,20,123
14200,travel,,,,,100,0,20,123
14210,violence,,,,,100,1,19,124
14220,violence,,,,,100,1,20,124
14230,violence,,,,,100,1,19,125
14240,violence,,,,,100,1,19,125
14250,violence,,,,,100,1,19,125
14260,violence,,,,,100,1,19,125
14270,violence,,,,,100,1,20,125
14280,violence,,,,,100,1,20,125
14290,violence,,,,,100,1,20,125
14300,violence,,,,,100,1,20,125
14310,aftermath,,,,,100,0,20,125
14320,aftermath,,,,,100,0,20,125
14330,aftermath,,,,,100,0,20,125
14340,aftermath,,,,,100,0,20,125
14350,aftermath,,,,,100,0,20,125
14360,aftermath,,,,,100,0,20,125
14370,quiet,,,,,100,0,20,125
14380,quiet,,,,,100,0,20,125
14390,quiet,,,,,100,0,20,125
14400,quiet,,,,,100,0,20,125
14410,quiet,,,,,100,0,20,125
14420,quiet,,,,,100,0,20,125
14430,quiet,,,,,100,0,20,125
14440,quiet,,,,,100,0,20,125
14450,quiet,,,,,100,0,20,125
14460,work,,,,,100,0,20,125
14470,work,,,,,100,0,20,125
14480,violence,,,,,100,1,19,126
14490,violence,,,,,100,1,20,126
14500,violence,,,,,100,1,20,126
14510,violence,,,,,100,1,20,126
14520,violence,,,,,100,1,20,126
14530,violence,,,,,100,1,20,126
14540,violence,,,,,100,1,20,126
14550,violence,,,,,100,1,20,126
14560,violence,,,,,100,1,20,126
14570,violence,,,,,100,1,20,126
14580,violence,,,,,100,1,20,126
14590,aftermath,,,,,100,0,20,126
14600,aftermath,,,,,100,0,20,126
14610,aftermath,,,,,100,0,20,126
14620,aftermath,,,,,100,0,20,126
14630,aftermath,,,,,100,0,20,126
14640,aftermath,,,,,100,0,20,126
14650,quiet,,,,,100,0,20,126
14660,quiet,,,,,100,0,20,126
14670,quiet,,,,,100,0,20,126
14680,quiet,,,,,100,0,20,126
14690,quiet,,,,,100,0,20,126
14700,quiet,,,,,100,0,20,126
14710,quiet,,,,,100,0,20,126
14720,quiet,,,,,100,0,20,126
14730,quiet,,,,,100,0,20,126
14740,work,,,,,100,0,20,126
14750,work,,,,,100,0,20,126
14760,violence,,,,,100,1,20,127
14770,violence,,,,,100,1,20,127
14780,violence,,,,,100,1,20,127
14790,violence,,,,,100,1,20,127
14800,violence,,,,,100,1,20,127
14810,violence,,,,,100,1,20,127
14820,violence,,,,,100,1,20,127
14830,violence,,,,,100,1,20,127
14840,violence,,,,,100,1,20,127
14850,violence,,,,,100,1,20,127
14860,aftermath,,,,,100,0,20,127
14870,aftermath,,,,,100,0,20,127
14880,aftermath,,,,,100,0,20,127
14890,aftermath,,,,,100,0,20,127
14900,aftermath,,,,,100,0,20,127
14910,aftermath,,,,,100,0,20,127
14920,quiet,,,,,100,0,20,127
14930,quiet,,,,,100,0,20,127
14940,quiet,,,,,100,0,20,127
14950,quiet,,,,,100,0,20,127
14960,quiet,,,,,100,0,20,127
14970,quiet,,,,,100,0,20,127
14980,quiet,,,,,100,0,20,127
14990,quiet,,,,,100,0,20,127
15000,quiet,,,,,100,0,20,127
15010,work,,,,,100,0,20,127
15020,work,,,,,100,0,20,127
15030,travel,,,,,100,0,20,127
15040,travel,,,,,100,0,20,127
15050,travel,,,,,100,0,20,127
15060,travel,,,,,100,0,20,127
15070,travel,,,,,100,0,20,127
15080,travel,,,,,100,0,20,127
15090,travel,,,,,100,0,20,127
15100,travel,,,,,100,0,20,127
15110,curiosity,,,,,100,0,20,127
15120,curiosity,,,,,100,0,20,127
15130,curiosity,,,,,100,0,20,127
15140,curiosity,,,,,100,0,20,127
15150,curiosity,,,,,100,0,20,127
15160,curiosity,,,,,100,0,20,127
15170,curiosity,,,,,100,0,20,127
15180,opportunity,,,,,100,1,19,128
15190,violence,,,,,100,1,19,128
15200,violence,,,,,100,1,19,128
15210,violence,,,,,100,1,20,128
15220,violence,,,,,100,1,20,128
15230,violence,,,,,100,1,20,128
15240,violence,,,,,100,1,20,128
15250,violence,,,,,100,1,20,128
15260,violence,,,,,100,1,20,128
15270,violence,,,,,100,1,20,128
15280,violence,,,,,100,1,20,128
15290,aftermath,,,,,100,0,20,128
15300,aftermath,,,,,100,0,20,128
15310,aftermath,,,,,100,0,20,128
15320,aftermath,,,,,100,0,20,128
15330,aftermath,,,,,100,0,20,128
15340,aftermath,,,,,100,0,20,128
15350,quiet,,,,,100,0,20,128
15360,quiet,,,,,100,0,20,128
15370,quiet,,,,,100,0,20,128
15380,quiet,,,,,100,0,20,128
15390,quiet,,,,,100,0,20,128
15400,quiet,,,,,100,0,20,128
15410,quiet,,,,,100,0,20,128
15420,quiet,,,,,100,0,20,128
15430,quiet,,,,,100,0,20,128
15440,work,,,,,100,0,20,128
15450,work,,,,,100,0,20,128
15460,violence,,,,,100,1,19,129
15470,violence,,,,,100,1,19,129
15480,violence,,,,,100,1,20,129
15490,violence,,,,,100,1,19,130
15500,violence,,,,,100,1,19,130
15510,violence,,,,,100,1,19,130
15520,violence,,,,,100,1,19,130
15530,violence,,,,,100,1,19,131
15540,violence,,,,,100,1,19,131
15550,violence,,,,,100,1,19,131
15560,aftermath,,,,,100,0,19,131
15570,aftermath,,,,,100,0,20,131
15580,aftermath,,,,,100,0,19,132
15590,aftermath,,,,,100,0,19,132
15600,aftermath,,,,,100,0,19,132
15610,aftermath,,,,,100,0,19,132
15620,quiet,,,,,100,0,19,133
15630,quiet,,,,,100,0,19,133
15640,quiet,,,,,100,0,19,133
15650,quiet,,,,,100,0,19,133
15660,quiet,,,,,100,0,20,133
15670,quiet,,,,,100,0,20,133
15680,quiet,,,,,100,0,20,133
15690,quiet,,,,,100,0,20,133
15700,quiet,,,,,100,0,20,133
15710,work,,,,,100,0,20,133
15720,work,,,,,100,0,20,133
15730,travel,,,,,100,1,19,134
15740,violence,,,,,100,1,19,134
15750,violence,,,,,100,1,20,134
15760,violence,,,,,100,1,20,134
15770,violence,,,,,100,1,20,134
15780,violence,,,,,100,1,20,134
15790,violence,,,,,100,1,20,134
15800,violence,,,,,100,1,20,134
15810,violence,,,,,100,1,20,134
15820,violence,,,,,100,1,20,134
15830,violence,,,,,100,1,20,134
15840,aftermath,,,,,100,0,20,134
15850,aftermath,,,,,100,0,20,134
15860,aftermath,,,,,100,0,20,134
15870,aftermath,,,,,100,0,20,134
15880,aftermath,,,,,100,0,20,134
15890,aftermath,,,,,100,0,20,134
15900,quiet,,,,,100,0,20,134
15910,quiet,,,,,100,0,20,134
15920,quiet,,,,,100,0,20,134
15930,quiet,,,,,100,0,20,134
15940,quiet,,,,,100,0,20,134
15950,quiet,,,,,100,0,20,134
15960,quiet,,,,,100,0,20,134
15970,quiet,,,,,100,0,20,134
15980,quiet,,,,,100,0,20,134
15990,work,,,,,100,0,20,134
16000,work,,,,,100,0,20,134
16010,violence,,,,,100,1,19,135
16020,violence,,,,,100,1,20,135
16030,violence,,,,,100,1,20,135
16040,violence,,,,,100,1,20,135
16050,violence,,,,,100,1,20,135
16060,violence,,,,,100,1,20,135
16070,violence,,,,,100,1,20,135
16080,violence,,,,,100,1,20,135
16090,violence,,,,,100,1,20,135
16100,violence,,,,,100,1,20,135
16110,aftermath,,,,,100,0,20,135
16120,aftermath,,,,,100,0,20,135
16130,aftermath,,,,,100,0,20,135
16140,aftermath,,,,,100,0,20,135
16150,aftermath,,,,,100,0,20,135
16160,aftermath,,,,,100,0,20,135
16170,quiet,,,,,100,0,20,135
16180,quiet,,,,,100,0,20,135
16190,quiet,,,,,100,0,20,135
16200,quiet,,,,,100,0,20,135
16210,quiet,,,,,100,0,20,135
16220,quiet,,,,,100,0,20,135
16230,quiet,,,,,100,0,20,135
16240,quiet,,,,,100,0,20,135
16250,quiet,,,,,100,0,20,135
16260,work,,,,,100,0,20,135
16270,work,,,,,100,0,20,135
16280,travel,,,,,100,0,20,135
16290,violence,,,,,100,1,20,136
16300,violence,,,,,100,1,19,137
16310,violence,,,,,100,1,19,137
16320,violence,,,,,100,1,19,137
16330,violence,,,,,100,1,19,137
16340,violence,,,,,100,1,20,137
16350,violence,,,,,100,1,20,137
16360,violence,,,,,100,1,20,137
16370,violence,,,,,100,1,20,137
16380,violence,,,,,100,1,20,137
16390,aftermath,,,,,100,0,20,137
16400,aftermath,,,,,100,0,20,137
16410,aftermath,,,,,100,0,20,137
16420,aftermath,,,,,100,0,20,137
16430,aftermath,,,,,100,0,20,137
16440,aftermath,,,,,100,0,20,137
16450,quiet,,,,,100,0,20,137
16460,quiet,,,,,100,0,20,137
16470,quiet,,,,,100,0,20,137
16480,quiet,,,,,100,0,20,137
16490,quiet,,,,,100,0,20,137
16500,quiet,,,,,100,0,20,137
16510,quiet,,,,,100,0,20,137
16520,quiet,,,,,100,0,20,137
16530,quiet,,,,,100,0,20,137
16540,work,,,,,100,0,20,137
16550,work,,,,,100,0,20,137
16560,travel,,,,,100,1,19,138
16570,violence,,,,,100,1,19,138
16580,violence,,,,,100,1,19,138
16590,violence,,,,,100,1,19,138
16600,violence,,,,,100,1,19,138
16610,violence,,,,,100,1,20,138
16620,violence,,,,,100,1,20,138
16630,violence,,,,,100,1,20,138
16640,violence,,,,,100,1,20,138
16650,violence,,,,,100,1,20,138
16660,violence,,,,,100,1,20,138
16670,aftermath,,,,,100,0,20,138
16680,aftermath,,,,,100,0,20,138
16690,aftermath,,,,,100,0,20,138
16700,aftermath,,,,,100,0,20,138
16710,aftermath,,,,,100,0,20,138
16720,aftermath,,,,,100,0,20,138
16730,quiet,,,,,100,0,20,138
16740,quiet,,,,,100,0,20,138
16750,quiet,,,,,100,0,20,138
16760,quiet,,,,,100,0,20,138
16770,quiet,,,,,100,0,20,138
16780,quiet,,,,,100,0,20,138
16790,quiet,,,,,100,0,20,138
16800,quiet,,,,,100,0,20,138
16810,quiet,,,,,100,0,20,138
16820,work,,,,,100,0,20,138
16830,work,,,,,100,0,20,138
16840,violence,,,,,100,1,19,139
16850,violence,,,,,100,1,19,139
16860,violence,,,,,100,1,19,139
16870,violence,,,,,100,1,19,139
16880,violence,,,,,100,1,20,139
16890,violence,,,,,100,1,20,139
16900,violence,,,,,100,1,20,139
16910,violence,,,,,100,1,20,139
16920,violence,,,,,100,1,20,139
16930,violence,,,,,100,1,20,139
16940,aftermath,,,,,100,0,20,139
16950,aftermath,,,,,100,0,20,139
16960,aftermath,,,,,100,0,20,139
16970,aftermath,,,,,100,0,20,139
16980,aftermath,,,,,100,0,20,139
16990,aftermath,,,,,100,0,20,139
17000,quiet,,,,,100,0,20,139
17010,quiet,,,,,100,0,20,139
17020,quiet,,,,,100,0,20,139
17030,quiet,,,,,100,0,20,139
17040,quiet,,,,,100,0,20,139
17050,quiet,,,,,100,0,20,139
17060,quiet,,,,,100,0,20,139
17070,quiet,,,,,100,0,20,139
17080,quiet,,,,,100,0,20,139
17090,work,,,,,100,0,20,139
17100,work,,,,,100,0,20,139
17110,travel,,,,,100,0,20,139
17120,violence,,,,,100,1,19,140
17130,violence,,,,,100,1,19,140
17140,violence,,,,,100,1,19,140
17150,violence,,,,,100,1,19,141
17160,violence,,,,,100,1,19,141
17170,violence,,,,,100,1,19,141
17180,violence,,,,,100,1,19,141
17190,violence,,,,,100,1,20,141
17200,violence,,,,,100,1,19,142
17210,violence,,,,,100,1,19,142
17220,aftermath,,,,,100,0,19,142
17230,aftermath,,,,,100,0,19,142
17240,aftermath,,,,,100,0,20,142
17250,aftermath,,,,,100,0,20,142
17260,aftermath,,,,,100,0,20,142
17270,aftermath,,,,,100,0,20,142
17280,quiet,,,,,100,0,20,142
17290,quiet,,,,,100,0,20,142
17300,quiet,,,,,100,0,20,142
17310,quiet,,,,,100,0,20,142
17320,quiet,,,,,100,0,20,142
17330,quiet,,,,,100,0,20,142
17340,quiet,,,,,100,0,20,142
17350,quiet,,,,,100,0,20,142
17360,quiet,,,,,100,0,20,142
17370,work,,,,,100,0,20,142
17380,work,,,,,100,0,20,142
17390,violence,,,,,100,1,19,143
17400,violence,,,,,100,1,0,143
17410,violence,,,,,100,1,0,143
17420,violence,,,,,100,1,0,143
17430,violence,,,,,100,1,0,143
17440,violence,,,,,100,1,0,143
17450,violence,,,,,100,1,0,143
17460,violence,,,,,100,1,0,143
17470,violence,,,,,100,1,0,143
17480,violence,,,,,100,1,0,143
17490,violence,,,,,100,1,0,143
17500,aftermath,,,,,100,0,0,143
17510,aftermath,,,,,100,0,0,143
17520,aftermath,,,,,100,0,0,143
17530,aftermath,,,,,100,0,0,143
17540,aftermath,,,,,100,0,0,143
17550,aftermath,,,,,100,0,0,143
17560,quiet,,,,,100,0,0,143
17570,quiet,,,,,100,0,0,143
17580,quiet,,,,,100,0,0,143
17590,quiet,,,,,100,0,0,143
17600,quiet,,,,,100,0,0,143
17610,quiet,,,,,100,0,0,143
17620,quiet,,,,,100,0,0,143
17630,quiet,,,,,100,0,0,143
17640,quiet,,,,,100,0,0,143
17650,work,,,,,100,0,0,143
17660,work,,,,,100,0,0,143
17670,travel,,,,,100,0,0,143
17680,travel,,,,,100,0,0,143
17690,travel,,,,,100,0,0,143
17700,travel,,,,,100,0,0,143
17710,travel,,,,,100,0,0,143
17720,travel,,,,,100,0,0,143
17730,travel,,,,,100,0,0,143
17740,curiosity,,,,,100,0,0,143
17750,curiosity,,,,,100,0,0,143
17760,curiosity,,,,,100,0,0,143
17770,curiosity,,,,,100,0,0,143
17780,violence,,,,,100,1,0,144
17790,violence,,,,,100,1,0,144
17800,violence,,,,,100,1,0,144
17810,violence,,,,,100,1,0,144
17820,violence,,,,,100,1,1,144
17830,violence,,,,,100,1,1,144
17840,violence,,,,,100,1,1,144
17850,violence,,,,,100,1,1,144
17860,violence,,,,,100,1,1,144
17870,violence,,,,,100,1,1,145
17880,violence,,,,,100,1,1,145
17890,aftermath,,,,,100,0,1,145
17900,aftermath,,,,,100,0,1,145
17910,aftermath,,,,,100,0,2,145
17920,aftermath,,,,,100,0,2,145
17930,aftermath,,,,,100,0,2,145
17940,aftermath,,,,,100,0,2,145
17950,quiet,,,,,100,0,2,145
17960,quiet,,,,,100,0,3,145
17970,quiet,,,,,100,0,3,145
17980,quiet,,,,,100,0,3,145
17990,quiet,,,,,100,0,3,145
18000,quiet,,,,,100,0,4,145
18010,quiet,,,,,100,0,3,146
18020,quiet,,,,,100,0,3,146
18030,quiet,,,,,100,0,3,146
18040,work,,,,,100,0,3,146
18050,work,,,,,100,0,3,147
18060,violence,,,,,100,1,2,148
18070,violence,,,,,100,1,2,148
18080,violence,,,,,100,1,2,148
18090,violence,,,,,100,1,3,148
18100,violence,,,,,100,1,2,149
18110,violence,,,,,100,1,2,149
18120,violence,,,,,100,1,2,149
18130,violence,,,,,100,1,2,149
18140,violence,,,,,100,1,2,150
18150,violence,,,,,100,1,2,150
18160,aftermath,,,,,100,0,2,150
18170,aftermath,,,,,100,0,2,150
18180,aftermath,,,,,100,0,3,150
18190,aftermath,,,,,100,0,2,151
18200,aftermath,,,,,100,0,2,151
18210,aftermath,,,,,100,0,2,151
18220,quiet,,,,,100,0,2,151
18230,quiet,,,,,100,0,3,151
18240,quiet,,,,,100,0,3,151
18250,quiet,,,,,100,0,3,151
18260,quiet,,,,,100,0,3,151
18270,quiet,,,,,100,0,4,151
18280,quiet,,,,,100,0,4,151
18290,quiet,,,,,100,0,4,151
18300,quiet,,,,,100,0,4,151
18310,work,,,,,100,0,4,151
18320,work,,,,,100,0,4,152
18330,travel,,,,,100,0,4,152
18340,violence,,,,,100,1,3,153
18350,violence,,,,,100,1,3,153
18360,violence,,,,,100,1,4,153
18370,violence,,,,,100,1,3,154
18380,violence,,,,,100,1,3,154
18390,violence,,,,,100,1,3,154
18400,violence,,,,,100,1,3,154
18410,violence,,,,,100,1,4,154
18420,violence,,,,,100,1,4,154
18430,violence,,,,,100,1,4,154
18440,aftermath,,,,,100,0,4,154
18450,aftermath,,,,,100,0,5,154
18460,aftermath,,,,,100,0,4,155
18470,aftermath,,,,,100,0,4,155
18480,aftermath,,,,,100,0,4,155
18490,aftermath,,,,,100,0,4,155
18500,quiet,,,,,100,0,5,155
18510,quiet,,,,,100,0,5,155
18520,quiet,,,,,100,0,5,155
18530,quiet,,,,,100,0,5,155
18540,quiet,,,,,100,0,6,155
18550,quiet,,,,,100,0,5,156
18560,quiet,,,,,100,0,5,156
18570,quiet,,,,,100,0,5,156
18580,quiet,,,,,100,0,5,156
18590,work,,,,,100,0,6,156
18600,work,,,,,100,0,6,156
18610,violence,,,,,100,1,5,157
18620,violence,,,,,100,1,5,157
18630,violence,,,,,100,1,6,157
18640,violence,,,,,100,1,5,158
18650,violence,,,,,100,1,5,158
18660,violence,,,,,100,1,5,158
18670,violence,,,,,100,1,5,158
18680,violence,,,,,100,1,5,159
18690,violence,,,,,100,1,5,159
18700,violence,,,,,100,1,5,159
18710,violence,,,,,100,1,5,159
18720,aftermath,,,,,100,0,6,159
18730,aftermath,,,,,100,0,6,159
18740,aftermath,,,,,100,0,6,159
18750,aftermath,,,,,100,0,6,159
18760,aftermath,,,,,100,0,6,159
18770,aftermath,,,,,100,0,7,159
18780,quiet,,,,,100,0,7,159
18790,quiet,,,,,100,0,7,159
18800,quiet,,,,,100,0,7,159
18810,quiet,,,,,100,0,8,159
18820,quiet,,,,,100,0,7,160
18830,quiet,,,,,100,0,7,160
18840,quiet,,,,,100,0,7,160
18850,quiet,,,,,100,0,7,160
18860,quiet,,,,,100,0,7,161
18870,work,,,,,100,0,7,161
18880,work,,,,,100,0,7,161
18890,travel,,,,,100,0,7,161
18900,violence,,,,,100,1,7,162
18910,violence,,,,,100,1,6,163
18920,violence,,,,,100,1,6,163
18930,violence,,,,,100,1,6,163
18940,violence,,,,,100,1,6,163
18950,violence,,,,,100,1,6,164
18960,violence,,,,,100,1,6,164
18970,violence,,,,,100,1,6,164
18980,violence,,,,,100,1,6,164
18990,violence,,,,,100,1,7,164
19000,aftermath,,,,,100,0,6,165
19010,aftermath,,,,,100,0,6,165
19020,aftermath,,,,,100,0,6,165
19030,aftermath,,,,,100,0,6,165
19040,aftermath,,,,,100,0,7,165
19050,aftermath,,,,,100,0,7,165
19060,quiet,,,,,100,0,7,165
19070,quiet,,,,,100,0,7,165
19080,quiet,,,,,100,0,8,165
19090,quiet,,,,,100,0,8,165
19100,quiet,,,,,100,0,8,165
19110,quiet,,,,,100,0,8,165
19120,quiet,,,,,100,0,8,165
19130,quiet,,,,,100,0,9,165
19140,quiet,,,,,100,0,9,165
19150,work,,,,,100,0,9,165
19160,work,,,,,100,0,9,165
19170,travel,,,,,100,1,9,166
19180,violence,,,,,100,1,9,166
19190,violence,,,,,100,1,9,166
19200,violence,,,,,100,1,9,166
19210,violence,,,,,100,1,9,166
19220,violence,,,,,100,1,10,166
19230,violence,,,,,100,1,10,166
19240,violence,,,,,100,1,10,166
19250,violence,,,,,100,1,10,166
19260,violence,,,,,100,1,11,166
19270,violence,,,,,100,1,11,166
19280,aftermath,,,,,100,0,11,166
19290,aftermath,,,,,100,0,11,166
19300,aftermath,,,,,100,0,11,166
19310,aftermath,,,,,100,0,12,166
19320,aftermath,,,,,100,0,12,166
19330,aftermath,,,,,100,0,12,166
19340,quiet,,,,,100,0,12,166
19350,quiet,,,,,100,0,13,166
19360,quiet,,,,,100,0,13,166
19370,quiet,,,,,100,0,13,166
19380,quiet,,,,,100,0,13,166
19390,quiet,,,,,100,0,13,166
19400,quiet,,,,,100,0,13,167
19410,quiet,,,,,100,0,13,167
19420,quiet,,,,,100,0,13,167
19430,work,,,,,100,0,13,167
19440,work,,,,,100,0,14,167
19450,violence,,,,,100,1,13,168
19460,violence,,,,,100,1,13,168
19470,violence,,,,,100,1,13,168
19480,violence,,,,,100,1,13,168
19490,violence,,,,,100,1,14,168
19500,violence,,,,,100,1,14,168
19510,violence,,,,,100,1,14,168
19520,violence,,,,,100,1,14,168
19530,violence,,,,,95.5,1,15,168
19540,violence,,,,,92,1,15,168
19550,aftermath,,,,,85.12,0,15,168
19560,aftermath,,,,,86.32,0,15,168
19570,aftermath,,,,,87.52,0,15,168
19580,aftermath,,,,,88.72,0,16,168
19590,aftermath,,,,,89.92,0,16,168
19600,aftermath,,,,,91.12,0,16,168
19610,quiet,,,,,92.32,0,16,168
19620,quiet,,,,,93.52,0,17,168
19630,quiet,,,,,94.72,0,16,169
19640,quiet,,,,,95.92,0,16,169
19650,quiet,,,,,97.12,0,16,169
19660,quiet,,,,,98.32,0,16,169
19670,quiet,,,,,99.52,0,17,169
19680,quiet,,,,,100,0,17,169
19690,quiet,,,,,100,0,17,169
19700,work,,,,,100,0,17,169
19710,work,,,,,100,0,18,169
19720,work,,,,,100,0,18,169
19730,work,,,,,100,0,18,169
19740,travel,,,,,100,1,17,170
19750,violence,,,,,100,1,17,170
19760,violence,,,,,100,1,17,171
19770,violence,,,,,100,1,17,171
19780,violence,,,,,100,1,17,171
19790,violence,,,,,100,1,17,171
19800,violence,,,,,100,1,18,171
19810,violence,,,,,100,1,18,171
19820,violence,,,,,100,1,18,171
19830,violence,,,,,100,1,18,171
19840,violence,,,,,100,1,18,171
19850,aftermath,,,,,100,0,19,171
19860,aftermath,,,,,100,0,19,171
19870,aftermath,,,,,100,0,19,171
19880,aftermath,,,,,100,0,19,171
19890,aftermath,,,,,100,0,20,171
19900,aftermath,,,,,100,0,20,171
19910,quiet,,,,,100,0,20,171
19920,quiet,,,,,100,0,20,171
19930,quiet,,,,,100,0,20,171
19940,quiet,,,,,100,0,20,171
19950,quiet,,,,,100,0,20,171
19960,quiet,,,,,100,0,20,171
19970,quiet,,,,,100,0,20,171
19980,quiet,,,,,100,0,20,171
19990,quiet,,,,,100,0,20,171
20000,work,,,,,100,0,19,172
20010,work,,,,,100,0,19,172
20020,violence,,,,,100,1,18,173
20030,violence,,,,,100,1,18,174
20040,violence,,,,,100,1,18,174
20050,violence,,,,,100,1,18,174
20060,violence,,,,,100,1,18,174
20070,violence,,,,,100,1,18,175
20080,violence,,,,,100,1,18,175
20090,violence,,,,,100,1,18,175
20100,violence,,,,,100,1,17,176
20110,violence,,,,,100,1,17,176
20120,violence,,,,,100,1,17,177
20130,aftermath,,,,,100,0,17,177
20140,aftermath,,,,,100,0,17,177
20150,aftermath,,,,,100,0,17,177
20160,aftermath,,,,,100,0,18,177
20170,aftermath,,,,,100,0,17,178
20180,aftermath,,,,,100,0,17,178
20190,quiet,,,,,100,0,17,178
20200,quiet,,,,,100,0,17,178
20210,quiet,,,,,100,0,18,178
20220,quiet,,,,,100,0,18,178
20230,quiet,,,,,100,0,18,178
20240,quiet,,,,,100,0,18,178
20250,quiet,,,,,100,0,19,178
20260,quiet,,,,,100,0,19,178
20270,quiet,,,,,100,0,19,178
20280,work,,,,,100,0,19,178
20290,work,,,,,100,0,19,178
20300,violence,,,,,100,1,19,179
20310,violence,,,,,100,1,19,179
20320,violence,,,,,100,1,18,180
20330,violence,,,,,100,1,18,180
20340,violence,,,,,100,1,19,180
20350,violence,,,,,100,1,19,180
20360,violence,,,,,100,1,19,180
20370,violence,,,,,100,1,19,180
20380,violence,,,,,100,1,19,180
20390,violence,,,,,100,1,20,180
20400,aftermath,,,,,100,0,20,180
20410,aftermath,,,,,100,0,20,180
20420,aftermath,,,,,100,0,20,180
20430,aftermath,,,,,100,0,20,180
20440,aftermath,,,,,100,0,20,180
20450,aftermath,,,,,100,0,20,180
20460,quiet,,,,,100,0,20,180
20470,quiet,,,,,100,0,20,180
20480,quiet,,,,,100,0,20,180
20490,quiet,,,,,100,0,20,180
20500,quiet,,,,,100,0,20,180
20510,quiet,,,,,100,0,20,180
20520,quiet,,,,,100,0,20,180
20530,quiet,,,,,100,0,20,180
20540,quiet,,,,,100,0,20,180
20550,work,,,,,100,0,20,180
20560,work,,,,,100,0,20,180
20570,travel,,,,,100,1,19,181
20580,violence,,,,,100,1,19,181
20590,violence,,,,,100,1,19,181
20600,violence,,,,,100,1,19,181
20610,violence,,,,,100,1,20,181
20620,violence,,,,,100,1,19,182
20630,violence,,,,,100,1,19,182
20640,violence,,,,,100,1,19,182
20650,violence,,,,,100,1,19,182
20660,violence,,,,,100,1,20,182
20670,violence,,,,,100,1,20,182
20680,aftermath,,,,,100,0,20,182
20690,aftermath,,,,,100,0,20,182
20700,aftermath,,,,,100,0,20,182
20710,aftermath,,,,,100,0,20,182
20720,aftermath,,,,,100,0,20,182
20730,aftermath,,,,,100,0,20,182
20740,quiet,,,,,100,0,20,182
20750,quiet,,,,,100,0,20,182
20760,quiet,,,,,100,0,20,182
20770,quiet,,,,,100,0,20,182
20780,quiet,,,,,100,0,20,182
20790,quiet,,,,,100,0,20,182
20800,quiet,,,,,100,0,20,182
20810,quiet,,,,,100,0,20,182
20820,quiet,,,,,100,0,20,182
20830,work,,,,,100,0,20,182
20840,work,,,,,100,0,20,182
20850,violence,,,,,100,1,19,183
20860,violence,,,,,100,1,19,183
20870,violence,,,,,100,1,19,183
20880,violence,,,,,100,1,20,183
20890,violence,,,,,100,1,20,183
20900,violence,,,,,100,1,20,183
20910,violence,,,,,100,1,20,183
20920,violence,,,,,100,1,20,183
20930,violence,,,,,100,1,20,183
20940,violence,,,,,100,1,20,183
20950,aftermath,,,,,100,0,20,183
20960,aftermath,,,,,100,0,20,183
20970,aftermath,,,,,100,0,20,183
20980,aftermath,,,,,100,0,20,183
20990,aftermath,,,,,100,0,20,183
21000,aftermath,,,,,100,0,20,183
21010,quiet,,,,,100,0,20,183
21020,quiet,,,,,100,0,20,183
21030,quiet,,,,,100,0,20,183
21040,quiet,,,,,100,0,20,183
21050,quiet,,,,,100,0,20,183
21060,quiet,,,,,100,0,20,183
21070,quiet,,,,,100,0,20,183
21080,quiet,,,,,100,0,20,183
21090,quiet,,,,,100,0,20,183
21100,work,,,,,100,0,20,183
21110,work,,,,,100,0,20,183
21120,travel,,,,,100,1,19,184
21130,violence,,,,,100,1,19,184
21140,violence,,,,,100,1,19,184
21150,violence,,,,,100,1,20,184
21160,violence,,,,,100,1,20,184
21170,violence,,,,,100,1,20,184
21180,violence,,,,,100,1,20,184
21190,violence,,,,,100,1,20,184
21200,violence,,,,,100,1,20,184
21210,violence,,,,,100,1,20,184
21220,violence,,,,,100,1,20,184
21230,aftermath,,,,,100,0,20,184
21240,aftermath,,,,,100,0,20,184
21250,aftermath,,,,,100,0,20,184
21260,aftermath,,,,,100,0,20,184
21270,aftermath,,,,,100,0,20,184
21280,aftermath,,,,,100,0,20,184
21290,quiet,,,,,100,0,20,184
21300,quiet,,,,,100,0,20,184
21310,quiet,,,,,100,0,20,184
21320,quiet,,,,,100,0,20,184
21330,quiet,,,,,100,0,20,184
21340,quiet,,,,,100,0,20,184
21350,quiet,,,,,100,0,20,184
21360,quiet,,,,,100,0,20,184
21370,quiet,,,,,100,0,20,184
21380,work,,,,,100,0,20,184
21390,work,,,,,100,0,20,184
21400,violence,,,,,100,1,19,185
21410,violence,,,,,100,1,19,185
21420,violence,,,,,100,1,20,185
21430,violence,,,,,100,1,19,186
21440,violence,,,,,100,1,19,186
21450,violence,,,,,100,1,19,186
21460,violence,,,,,100,1,19,186
21470,violence,,,,,100,1,20,186
21480,violence,,,,,100,1,20,186
21490,violence,,,,,100,1,20,186
21500,violence,,,,,100,1,20,186
21510,aftermath,,,,,100,0,20,186
21520,aftermath,,,,,100,0,20,186
21530,aftermath,,,,,100,0,20,186
21540,aftermath,,,,,100,0,20,186
21550,aftermath,,,,,100,0,20,186
21560,aftermath,,,,,100,0,20,186
21570,quiet,,,,,100,0,20,186
21580,quiet,,,,,100,0,20,186
21590,quiet,,,,,100,0,20,186
21600,quiet,,,,,100,0,20,186
21610,quiet,,,,,100,0,20,186
21620,quiet,,,,,100,0,20,186
21630,quiet,,,,,100,0,20,186
21640,quiet,,,,,100,0,20,186
21650,quiet,,,,,100,0,20,186
21660,work,,,,,100,0,20,186
21670,work,,,,,100,0,20,186
21680,violence,,,,,100,1,19,187
21690,violence,,,,,100,1,20,187
21700,violence,,,,,100,1,20,187
21710,violence,,,,,100,1,20,187
21720,violence,,,,,100,1,20,187
21730,violence,,,,,100,1,20,187
21740,violence,,,,,100,1,20,187
21750,violence,,,,,100,1,20,187
21760,violence,,,,,100,1,20,187
21770,violence,,,,,100,1,20,187
21780,aftermath,,,,,100,0,20,187
21790,aftermath,,,,,100,0,20,187
21800,aftermath,,,,,100,0,20,187
21810,aftermath,,,,,100,0,20,187
21820,aftermath,,,,,100,0,20,187
21830,aftermath,,,,,100,0,20,187
21840,quiet,,,,,100,0,20,187
21850,quiet,,,,,100,0,20,187
21860,quiet,,,,,100,0,20,187
21870,quiet,,,,,100,0,20,187
21880,quiet,,,,,100,0,20,187
21890,quiet,,,,,100,0,20,187
21900,quiet,,,,,100,0,20,187
21910,quiet,,,,,100,0,20,187
21920,quiet,,,,,100,0,20,187
21930,work,,,,,100,0,20,187
21940,work,,,,,100,0,20,187
21950,violence,,,,,100,1,19,188
21960,violence,,,,,100,1,20,188
21970,violence,,,,,100,1,20,188
21980,violence,,,,,100,1,20,188
21990,violence,,,,,100,1,20,188
22000,violence,,,,,100,1,20,188
22010,violence,,,,,100,1,20,188
22020,violence,,,,,100,1,20,188
22030,violence,,,,,100,1,20,188
22040,violence,,,,,100,1,20,188
22050,violence,,,,,100,1,20,188
22060,aftermath,,,,,100,0,20,188
22070,aftermath,,,,,100,0,20,188
22080,aftermath,,,,,100,0,20,188
22090,aftermath,,,,,100,0,20,188
22100,aftermath,,,,,100,0,20,188
22110,aftermath,,,,,100,0,20,188
22120,quiet,,,,,100,0,20,188
22130,quiet,,,,,100,0,20,188
22140,quiet,,,,,100,0,20,188
22150,quiet,,,,,100,0,20,188
22160,quiet,,,,,100,0,20,188
22170,quiet,,,,,100,0,20,188
22180,quiet,,,,,100,0,20,188
22190,quiet,,,,,100,0,20,188
22200,quiet,,,,,100,0,20,188
22210,work,,,,,100,0,20,188
22220,work,,,,,100,0,20,188
22230,travel,,,,,100,0,20,188
22240,travel,,,,,100,0,20,188
22250,travel,,,,,100,0,20,188
22260,travel,,,,,100,0,20,188
22270,travel,,,,,100,0,20,188
22280,travel,,,,,100,0,20,188
22290,travel,,,,,100,0,20,188
22300,curiosity,,,,,100,0,20,188
22310,curiosity,,,,,100,0,20,188
22320,curiosity,,,,,100,0,20,188
22330,curiosity,,,,,100,0,20,188
22340,curiosity,,,,,100,0,20,188
22350,curiosity,,,,,100,0,20,188
22360,curiosity,,,,,100,0,20,188
22370,curiosity,,,,,100,0,20,188
22380,opportunity,,,,,100,1,19,189
22390,violence,,,,,100,1,19,189
22400,violence,,,,,100,1,19,189
22410,violence,,,,,100,1,20,189
22420,violence,,,,,100,1,20,189
22430,violence,,,,,100,1,20,189
22440,violence,,,,,100,1,20,189
22450,violence,,,,,100,1,20,189
22460,violence,,,,,100,1,20,189
22470,violence,,,,,100,1,20,189
22480,violence,,,,,100,1,20,189
22490,aftermath,,,,,100,0,20,189
22500,aftermath,,,,,100,0,20,189
22510,aftermath,,,,,100,0,20,189
22520,aftermath,,,,,100,0,20,189
22530,aftermath,,,,,100,0,20,189
22540,aftermath,,,,,100,0,20,189
22550,quiet,,,,,100,0,20,189
22560,quiet,,,,,100,0,20,189
22570,quiet,,,,,100,0,20,189
22580,quiet,,,,,100,0,20,189
22590,quiet,,,,,100,0,20,189
22600,quiet,,,,,100,0,20,189
22610,quiet,,,,,100,0,20,189
22620,quiet,,,,,100,0,20,189
22630,quiet,,,,,100,0,20,189
22640,work,,,,,100,0,20,189
22650,work,,,,,100,0,20,189
22660,violence,,,,,100,1,19,190
22670,violence,,,,,100,1,19,190
22680,violence,,,,,100,1,20,190
22690,violence,,,,,100,1,20,190
22700,violence,,,,,100,1,20,190
22710,violence,,,,,100,1,20,190
22720,violence,,,,,100,1,20,190
22730,violence,,,,,100,1,20,190
22740,violence,,,,,100,1,20,190
22750,violence,,,,,100,1,20,190
22760,aftermath,,,,,100,0,20,190
22770,aftermath,,,,,100,0,20,190
22780,aftermath,,,,,100,0,20,190
22790,aftermath,,,,,100,0,20,190
22800,aftermath,,,,,100,0,20,190
22810,aftermath,,,,,100,0,20,190
22820,quiet,,,,,100,0,20,190
22830,quiet,,,,,100,0,20,190
22840,quiet,,,,,100,0,20,190
22850,quiet,,,,,100,0,20,190
22860,quiet,,,,,100,0,20,190
22870,quiet,,,,,100,0,20,190
22880,quiet,,,,,100,0,20,190
22890,quiet,,,,,100,0,20,190
22900,quiet,,,,,100,0,20,190
22910,work,,,,,100,0,20,190
22920,work,,,,,100,0,20,190
22930,travel,,,,,100,0,20,190
22940,violence,,,,,100,1,19,191
22950,violence,,,,,100,1,20,191
22960,violence,,,,,100,1,19,192
22970,violence,,,,,100,1,19,192
22980,violence,,,,,100,1,19,192
22990,violence,,,,,100,1,19,192
23000,violence,,,,,100,1,19,193
23010,violence,,,,,100,1,19,193
23020,violence,,,,,100,1,19,193
23030,violence,,,,,100,1,19,193
23040,aftermath,,,,,100,0,20,193
23050,aftermath,,,,,100,0,20,193
23060,aftermath,,,,,100,0,20,193
23070,aftermath,,,,,100,0,20,193
23080,aftermath,,,,,100,0,20,193
23090,aftermath,,,,,100,0,20,193
23100,quiet,,,,,100,0,20,193
23110,quiet,,,,,100,0,20,193
23120,quiet,,,,,100,0,20,193
23130,quiet,,,,,100,0,20,193
23140,quiet,,,,,100,0,20,193
23150,quiet,,,,,100,0,20,193
23160,quiet,,,,,100,0,20,193
23170,quiet,,,,,100,0,20,193
23180,quiet,,,,,100,0,20,193
23190,work,,,,,100,0,20,193
23200,work,,,,,100,0,20,193
23210,travel,,,,,100,0,20,193
23220,violence,,,,,100,1,20,194
23230,violence,,,,,100,1,19,195
23240,violence,,,,,100,1,19,195
23250,violence,,,,,100,1,19,195
23260,violence,,,,,100,1,19,195
23270,violence,,,,,100,1,19,196
23280,violence,,,,,100,1,19,196
23290,violence,,,,,100,1,19,196
23300,violence,,,,,100,1,19,196
23310,violence,,,,,100,1,20,196
23320,aftermath,,,,,100,0,20,196
23330,aftermath,,,,,100,0,20,196
23340,aftermath,,,,,100,0,20,196
23350,aftermath,,,,,100,0,20,196
23360,aftermath,,,,,100,0,20,196
23370,aftermath,,,,,100,0,20,196
23380,quiet,,,,,100,0,20,196
23390,quiet,,,,,100,0,20,196
23400,quiet,,,,,100,0,20,196
23410,quiet,,,,,100,0,20,196
23420,quiet,,,,,100,0,20,196
23430,quiet,,,,,100,0,20,196
23440,quiet,,,,,100,0,20,196
23450,quiet,,,,,100,0,20,196
23460,quiet,,,,,100,0,20,196
23470,work,,,,,100,0,20,196
23480,work,,,,,100,0,20,196
23490,violence,,,,,100,1,20,197
23500,violence,,,,,100,1,20,197
23510,violence,,,,,100,1,20,197
23520,violence,,,,,100,1,20,197
23530,violence,,,,,100,1,20,197
23540,violence,,,,,100,1,20,197
23550,violence,,,,,100,1,20,197
23560,violence,,,,,100,1,20,197
23570,violence,,,,,100,1,20,197
23580,violence,,,,,100,1,20,197
23590,violence,,,,,100,1,20,197
23600,aftermath,,,,,100,0,20,197
23610,aftermath,,,,,100,0,20,197
23620,aftermath,,,,,100,0,20,197
23630,aftermath,,,,,100,0,20,197
23640,aftermath,,,,,100,0,20,197
23650,aftermath,,,,,100,0,20,197
23660,quiet,,,,,100,0,20,197
23670,quiet,,,,,100,0,20,197
23680,quiet,,,,,100,0,20,197
23690,quiet,,,,,100,0,20,197
23700,quiet,,,,,100,0,20,197
23710,quiet,,,,,100,0,20,197
23720,quiet,,,,,100,0,20,197
23730,quiet,,,,,100,0,20,197
23740,quiet,,,,,100,0,20,197
23750,work,,,,,100,0,20,197
23760,work,,,,,100,0,20,197
23770,violence,,,,,100,1,19,198
23780,violence,,,,,100,1,19,198
23790,violence,,,,,100,1,19,198
23800,violence,,,,,100,1,19,198
23810,violence,,,,,100,1,19,199
23820,violence,,,,,100,1,19,199
23830,violence,,,,,100,1,19,199
23840,violence,,,,,100,1,19,199
23850,violence,,,,,100,1,20,199
23860,violence,,,,,100,1,20,199
23870,aftermath,,,,,100,0,20,199
23880,aftermath,,,,,100,0,20,199
23890,aftermath,,,,,100,0,20,199
23900,aftermath,,,,,100,0,20,199
23910,aftermath,,,,,100,0,20,199
23920,aftermath,,,,,100,0,20,199
23930,quiet,,,,,100,0,20,199
23940,quiet,,,,,100,0,20,199
23950,quiet,,,,,100,0,20,199
23960,quiet,,,,,100,0,20,199
23970,quiet,,,,,100,0,20,199
23980,quiet,,,,,100,0,20,199
23990,quiet,,,,,100,0,20,199
24000,quiet,,,,,100,0,20,199
24010,quiet,,,,,100,0,20,199
24020,work,,,,,100,0,20,199
24030,work,,,,,100,0,20,199
24040,travel,,,,,100,1,19,200
24050,violence,,,,,100,1,19,200
24060,violence,,,,,100,1,19,200
24070,violence,,,,,100,1,19,200
24080,violence,,,,,100,1,20,200
24090,violence,,,,,100,1,20,200
24100,violence,,,,,100,1,20,200
24110,violence,,,,,100,1,20,200
24120,violence,,,,,100,1,20,200
24130,violence,,,,,100,1,20,200
24140,violence,,,,,100,1,20,200
24150,aftermath,,,,,100,0,20,200
24160,aftermath,,,,,100,0,20,200
24170,aftermath,,,,,100,0,20,200
24180,aftermath,,,,,100,0,20,200
24190,aftermath,,,,,100,0,20,200
24200,aftermath,,,,,100,0,20,200
24210,quiet,,,,,100,0,20,200
24220,quiet,,,,,100,0,20,200
24230,quiet,,,,,100,0,20,200
24240,quiet,,,,,100,0,20,200
24250,quiet,,,,,100,0,20,200
24260,quiet,,,,,100,0,20,200
24270,quiet,,,,,100,0,20,200
24280,quiet,,,,,100,0,20,200
24290,quiet,,,,,100,0,20,200
24300,work,,,,,100,0,20,200
24310,work,,,,,100,0,20,200
24320,violence,,,,,100,1,19,201
24330,violence,,,,,100,1,19,201
24340,violence,,,,,100,1,19,201
24350,violence,,,,,100,1,20,201
24360,violence,,,,,100,1,20,201
24370,violence,,,,,100,1,20,201
24380,violence,,,,,100,1,20,201
24390,violence,,,,,100,1,20,201
24400,violence,,,,,100,1,20,201
24410,violence,,,,,100,1,20,201
24420,aftermath,,,,,100,0,20,201
24430,aftermath,,,,,100,0,20,201
24440,aftermath,,,,,100,0,20,201
24450,aftermath,,,,,100,0,20,201
24460,aftermath,,,,,100,0,20,201
24470,aftermath,,,,,100,0,20,201
24480,quiet,,,,,100,0,20,201
24490,quiet,,,,,100,0,20,201
24500,quiet,,,,,100,0,20,201
24510,quiet,,,,,100,0,20,201
24520,quiet,,,,,100,0,20,201
24530,quiet,,,,,100,0,20,201
24540,quiet,,,,,100,0,20,201
24550,quiet,,,,,100,0,20,201
24560,quiet,,,,,100,0,20,201
24570,work,,,,,100,0,20,201
24580,work,,,,,100,0,20,201
24590,travel,,,,,100,1,19,202
24600,violence,,,,,100,1,0,202
24610,violence,,,,,100,1,0,202
24620,violence,,,,,100,1,0,202
24630,violence,,,,,100,1,0,202
24640,violence,,,,,100,1,0,202
24650,violence,,,,,100,1,0,202
24660,violence,,,,,100,1,0,202
24670,violence,,,,,100,1,0,202
24680,violence,,,,,100,1,0,202
24690,violence,,,,,100,1,0,202
24700,aftermath,,,,,100,0,0,202
24710,aftermath,,,,,100,0,0,202
24720,aftermath,,,,,100,0,0,202
24730,aftermath,,,,,100,0,0,202
24740,aftermath,,,,,100,0,0,202
24750,aftermath,,,,,100,0,0,202
24760,quiet,,,,,100,0,0,202
24770,quiet,,,,,100,0,0,202
24780,quiet,,,,,100,0,0,202
24790,quiet,,,,,100,0,0,202
24800,quiet,,,,,100,0,0,202
24810,quiet,,,,,100,0,0,202
24820,quiet,,,,,100,0,0,202
24830,quiet,,,,,100,0,0,202
24840,quiet,,,,,100,0,0,202
24850,work,,,,,100,0,0,202
24860,work,,,,,100,0,0,202
24870,travel,,,,,100,0,0,202
24880,travel,,,,,100,0,0,202
24890,travel,,,,,100,0,0,202
24900,travel,,,,,100,0,0,202
24910,travel,,,,,100,0,0,202
24920,travel,,,,,100,0,0,202
24930,travel,,,,,100,0,0,202
24940,curiosity,,,,,100,0,0,202
24950,curiosity,,,,,100,0,0,202
24960,curiosity,,,,,100,0,0,202
24970,curiosity,,,,,100,0,0,202
24980,violence,,,,,100,1,0,203
24990,violence,,,,,100,1,0,203
25000,violence,,,,,100,1,0,203
25010,violence,,,,,100,1,0,203
25020,violence,,,,,100,1,1,203
25030,violence,,,,,100,1,0,204
25040,violence,,,,,100,1,0,204
25050,violence,,,,,100,1,0,204
25060,violence,,,,,100,1,0,204
25070,violence,,,,,100,1,1,204
25080,violence,,,,,100,1,1,204
25090,aftermath,,,,,100,0,1,204
25100,aftermath,,,,,100,0,1,204
25110,aftermath,,,,,100,0,2,204
25120,aftermath,,,,,100,0,2,204
25130,aftermath,,,,,100,0,2,204
25140,aftermath,,,,,100,0,2,204
25150,quiet,,,,,100,0,2,204
25160,quiet,,,,,100,0,2,205
25170,quiet,,,,,100,0,2,205
25180,quiet,,,,,100,0,2,205
25190,quiet,,,,,100,0,2,205
25200,quiet,,,,,100,0,3,205
25210,quiet,,,,,100,0,2,206
25220,quiet,,,,,100,0,2,206
25230,quiet,,,,,100,0,2,206
25240,work,,,,,100,0,2,206
25250,work,,,,,100,0,2,207
25260,violence,,,,,100,1,1,208
25270,violence,,,,,100,1,1,208
25280,violence,,,,,100,1,1,208
25290,violence,,,,,100,1,2,208
25300,violence,,,,,100,1,1,209
25310,violence,,,,,100,1,1,209
25320,violence,,,,,100,1,1,209
25330,violence,,,,,100,1,1,209
25340,violence,,,,,100,1,1,210
25350,violence,,,,,100,1,1,210
25360,violence,,,,,100,1,1,210
25370,aftermath,,,,,100,0,1,210
25380,aftermath,,,,,100,0,2,210
25390,aftermath,,,,,100,0,2,210
25400,aftermath,,,,,100,0,2,210
25410,aftermath,,,,,100,0,2,210
25420,aftermath,,,,,100,0,2,210
25430,quiet,,,,,100,0,2,211
25440,quiet,,,,,100,0,2,211
25450,quiet,,,,,100,0,2,211
25460,quiet,,,,,100,0,2,211
25470,quiet,,,,,100,0,3,211
25480,quiet,,,,,100,0,3,211
25490,quiet,,,,,100,0,3,211
25500,quiet,,,,,100,0,3,211
25510,quiet,,,,,100,0,3,211
25520,work,,,,,100,0,3,212
25530,work,,,,,100,0,3,212
25540,violence,,,,,100,1,2,213
25550,violence,,,,,100,1,2,213
25560,violence,,,,,100,1,3,213
25570,violence,,,,,100,1,2,214
25580,violence,,,,,100,1,2,214
25590,violence,,,,,100,1,2,214
25600,violence,,,,,100,1,2,214
25610,violence,,,,,100,1,3,214
25620,violence,,,,,100,1,3,214
25630,violence,,,,,100,1,3,214
25640,violence,,,,,100,1,3,214
25650,aftermath,,,,,100,0,4,214
25660,aftermath,,,,,100,0,4,214
25670,aftermath,,,,,100,0,4,214
25680,aftermath,,,,,100,0,4,214
25690,aftermath,,,,,100,0,4,214
25700,aftermath,,,,,100,0,4,215
25710,quiet,,,,,100,0,4,215
25720,quiet,,,,,100,0,4,215
25730,quiet,,,,,100,0,4,215
25740,quiet,,,,,100,0,5,215
25750,quiet,,,,,100,0,5,215
25760,quiet,,,,,100,0,5,215
25770,quiet,,,,,100,0,5,215
25780,quiet,,,,,100,0,5,215
25790,quiet,,,,,100,0,6,215
25800,work,,,,,100,0,6,215
25810,work,,,,,100,0,6,215
25820,violence,,,,,100,1,5,216
25830,violence,,,,,100,1,6,216
25840,violence,,,,,100,1,5,217
25850,violence,,,,,100,1,5,217
25860,violence,,,,,100,1,5,217
25870,violence,,,,,100,1,5,217
25880,violence,,,,,100,1,6,217
25890,violence,,,,,100,1,6,217
25900,violence,,,,,100,1,6,217
25910,violence,,,,,100,1,6,217
25920,violence,,,,,100,1,7,217
25930,aftermath,,,,,100,0,7,217
25940,aftermath,,,,,100,0,7,217
25950,aftermath,,,,,100,0,7,217
25960,aftermath,,,,,100,0,7,217
25970,aftermath,,,,,100,0,7,218
25980,aftermath,,,,,100,0,7,218
25990,quiet,,,,,100,0,7,218
26000,quiet,,,,,100,0,7,218
26010,quiet,,,,,100,0,8,218
26020,quiet,,,,,100,0,7,219
26030,quiet,,,,,100,0,7,219
26040,quiet,,,,,100,0,7,219
26050,quiet,,,,,100,0,7,219
26060,quiet,,,,,100,0,8,219
26070,quiet,,,,,100,0,8,219
26080,work,,,,,100,0,8,219
26090,work,,,,,100,0,8,219
26100,violence,,,,,100,1,8,220
26110,violence,,,,,100,1,7,221
26120,violence,,,,,100,1,7,221
26130,violence,,,,,100,1,7,221
26140,violence,,,,,100,1,7,221
26150,violence,,,,,100,1,7,222
26160,violence,,,,,100,1,7,222
26170,violence,,,,,100,1,7,222
26180,violence,,,,,100,1,7,222
26190,violence,,,,,100,1,8,222
26200,aftermath,,,,,100,0,8,222
26210,aftermath,,,,,100,0,8,222
26220,aftermath,,,,,100,0,8,222
26230,aftermath,,,,,100,0,8,222
26240,aftermath,,,,,100,0,9,222
26250,aftermath,,,,,100,0,9,222
26260,quiet,,,,,100,0,9,222
26270,quiet,,,,,100,0,9,222
26280,quiet,,,,,100,0,10,222
26290,quiet,,,,,100,0,9,223
26300,quiet,,,,,100,0,9,223
26310,quiet,,,,,100,0,9,223
26320,quiet,,,,,100,0,9,223
26330,quiet,,,,,100,0,9,224
26340,quiet,,,,,100,0,9,224
26350,work,,,,,100,0,9,224
26360,work,,,,,100,0,9,224
26370,travel,,,,,100,0,10,224
26380,violence,,,,,100,1,9,225
26390,violence,,,,,100,1,9,225
26400,violence,,,,,100,1,8,226
26410,violence,,,,,100,1,8,226
26420,violence,,,,,100,1,8,227
26430,violence,,,,,100,1,8,227
26440,violence,,,,,100,1,8,227
26450,violence,,,,,100,1,8,227
26460,violence,,,,,100,1,9,227
26470,violence,,,,,100,1,8,228
26480,aftermath,,,,,100,0,8,228
26490,aftermath,,,,,100,0,8,228
26500,aftermath,,,,,100,0,8,228
26510,aftermath,,,,,100,0,9,228
26520,aftermath,,,,,100,0,9,228
26530,aftermath,,,,,100,0,9,228
26540,quiet,,,,,100,0,9,228
26550,quiet,,,,,100,0,10,228
26560,quiet,,,,,100,0,9,229
26570,quiet,,,,,100,0,9,229
26580,quiet,,,,,100,0,9,229
26590,quiet,,,,,100,0,9,229
26600,quiet,,,,,100,0,9,230
26610,quiet,,,,,100,0,9,230
26620,quiet,,,,,100,0,9,230
26630,work,,,,,100,0,9,230
26640,work,,,,,100,0,10,230
26650,violence,,,,,100,1,9,231
26660,violence,,,,,100,1,9,231
26670,violence,,,,,100,1,9,231
26680,violence,,,,,100,1,9,231
26690,violence,,,,,100,1,10,231
26700,violence,,,,,100,1,10,231
26710,violence,,,,,100,1,10,231
26720,violence,,,,,100,1,10,231
26730,violence,,,,,99,1,11,231
26740,violence,,,,,95.5,1,11,231
26750,violence,,,,,88.5,1,11,231
26760,aftermath,,,,,89.58,0,11,231
26770,aftermath,,,,,90.78,0,11,231
26780,aftermath,,,,,91.98,0,11,232
26790,aftermath,,,,,93.18,0,11,232
26800,aftermath,,,,,94.38,0,11,232
26810,aftermath,,,,,95.58,0,11,232
26820,quiet,,,,,96.78,0,12,232
26830,quiet,,,,,97.98,0,11,233
26840,quiet,,,,,99.18,0,11,233
26850,quiet,,,,,100,0,11,233
26860,quiet,,,,,100,0,11,233
26870,quiet,,,,,100,0,11,234
26880,quiet,,,,,100,0,11,234
26890,quiet,,,,,100,0,11,234
26900,quiet,,,,,100,0,11,234
26910,work,,,,,100,0,12,234
26920,work,,,,,100,0,12,234
26930,work,,,,,100,0,12,234
26940,travel,,,,,100,0,12,234
26950,violence,,,,,100,1,11,235
26960,violence,,,,,100,1,12,235
26970,violence,,,,,100,1,12,235
26980,violence,,,,,100,1,12,235
26990,violence,,,,,100,1,12,235
27000,violence,,,,,100,1,13,235
27010,violence,,,,,100,1,13,235
27020,violence,,,,,100,1,13,235
27030,violence,,,,,100,1,13,235
27040,violence,,,,,100,1,13,235
27050,aftermath,,,,,100,0,14,235
27060,aftermath,,,,,100,0,14,235
27070,aftermath,,,,,100,0,14,235
27080,aftermath,,,,,100,0,14,235
27090,aftermath,,,,,100,0,15,235
27100,aftermath,,,,,100,0,15,235
27110,quiet,,,,,100,0,15,235
27120,quiet,,,,,100,0,15,235
27130,quiet,,,,,100,0,15,235
27140,quiet,,,,,100,0,16,235
27150,quiet,,,,,100,0,16,235
27160,quiet,,,,,100,0,16,235
27170,quiet,,,,,100,0,16,235
27180,quiet,,,,,100,0,16,236
27190,quiet,,,,,100,0,16,236
27200,work,,,,,100,0,16,236
27210,work,,,,,100,0,16,236
27220,violence,,,,,100,1,14,238
27230,violence,,,,,100,1,15,238
27240,violence,,,,,100,1,15,238
27250,violence,,,,,100,1,15,238
27260,violence,,,,,100,1,15,238
27270,violence,,,,,100,1,16,238
27280,violence,,,,,100,1,16,238
27290,violence,,,,,100,1,16,238
27300,violence,,,,,100,1,16,238
27310,violence,,,,,100,1,16,238
27320,violence,,,,,100,1,17,238
27330,aftermath,,,,,100,0,17,238
27340,aftermath,,,,,100,0,17,238
27350,aftermath,,,,,100,0,17,238
27360,aftermath,,,,,100,0,18,238
27370,aftermath,,,,,100,0,17,239
27380,aftermath,,,,,100,0,17,239
27390,quiet,,,,,100,0,17,239
27400,quiet,,,,,100,0,17,239
27410,quiet,,,,,100,0,18,239
27420,quiet,,,,,100,0,18,239
27430,quiet,,,,,100,0,18,239
27440,quiet,,,,,100,0,18,239
27450,quiet,,,,,100,0,19,239
27460,quiet,,,,,100,0,18,240
27470,quiet,,,,,100,0,18,240
27480,work,,,,,100,0,18,240
27490,work,,,,,100,0,18,240
27500,violence,,,,,100,1,18,241
27510,violence,,,,,100,1,18,241
27520,violence,,,,,100,1,17,242
27530,violence,,,,,100,1,17,242
27540,violence,,,,,100,1,18,242
27550,violence,,,,,100,1,17,243
27560,violence,,,,,100,1,17,243
27570,violence,,,,,100,1,17,243
27580,violence,,,,,100,1,17,243
27590,violence,,,,,100,1,17,244
27600,aftermath,,,,,100,0,17,244
27610,aftermath,,,,,100,0,17,244
27620,aftermath,,,,,100,0,17,244
27630,aftermath,,,,,100,0,18,244
27640,aftermath,,,,,100,0,18,244
27650,aftermath,,,,,100,0,18,244
27660,quiet,,,,,100,0,18,244
27670,quiet,,,,,100,0,18,244
27680,quiet,,,,,100,0,19,244
27690,quiet,,,,,100,0,19,244
27700,quiet,,,,,100,0,19,244
27710,quiet,,,,,100,0,19,244
27720,quiet,,,,,100,0,20,244
27730,quiet,,,,,100,0,20,244
27740,quiet,,,,,100,0,20,244
27750,work,,,,,100,0,20,244
27760,work,,,,,100,0,20,244
27770,travel,,,,,100,1,19,245
27780,violence,,,,,100,1,19,245
27790,violence,,,,,100,1,19,245
27800,violence,,,,,100,1,19,245
27810,violence,,,,,100,1,20,245
27820,violence,,,,,100,1,20,245
27830,violence,,,,,100,1,20,245
27840,violence,,,,,100,1,20,245
27850,violence,,,,,100,1,20,245
27860,violence,,,,,100,1,20,245
27870,violence,,,,,100,1,20,245
27880,aftermath,,,,,100,0,20,245
27890,aftermath,,,,,100,0,20,245
27900,aftermath,,,,,100,0,20,245
27910,aftermath,,,,,100,0,20,245
27920,aftermath,,,,,100,0,20,245
27930,aftermath,,,,,100,0,20,245
27940,quiet,,,,,100,0,20,245
27950,quiet,,,,,100,0,20,245
27960,quiet,,,,,100,0,20,245
27970,quiet,,,,,100,0,20,245
27980,quiet,,,,,100,0,20,245
27990,quiet,,,,,100,0,20,245
28000,quiet,,,,,100,0,20,245
28010,quiet,,,,,100,0,20,245
28020,quiet,,,,,100,0,20,245
28030,work,,,,,100,0,20,245
28040,work,,,,,100,0,20,245
28050,violence,,,,,100,1,19,246
28060,violence,,,,,100,1,19,246
28070,violence,,,,,100,1,19,246
28080,violence,,,,,100,1,20,246
28090,violence,,,,,100,1,20,246
28100,violence,,,,,100,1,20,246
28110,violence,,,,,100,1,20,246
28120,violence,,,,,100,1,20,246
28130,violence,,,,,100,1,20,246
28140,violence,,,,,100,1,20,246
28150,aftermath,,,,,100,0,20,246
28160,aftermath,,,,,100,0,20,246
28170,aftermath,,,,,100,0,20,246
28180,aftermath,,,,,100,0,20,246
28190,aftermath,,,,,100,0,20,246
28200,aftermath,,,,,100,0,20,246
28210,quiet,,,,,100,0,20,246
28220,quiet,,,,,100,0,20,246
28230,quiet,,,,,100,0,20,246
28240,quiet,,,,,100,0,20,246
28250,quiet,,,,,100,0,20,246
28260,quiet,,,,,100,0,20,246
28270,quiet,,,,,100,0,20,246
28280,quiet,,,,,100,0,20,246
28290,quiet,,,,,100,0,20,246
28300,work,,,,,100,0,20,246
28310,work,,,,,100,0,20,246
28320,travel,,,,,100,1,19,247
28330,violence,,,,,100,1,19,247
28340,violence,,,,,100,1,19,247
28350,violence,,,,,100,1,20,247
28360,violence,,,,,100,1,19,248
28370,violence,,,,,100,1,19,248
28380,violence,,,,,100,1,19,248
28390,violence,,,,,100,1,19,248
28400,violence,,,,,100,1,20,248
28410,violence,,,,,100,1,20,248
28420,violence,,,,,100,1,20,248
28430,aftermath,,,,,100,0,20,248
28440,aftermath,,,,,100,0,20,248
28450,aftermath,,,,,100,0,20,248
28460,aftermath,,,,,100,0,20,248
28470,aftermath,,,,,100,0,20,248
28480,aftermath,,,,,100,0,20,248
28490,quiet,,,,,100,0,20,248
28500,quiet,,,,,100,0,20,248
28510,quiet,,,,,100,0,20,248
28520,quiet,,,,,100,0,20,248
28530,quiet,,,,,100,0,20,248
28540,quiet,,,,,100,0,20,248
28550,quiet,,,,,100,0,20,248
28560,quiet,,,,,100,0,20,248
28570,quiet,,,,,100,0,20,248
28580,work,,,,,100,0,20,248
28590,work,,,,,100,0,20,248
28600,violence,,,,,100,1,19,249
28610,violence,,,,,100,1,19,249
28620,violence,,,,,100,1,20,249
28630,violence,,,,,100,1,20,249
28640,violence,,,,,100,1,20,249
28650,violence,,,,,100,1,20,249
28660,violence,,,,,100,1,20,249
28670,violence,,,,,100,1,20,249
28680,violence,,,,,100,1,20,249
28690,violence,,,,,100,1,20,249
28700,aftermath,,,,,100,0,20,249
28710,aftermath,,,,,100,0,20,249
28720,aftermath,,,,,100,0,20,249
28730,aftermath,,,,,100,0,20,249
28740,aftermath,,,,,100,0,20,249
28750,aftermath,,,,,100,0,20,249
28760,quiet,,,,,100,0,20,249
28770,quiet,,,,,100,0,20,249
28780,quiet,,,,,100,0,20,249
28790,quiet,,,,,100,0,20,249
28800,quiet,,,,,100,0,20,249
28810,quiet,,,,,100,0,20,249
28820,quiet,,,,,100,0,20,249
28830,quiet,,,,,100,0,20,249
28840,quiet,,,,,100,0,20,249
28850,work,,,,,100,0,20,249
28860,work,,,,,100,0,20,249
28870,travel,,,,,100,1,19,250
28880,violence,,,,,100,1,19,250
28890,violence,,,,,100,1,20,250
28900,violence,,,,,100,1,20,250
28910,violence,,,,,100,1,20,250
28920,violence,,,,,100,1,20,250
28930,violence,,,,,100,1,20,250
28940,violence,,,,,100,1,20,250
28950,violence,,,,,100,1,20,250
28960,violence,,,,,100,1,20,250
28970,violence,,,,,100,1,20,250
28980,aftermath,,,,,100,0,20,250
28990,aftermath,,,,,100,0,20,250
29000,aftermath,,,,,100,0,20,250
29010,aftermath,,,,,100,0,20,250
29020,aftermath,,,,,100,0,20,250
29030,aftermath,,,,,100,0,20,250
29040,quiet,,,,,100,0,20,250
29050,quiet,,,,,100,0,20,250
29060,quiet,,,,,100,0,20,250
29070,quiet,,,,,100,0,20,250
29080,quiet,,,,,100,0,20,250
29090,quiet,,,,,100,0,20,250
29100,quiet,,,,,100,0,20,250
29110,quiet,,,,,100,0,20,250
29120,quiet,,,,,100,0,20,250
29130,work,,,,,100,0,20,250
29140,work,,,,,100,0,20,250
29150,violence,,,,,100,1,19,251
29160,violence,,,,,100,1,20,251
29170,violence,,,,,100,1,20,251
29180,violence,,,,,100,1,20,251
29190,violence,,,,,100,1,20,251
29200,violence,,,,,100,1,20,251
29210,violence,,,,,100,1,20,251
29220,violence,,,,,100,1,20,251
29230,violence,,,,,100,1,20,251
29240,violence,,,,,100,1,20,251
29250,aftermath,,,,,100,0,20,251
29260,aftermath,,,,,100,0,20,251
29270,aftermath,,,,,100,0,20,251
29280,aftermath,,,,,100,0,20,251
29290,aftermath,,,,,100,0,20,251
29300,aftermath,,,,,100,0,20,251
29310,quiet,,,,,100,0,20,251
29320,quiet,,,,,100,0,20,251
29330,quiet,,,,,100,0,20,251
29340,quiet,,,,,100,0,20,251
29350,quiet,,,,,100,0,20,251
29360,quiet,,,,,100,0,20,251
29370,quiet,,,,,100,0,20,251
29380,quiet,,,,,100,0,20,251
29390,quiet,,,,,100,0,20,251
29400,work,,,,,100,0,20,251
29410,work,,,,,100,0,20,251
29420,travel,,,,,100,0,20,251
29430,travel,,,,,100,0,20,251
29440,travel,,,,,100,0,20,251
29450,travel,,,,,100,0,20,251
29460,travel,,,,,100,0,20,251
29470,travel,,,,,100,0,20,251
29480,travel,,,,,100,0,20,251
29490,travel,,,,,100,0,20,251
29500,curiosity,,,,,100,0,20,251
29510,curiosity,,,,,100,0,20,251
29520,curiosity,,,,,100,0,20,251
29530,curiosity,,,,,100,0,20,251
29540,curiosity,,,,,100,0,20,251
29550,curiosity,,,,,100,0,20,251
29560,curiosity,,,,,100,0,20,251
29570,opportunity,,,,,100,0,20,251
29580,opportunity,,,,,100,1,19,252
29590,violence,,,,,100,1,19,252
29600,violence,,,,,100,1,19,252
29610,violence,,,,,100,1,20,252
29620,violence,,,,,100,1,20,252
29630,violence,,,,,100,1,20,252
29640,violence,,,,,100,1,20,252
29650,violence,,,,,100,1,20,252
29660,violence,,,,,100,1,20,252
29670,violence,,,,,100,1,20,252
29680,violence,,,,,100,1,20,252
29690,aftermath,,,,,100,0,20,252
29700,aftermath,,,,,100,0,20,252
29710,aftermath,,,,,100,0,20,252
29720,aftermath,,,,,100,0,20,252
29730,aftermath,,,,,100,0,20,252
29740,aftermath,,,,,100,0,20,252
29750,quiet,,,,,100,0,20,252
29760,quiet,,,,,100,0,20,252
29770,quiet,,,,,100,0,20,252
29780,quiet,,,,,100,0,20,252
29790,quiet,,,,,100,0,20,252
29800,quiet,,,,,100,0,20,252
29810,quiet,,,,,100,0,20,252
29820,quiet,,,,,100,0,20,252
29830,quiet,,,,,100,0,20,252
29840,work,,,,,100,0,20,252
29850,work,,,,,100,0,20,252
29860,violence,,,,,100,1,19,253
29870,violence,,,,,100,1,19,253
29880,violence,,,,,100,1,20,253
29890,violence,,,,,100,1,20,253
29900,violence,,,,,100,1,20,253
29910,violence,,,,,100,1,20,253
29920,violence,,,,,100,1,20,253
29930,violence,,,,,100,1,20,253
29940,violence,,,,,100,1,20,253
29950,violence,,,,,100,1,20,253
29960,aftermath,,,,,100,0,20,253
29970,aftermath,,,,,100,0,20,253
29980,aftermath,,,,,100,0,20,253
29990,aftermath,,,,,100,0,20,253
30000,aftermath,,,,,100,0,20,253
30010,aftermath,,,,,100,0,20,253
30020,quiet,,,,,100,0,20,253
30030,quiet,,,,,100,0,20,253
30040,quiet,,,,,100,0,20,253
30050,quiet,,,,,100,0,20,253
30060,quiet,,,,,100,0,20,253
30070,quiet,,,,,100,0,20,253
30080,quiet,,,,,100,0,20,253
30090,quiet,,,,,100,0,20,253
30100,quiet,,,,,100,0,20,253
30110,work,,,,,100,0,20,253
30120,work,,,,,100,0,20,253
30130,travel,,,,,100,1,19,254
30140,violence,,,,,100,1,19,254
30150,violence,,,,,100,1,20,254
30160,violence,,,,,100,1,19,255
30170,violence,,,,,100,1,19,255
30180,violence,,,,,100,1,19,255
30190,violence,,,,,100,1,19,255
30200,violence,,,,,100,1,20,255
30210,violence,,,,,100,1,20,255
30220,violence,,,,,100,1,20,255
30230,violence,,,,,100,1,20,255
30240,aftermath,,,,,100,0,20,255
30250,aftermath,,,,,100,0,20,255
30260,aftermath,,,,,100,0,20,255
30270,aftermath,,,,,100,0,20,255
30280,aftermath,,,,,100,0,20,255
30290,aftermath,,,,,100,0,20,255
30300,quiet,,,,,100,0,20,255
30310,quiet,,,,,100,0,20,255
30320,quiet,,,,,100,0,20,255
30330,quiet,,,,,100,0,20,255
30340,quiet,,,,,100,0,20,255
30350,quiet,,,,,100,0,20,255
30360,quiet,,,,,100,0,20,255
30370,quiet,,,,,100,0,20,255
30380,quiet,,,,,100,0,20,255
30390,work,,,,,100,0,20,255
30400,work,,,,,100,0,20,255
30410,violence,,,,,100,1,19,256
30420,violence,,,,,100,1,20,256
30430,violence,,,,,100,1,19,257
30440,violence,,,,,100,1,19,257
30450,violence,,,,,100,1,19,257
30460,violence,,,,,100,1,19,257
30470,violence,,,,,100,1,19,258
30480,violence,,,,,100,1,19,258
30490,violence,,,,,100,1,19,258
30500,violence,,,,,100,1,19,258
30510,violence,,,,,100,1,20,258
30520,aftermath,,,,,100,0,20,258
30530,aftermath,,,,,100,0,20,258
30540,aftermath,,,,,100,0,20,258
30550,aftermath,,,,,100,0,20,258
30560,aftermath,,,,,100,0,19,259
30570,aftermath,,,,,100,0,19,259
30580,quiet,,,,,100,0,19,259
30590,quiet,,,,,100,0,19,259
30600,quiet,,,,,100,0,20,259
30610,quiet,,,,,100,0,20,259
30620,quiet,,,,,100,0,20,259
30630,quiet,,,,,100,0,20,259
30640,quiet,,,,,100,0,20,259
30650,quiet,,,,,100,0,20,259
30660,quiet,,,,,100,0,20,259
30670,work,,,,,100,0,20,259
30680,work,,,,,100,0,20,259
30690,violence,,,,,100,1,20,260
30700,violence,,,,,100,1,20,260
30710,violence,,,,,100,1,20,260
30720,violence,,,,,100,1,20,260
30730,violence,,,,,100,1,20,260
30740,violence,,,,,100,1,20,260
30750,violence,,,,,100,1,20,260
30760,violence,,,,,100,1,20,260
30770,violence,,,,,100,1,20,260
30780,violence,,,,,100,1,20,260
30790,aftermath,,,,,100,0,20,260
30800,aftermath,,,,,100,0,20,260
30810,aftermath,,,,,100,0,20,260
30820,aftermath,,,,,100,0,20,260
30830,aftermath,,,,,100,0,20,260
30840,aftermath,,,,,100,0,20,260
30850,quiet,,,,,100,0,20,260
30860,quiet,,,,,100,0,20,260
30870,quiet,,,,,100,0,20,260
30880,quiet,,,,,100,0,20,260
30890,quiet,,,,,100,0,20,260
30900,quiet,,,,,100,0,20,260
30910,quiet,,,,,100,0,20,260
30920,quiet,,,,,100,0,20,260
30930,quiet,,,,,100,0,20,260
30940,work,,,,,100,0,20,260
30950,work,,,,,100,0,20,260
30960,travel,,,,,100,1,19,261
30970,violence,,,,,100,1,19,261
30980,violence,,,,,100,1,19,261
30990,violence,,,,,100,1,19,261
31000,violence,,,,,100,1,19,261
31010,violence,,,,,100,1,20,261
31020,violence,,,,,100,1,20,261
31030,violence,,,,,100,1,20,261
31040,violence,,,,,100,1,20,261
31050,violence,,,,,100,1,20,261
31060,violence,,,,,100,1,20,261
31070,aftermath,,,,,100,0,20,261
31080,aftermath,,,,,100,0,20,261
31090,aftermath,,,,,100,0,20,261
31100,aftermath,,,,,100,0,20,261
31110,aftermath,,,,,100,0,20,261
31120,aftermath,,,,,100,0,20,261
31130,quiet,,,,,100,0,20,261
31140,quiet,,,,,100,0,20,261
31150,quiet,,,,,100,0,20,261
31160,quiet,,,,,100,0,20,261
31170,quiet,,,,,100,0,20,261
31180,quiet,,,,,100,0,20,261
31190,quiet,,,,,100,0,20,261
31200,quiet,,,,,100,0,20,261
31210,quiet,,,,,100,0,20,261
31220,work,,,,,100,0,20,261
31230,work,,,,,100,0,20,261
31240,violence,,,,,100,1,19,262
31250,violence,,,,,100,1,19,262
31260,violence,,,,,100,1,19,262
31270,violence,,,,,100,1,19,262
31280,violence,,,,,100,1,20,262
31290,violence,,,,,100,1,20,262
31300,violence,,,,,100,1,20,262
31310,violence,,,,,100,1,20,262
31320,violence,,,,,100,1,20,262
31330,violence,,,,,100,1,20,262
31340,aftermath,,,,,100,0,20,262
31350,aftermath,,,,,100,0,20,262
31360,aftermath,,,,,100,0,20,262
31370,aftermath,,,,,100,0,20,262
31380,aftermath,,,,,100,0,20,262
31390,aftermath,,,,,100,0,20,262
31400,quiet,,,,,100,0,20,262
31410,quiet,,,,,100,0,20,262
31420,quiet,,,,,100,0,20,262
31430,quiet,,,,,100,0,20,262
31440,quiet,,,,,100,0,20,262
31450,quiet,,,,,100,0,20,262
31460,quiet,,,,,100,0,20,262
31470,quiet,,,,,100,0,20,262
31480,quiet,,,,,100,0,20,262
31490,work,,,,,100,0,20,262
31500,work,,,,,100,0,20,262
31510,travel,,,,,100,0,20,262
31520,violence,,,,,100,1,19,263
31530,violence,,,,,100,1,19,263
31540,violence,,,,,100,1,19,263
31550,violence,,,,,100,1,19,264
31560,violence,,,,,100,1,19,264
31570,violence,,,,,100,1,19,264
31580,violence,,,,,100,1,19,264
31590,violence,,,,,100,1,20,264
31600,violence,,,,,100,1,19,265
31610,violence,,,,,100,1,19,265
31620,aftermath,,,,,100,0,19,265
31630,aftermath,,,,,100,0,19,265
31640,aftermath,,,,,100,0,19,266
31650,aftermath,,,,,100,0,19,266
31660,aftermath,,,,,100,0,19,266
31670,aftermath,,,,,100,0,19,266
31680,quiet,,,,,100,0,20,266
31690,quiet,,,,,100,0,19,267
31700,quiet,,,,,100,0,19,267
31710,quiet,,,,,100,0,19,267
31720,quiet,,,,,100,0,19,267
31730,quiet,,,,,100,0,19,268
31740,quiet,,,,,100,0,19,268
31750,quiet,,,,,100,0,19,268
31760,quiet,,,,,100,0,19,268
31770,work,,,,,100,0,20,268
31780,work,,,,,100,0,20,268
31790,violence,,,,,100,1,19,269
31800,violence,,,,,100,1,0,269
31810,violence,,,,,100,1,0,269
31820,violence,,,,,100,1,0,269
31830,violence,,,,,100,1,0,269
31840,violence,,,,,100,1,0,269
31850,violence,,,,,100,1,0,269
31860,violence,,,,,100,1,0,269
31870,violence,,,,,100,1,0,269
31880,violence,,,,,100,1,0,269
31890,violence,,,,,100,1,0,269
31900,aftermath,,,,,100,0,0,269
31910,aftermath,,,,,100,0,0,269
31920,aftermath,,,,,100,0,0,269
31930,aftermath,,,,,100,0,0,269
31940,aftermath,,,,,100,0,0,269
31950,aftermath,,,,,100,0,0,269
31960,quiet,,,,,100,0,0,269
31970,quiet,,,,,100,0,0,269
31980,quiet,,,,,100,0,0,269
31990,quiet,,,,,100,0,0,269
32000,quiet,,,,,100,0,0,269
32010,quiet,,,,,100,0,0,269
32020,quiet,,,,,100,0,0,269
32030,quiet,,,,,100,0,0,269
32040,quiet,,,,,100,0,0,269
32050,work,,,,,100,0,0,269
32060,work,,,,,100,0,0,269
32070,travel,,,,,100,0,0,269
32080,travel,,,,,100,0,0,269
32090,travel,,,,,100,0,0,269
32100,travel,,,,,100,0,0,269
32110,travel,,,,,100,0,0,269
32120,travel,,,,,100,0,0,269
32130,travel,,,,,100,0,0,269
32140,curiosity,,,,,100,0,0,269
32150,curiosity,,,,,100,0,0,269
32160,curiosity,,,,,100,0,0,269
32170,curiosity,,,,,100,0,0,269
32180,curiosity,,,,,100,0,0,270
32190,curiosity,,,,,100,0,0,270
32200,curiosity,,,,,100,0,0,270
32210,curiosity,,,,,100,0,0,270
32220,opportunity,,,,,100,0,1,270
32230,opportunity,,,,,100,0,0,271
32240,opportunity,,,,,100,0,0,271
32250,opportunity,,,,,100,0,0,271
32260,opportunity,,,,,100,0,0,271
32270,violence,,,,,100,1,0,272
32280,violence,,,,,100,1,0,272
32290,violence,,,,,100,1,0,272
32300,violence,,,,,100,1,0,272
32310,violence,,,,,100,1,1,272
32320,violence,,,,,100,1,1,272
32330,violence,,,,,100,1,1,272
32340,violence,,,,,100,1,1,272
32350,violence,,,,,100,1,1,272
32360,violence,,,,,100,1,1,273
32370,violence,,,,,100,1,1,273
32380,aftermath,,,,,100,0,1,273
32390,aftermath,,,,,100,0,1,273
32400,aftermath,,,,,100,0,2,273
32410,aftermath,,,,,100,0,1,274
32420,aftermath,,,,,100,0,1,274
32430,aftermath,,,,,100,0,1,274
32440,quiet,,,,,100,0,1,274
32450,quiet,,,,,100,0,2,274
32460,quiet,,,,,100,0,2,274
32470,quiet,,,,,100,0,2,274
32480,quiet,,,,,100,0,2,274
32490,quiet,,,,,100,0,3,274
32500,quiet,,,,,100,0,3,274
32510,quiet,,,,,100,0,3,274
32520,quiet,,,,,100,0,3,274
32530,work,,,,,100,0,3,274
32540,work,,,,,100,0,4,274
32550,violence,,,,,100,1,3,275
32560,violence,,,,,100,1,3,275
32570,violence,,,,,100,1,3,275
32580,violence,,,,,100,1,4,275
32590,violence,,,,,100,1,4,275
32600,violence,,,,,100,1,4,275
32610,violence,,,,,100,1,4,275
32620,violence,,,,,100,1,4,275
32630,violence,,,,,100,1,5,275
32640,violence,,,,,100,1,5,275
32650,violence,,,,,100,1,5,275
32660,aftermath,,,,,100,0,5,275
32670,aftermath,,,,,100,0,6,275
32680,aftermath,,,,,100,0,5,276
32690,aftermath,,,,,100,0,5,276
32700,aftermath,,,,,100,0,5,276
32710,aftermath,,,,,100,0,5,276
32720,quiet,,,,,100,0,5,277
32730,quiet,,,,,100,0,5,277
32740,quiet,,,,,100,0,5,277
32750,quiet,,,,,100,0,5,277
32760,quiet,,,,,100,0,6,277
32770,quiet,,,,,100,0,6,277
32780,quiet,,,,,100,0,6,277
32790,quiet,,,,,100,0,6,277
32800,quiet,,,,,100,0,6,277
32810,work,,,,,100,0,7,277
32820,work,,,,,100,0,7,277
32830,violence,,,,,100,1,6,278
32840,violence,,,,,100,1,6,278
32850,violence,,,,,100,1,7,278
32860,violence,,,,,100,1,7,278
32870,violence,,,,,100,1,7,278
32880,violence,,,,,100,1,7,278
32890,violence,,,,,100,1,7,278
32900,violence,,,,,100,1,7,279
32910,violence,,,,,100,1,7,279
32920,violence,,,,,100,1,7,279
32930,aftermath,,,,,100,0,7,279
32940,aftermath,,,,,100,0,8,279
32950,aftermath,,,,,100,0,7,280
32960,aftermath,,,,,100,0,7,280
32970,aftermath,,,,,100,0,7,280
32980,aftermath,,,,,100,0,7,280
32990,quiet,,,,,100,0,8,280
33000,quiet,,,,,100,0,8,280
33010,quiet,,,,,100,0,8,280
33020,quiet,,,,,100,0,8,280
33030,quiet,,,,,100,0,9,280
33040,quiet,,,,,100,0,9,280
33050,quiet,,,,,100,0,9,280
33060,quiet,,,,,100,0,9,280
33070,quiet,,,,,100,0,9,280
33080,work,,,,,100,0,10,280
33090,work,,,,,100,0,10,280
33100,travel,,,,,100,0,10,280
33110,violence,,,,,100,1,9,281
33120,violence,,,,,100,1,10,281
33130,violence,,,,,100,1,10,281
33140,violence,,,,,100,1,10,281
33150,violence,,,,,100,1,10,281
33160,violence,,,,,100,1,10,281
33170,violence,,,,,100,1,10,282
33180,violence,,,,,100,1,10,282
33190,violence,,,,,100,1,10,282
33200,violence,,,,,100,1,10,282
33210,aftermath,,,,,100,0,11,282
33220,aftermath,,,,,100,0,11,282
33230,aftermath,,,,,100,0,11,282
33240,aftermath,,,,,100,0,11,282
33250,aftermath,,,,,100,0,11,282
33260,aftermath,,,,,100,0,11,283
33270,quiet,,,,,100,0,11,283
33280,quiet,,,,,100,0,11,283
33290,quiet,,,,,100,0,11,283
33300,quiet,,,,,100,0,12,283
33310,quiet,,,,,100,0,12,283
33320,quiet,,,,,100,0,12,283
33330,quiet,,,,,100,0,12,283
33340,quiet,,,,,100,0,12,283
33350,quiet,,,,,100,0,12,284
33360,work,,,,,100,0,12,284
33370,work,,,,,100,0,12,284
33380,violence,,,,,100,1,11,285
33390,violence,,,,,100,1,12,285
33400,violence,,,,,100,1,12,285
33410,violence,,,,,100,1,12,285
33420,violence,,,,,100,1,12,285
33430,violence,,,,,100,1,12,285
33440,violence,,,,,100,1,12,286
33450,violence,,,,,100,1,12,286
33460,violence,,,,,100,1,12,286
33470,violence,,,,,100,1,12,286
33480,violence,,,,,100,1,13,286
33490,aftermath,,,,,100,0,12,287
33500,aftermath,,,,,100,0,12,287
33510,aftermath,,,,,100,0,12,287
33520,aftermath,,,,,100,0,12,287
33530,aftermath,,,,,100,0,13,287
33540,aftermath,,,,,100,0,13,287
33550,quiet,,,,,100,0,13,287
33560,quiet,,,,,100,0,13,287
33570,quiet,,,,,100,0,14,287
33580,quiet,,,,,100,0,13,288
33590,quiet,,,,,100,0,13,288
33600,quiet,,,,,100,0,13,288
33610,quiet,,,,,100,0,13,288
33620,quiet,,,,,100,0,14,288
33630,quiet,,,,,100,0,14,288
33640,work,,,,,100,0,14,288
33650,work,,,,,100,0,14,288
33660,violence,,,,,100,1,14,289
33670,violence,,,,,100,1,14,289
33680,violence,,,,,100,1,14,289
33690,violence,,,,,100,1,14,289
33700,violence,,,,,100,1,14,289
33710,violence,,,,,100,1,15,289
33720,violence,,,,,100,1,15,289
33730,violence,,,,,100,1,15,289
33740,violence,,,,,100,1,15,289
33750,violence,,,,,100,1,16,289
33760,aftermath,,,,,100,0,16,289
33770,aftermath,,,,,100,0,16,289
33780,aftermath,,,,,100,0,16,289
33790,aftermath,,,,,100,0,16,289
33800,aftermath,,,,,100,0,16,290
33810,aftermath,,,,,100,0,16,290
33820,quiet,,,,,100,0,16,290
33830,quiet,,,,,100,0,16,290
33840,quiet,,,,,100,0,17,290
33850,quiet,,,,,100,0,16,291
33860,quiet,,,,,100,0,16,291
33870,quiet,,,,,100,0,16,291
33880,quiet,,,,,100,0,16,291
33890,quiet,,,,,100,0,16,292
33900,quiet,,,,,100,0,16,292
33910,work,,,,,100,0,16,292
33920,work,,,,,100,0,16,292
33930,violence,,,,,100,1,16,293
33940,violence,,,,,100,1,16,293
33950,violence,,,,,100,1,16,293
33960,violence,,,,,100,1,15,294
33970,violence,,,,,100,1,15,294
33980,violence,,,,,100,1,16,294
33990,violence,,,,,100,1,16,294
34000,violence,,,,,100,1,16,294
34010,violence,,,,,100,1,16,294
34020,violence,,,,,100,1,17,294
34030,violence,,,,,100,1,17,294
34040,aftermath,,,,,100,0,17,294
34050,aftermath,,,,,100,0,17,294
34060,aftermath,,,,,100,0,17,294
34070,aftermath,,,,,100,0,18,294
34080,aftermath,,,,,100,0,18,294
34090,aftermath,,,,,100,0,18,294
34100,quiet,,,,,100,0,18,294
34110,quiet,,,,,100,0,19,294
34120,quiet,,,,,100,0,19,294
34130,quiet,,,,,100,0,19,294
34140,quiet,,,,,100,0,19,294
34150,quiet,,,,,100,0,19,294
34160,quiet,,,,,100,0,20,294
34170,quiet,,,,,100,0,20,294
34180,quiet,,,,,100,0,20,294
34190,work,,,,,100,0,20,294
34200,work,,,,,100,0,20,294
34210,travel,,,,,100,0,20,294
34220,travel,,,,,100,0,20,294
34230,travel,,,,,100,0,20,294
34240,travel,,,,,100,0,20,294
34250,travel,,,,,100,0,20,294
34260,travel,,,,,100,0,20,294
34270,travel,,,,,100,0,20,294
34280,curiosity,,,,,100,0,20,294
34290,curiosity,,,,,100,0,20,294
34300,curiosity,,,,,100,0,20,294
34310,curiosity,,,,,100,0,20,294
34320,curiosity,,,,,100,0,20,294
34330,curiosity,,,,,100,0,20,294
34340,curiosity,,,,,100,0,20,294
34350,curiosity,,,,,100,0,20,294
34360,opportunity,,,,,100,0,20,294
34370,opportunity,,,,,100,0,20,294
34380,opportunity,,,,,100,1,19,295
34390,violence,,,,,100,1,19,295
34400,violence,,,,,100,1,19,295
34410,violence,,,,,100,1,19,295
34420,violence,,,,,100,1,19,295
34430,violence,,,,,100,1,20,295
34440,violence,,,,,100,1,20,295
34450,violence,,,,,100,1,20,295
34460,violence,,,,,100,1,20,295
34470,violence,,,,,100,1,20,295
34480,violence,,,,,100,1,20,295
34490,aftermath,,,,,100,0,20,295
34500,aftermath,,,,,100,0,20,295
34510,aftermath,,,,,100,0,20,295
34520,aftermath,,,,,100,0,20,295
34530,aftermath,,,,,100,0,20,295
34540,aftermath,,,,,100,0,20,295
34550,quiet,,,,,100,0,20,295
34560,quiet,,,,,100,0,20,295
34570,quiet,,,,,100,0,20,295
34580,quiet,,,,,100,0,20,295
34590,quiet,,,,,100,0,20,295
34600,quiet,,,,,100,0,20,295
34610,quiet,,,,,100,0,20,295
34620,quiet,,,,,100,0,20,295
34630,quiet,,,,,100,0,20,295
34640,work,,,,,100,0,20,295
34650,work,,,,,100,0,20,295
34660,violence,,,,,100,1,19,296
34670,violence,,,,,100,1,19,296
34680,violence,,,,,100,1,19,296
34690,violence,,,,,100,1,19,296
34700,violence,,,,,100,1,20,296
34710,violence,,,,,100,1,20,296
34720,violence,,,,,100,1,20,296
34730,violence,,,,,100,1,20,296
34740,violence,,,,,100,1,20,296
34750,violence,,,,,100,1,20,296
34760,aftermath,,,,,100,0,20,296
34770,aftermath,,,,,100,0,20,296
34780,aftermath,,,,,100,0,20,296
34790,aftermath,,,,,100,0,20,296
34800,aftermath,,,,,100,0,20,296
34810,aftermath,,,,,100,0,20,296
34820,quiet,,,,,100,0,20,296
34830,quiet,,,,,100,0,20,296
34840,quiet,,,,,100,0,20,296
34850,quiet,,,,,100,0,20,296
34860,quiet,,,,,100,0,20,296
34870,quiet,,,,,100,0,20,296
34880,quiet,,,,,100,0,20,296
34890,quiet,,,,,100,0,20,296
34900,quiet,,,,,100,0,20,296
34910,work,,,,,100,0,20,296
34920,work,,,,,100,0,20,296
34930,travel,,,,,100,1,19,297
34940,violence,,,,,100,1,19,297
34950,violence,,,,,100,1,19,297
34960,violence,,,,,100,1,19,297
34970,violence,,,,,100,1,19,298
34980,violence,,,,,100,1,19,298
34990,violence,,,,,100,1,19,298
35000,violence,,,,,100,1,19,298
35010,violence,,,,,100,1,20,298
35020,violence,,,,,100,1,20,298
35030,violence,,,,,100,1,20,298
35040,aftermath,,,,,100,0,20,298
35050,aftermath,,,,,100,0,20,298
35060,aftermath,,,,,100,0,20,298
35070,aftermath,,,,,100,0,20,298
35080,aftermath,,,,,100,0,20,298
35090,aftermath,,,,,100,0,20,298
35100,quiet,,,,,100,0,20,298
35110,quiet,,,,,100,0,20,298
35120,quiet,,,,,100,0,20,298
35130,quiet,,,,,100,0,20,298
35140,quiet,,,,,100,0,20,298
35150,quiet,,,,,100,0,20,298
35160,quiet,,,,,100,0,20,298
35170,quiet,,,,,100,0,20,298
35180,quiet,,,,,100,0,20,298
35190,work,,,,,100,0,20,298
35200,work,,,,,100,0,20,298
35210,violence,,,,,100,1,19,299
35220,violence,,,,,100,1,19,299
35230,violence,,,,,100,1,19,299
35240,violence,,,,,100,1,20,299
35250,violence,,,,,100,1,20,299
35260,violence,,,,,100,1,20,299
35270,violence,,,,,100,1,20,299
35280,violence,,,,,100,1,20,299
35290,violence,,,,,100,1,20,299
35300,violence,,,,,100,1,20,299
35310,aftermath,,,,,100,0,20,299
35320,aftermath,,,,,100,0,20,299
35330,aftermath,,,,,100,0,20,299
35340,aftermath,,,,,100,0,20,299
35350,aftermath,,,,,100,0,20,299
35360,aftermath,,,,,100,0,20,299
35370,quiet,,,,,100,0,20,299
35380,quiet,,,,,100,0,20,299
35390,quiet,,,,,100,0,20,299
35400,quiet,,,,,100,0,20,299
35410,quiet,,,,,100,0,20,299
35420,quiet,,,,,100,0,20,299
35430,quiet,,,,,100,0,20,299
35440,quiet,,,,,100,0,20,299
35450,quiet,,,,,100,0,20,299
35460,work,,,,,100,0,20,299
35470,work,,,,,100,0,20,299
35480,travel,,,,,100,1,19,300
35490,violence,,,,,100,1,19,300
35500,violence,,,,,100,1,19,300
35510,violence,,,,,100,1,20,300
35520,violence,,,,,100,1,20,300
35530,violence,,,,,100,1,20,300
35540,violence,,,,,100,1,20,300
35550,violence,,,,,100,1,20,300
35560,violence,,,,,100,1,20,300
35570,violence,,,,,100,1,20,300
35580,violence,,,,,100,1,20,300
35590,aftermath,,,,,100,0,20,300
35600,aftermath,,,,,100,0,20,300
35610,aftermath,,,,,100,0,20,300
35620,aftermath,,,,,100,0,20,300
35630,aftermath,,,,,100,0,20,300
35640,aftermath,,,,,100,0,20,300
35650,quiet,,,,,100,0,20,300
35660,quiet,,,,,100,0,20,300
35670,quiet,,,,,100,0,20,300
35680,quiet,,,,,100,0,20,300
35690,quiet,,,,,100,0,20,300
35700,quiet,,,,,100,0,20,300
35710,quiet,,,,,100,0,20,300
35720,quiet,,,,,100,0,20,300
35730,quiet,,,,,100,0,20,300
35740,work,,,,,100,0,20,300
35750,work,,,,,100,0,20,300
35760,violence,,,,,100,1,19,301
35770,violence,,,,,100,1,19,301
35780,violence,,,,,100,1,19,302
35790,violence,,,,,100,1,19,302
35800,violence,,,,,100,1,19,302
35810,violence,,,,,100,1,19,302
35820,violence,,,,,100,1,20,302
35830,violence,,,,,100,1,20,302
35840,violence,,,,,100,1,20,302
35850,violence,,,,,100,1,20,302
35860,aftermath,,,,,100,0,20,302
35870,aftermath,,,,,100,0,20,302
35880,aftermath,,,,,100,0,20,302
35890,aftermath,,,,,100,0,20,302
35900,aftermath,,,,,100,0,20,302
35910,aftermath,,,,,100,0,20,302
35920,quiet,,,,,100,0,20,302
35930,quiet,,,,,100,0,20,302
35940,quiet,,,,,100,0,20,302
35950,quiet,,,,,100,0,20,302
35960,quiet,,,,,100,0,20,302
35970,quiet,,,,,100,0,20,302
35980,quiet,,,,,100,0,20,302
35990,quiet,,,,,100,0,20,302
