t,phase,motif,requested,observed,fatigue,hull,liveCombat,pending,totalSpawns
0,quiet,voyage,0.08,0,0,100,0,1,0
10,quiet,voyage,0.08,0,0,100,0,0,1
20,quiet,voyage,0.08,0,0,100,0,0,1
30,quiet,voyage,0.08,0,0,100,0,0,1
40,quiet,voyage,0.08,0,0,100,0,0,1
50,quiet,voyage,0.08,0,0,100,0,0,2
60,quiet,voyage,0.08,0,0,100,0,0,2
70,opportunity,voyage,0.188,0,0,100,0,0,2
80,opportunity,voyage,0.23,0,0,100,0,0,2
90,opportunity,voyage,0.23,0,0,100,0,1,2
100,peak,voyage,0.374,0.425042,0.01658,100,1,0,3
110,peak,voyage,0.554,0.461792,0.03913,100,1,0,3
120,peak,voyage,0.592388,0.480167,0.063437,100,1,0,3
130,peak,voyage,0.589364,0.470542,0.088633,100,1,0,3
140,peak,voyage,0.586329,0.480167,0.113929,100,1,0,4
150,peak,voyage,0.5832,0.480167,0.139997,100,1,0,4
160,aftermath,voyage,0.182584,0.470542,0.166067,100,1,0,4
170,aftermath,voyage,0.076931,0.480167,0.192238,100,1,0,4
180,aftermath,voyage,0.073698,0.480167,0.219181,100,1,1,4
190,aftermath,voyage,0.070465,0.470542,0.246127,100,1,1,4
200,aftermath,voyage,0.067385,0.415125,0.271792,100,0,1,4
210,aftermath,voyage,0.072816,0.247125,0.226533,100,0,1,4
220,aftermath,voyage,0.083725,0,0.135624,100,0,1,4
230,aftermath,voyage,0.094634,0,0.044715,100,0,2,4
240,aftermath,voyage,0.1,0,0,100,0,2,4
250,quiet,discovery,0.08,0,0,100,0,2,4
260,quiet,discovery,0.08,0,0,100,0,2,4
270,quiet,discovery,0.08,0,0,100,0,3,4
280,quiet,discovery,0.08,0,0,100,0,3,4
290,quiet,discovery,0.08,0,0,100,0,3,4
300,quiet,discovery,0.08,0,0,100,0,3,4
310,quiet,discovery,0.08,0,0,100,0,3,4
320,quiet,discovery,0.08,0,0,100,0,3,5
330,opportunity,discovery,0.098,0,0,100,0,3,5
340,peak,discovery,0.278,0.425042,0.01658,100,1,2,6
350,peak,discovery,0.458,0.461792,0.03913,100,1,2,6
360,peak,discovery,0.592388,0.480167,0.063437,100,1,3,6
370,peak,discovery,0.589364,0.470542,0.088633,100,1,2,7
380,aftermath,discovery,0.437264,0.480167,0.113929,100,1,2,7
390,aftermath,discovery,0.0832,0.480167,0.139997,100,1,2,7
400,aftermath,discovery,0.080072,0.470542,0.166067,100,1,2,7
410,aftermath,discovery,0.076931,0.480167,0.192238,100,1,3,7
420,aftermath,discovery,0.073698,0.480167,0.219181,100,1,3,7
430,aftermath,discovery,0.070465,0.470542,0.246127,100,1,3,7
440,aftermath,discovery,0.067385,0.415125,0.271792,100,0,3,7
450,aftermath,discovery,0.072816,0.247125,0.226533,100,0,4,7
460,aftermath,discovery,0.083725,0,0.135624,100,0,4,7
470,aftermath,discovery,0.094634,0,0.044715,100,0,4,7
480,aftermath,discovery,0.1,0,0,100,0,4,7
490,quiet,hunt,0.08,0,0,100,0,4,7
500,quiet,hunt,0.08,0,0,100,0,4,8
510,quiet,hunt,0.08,0,0,100,0,4,8
520,quiet,hunt,0.08,0,0,100,0,4,8
530,quiet,hunt,0.08,0,0,100,0,4,8
540,opportunity,hunt,0.224,0,0,100,0,5,8
550,opportunity,hunt,0.23,0,0,100,0,5,8
560,opportunity,hunt,0.23,0,0,100,0,5,8
570,opportunity,hunt,0.23,0,0,100,0,5,8
580,opportunity,hunt,0.23,0,0,100,0,5,8
590,opportunity,hunt,0.23,0,0,100,0,6,8
600,opportunity,hunt,0.23,0,0,100,0,6,8
610,opportunity,hunt,0.23,0,0,100,0,6,8
620,build,hunt,0.284,0,0,100,0,6,8
630,build,hunt,0.464,0,0,100,0,7,8
640,build,hunt,0.485,0,0,100,0,7,8
650,build,hunt,0.485,0,0,100,0,7,8
660,build,hunt,0.485,0,0,100,0,7,8
670,build,hunt,0.485,0,0,100,0,7,8
680,build,hunt,0.485,0,0,100,0,8,8
690,build,hunt,0.485,0,0,100,0,8,8
700,build,hunt,0.485,0,0,100,0,8,8
710,build,hunt,0.485,0,0,100,0,8,8
720,build,hunt,0.485,0,0,100,0,9,8
730,build,hunt,0.485,0,0,100,0,9,8
740,build,hunt,0.485,0,0,100,0,9,8
750,build,hunt,0.485,0,0,100,0,9,8
760,opportunity,hunt,0.23,0,0,100,0,9,8
770,opportunity,hunt,0.23,0,0,100,0,10,8
780,opportunity,hunt,0.23,0,0,100,0,10,8
790,peak,hunt,0.32,0.325,0.01058,100,1,8,10
800,peak,hunt,0.5,0.461792,0.03313,100,1,7,11
810,peak,hunt,0.618108,0.480167,0.057437,100,1,8,11
820,peak,hunt,0.615084,0.470542,0.082633,100,1,8,11
830,peak,hunt,0.612049,0.480167,0.107929,100,1,7,12
840,peak,hunt,0.60892,0.480167,0.133997,100,1,7,12
850,peak,hunt,0.605792,0.470542,0.160067,100,1,7,12
860,peak,hunt,0.602651,0.480167,0.186238,100,1,7,13
870,aftermath,hunt,0.102651,0.480167,0.213181,100,1,7,13
880,aftermath,hunt,0.071185,0.470542,0.240127,100,1,7,13
890,aftermath,hunt,0.06797,0.470542,0.266919,100,0,7,13
900,aftermath,hunt,0.065068,0.4055,0.291099,100,0,8,13
910,aftermath,hunt,0.075977,0.1255,0.20019,100,0,7,14
920,aftermath,hunt,0.086886,0,0.10928,100,0,7,14
930,aftermath,hunt,0.097795,0,0.018371,100,0,7,14
940,aftermath,hunt,0.1,0,0,100,0,7,14
950,aftermath,hunt,0.1,0,0,100,0,7,15
960,aftermath,hunt,0.1,0,0,100,0,7,15
970,aftermath,hunt,0.1,0,0,100,0,7,15
980,quiet,discovery,0.08,0,0,100,0,7,15
990,quiet,discovery,0.08,0,0,100,0,8,15
1000,quiet,discovery,0.08,0,0,100,0,7,16
1010,quiet,discovery,0.08,0,0,100,0,7,16
1020,quiet,discovery,0.08,0,0,100,0,7,16
1030,quiet,discovery,0.08,0,0,100,0,7,16
1040,quiet,discovery,0.08,0,0,100,0,8,16
1050,quiet,discovery,0.08,0,0,100,0,8,16
1060,opportunity,discovery,0.17,0,0,100,0,8,16
1070,peak,discovery,0.32,0.325,0.010348,100,1,7,17
1080,peak,discovery,0.5,0.461792,0.032435,100,1,8,17
1090,peak,discovery,0.618233,0.461792,0.056394,100,1,8,17
1100,peak,discovery,0.615239,0.480167,0.08134,100,1,8,17
1110,peak,discovery,0.612153,0.480167,0.107058,100,1,8,17
1120,aftermath,discovery,0.112153,0.470542,0.132778,100,1,8,17
1130,aftermath,discovery,0.080968,0.480167,0.158599,100,1,8,18
1140,aftermath,discovery,0.077777,0.480167,0.185193,100,1,8,18
1150,aftermath,discovery,0.074585,0.470542,0.211788,100,1,8,18
1160,aftermath,discovery,0.071382,0.480167,0.238484,100,1,8,18
1170,aftermath,discovery,0.06813,0.470542,0.265583,100,0,9,18
1180,aftermath,discovery,0.070817,0.303125,0.243188,100,0,9,18
1190,aftermath,discovery,0.081727,0.023125,0.152279,100,0,9,18
1200,aftermath,discovery,0.092636,0,0.06137,100,0,9,18
1210,aftermath,discovery,0.1,0,0,100,0,9,18
1220,aftermath,discovery,0.1,0,0,100,0,10,18
1230,quiet,voyage,0.08,0,0,100,0,10,18
1240,quiet,voyage,0.08,0,0,100,0,10,18
1250,quiet,voyage,0.08,0,0,100,0,10,18
1260,quiet,voyage,0.08,0,0,100,0,11,18
1270,quiet,voyage,0.08,0,0,100,0,11,18
1280,quiet,voyage,0.08,0,0,100,0,11,18
1290,quiet,voyage,0.08,0,0,100,0,11,18
1300,opportunity,voyage,0.224,0,0,100,0,11,18
1310,opportunity,voyage,0.23,0,0,100,0,11,19
1320,opportunity,voyage,0.23,0,0,100,0,11,19
1330,opportunity,voyage,0.23,0,0,100,0,11,19
1340,opportunity,voyage,0.23,0,0,100,0,11,19
1350,opportunity,voyage,0.23,0,0,100,0,12,19
1360,opportunity,voyage,0.23,0,0,100,0,12,19
1370,opportunity,voyage,0.23,0,0,100,0,12,19
1380,opportunity,voyage,0.23,0,0,100,0,12,19
1390,opportunity,voyage,0.23,0,0,100,0,12,19
1400,peak,voyage,0.32,0.325,0.010348,100,1,12,20
1410,peak,voyage,0.5,0.461792,0.032435,100,1,12,20
1420,peak,voyage,0.643233,0.461792,0.056394,100,1,11,21
1430,peak,voyage,0.640239,0.480167,0.08134,100,1,11,21
1440,peak,voyage,0.637153,0.480167,0.107058,100,1,12,21
1450,peak,voyage,0.634067,0.470542,0.132778,100,1,11,22
1460,aftermath,voyage,0.382539,0.480167,0.158599,100,1,11,22
1470,aftermath,voyage,0.077777,0.480167,0.185193,100,1,11,22
1480,aftermath,voyage,0.074585,0.470542,0.211788,100,1,11,22
1490,aftermath,voyage,0.071382,0.480167,0.238484,100,1,12,22
1500,recovery,voyage,0.02,0.563542,0.267414,89.15,0,12,22
1510,recovery,voyage,0.02,0.667941,0.308645,90.35,0,12,22
1520,recovery,voyage,0.02,0.434903,0.243749,91.55,0,12,22
1530,recovery,voyage,0.02,0.250896,0.15284,92.75,0,13,22
1540,recovery,voyage,0.022568,0.00484,0.06193,93.95,0,13,22
1550,recovery,voyage,0.03,0.00388,0,95.15,0,13,22
1560,recovery,voyage,0.03,0.00292,0,96.35,0,13,22
1570,recovery,voyage,0.03,0.00196,0,97.55,0,13,22
1580,recovery,voyage,0.03,0.001,0,98.75,0,14,22
1590,aftermath,voyage,0.048,0.00004,0,99.95,0,14,22
1600,aftermath,voyage,0.1,0,0,100,0,14,22
1610,aftermath,voyage,0.1,0,0,100,0,14,22
1620,aftermath,voyage,0.1,0,0,100,0,15,22
1630,aftermath,voyage,0.1,0,0,100,0,14,23
1640,aftermath,voyage,0.1,0,0,100,0,14,23
1650,aftermath,voyage,0.1,0,0,100,0,14,23
1660,aftermath,voyage,0.1,0,0,100,0,14,23
1670,aftermath,voyage,0.1,0,0,100,0,14,24
1680,aftermath,voyage,0.1,0,0,100,0,14,24
1690,aftermath,voyage,0.1,0,0,100,0,14,24
1700,suspended:docked,discovery,,0,0,100,0,14,24
1710,suspended:docked,discovery,,0,0,100,0,15,24
1720,suspended:docked,discovery,,0,0,100,0,15,24
1730,suspended:docked,discovery,,0,0,100,0,15,24
1740,quiet,discovery,0.08,0,0,100,0,15,24
1750,quiet,discovery,0.08,0,0,100,0,15,24
1760,quiet,discovery,0.08,0,0,100,0,15,25
1770,quiet,discovery,0.08,0,0,100,0,15,25
1780,quiet,discovery,0.08,0,0,100,0,15,25
1790,quiet,discovery,0.08,0,0,100,0,15,25
1800,quiet,discovery,0.08,0,0,100,0,16,25
1810,quiet,discovery,0.08,0,0,100,0,15,26
1820,quiet,discovery,0.08,0,0,100,0,15,26
1830,peak,discovery,0.206,0.325,0.010116,100,1,14,27
1840,peak,discovery,0.386,0.443417,0.031855,100,1,14,27
1850,peak,discovery,0.566,0.480167,0.055565,100,1,15,27
1860,peak,discovery,0.590288,0.480167,0.080933,100,1,15,27
1870,peak,discovery,0.587244,0.470542,0.106303,100,1,15,27
1880,aftermath,discovery,0.087244,0.480167,0.131774,100,1,15,27
1890,aftermath,discovery,0.081038,0.480167,0.158018,100,1,16,27
1900,aftermath,discovery,0.077888,0.470542,0.184263,100,1,15,28
1910,aftermath,discovery,0.074727,0.480167,0.210609,100,1,15,28
1920,aftermath,discovery,0.071473,0.480167,0.237727,100,1,15,28
1930,aftermath,discovery,0.068249,0.470542,0.264594,100,0,15,28
1940,aftermath,discovery,0.068199,0.359125,0.265012,100,0,15,29
1950,aftermath,discovery,0.079108,0.079125,0.174103,100,0,15,29
1960,aftermath,discovery,0.090017,0,0.083193,100,0,15,29
1970,aftermath,discovery,0.1,0,0,100,0,15,29
1980,quiet,hunt,0.08,0,0,100,0,16,29
1990,quiet,hunt,0.08,0,0,100,0,16,29
2000,quiet,hunt,0.08,0,0,100,0,16,29
2010,quiet,hunt,0.08,0,0,100,0,16,29
2020,quiet,hunt,0.08,0,0,100,0,16,29
2030,peak,hunt,0.17,0.13,0.004,100,1,16,30
2040,peak,hunt,0.35,0.443417,0.024928,100,1,16,30
2050,peak,hunt,0.53,0.461792,0.047826,100,1,16,30
2060,peak,hunt,0.591288,0.480167,0.072597,100,1,15,31
2070,peak,hunt,0.588223,0.480167,0.09814,100,1,16,31
2080,peak,hunt,0.585158,0.470542,0.123685,100,1,15,32
2090,peak,hunt,0.58208,0.480167,0.149331,100,1,15,32
2100,peak,hunt,0.57891,0.480167,0.175749,100,1,15,32
2110,aftermath,hunt,0.227973,0.470542,0.20217,100,1,15,32
2120,aftermath,hunt,0.072557,0.480167,0.228691,100,1,15,33
2130,aftermath,hunt,0.069282,0.480167,0.255984,100,1,15,33
2140,aftermath,hunt,0.06633,0.4055,0.280582,100,0,15,33
2150,aftermath,hunt,0.074526,0.17275,0.212282,100,0,15,33
2160,aftermath,hunt,0.085435,0,0.121373,100,0,16,33
2170,aftermath,hunt,0.096344,0,0.030464,100,0,16,33
2180,aftermath,hunt,0.1,0,0,100,0,16,33
2190,aftermath,hunt,0.1,0,0,100,0,16,33
2200,aftermath,hunt,0.1,0,0,100,0,16,33
2210,quiet,discovery,0.08,0,0,100,0,16,34
2220,quiet,discovery,0.08,0,0,100,0,16,34
2230,quiet,discovery,0.08,0,0,100,0,16,34
2240,quiet,discovery,0.08,0,0,100,0,16,34
2250,quiet,discovery,0.08,0,0,100,0,17,34
2260,quiet,discovery,0.08,0,0,100,0,17,34
2270,quiet,discovery,0.08,0,0,100,0,17,34
2280,quiet,discovery,0.08,0,0,100,0,17,34
2290,opportunity,discovery,0.152,0,0,100,0,17,34
2300,opportunity,discovery,0.23,0,0,100,0,18,34
2310,opportunity,discovery,0.23,0,0,100,0,18,34
2320,opportunity,discovery,0.23,0,0,100,0,18,34
2330,opportunity,discovery,0.23,0,0,100,0,18,34
2340,opportunity,discovery,0.23,0,0,100,0,19,34
2350,opportunity,discovery,0.23,0,0,100,0,19,34
2360,opportunity,discovery,0.23,0,0,100,0,19,34
2370,opportunity,discovery,0.23,0,0,100,0,19,34
2380,opportunity,discovery,0.23,0,0,100,0,19,34
2390,opportunity,discovery,0.23,0,0,100,0,19,35
2400,opportunity,discovery,0.23,0,0,100,0,19,35
2410,opportunity,discovery,0.23,0,0,100,0,19,35
2420,opportunity,discovery,0.23,0,0,100,0,19,35
2430,opportunity,discovery,0.23,0,0,100,1,19,36
2440,peak,discovery,0.41,0.425042,0.02058,100,1,19,36
2450,peak,discovery,0.59,0.461792,0.04313,100,1,19,36
2460,peak,discovery,0.616908,0.480167,0.067438,100,1,18,37
2470,peak,discovery,0.613884,0.470542,0.092633,100,1,18,37
2480,aftermath,discovery,0.362388,0.480167,0.117929,100,1,18,38
2490,aftermath,discovery,0.08272,0.480167,0.143997,100,1,18,38
2500,aftermath,discovery,0.079592,0.470542,0.170067,100,1,18,38
2510,aftermath,discovery,0.076451,0.480167,0.196238,100,1,18,38
2520,aftermath,discovery,0.073218,0.480167,0.223181,100,1,19,38
2530,aftermath,discovery,0.069985,0.470542,0.250127,100,1,19,38
2540,aftermath,discovery,0.066969,0.415125,0.275256,100,0,19,38
2550,aftermath,discovery,0.072403,0.247125,0.229972,100,0,19,38
2560,aftermath,discovery,0.083312,0,0.139063,100,0,19,38
2570,aftermath,discovery,0.094222,0,0.048154,100,0,20,38
2580,aftermath,discovery,0.1,0,0,100,0,20,38
2590,aftermath,discovery,0.1,0,0,100,0,20,38
2600,quiet,voyage,0.08,0,0,100,0,20,38
2610,quiet,voyage,0.08,0,0,100,0,20,38
2620,quiet,voyage,0.08,0,0,100,0,20,38
2630,quiet,voyage,0.08,0,0,100,0,20,38
2640,quiet,voyage,0.08,0,0,100,0,20,38
2650,quiet,voyage,0.08,0,0,100,0,20,38
2660,peak,voyage,0.134,0.065,0.002,100,1,19,39
2670,peak,voyage,0.314,0.443417,0.022927,100,1,19,39
2680,peak,voyage,0.494,0.461792,0.045826,100,1,19,39
2690,peak,voyage,0.616528,0.480167,0.070597,100,1,19,39
2700,peak,voyage,0.613463,0.480167,0.09614,100,1,20,39
2710,peak,voyage,0.610398,0.470542,0.121685,100,1,20,39
2720,aftermath,voyage,0.557629,0.480167,0.147331,100,1,20,39
2730,aftermath,voyage,0.07915,0.480167,0.173749,100,1,20,39
2740,aftermath,voyage,0.07598,0.470542,0.20017,100,1,20,39
2750,aftermath,voyage,0.072797,0.480167,0.226691,100,1,20,39
2760,aftermath,voyage,0.069522,0.480167,0.253984,100,1,20,39
2770,aftermath,voyage,0.066537,0.4055,0.278858,100,0,20,39
2780,aftermath,voyage,0.074732,0.17275,0.210565,100,0,20,39
2790,aftermath,voyage,0.085641,0,0.119656,100,0,20,39
2800,aftermath,voyage,0.09655,0,0.028746,100,0,20,39
2810,aftermath,voyage,0.1,0,0,100,0,20,39
2820,aftermath,voyage,0.1,0,0,100,0,20,39
2830,quiet,discovery,0.08,0,0,100,0,20,39
2840,quiet,discovery,0.08,0,0,100,0,20,39
2850,quiet,discovery,0.08,0,0,100,0,20,39
2860,quiet,discovery,0.08,0,0,100,0,20,39
2870,quiet,discovery,0.08,0,0,100,0,20,39
2880,quiet,discovery,0.08,0,0,100,0,20,39
2890,quiet,discovery,0.08,0,0,100,0,20,39
2900,quiet,discovery,0.08,0,0,100,0,20,39
2910,opportunity,discovery,0.116,0,0,100,0,20,39
2920,opportunity,discovery,0.23,0,0,100,0,20,39
2930,opportunity,discovery,0.23,0,0,100,0,20,39
2940,opportunity,discovery,0.23,0,0,100,0,20,39
2950,opportunity,discovery,0.23,0,0,100,0,20,39
2960,opportunity,discovery,0.23,0,0,100,0,20,39
2970,opportunity,discovery,0.23,0,0,100,0,20,39
2980,opportunity,discovery,0.23,0,0,100,0,20,39
2990,opportunity,discovery,0.23,0,0,100,0,20,39
3000,opportunity,discovery,0.23,0,0,100,0,0,39
3010,opportunity,discovery,0.23,0,0,100,0,0,39
3020,opportunity,discovery,0.23,0,0,100,0,0,39
3030,opportunity,discovery,0.23,0,0,100,0,0,39
3040,opportunity,discovery,0.23,0,0,100,0,0,39
3050,opportunity,discovery,0.23,0,0,100,0,0,39
3060,opportunity,discovery,0.23,0,0,100,0,0,39
3070,build,discovery,0.356,0,0,100,0,0,39
3080,build,discovery,0.51,0,0,100,0,0,39
3090,build,discovery,0.51,0,0,100,0,0,39
3100,build,discovery,0.51,0,0,100,0,0,39
3110,build,discovery,0.51,0,0,100,0,0,39
3120,build,discovery,0.51,0,0,100,0,0,39
3130,build,discovery,0.51,0,0,100,0,0,39
3140,build,discovery,0.51,0,0,100,0,0,39
3150,build,discovery,0.51,0,0,100,0,0,39
3160,build,discovery,0.51,0,0,100,0,0,39
3170,opportunity,discovery,0.41,0,0,100,0,0,39
3180,opportunity,discovery,0.23,0,0,100,0,0,39
3190,opportunity,discovery,0.23,0,0,100,0,0,39
3200,opportunity,discovery,0.23,0,0,100,0,0,39
3210,opportunity,discovery,0.23,0,0,100,0,0,39
3220,opportunity,discovery,0.23,0,0,100,0,0,39
3230,opportunity,discovery,0.23,0,0,100,0,0,39
3240,opportunity,discovery,0.23,0,0,100,0,0,39
3250,opportunity,discovery,0.23,0,0,100,0,0,39
3260,opportunity,discovery,0.23,0,0,100,0,0,39
3270,opportunity,discovery,0.23,0,0,100,0,0,39
3280,opportunity,discovery,0.23,0,0,100,0,0,39
3290,opportunity,discovery,0.23,0,0,100,0,0,39
3300,opportunity,discovery,0.23,0,0,100,0,0,39
3310,opportunity,discovery,0.23,0,0,100,0,0,39
3320,opportunity,discovery,0.23,0,0,100,0,0,39
3330,build,discovery,0.356,0,0,100,0,0,39
3340,build,discovery,0.51,0,0,100,0,0,39
3350,build,discovery,0.51,0,0,100,0,0,39
3360,build,discovery,0.51,0,0,100,0,0,39
3370,build,discovery,0.51,0,0,100,0,0,39
3380,build,discovery,0.51,0,0,100,0,0,40
3390,build,discovery,0.51,0,0,100,0,0,40
3400,build,discovery,0.51,0,0,100,0,0,40
3410,build,discovery,0.51,0,0,100,0,0,40
3420,build,discovery,0.51,0,0,100,0,1,40
3430,aftermath,discovery,0.41,0,0,100,0,1,40
3440,aftermath,discovery,0.1,0,0,100,0,1,40
3450,aftermath,discovery,0.1,0,0,100,0,1,40
3460,aftermath,discovery,0.1,0,0,100,0,1,40
3470,aftermath,discovery,0.1,0,0,100,0,1,41
3480,aftermath,discovery,0.1,0,0,100,0,1,41
3490,aftermath,discovery,0.1,0,0,100,0,1,41
3500,suspended:docked,discovery,,0,0,100,0,1,41
3510,suspended:docked,discovery,,0,0,100,0,2,41
3520,suspended:docked,discovery,,0,0,100,0,2,41
3530,suspended:docked,discovery,,0,0,100,0,2,41
3540,aftermath,discovery,0.08,0,0,100,0,2,41
3550,aftermath,discovery,0.08,0,0,100,0,2,41
3560,aftermath,discovery,0.1,0,0,100,0,3,41
3570,aftermath,discovery,0.1,0,0,100,0,3,41
3580,aftermath,discovery,0.1,0,0,100,0,3,41
3590,aftermath,discovery,0.1,0,0,100,0,3,41
3600,quiet,hunt,0.08,0,0,100,0,4,41
3610,quiet,hunt,0.08,0,0,100,0,4,41
3620,quiet,hunt,0.08,0,0,100,0,4,41
3630,quiet,hunt,0.08,0,0,100,0,4,41
3640,quiet,hunt,0.08,0,0,100,0,4,41
3650,peak,hunt,0.224,0.195,0.006348,100,1,4,42
3660,peak,hunt,0.404,0.461792,0.028435,100,1,4,42
3670,peak,hunt,0.584,0.461792,0.052394,100,1,4,42
3680,peak,hunt,0.591019,0.480167,0.07734,100,1,4,42
3690,peak,hunt,0.587633,0.480167,0.103058,100,1,5,42
3700,peak,hunt,0.584547,0.470542,0.128778,100,1,5,42
3710,peak,hunt,0.581448,0.480167,0.154599,100,1,5,42
3720,peak,hunt,0.578257,0.480167,0.181193,100,1,5,42
3730,aftermath,hunt,0.177628,0.470542,0.207788,100,1,5,42
3740,aftermath,hunt,0.071862,0.480167,0.234484,100,1,6,42
3750,aftermath,hunt,0.068566,0.480167,0.261952,100,1,6,42
3760,aftermath,hunt,0.065626,0.4055,0.286446,100,0,6,42
3770,aftermath,hunt,0.073819,0.17275,0.218174,100,0,6,42
3780,aftermath,hunt,0.084728,0,0.127265,100,0,7,42
3790,aftermath,hunt,0.095637,0,0.036356,100,0,7,42
3800,aftermath,hunt,0.1,0,0,100,0,7,42
3810,aftermath,hunt,0.1,0,0,100,0,7,42
3820,aftermath,hunt,0.1,0,0,100,0,7,42
3830,quiet,discovery,0.08,0,0,100,0,7,43
3840,quiet,discovery,0.08,0,0,100,0,7,43
3850,quiet,discovery,0.08,0,0,100,0,7,43
3860,quiet,discovery,0.08,0,0,100,0,7,43
3870,quiet,discovery,0.08,0,0,100,0,8,43
3880,quiet,discovery,0.08,0,0,100,0,8,43
3890,quiet,discovery,0.08,0,0,100,0,8,43
3900,quiet,discovery,0.08,0,0,100,0,8,43
3910,opportunity,discovery,0.152,0,0,100,0,8,43
3920,peak,discovery,0.332,0.425042,0.016348,100,1,8,44
3930,peak,discovery,0.512,0.461792,0.038435,100,1,8,44
3940,peak,discovery,0.592513,0.461792,0.062394,100,1,8,44
3950,peak,discovery,0.589519,0.480167,0.08734,100,1,8,44
3960,aftermath,discovery,0.437365,0.480167,0.113058,100,1,9,44
3970,aftermath,discovery,0.083347,0.470542,0.138778,100,1,9,44
3980,aftermath,discovery,0.080248,0.480167,0.164599,100,1,9,44
3990,aftermath,discovery,0.077057,0.480167,0.191193,100,1,9,44
4000,aftermath,discovery,0.073865,0.470542,0.217788,100,1,9,44
4010,aftermath,discovery,0.070662,0.480167,0.244484,100,1,9,45
4020,aftermath,discovery,0.067504,0.423875,0.270803,100,0,9,45
4030,aftermath,discovery,0.070198,0.303125,0.24835,100,0,9,45
4040,aftermath,discovery,0.081107,0.023125,0.157441,100,0,9,45
4050,aftermath,discovery,0.092016,0,0.066532,100,0,10,45
4060,aftermath,discovery,0.1,0,0,100,0,9,46
4070,quiet,voyage,0.08,0,0,100,0,9,46
4080,quiet,voyage,0.08,0,0,100,0,9,46
4090,quiet,voyage,0.08,0,0,100,0,9,46
4100,quiet,voyage,0.08,0,0,100,0,10,46
4110,quiet,voyage,0.08,0,0,100,0,10,46
4120,quiet,voyage,0.08,0,0,100,0,10,46
4130,opportunity,voyage,0.134,0,0,100,0,10,46
4140,opportunity,voyage,0.23,0,0,100,0,11,46
4150,opportunity,voyage,0.23,0,0,100,0,11,46
4160,opportunity,voyage,0.23,0,0,100,0,11,46
4170,opportunity,voyage,0.23,0,0,100,0,11,46
4180,opportunity,voyage,0.23,0,0,100,0,11,46
4190,opportunity,voyage,0.23,0,0,100,0,12,46
4200,opportunity,voyage,0.23,0,0,100,0,12,46
4210,opportunity,voyage,0.23,0,0,100,0,12,46
4220,opportunity,voyage,0.23,0,0,100,0,12,46
4230,opportunity,voyage,0.23,0,0,100,0,13,46
4240,opportunity,voyage,0.23,0,0,100,0,13,46
4250,peak,voyage,0.374,0.39,0.012348,100,1,12,47
4260,peak,voyage,0.554,0.461792,0.034435,100,1,12,47
4270,peak,voyage,0.592993,0.461792,0.058394,100,1,12,47
4280,peak,voyage,0.608299,0.480167,0.08334,100,1,13,47
4290,peak,voyage,0.611913,0.480167,0.109058,100,1,13,47
4300,peak,voyage,0.608827,0.470542,0.134778,100,1,13,47
4310,aftermath,voyage,0.307607,0.480167,0.160599,100,1,13,47
4320,aftermath,voyage,0.077537,0.480167,0.187193,100,1,14,47
4330,aftermath,voyage,0.074345,0.470542,0.213788,100,1,13,48
4340,aftermath,voyage,0.071142,0.480167,0.240484,100,1,13,48
4350,aftermath,voyage,0.067921,0.442542,0.267326,100,0,13,48
4360,aftermath,voyage,0.070611,0.303125,0.244912,100,0,13,48
4370,aftermath,voyage,0.08152,0.023125,0.154003,100,0,13,49
4380,aftermath,voyage,0.092429,0,0.063094,100,0,13,49
4390,aftermath,voyage,0.1,0,0,100,0,13,49
4400,aftermath,voyage,0.1,0,0,100,0,13,49
4410,quiet,discovery,0.08,0,0,100,0,14,49
4420,quiet,discovery,0.08,0,0,100,0,14,49
4430,quiet,discovery,0.08,0,0,100,0,14,49
4440,quiet,discovery,0.08,0,0,100,0,14,49
4450,quiet,discovery,0.08,0,0,100,0,14,49
4460,quiet,discovery,0.08,0,0,100,0,15,49
4470,quiet,discovery,0.08,0,0,100,0,15,49
4480,quiet,discovery,0.08,0,0,100,0,15,49
4490,quiet,discovery,0.08,0,0,100,0,15,49
4500,peak,discovery,0.206,0.325,0.010116,100,1,15,50
4510,peak,discovery,0.386,0.443417,0.031855,100,1,15,50
4520,peak,discovery,0.566,0.480167,0.055565,100,1,15,50
4530,peak,discovery,0.615288,0.480167,0.080933,100,1,15,50
4540,peak,discovery,0.612244,0.470542,0.106303,100,1,15,50
4550,aftermath,discovery,0.112244,0.480167,0.131774,100,1,15,51
4560,aftermath,discovery,0.081038,0.480167,0.158018,100,1,15,51
4570,aftermath,discovery,0.077888,0.470542,0.184263,100,1,15,51
4580,aftermath,discovery,0.074727,0.480167,0.210609,100,1,15,51
4590,aftermath,discovery,0.071473,0.480167,0.237727,100,1,16,51
4600,aftermath,discovery,0.068249,0.470542,0.264594,100,0,16,51
4610,aftermath,discovery,0.068199,0.359125,0.265012,100,0,16,51
4620,aftermath,discovery,0.079108,0.079125,0.174103,100,0,16,51
4630,aftermath,discovery,0.090017,0,0.083193,100,0,16,51
4640,aftermath,discovery,0.1,0,0,100,0,17,51
4650,aftermath,discovery,0.1,0,0,100,0,17,51
4660,quiet,hunt,0.08,0,0,100,0,17,51
4670,quiet,hunt,0.08,0,0,100,0,17,51
4680,quiet,hunt,0.08,0,0,100,0,18,51
4690,quiet,hunt,0.08,0,0,100,0,17,52
4700,quiet,hunt,0.08,0,0,100,0,17,52
4710,opportunity,hunt,0.134,0,0,100,1,16,53
4720,peak,hunt,0.314,0.425042,0.02058,100,1,16,53
4730,peak,hunt,0.494,0.461792,0.04313,100,1,17,53
4740,peak,hunt,0.616908,0.480167,0.067438,100,1,17,53
4750,peak,hunt,0.613884,0.470542,0.092633,100,1,17,53
4760,peak,hunt,0.610849,0.480167,0.117929,100,1,17,53
4770,peak,hunt,0.60772,0.480167,0.143997,100,1,18,53
4780,peak,hunt,0.604592,0.470542,0.170067,100,1,17,54
4790,aftermath,hunt,0.353044,0.480167,0.196238,100,1,17,54
4800,aftermath,hunt,0.073218,0.480167,0.223181,100,1,17,54
4810,aftermath,hunt,0.069985,0.470542,0.250127,100,1,17,54
4820,aftermath,hunt,0.066969,0.415125,0.275256,100,0,18,54
4830,aftermath,hunt,0.072403,0.247125,0.229972,100,0,18,54
4840,aftermath,hunt,0.083312,0,0.139063,100,0,18,54
4850,aftermath,hunt,0.094222,0,0.048154,100,0,18,54
4860,aftermath,hunt,0.1,0,0,100,0,19,54
4870,aftermath,hunt,0.1,0,0,100,0,18,55
4880,aftermath,hunt,0.1,0,0,100,0,18,55
4890,aftermath,hunt,0.1,0,0,100,0,18,55
4900,quiet,discovery,0.08,0,0,100,0,18,55
4910,quiet,discovery,0.08,0,0,100,0,19,55
4920,quiet,discovery,0.08,0,0,100,0,19,55
4930,quiet,discovery,0.08,0,0,100,0,19,55
4940,quiet,discovery,0.08,0,0,100,0,19,55
4950,quiet,discovery,0.08,0,0,100,0,20,55
4960,quiet,discovery,0.08,0,0,100,0,19,56
4970,quiet,discovery,0.08,0,0,100,0,19,56
4980,quiet,discovery,0.08,0,0,100,0,19,56
4990,opportunity,discovery,0.23,0,0,100,0,19,56
5000,opportunity,discovery,0.23,0,0,100,0,20,56
5010,opportunity,discovery,0.23,0,0,100,0,20,56
5020,opportunity,discovery,0.23,0,0,100,0,20,56
5030,opportunity,discovery,0.23,0,0,100,0,20,56
5040,opportunity,discovery,0.23,0,0,100,0,20,56
5050,opportunity,discovery,0.23,0,0,100,0,20,56
5060,opportunity,discovery,0.23,0,0,100,0,20,56
5070,opportunity,discovery,0.23,0,0,100,0,20,56
5080,opportunity,discovery,0.23,0,0,100,0,20,56
5090,opportunity,discovery,0.23,0,0,100,0,20,56
5100,recovery,discovery,0.198,0.13,0.005838,100,1,19,57
5110,recovery,discovery,0.024624,0.716417,0.044802,100,1,19,57
5120,recovery,discovery,0.02,0.753167,0.085738,100,1,19,57
5130,recovery,discovery,0.02,0.743542,0.126868,100,1,20,57
5140,recovery,discovery,0.02,0.470542,0.154838,100,1,20,57
5150,recovery,discovery,0.02,0.480167,0.182909,100,1,20,57
5160,recovery,discovery,0.02,0.480167,0.211753,100,1,20,57
5170,recovery,discovery,0.02,0.470542,0.240598,100,1,20,57
5180,recovery,discovery,0.02,0.480967,0.269574,99,1,20,57
5190,recovery,discovery,0.02,0.486567,0.299672,92,1,20,57
5200,recovery,discovery,0.02,0.479742,0.330367,88.5,1,20,57
5210,recovery,discovery,0.02,0.426357,0.359124,85.96,0,20,57
5220,recovery,discovery,0.02,0.257973,0.315447,87.16,0,20,57
5230,aftermath,discovery,0.073055,0.009312,0.224538,88.36,0,20,57
5240,aftermath,discovery,0.083965,0.008352,0.133629,89.56,0,20,57
5250,aftermath,discovery,0.094874,0.007392,0.04272,90.76,0,20,57
5260,aftermath,discovery,0.1,0.006432,0,91.96,0,20,57
5270,aftermath,discovery,0.1,0.005472,0,93.16,0,20,57
5280,aftermath,discovery,0.1,0.004512,0,94.36,0,20,57
5290,aftermath,discovery,0.1,0.003552,0,95.56,0,20,57
5300,suspended:docked,discovery,,0.002688,0,96.76,0,20,57
5310,suspended:docked,discovery,,0.002688,0,97.96,0,20,57
5320,suspended:docked,discovery,,0.002688,0,99.16,0,20,57
5330,suspended:docked,discovery,,0.002688,0,100,0,20,57
5340,aftermath,discovery,0.08,0,0,100,0,20,57
5350,aftermath,discovery,0.08,0,0,100,0,20,57
5360,aftermath,discovery,0.1,0,0,100,0,20,57
5370,aftermath,discovery,0.1,0,0,100,0,20,57
5380,aftermath,discovery,0.1,0,0,100,0,20,57
5390,aftermath,discovery,0.1,0,0,100,0,20,57
5400,quiet,voyage,0.08,0,0,100,0,20,57
5410,quiet,voyage,0.08,0,0,100,0,20,57
5420,quiet,voyage,0.08,0,0,100,0,20,57
5430,quiet,voyage,0.08,0,0,100,0,20,57
5440,quiet,voyage,0.08,0,0,100,0,20,57
5450,quiet,voyage,0.08,0,0,100,0,20,57
5460,quiet,voyage,0.08,0,0,100,0,20,57
5470,opportunity,voyage,0.206,0,0,100,0,20,57
5480,opportunity,voyage,0.23,0,0,100,0,20,57
5490,opportunity,voyage,0.23,0,0,100,0,20,57
5500,opportunity,voyage,0.23,0,0,100,0,20,57
5510,opportunity,voyage,0.23,0,0,100,0,20,57
5520,opportunity,voyage,0.23,0,0,100,0,20,57
5530,opportunity,voyage,0.23,0,0,100,0,20,57
5540,opportunity,voyage,0.23,0,0,100,0,20,57
5550,opportunity,voyage,0.23,0,0,100,0,20,57
5560,opportunity,voyage,0.23,0,0,100,0,20,57
5570,opportunity,voyage,0.23,0,0,100,0,20,57
5580,build,voyage,0.266,0,0,100,1,19,58
5590,peak,voyage,0.446,0.425042,0.02058,100,1,19,58
5600,peak,voyage,0.594824,0.461792,0.04313,100,1,19,58
5610,peak,voyage,0.591908,0.480167,0.067438,100,1,19,58
5620,peak,voyage,0.588884,0.470542,0.092633,100,1,19,58
5630,peak,voyage,0.585849,0.480167,0.117929,100,1,19,59
5640,peak,voyage,0.58272,0.480167,0.143997,100,1,19,59
5650,aftermath,voyage,0.08272,0.470542,0.170067,100,1,19,59
5660,aftermath,voyage,0.076451,0.480167,0.196238,100,1,19,59
5670,aftermath,voyage,0.073218,0.480167,0.223181,100,1,20,59
5680,aftermath,voyage,0.069985,0.470542,0.250127,100,1,19,60
5690,aftermath,voyage,0.066969,0.415125,0.275256,100,0,19,60
5700,aftermath,voyage,0.072403,0.247125,0.229972,100,0,19,60
5710,aftermath,voyage,0.083312,0,0.139063,100,0,19,60
5720,aftermath,voyage,0.094222,0,0.048154,100,0,20,60
5730,aftermath,voyage,0.1,0,0,100,0,20,60
5740,quiet,discovery,0.08,0,0,100,0,20,60
5750,quiet,discovery,0.08,0,0,100,0,20,60
5760,quiet,discovery,0.08,0,0,100,0,20,60
5770,quiet,discovery,0.08,0,0,100,0,20,60
5780,quiet,discovery,0.08,0,0,100,0,20,60
5790,quiet,discovery,0.08,0,0,100,0,20,60
5800,quiet,discovery,0.08,0,0,100,0,20,60
5810,quiet,discovery,0.08,0,0,100,0,20,60
5820,opportunity,discovery,0.134,0,0,100,1,19,61
5830,peak,discovery,0.314,0.425042,0.02058,100,1,19,61
5840,peak,discovery,0.494,0.461792,0.04313,100,1,19,61
5850,peak,discovery,0.591908,0.480167,0.067438,100,1,20,61
5860,peak,discovery,0.588884,0.470542,0.092633,100,1,20,61
5870,aftermath,discovery,0.337388,0.480167,0.117929,100,1,20,61
5880,aftermath,discovery,0.08272,0.480167,0.143997,100,1,20,61
5890,aftermath,discovery,0.079592,0.470542,0.170067,100,1,20,61
5900,aftermath,discovery,0.076451,0.480167,0.196238,100,1,20,61
5910,aftermath,discovery,0.073218,0.480167,0.223181,100,1,20,61
5920,aftermath,discovery,0.069985,0.470542,0.250127,100,1,20,61
5930,aftermath,discovery,0.066969,0.415125,0.275256,100,0,20,61
5940,aftermath,discovery,0.072403,0.247125,0.229972,100,0,20,61
5950,aftermath,discovery,0.083312,0,0.139063,100,0,20,61
5960,aftermath,discovery,0.094222,0,0.048154,100,0,20,61
5970,aftermath,discovery,0.1,0,0,100,0,20,61
5980,quiet,hunt,0.08,0,0,100,0,20,61
5990,quiet,hunt,0.08,0,0,100,0,20,61
6000,quiet,hunt,0.08,0,0,100,0,20,61
6010,quiet,hunt,0.08,0,0,100,0,20,61
6020,quiet,hunt,0.08,0,0,100,0,20,61
6030,peak,hunt,0.26,0.443417,0.018928,100,1,20,62
6040,peak,hunt,0.44,0.461792,0.041826,100,1,20,62
6050,peak,hunt,0.592008,0.480167,0.066597,100,1,19,63
6060,peak,hunt,0.588943,0.480167,0.09214,100,1,19,63
6070,peak,hunt,0.585878,0.470542,0.117685,100,1,19,63
6080,peak,hunt,0.5828,0.480167,0.143331,100,1,20,63
6090,peak,hunt,0.57963,0.480167,0.169749,100,1,20,63
6100,aftermath,hunt,0.377741,0.470542,0.19617,100,1,20,63
6110,aftermath,hunt,0.073277,0.480167,0.222691,100,1,20,63
6120,aftermath,hunt,0.070002,0.480167,0.249984,100,1,20,63
6130,aftermath,hunt,0.066952,0.4055,0.275401,100,0,20,63
6140,aftermath,hunt,0.075146,0.17275,0.20712,100,0,20,63
6150,aftermath,hunt,0.086055,0,0.116211,100,0,20,63
6160,aftermath,hunt,0.096964,0,0.025302,100,0,20,63
6170,aftermath,hunt,0.1,0,0,100,0,20,63
6180,aftermath,hunt,0.1,0,0,100,0,20,63
6190,aftermath,hunt,0.1,0,0,100,0,20,63
6200,quiet,discovery,0.08,0,0,100,0,20,63
6210,quiet,discovery,0.08,0,0,100,0,20,63
6220,quiet,discovery,0.08,0,0,100,0,20,63
6230,quiet,discovery,0.08,0,0,100,0,20,63
6240,quiet,discovery,0.08,0,0,100,0,20,63
6250,quiet,discovery,0.08,0,0,100,0,20,63
6260,quiet,discovery,0.08,0,0,100,0,20,63
6270,quiet,discovery,0.08,0,0,100,0,20,63
6280,opportunity,discovery,0.098,0,0,100,0,20,63
6290,opportunity,discovery,0.23,0,0,100,0,20,63
6300,opportunity,discovery,0.23,0,0,100,0,20,63
6310,opportunity,discovery,0.23,0,0,100,0,20,63
6320,opportunity,discovery,0.23,0,0,100,0,20,63
6330,opportunity,discovery,0.23,0,0,100,0,20,63
6340,opportunity,discovery,0.23,0,0,100,0,20,63
6350,opportunity,discovery,0.23,0,0,100,0,20,63
6360,opportunity,discovery,0.23,0,0,100,0,20,63
6370,opportunity,discovery,0.23,0,0,100,0,20,63
6380,opportunity,discovery,0.23,0,0,100,0,20,63
6390,opportunity,discovery,0.23,0,0,100,0,20,63
6400,opportunity,discovery,0.23,0,0,100,0,20,63
6410,opportunity,discovery,0.23,0,0,100,0,20,63
6420,opportunity,discovery,0.23,0,0,100,0,20,63
6430,peak,discovery,0.392,0.425042,0.01858,100,1,19,64
6440,peak,discovery,0.572,0.461792,0.04113,100,1,20,64
6450,peak,discovery,0.617148,0.480167,0.065437,100,1,20,64
6460,peak,discovery,0.614124,0.470542,0.090633,100,1,20,64
6470,aftermath,discovery,0.412326,0.480167,0.115929,100,1,20,64
6480,aftermath,discovery,0.08296,0.480167,0.141997,100,1,20,64
6490,aftermath,discovery,0.079832,0.470542,0.168067,100,1,20,64
6500,aftermath,discovery,0.076691,0.480167,0.194238,100,1,20,64
6510,aftermath,discovery,0.073458,0.480167,0.221181,100,1,20,64
6520,aftermath,discovery,0.070225,0.470542,0.248127,100,1,20,64
6530,aftermath,discovery,0.067177,0.415125,0.273526,100,0,20,64
6540,aftermath,discovery,0.072609,0.247125,0.228254,100,0,20,64
6550,aftermath,discovery,0.083519,0,0.137345,100,0,20,64
6560,aftermath,discovery,0.094428,0,0.046436,100,0,20,64
6570,aftermath,discovery,0.1,0,0,100,0,20,64
6580,aftermath,discovery,0.1,0,0,100,0,20,64
6590,quiet,voyage,0.08,0,0,100,0,20,64
6600,quiet,voyage,0.08,0,0,100,0,20,64
6610,quiet,voyage,0.08,0,0,100,0,20,64
6620,quiet,voyage,0.08,0,0,100,0,20,64
6630,quiet,voyage,0.08,0,0,100,0,20,64
6640,quiet,voyage,0.08,0,0,100,0,20,64
6650,peak,voyage,0.116,0.065,0.002,100,1,19,65
6660,peak,voyage,0.296,0.443417,0.022927,100,1,20,65
6670,peak,voyage,0.476,0.461792,0.045826,100,1,20,65
6680,peak,voyage,0.616528,0.480167,0.070597,100,1,20,65
6690,peak,voyage,0.613463,0.480167,0.09614,100,1,20,65
6700,peak,voyage,0.610398,0.470542,0.121685,100,1,20,65
6710,aftermath,voyage,0.557629,0.480167,0.147331,100,1,20,65
6720,aftermath,voyage,0.07915,0.480167,0.173749,100,1,20,65
6730,aftermath,voyage,0.07598,0.470542,0.20017,100,1,20,65
6740,aftermath,voyage,0.072797,0.480167,0.226691,100,1,20,65
6750,aftermath,voyage,0.069522,0.480167,0.253984,100,1,20,65
6760,aftermath,voyage,0.066537,0.4055,0.278858,100,0,20,65
6770,aftermath,voyage,0.074732,0.17275,0.210565,100,0,20,65
6780,aftermath,voyage,0.085641,0,0.119656,100,0,20,65
6790,aftermath,voyage,0.09655,0,0.028746,100,0,20,65
6800,aftermath,voyage,0.1,0,0,100,0,20,65
6810,aftermath,voyage,0.1,0,0,100,0,20,65
6820,quiet,discovery,0.08,0,0,100,0,20,65
6830,quiet,discovery,0.08,0,0,100,0,20,65
6840,quiet,discovery,0.08,0,0,100,0,20,65
6850,quiet,discovery,0.08,0,0,100,0,20,65
6860,quiet,discovery,0.08,0,0,100,0,20,65
6870,quiet,discovery,0.08,0,0,100,0,20,65
6880,quiet,discovery,0.08,0,0,100,0,20,65
6890,quiet,discovery,0.08,0,0,100,0,20,65
6900,opportunity,discovery,0.116,0,0,100,0,20,65
6910,opportunity,discovery,0.23,0,0,100,0,20,65
6920,opportunity,discovery,0.23,0,0,100,0,20,65
6930,opportunity,discovery,0.23,0,0,100,0,20,65
6940,opportunity,discovery,0.23,0,0,100,0,20,65
6950,opportunity,discovery,0.23,0,0,100,0,20,65
6960,opportunity,discovery,0.23,0,0,100,0,20,65
6970,opportunity,discovery,0.23,0,0,100,0,20,65
6980,opportunity,discovery,0.23,0,0,100,0,20,65
6990,opportunity,discovery,0.23,0,0,100,0,20,65
7000,opportunity,discovery,0.23,0,0,100,0,20,65
7010,opportunity,discovery,0.23,0,0,100,0,20,65
7020,opportunity,discovery,0.23,0,0,100,0,20,65
7030,peak,discovery,0.356,0.425042,0.01458,100,1,19,66
7040,peak,discovery,0.536,0.461792,0.03713,100,1,19,66
7050,peak,discovery,0.642628,0.480167,0.061437,100,1,19,66
7060,peak,discovery,0.639604,0.470542,0.086633,100,1,19,66
7070,aftermath,discovery,0.537188,0.480167,0.111929,100,1,19,67
7080,aftermath,discovery,0.08344,0.480167,0.137997,100,1,19,67
7090,aftermath,discovery,0.080312,0.470542,0.164067,100,1,19,67
7100,suspended:docked,discovery,,0.498542,0.187617,100,1,19,67
7110,suspended:docked,discovery,,0.498542,0.187617,100,1,20,67
7120,suspended:docked,discovery,,0.498542,0.187617,100,1,20,67
7130,suspended:docked,discovery,,0.498542,0.187617,100,0,20,67
7140,aftermath,discovery,0.078577,0.470542,0.178526,100,0,20,67
7150,aftermath,discovery,0.08,0.190542,0.087617,100,0,20,67
7160,aftermath,discovery,0.1,0,0,100,0,20,67
7170,aftermath,discovery,0.1,0,0,100,0,20,67
7180,aftermath,discovery,0.1,0,0,100,0,20,67
7190,aftermath,discovery,0.1,0,0,100,0,20,67
7200,aftermath,discovery,0.1,0,0,100,0,20,67
7210,aftermath,discovery,0.1,0,0,100,0,20,67
7220,aftermath,discovery,0.1,0,0,100,0,20,67
7230,aftermath,discovery,0.1,0,0,100,0,20,67
7240,quiet,hunt,0.08,0,0,100,0,20,67
7250,quiet,hunt,0.08,0,0,100,0,20,67
7260,quiet,hunt,0.08,0,0,100,0,20,67
7270,quiet,hunt,0.08,0,0,100,0,20,67
7280,quiet,hunt,0.08,0,0,100,0,20,67
7290,peak,hunt,0.134,0.13,0.004116,100,1,20,68
7300,peak,hunt,0.314,0.443417,0.025855,100,1,20,68
7310,peak,hunt,0.494,0.480167,0.049565,100,1,20,68
7320,peak,hunt,0.641008,0.480167,0.074933,100,1,20,68
7330,peak,hunt,0.637964,0.470542,0.100303,100,1,20,68
7340,peak,hunt,0.634907,0.480167,0.125774,100,1,20,68
7350,peak,hunt,0.631758,0.480167,0.152018,100,1,20,68
7360,peak,hunt,0.578909,0.470542,0.178263,100,1,20,68
7370,aftermath,hunt,0.227679,0.480167,0.204609,100,1,20,68
7380,aftermath,hunt,0.072193,0.480167,0.231727,100,1,20,68
7390,aftermath,hunt,0.068938,0.470542,0.258847,100,1,20,68
7400,aftermath,hunt,0.065968,0.415125,0.283603,100,0,20,68
7410,aftermath,hunt,0.071396,0.247125,0.238363,100,0,20,68
7420,aftermath,hunt,0.082306,0,0.147454,100,0,20,68
7430,aftermath,hunt,0.093215,0,0.056544,100,0,20,68
7440,aftermath,hunt,0.1,0,0,100,0,20,68
7450,aftermath,hunt,0.1,0,0,100,0,20,68
7460,aftermath,hunt,0.1,0,0,100,0,20,68
7470,quiet,discovery,0.08,0,0,100,0,20,68
7480,quiet,discovery,0.08,0,0,100,0,20,68
7490,quiet,discovery,0.08,0,0,100,0,20,68
7500,quiet,discovery,0.08,0,0,100,0,20,68
7510,quiet,discovery,0.08,0,0,100,0,20,68
7520,quiet,discovery,0.08,0,0,100,0,20,68
7530,quiet,discovery,0.08,0,0,100,0,20,68
7540,quiet,discovery,0.08,0,0,100,0,20,68
7550,opportunity,discovery,0.152,0,0,100,0,20,68
7560,opportunity,discovery,0.23,0,0,100,0,20,68
7570,opportunity,discovery,0.23,0,0,100,0,20,68
7580,opportunity,discovery,0.23,0,0,100,0,20,68
7590,opportunity,discovery,0.23,0,0,100,0,20,68
7600,opportunity,discovery,0.23,0,0,100,0,20,68
7610,opportunity,discovery,0.23,0,0,100,0,20,68
7620,opportunity,discovery,0.23,0,0,100,0,20,68
7630,peak,discovery,0.32,0.325,0.01058,100,1,19,69
7640,peak,discovery,0.5,0.461792,0.03313,100,1,19,69
7650,peak,discovery,0.593108,0.480167,0.057437,100,1,20,69
7660,peak,discovery,0.590084,0.470542,0.082633,100,1,20,69
7670,peak,discovery,0.587049,0.480167,0.107929,100,1,20,69
7680,aftermath,discovery,0.087049,0.480167,0.133997,100,1,20,69
7690,aftermath,discovery,0.080792,0.470542,0.160067,100,1,20,69
7700,aftermath,discovery,0.077651,0.480167,0.186238,100,1,20,69
7710,aftermath,discovery,0.074418,0.480167,0.213181,100,1,20,69
7720,aftermath,discovery,0.071185,0.470542,0.240127,100,1,20,69
7730,aftermath,discovery,0.06797,0.470542,0.266919,100,0,20,69
7740,aftermath,discovery,0.065068,0.4055,0.291099,100,0,20,69
7750,aftermath,discovery,0.075977,0.1255,0.20019,100,0,20,69
7760,aftermath,discovery,0.086886,0,0.10928,100,0,20,69
7770,aftermath,discovery,0.097795,0,0.018371,100,0,20,69
7780,quiet,voyage,0.08,0,0,100,0,20,69
7790,quiet,voyage,0.08,0,0,100,0,20,69
7800,quiet,voyage,0.08,0,0,100,0,20,69
7810,quiet,voyage,0.08,0,0,100,0,20,69
7820,quiet,voyage,0.08,0,0,100,0,20,69
7830,quiet,voyage,0.08,0,0,100,0,20,69
7840,quiet,voyage,0.08,0,0,100,0,20,69
7850,opportunity,voyage,0.23,0,0,100,0,20,69
7860,opportunity,voyage,0.23,0,0,100,0,20,69
7870,opportunity,voyage,0.23,0,0,100,0,20,69
7880,opportunity,voyage,0.23,0,0,100,0,20,69
7890,opportunity,voyage,0.23,0,0,100,0,20,69
7900,opportunity,voyage,0.23,0,0,100,0,20,69
7910,opportunity,voyage,0.23,0,0,100,0,20,69
7920,opportunity,voyage,0.23,0,0,100,0,20,69
7930,opportunity,voyage,0.23,0,0,100,0,20,69
7940,opportunity,voyage,0.23,0,0,100,0,20,69
7950,opportunity,voyage,0.23,0,0,100,0,20,69
7960,build,voyage,0.32,0,0,100,0,20,69
7970,build,voyage,0.485,0,0,100,0,20,69
7980,build,voyage,0.485,0,0,100,1,19,70
7990,peak,voyage,0.62253,0.425042,0.02058,100,1,19,70
8000,peak,voyage,0.619824,0.461792,0.04313,100,1,19,70
8010,peak,voyage,0.616908,0.480167,0.067438,100,1,20,70
8020,peak,voyage,0.613884,0.470542,0.092633,100,1,20,70
8030,peak,voyage,0.610849,0.480167,0.117929,100,1,20,70
8040,peak,voyage,0.60772,0.480167,0.143997,100,1,20,70
8050,aftermath,voyage,0.10772,0.470542,0.170067,100,1,20,70
8060,aftermath,voyage,0.076451,0.480167,0.196238,100,1,20,70
8070,aftermath,voyage,0.073218,0.480167,0.223181,100,1,20,70
8080,aftermath,voyage,0.069985,0.470542,0.250127,100,1,20,70
8090,aftermath,voyage,0.066969,0.415125,0.275256,100,0,20,70
8100,aftermath,voyage,0.072403,0.247125,0.229972,100,0,20,70
8110,aftermath,voyage,0.083312,0,0.139063,100,0,20,70
8120,aftermath,voyage,0.094222,0,0.048154,100,0,20,70
8130,aftermath,voyage,0.1,0,0,100,0,20,70
8140,aftermath,voyage,0.1,0,0,100,0,20,70
8150,quiet,discovery,0.08,0,0,100,0,20,70
8160,quiet,discovery,0.08,0,0,100,0,20,70
8170,quiet,discovery,0.08,0,0,100,0,20,70
8180,quiet,discovery,0.08,0,0,100,0,20,70
8190,quiet,discovery,0.08,0,0,100,0,20,70
8200,quiet,discovery,0.08,0,0,100,0,20,70
8210,quiet,discovery,0.08,0,0,100,0,20,70
8220,quiet,discovery,0.08,0,0,100,0,20,70
8230,opportunity,discovery,0.098,0,0,100,0,20,70
8240,peak,discovery,0.278,0.443417,0.019391,100,1,20,71
8250,peak,discovery,0.458,0.480167,0.042637,100,1,20,71
8260,peak,discovery,0.616881,0.470542,0.067658,100,1,20,71
8270,peak,discovery,0.613867,0.480167,0.092779,100,1,20,71
8280,aftermath,discovery,0.412013,0.480167,0.118672,100,1,20,71
8290,aftermath,discovery,0.082652,0.470542,0.144567,100,1,20,71
8300,aftermath,discovery,0.079532,0.480167,0.170563,100,1,20,71
8310,aftermath,discovery,0.07632,0.480167,0.197331,100,1,20,71
8320,aftermath,discovery,0.073108,0.470542,0.224102,100,1,20,71
8330,aftermath,discovery,0.069883,0.480167,0.250973,100,1,20,71
8340,aftermath,discovery,0.066736,0.423875,0.277201,100,0,20,71
8350,aftermath,discovery,0.06942,0.303125,0.254833,100,0,20,71
8360,aftermath,discovery,0.080329,0.023125,0.163924,100,0,20,71
8370,aftermath,discovery,0.091238,0,0.073015,100,0,20,71
8380,aftermath,discovery,0.1,0,0,100,0,20,71
8390,aftermath,discovery,0.1,0,0,100,0,20,71
8400,quiet,hunt,0.08,0,0,100,0,20,71
8410,quiet,hunt,0.08,0,0,100,0,20,71
8420,quiet,hunt,0.08,0,0,100,0,20,71
8430,quiet,hunt,0.08,0,0,100,0,20,71
8440,quiet,hunt,0.08,0,0,100,0,20,71
8450,peak,hunt,0.206,0.325,0.010348,100,1,19,72
8460,peak,hunt,0.386,0.461792,0.032435,100,1,20,72
8470,peak,hunt,0.566,0.461792,0.056394,100,1,20,72
8480,peak,hunt,0.615239,0.480167,0.08134,100,1,20,72
8490,peak,hunt,0.612153,0.480167,0.107058,100,1,20,72
8500,peak,hunt,0.609067,0.470542,0.132778,100,1,20,72
8510,peak,hunt,0.605968,0.480167,0.158599,100,1,20,72
8520,peak,hunt,0.602777,0.480167,0.185193,100,1,20,72
8530,aftermath,hunt,0.102777,0.470542,0.211788,100,1,20,72
8540,aftermath,hunt,0.071382,0.480167,0.238484,100,1,20,72
8550,aftermath,hunt,0.06813,0.470542,0.265583,100,0,20,72
8560,aftermath,hunt,0.070817,0.303125,0.243188,100,0,20,72
8570,aftermath,hunt,0.081727,0.023125,0.152279,100,0,20,72
8580,aftermath,hunt,0.092636,0,0.06137,100,0,20,72
8590,aftermath,hunt,0.1,0,0,100,0,20,72
8600,aftermath,hunt,0.1,0,0,100,0,20,72
8610,aftermath,hunt,0.1,0,0,100,0,20,72
8620,aftermath,hunt,0.1,0,0,100,0,20,72
8630,aftermath,hunt,0.1,0,0,100,0,20,72
8640,quiet,discovery,0.08,0,0,100,0,20,72
8650,quiet,discovery,0.08,0,0,100,0,20,72
8660,quiet,discovery,0.08,0,0,100,0,20,72
8670,quiet,discovery,0.08,0,0,100,0,20,72
8680,quiet,discovery,0.08,0,0,100,0,20,72
8690,quiet,discovery,0.08,0,0,100,0,20,72
8700,recovery,discovery,0.03,0.065,0.003473,100,0,20,72
8710,recovery,discovery,0.025438,0.633,0.038019,100,0,20,72
8720,recovery,discovery,0.03,0.409,0,100,0,20,72
8730,recovery,discovery,0.03,0.245,0,100,0,20,72
8740,recovery,discovery,0.03,0,0,100,0,20,72
8750,recovery,discovery,0.03,0,0,100,0,20,72
8760,recovery,discovery,0.03,0,0,100,0,20,72
8770,recovery,discovery,0.03,0,0,100,0,20,72
8780,recovery,discovery,0.03,0,0,100,0,20,72
8790,aftermath,discovery,0.048,0,0,100,0,20,72
8800,aftermath,discovery,0.1,0,0,100,0,20,72
8810,aftermath,discovery,0.1,0,0,100,0,20,72
8820,aftermath,discovery,0.1,0,0,100,0,20,72
8830,aftermath,discovery,0.1,0,0,100,0,20,72
8840,aftermath,discovery,0.1,0,0,100,0,20,72
8850,aftermath,discovery,0.1,0,0,100,0,20,72
8860,aftermath,discovery,0.1,0,0,100,0,20,72
8870,aftermath,discovery,0.1,0,0,100,0,20,72
8880,aftermath,discovery,0.1,0,0,100,0,20,72
8890,aftermath,discovery,0.1,0,0,100,0,20,72
8900,suspended:docked,discovery,,0,0,100,0,20,72
8910,suspended:docked,discovery,,0,0,100,0,20,72
8920,suspended:docked,discovery,,0,0,100,0,20,72
8930,suspended:docked,discovery,,0,0,100,0,20,72
8940,aftermath,discovery,0.08,0,0,100,0,20,72
8950,aftermath,discovery,0.08,0,0,100,0,20,72
8960,quiet,voyage,0.08,0,0,100,0,20,72
8970,quiet,voyage,0.08,0,0,100,0,20,72
8980,quiet,voyage,0.08,0,0,100,0,20,72
8990,quiet,voyage,0.08,0,0,100,0,20,72
9000,quiet,voyage,0.08,0,0,100,0,20,72
9010,quiet,voyage,0.08,0,0,100,0,20,72
9020,opportunity,voyage,0.116,0,0,100,1,19,73
9030,peak,voyage,0.296,0.443417,0.020928,100,1,19,73
9040,peak,voyage,0.476,0.461792,0.043826,100,1,19,73
9050,peak,voyage,0.641768,0.480167,0.068597,100,1,20,73
9060,peak,voyage,0.638703,0.480167,0.09414,100,1,20,73
9070,peak,voyage,0.635638,0.470542,0.119685,100,1,20,73
9080,peak,voyage,0.63256,0.480167,0.145331,100,1,20,73
9090,aftermath,voyage,0.13256,0.480167,0.171749,100,1,20,73
9100,aftermath,voyage,0.07622,0.470542,0.19817,100,1,20,73
9110,aftermath,voyage,0.073037,0.480167,0.224691,100,1,20,73
9120,aftermath,voyage,0.069762,0.480167,0.251984,100,1,20,73
9130,aftermath,voyage,0.066744,0.4055,0.277131,100,0,20,73
9140,aftermath,voyage,0.074939,0.17275,0.208844,100,0,20,73
9150,aftermath,voyage,0.085848,0,0.117935,100,0,20,73
9160,aftermath,voyage,0.096757,0,0.027026,100,0,20,73
9170,aftermath,voyage,0.1,0,0,100,0,20,73
9180,aftermath,voyage,0.1,0,0,100,0,20,73
9190,aftermath,voyage,0.1,0,0,100,0,20,73
9200,quiet,discovery,0.08,0,0,100,0,20,73
9210,quiet,discovery,0.08,0,0,100,0,20,73
9220,quiet,discovery,0.08,0,0,100,0,20,73
9230,quiet,discovery,0.08,0,0,100,0,20,73
9240,quiet,discovery,0.08,0,0,100,0,20,73
9250,quiet,discovery,0.08,0,0,100,0,20,73
9260,quiet,discovery,0.08,0,0,100,0,20,73
9270,quiet,discovery,0.08,0,0,100,0,20,73
9280,quiet,discovery,0.08,0,0,100,0,20,73
9290,peak,discovery,0.242,0.425042,0.014348,100,1,19,74
9300,peak,discovery,0.422,0.461792,0.036435,100,1,19,74
9310,peak,discovery,0.592753,0.461792,0.060394,100,1,19,74
9320,peak,discovery,0.589759,0.480167,0.08534,100,1,20,74
9330,aftermath,discovery,0.487291,0.480167,0.111058,100,1,20,74
9340,aftermath,discovery,0.083587,0.470542,0.136778,100,1,20,74
9350,aftermath,discovery,0.080488,0.480167,0.162599,100,1,20,74
9360,aftermath,discovery,0.077297,0.480167,0.189193,100,1,20,74
9370,aftermath,discovery,0.074105,0.470542,0.215788,100,1,20,74
9380,aftermath,discovery,0.070902,0.480167,0.242484,100,1,20,74
9390,aftermath,discovery,0.067712,0.423875,0.269066,100,0,20,74
9400,aftermath,discovery,0.070404,0.303125,0.246633,100,0,20,74
9410,aftermath,discovery,0.081313,0.023125,0.155724,100,0,20,74
9420,aftermath,discovery,0.092222,0,0.064815,100,0,20,74
9430,aftermath,discovery,0.1,0,0,100,0,20,74
9440,quiet,hunt,0.08,0,0,100,0,20,74
9450,quiet,hunt,0.08,0,0,100,0,20,74
9460,quiet,hunt,0.08,0,0,100,0,20,74
9470,quiet,hunt,0.08,0,0,100,0,20,74
9480,quiet,hunt,0.08,0,0,100,0,20,74
9490,opportunity,hunt,0.206,0,0,100,0,20,74
9500,opportunity,hunt,0.23,0,0,100,0,20,74
9510,opportunity,hunt,0.23,0,0,100,0,20,74
9520,opportunity,hunt,0.23,0,0,100,0,20,74
9530,opportunity,hunt,0.23,0,0,100,0,20,74
9540,opportunity,hunt,0.23,0,0,100,0,20,74
9550,opportunity,hunt,0.23,0,0,100,0,20,74
9560,opportunity,hunt,0.23,0,0,100,0,20,74
9570,build,hunt,0.266,0,0,100,1,19,75
9580,peak,hunt,0.446,0.425042,0.02058,100,1,19,75
9590,peak,hunt,0.594824,0.461792,0.04313,100,1,20,75
9600,peak,hunt,0.591908,0.480167,0.067438,100,1,20,75
9610,peak,hunt,0.588884,0.470542,0.092633,100,1,20,75
9620,peak,hunt,0.585849,0.480167,0.117929,100,1,20,75
9630,peak,hunt,0.58272,0.480167,0.143997,100,1,20,75
9640,peak,hunt,0.579592,0.470542,0.170067,100,1,20,75
9650,aftermath,hunt,0.328044,0.480167,0.196238,100,1,20,75
9660,aftermath,hunt,0.073218,0.480167,0.223181,100,1,20,75
9670,aftermath,hunt,0.069985,0.470542,0.250127,100,1,20,75
9680,aftermath,hunt,0.066969,0.415125,0.275256,100,0,20,75
9690,aftermath,hunt,0.072403,0.247125,0.229972,100,0,20,75
9700,aftermath,hunt,0.083312,0,0.139063,100,0,20,75
9710,aftermath,hunt,0.094222,0,0.048154,100,0,20,75
9720,aftermath,hunt,0.1,0,0,100,0,20,75
9730,aftermath,hunt,0.1,0,0,100,0,20,75
9740,aftermath,hunt,0.1,0,0,100,0,20,75
9750,quiet,discovery,0.08,0,0,100,0,20,75
9760,quiet,discovery,0.08,0,0,100,0,20,75
9770,quiet,discovery,0.08,0,0,100,0,20,75
9780,quiet,discovery,0.08,0,0,100,0,20,75
9790,quiet,discovery,0.08,0,0,100,0,20,75
9800,quiet,discovery,0.08,0,0,100,0,20,75
9810,quiet,discovery,0.08,0,0,100,0,20,75
9820,quiet,discovery,0.08,0,0,100,0,20,75
9830,opportunity,discovery,0.116,0,0,100,0,20,75
9840,peak,discovery,0.296,0.443417,0.018928,100,1,19,76
9850,peak,discovery,0.476,0.461792,0.041826,100,1,19,76
9860,peak,discovery,0.617008,0.480167,0.066597,100,1,20,76
9870,peak,discovery,0.613943,0.480167,0.09214,100,1,20,76
9880,aftermath,discovery,0.412118,0.470542,0.117685,100,1,20,76
9890,aftermath,discovery,0.0828,0.480167,0.143331,100,1,20,76
9900,aftermath,discovery,0.07963,0.480167,0.169749,100,1,20,76
9910,aftermath,discovery,0.07646,0.470542,0.19617,100,1,20,76
9920,aftermath,discovery,0.073277,0.480167,0.222691,100,1,20,76
9930,aftermath,discovery,0.070002,0.480167,0.249984,100,1,20,76
9940,aftermath,discovery,0.066952,0.4055,0.275401,100,0,20,76
9950,aftermath,discovery,0.075146,0.17275,0.20712,100,0,20,76
9960,aftermath,discovery,0.086055,0,0.116211,100,0,20,76
9970,aftermath,discovery,0.096964,0,0.025302,100,0,20,76
9980,aftermath,discovery,0.1,0,0,100,0,20,76
9990,aftermath,discovery,0.1,0,0,100,0,20,76
10000,quiet,voyage,0.08,0,0,100,0,20,76
10010,quiet,voyage,0.08,0,0,100,0,20,76
10020,quiet,voyage,0.08,0,0,100,0,20,76
10030,quiet,voyage,0.08,0,0,100,0,20,76
10040,quiet,voyage,0.08,0,0,100,0,20,76
10050,quiet,voyage,0.08,0,0,100,0,20,76
10060,peak,voyage,0.116,0.065,0.002,100,1,19,77
10070,peak,voyage,0.296,0.443417,0.023391,100,1,19,77
10080,peak,voyage,0.476,0.480167,0.046637,100,1,20,77
10090,peak,voyage,0.616401,0.470542,0.071658,100,1,20,77
10100,peak,voyage,0.613387,0.480167,0.096779,100,1,20,77
10110,peak,voyage,0.610279,0.480167,0.122672,100,1,20,77
10120,aftermath,voyage,0.557468,0.470542,0.148567,100,1,20,77
10130,aftermath,voyage,0.079052,0.480167,0.174563,100,1,20,77
10140,aftermath,voyage,0.07584,0.480167,0.201331,100,1,20,77
10150,aftermath,voyage,0.072628,0.470542,0.228102,100,1,20,77
10160,aftermath,voyage,0.069403,0.480167,0.254973,100,1,20,77
10170,aftermath,voyage,0.066418,0.4055,0.279847,100,0,20,77
10180,aftermath,voyage,0.077327,0.1255,0.188938,100,0,20,77
10190,aftermath,voyage,0.088237,0,0.098029,100,0,20,77
10200,aftermath,voyage,0.099146,0,0.00712,100,0,0,77
10210,aftermath,voyage,0.1,0,0,100,0,0,77
10220,aftermath,voyage,0.1,0,0,100,0,0,77
10230,quiet,discovery,0.08,0,0,100,0,0,77
10240,quiet,discovery,0.08,0,0,100,0,0,77
10250,quiet,discovery,0.08,0,0,100,0,0,77
10260,quiet,discovery,0.08,0,0,100,0,0,77
10270,quiet,discovery,0.08,0,0,100,0,0,77
10280,quiet,discovery,0.08,0,0,100,0,0,77
10290,quiet,discovery,0.08,0,0,100,0,0,77
10300,quiet,discovery,0.08,0,0,100,0,0,77
10310,opportunity,discovery,0.116,0,0,100,0,0,77
10320,opportunity,discovery,0.23,0,0,100,0,0,77
10330,opportunity,discovery,0.23,0,0,100,0,0,77
10340,opportunity,discovery,0.23,0,0,100,0,0,77
10350,opportunity,discovery,0.23,0,0,100,0,0,77
10360,opportunity,discovery,0.23,0,0,100,0,0,77
10370,opportunity,discovery,0.23,0,0,100,0,0,77
10380,opportunity,discovery,0.23,0,0,100,0,0,77
10390,opportunity,discovery,0.23,0,0,100,0,0,77
10400,opportunity,discovery,0.23,0,0,100,0,0,77
10410,opportunity,discovery,0.23,0,0,100,0,0,77
10420,opportunity,discovery,0.23,0,0,100,0,0,77
10430,opportunity,discovery,0.23,0,0,100,0,0,77
10440,opportunity,discovery,0.23,0,0,100,0,0,77
10450,opportunity,discovery,0.23,0,0,100,0,0,77
10460,opportunity,discovery,0.23,0,0,100,0,0,77
10470,build,discovery,0.356,0,0,100,0,0,77
10480,build,discovery,0.51,0,0,100,0,0,77
10490,build,discovery,0.51,0,0,100,0,0,77
10500,build,discovery,0.51,0,0,100,0,0,77
10510,build,discovery,0.51,0,0,100,0,0,77
10520,build,discovery,0.51,0,0,100,0,0,77
10530,build,discovery,0.51,0,0,100,0,0,77
10540,build,discovery,0.51,0,0,100,0,0,77
10550,build,discovery,0.51,0,0,100,0,0,77
10560,build,discovery,0.51,0,0,100,0,0,77
10570,opportunity,discovery,0.41,0,0,100,0,0,77
10580,opportunity,discovery,0.23,0,0,100,0,0,78
10590,opportunity,discovery,0.23,0,0,100,0,0,78
10600,opportunity,discovery,0.23,0,0,100,0,0,78
10610,opportunity,discovery,0.23,0,0,100,0,0,78
10620,opportunity,discovery,0.23,0,0,100,0,1,78
10630,peak,discovery,0.374,0.425042,0.01658,100,1,0,79
10640,peak,discovery,0.554,0.461792,0.03913,100,1,0,79
10650,peak,discovery,0.642388,0.480167,0.063437,100,1,0,79
10660,peak,discovery,0.639364,0.470542,0.088633,100,1,0,79
10670,aftermath,discovery,0.487264,0.480167,0.113929,100,1,1,79
10680,aftermath,discovery,0.0832,0.480167,0.139997,100,1,1,79
10690,aftermath,discovery,0.080072,0.470542,0.166067,100,1,1,79
10700,suspended:docked,discovery,,0.498542,0.189617,100,1,1,79
10710,suspended:docked,discovery,,0.498542,0.189617,100,1,2,79
10720,suspended:docked,discovery,,0.498542,0.189617,100,1,2,79
10730,suspended:docked,discovery,,0.498542,0.189617,100,0,2,79
10740,aftermath,discovery,0.078337,0.470542,0.180526,100,0,2,79
10750,aftermath,discovery,0.08,0.190542,0.089617,100,0,2,79
10760,aftermath,discovery,0.1,0,0,100,0,2,80
10770,aftermath,discovery,0.1,0,0,100,0,2,80
10780,aftermath,discovery,0.1,0,0,100,0,2,80
10790,aftermath,discovery,0.1,0,0,100,0,2,80
10800,aftermath,discovery,0.1,0,0,100,0,3,80
10810,aftermath,discovery,0.1,0,0,100,0,2,81
10820,aftermath,discovery,0.1,0,0,100,0,2,81
10830,aftermath,discovery,0.1,0,0,100,0,2,81
10840,quiet,hunt,0.08,0,0,100,0,2,81
10850,quiet,hunt,0.08,0,0,100,0,2,82
10860,quiet,hunt,0.08,0,0,100,0,2,82
10870,quiet,hunt,0.08,0,0,100,0,2,82
10880,quiet,hunt,0.08,0,0,100,0,2,82
10890,opportunity,hunt,0.152,0,0,100,0,3,82
10900,peak,hunt,0.266,0.13,0.004,100,1,2,83
10910,peak,hunt,0.446,0.443417,0.025391,100,1,2,83
10920,peak,hunt,0.626,0.480167,0.048637,100,1,2,83
10930,peak,hunt,0.641161,0.470542,0.073658,100,1,2,83
10940,peak,hunt,0.638147,0.480167,0.098779,100,1,3,83
10950,peak,hunt,0.635039,0.480167,0.124672,100,1,3,83
10960,peak,hunt,0.631932,0.470542,0.150567,100,1,3,83
10970,peak,hunt,0.628812,0.480167,0.176563,100,1,3,83
10980,aftermath,hunt,0.277875,0.480167,0.203331,100,1,4,83
10990,aftermath,hunt,0.072388,0.470542,0.230102,100,1,4,83
11000,aftermath,hunt,0.069163,0.480167,0.256973,100,1,4,83
11010,aftermath,hunt,0.066211,0.4055,0.281571,100,0,4,83
11020,aftermath,hunt,0.077121,0.1255,0.190662,100,0,4,83
11030,aftermath,hunt,0.08803,0,0.099753,100,0,5,83
11040,aftermath,hunt,0.098939,0,0.008844,100,0,5,83
11050,aftermath,hunt,0.1,0,0,100,0,5,83
11060,aftermath,hunt,0.1,0,0,100,0,5,83
11070,aftermath,hunt,0.1,0,0,100,0,6,83
11080,aftermath,hunt,0.1,0,0,100,0,6,83
11090,aftermath,hunt,0.1,0,0,100,0,6,83
11100,quiet,discovery,0.08,0,0,100,0,6,83
11110,quiet,discovery,0.08,0,0,100,0,6,83
11120,quiet,discovery,0.08,0,0,100,0,6,84
11130,quiet,discovery,0.08,0,0,100,0,6,84
11140,quiet,discovery,0.08,0,0,100,0,6,84
11150,quiet,discovery,0.08,0,0,100,0,6,84
11160,quiet,discovery,0.08,0,0,100,0,7,84
11170,quiet,discovery,0.08,0,0,100,0,7,84
11180,quiet,discovery,0.08,0,0,100,0,7,84
11190,opportunity,discovery,0.23,0,0,100,0,7,84
11200,opportunity,discovery,0.23,0,0,100,0,7,84
11210,opportunity,discovery,0.23,0,0,100,0,7,85
11220,opportunity,discovery,0.23,0,0,100,0,7,85
11230,peak,discovery,0.32,0.325,0.01058,100,1,6,86
11240,peak,discovery,0.5,0.461792,0.03313,100,1,6,86
11250,peak,discovery,0.593108,0.480167,0.057437,100,1,7,86
11260,peak,discovery,0.590084,0.470542,0.082633,100,1,6,87
11270,peak,discovery,0.587049,0.480167,0.107929,100,1,6,87
11280,aftermath,discovery,0.087049,0.480167,0.133997,100,1,6,87
11290,aftermath,discovery,0.080792,0.470542,0.160067,100,1,6,87
11300,aftermath,discovery,0.077651,0.480167,0.186238,100,1,7,87
11310,aftermath,discovery,0.074418,0.480167,0.213181,100,1,7,87
11320,aftermath,discovery,0.071185,0.470542,0.240127,100,1,7,87
11330,aftermath,discovery,0.06797,0.470542,0.266919,100,0,7,87
11340,aftermath,discovery,0.065068,0.4055,0.291099,100,0,8,87
11350,aftermath,discovery,0.075977,0.1255,0.20019,100,0,8,87
11360,aftermath,discovery,0.086886,0,0.10928,100,0,8,87
11370,aftermath,discovery,0.097795,0,0.018371,100,0,8,87
11380,quiet,voyage,0.08,0,0,100,0,8,87
11390,quiet,voyage,0.08,0,0,100,0,8,88
11400,quiet,voyage,0.08,0,0,100,0,8,88
11410,quiet,voyage,0.08,0,0,100,0,8,88
11420,quiet,voyage,0.08,0,0,100,0,8,88
11430,quiet,voyage,0.08,0,0,100,0,9,88
11440,quiet,voyage,0.08,0,0,100,0,9,88
11450,opportunity,voyage,0.23,0,0,100,0,9,88
11460,opportunity,voyage,0.23,0,0,100,0,9,88
11470,opportunity,voyage,0.23,0,0,100,0,9,88
11480,opportunity,voyage,0.23,0,0,100,0,9,89
11490,opportunity,voyage,0.23,0,0,100,0,9,89
11500,opportunity,voyage,0.23,0,0,100,0,9,89
11510,peak,voyage,0.32,0.325,0.010348,100,1,8,90
11520,peak,voyage,0.5,0.461792,0.032435,100,1,9,90
11530,peak,voyage,0.593233,0.461792,0.056394,100,1,8,91
11540,peak,voyage,0.590239,0.480167,0.08134,100,1,8,91
11550,peak,voyage,0.587153,0.480167,0.107058,100,1,8,91
11560,peak,voyage,0.584067,0.470542,0.132778,100,1,8,91
11570,aftermath,voyage,0.332539,0.480167,0.158599,100,1,9,91
11580,aftermath,voyage,0.077777,0.480167,0.185193,100,1,9,91
11590,aftermath,voyage,0.074585,0.470542,0.211788,100,1,9,91
11600,aftermath,voyage,0.071382,0.480167,0.238484,100,1,9,91
11610,aftermath,voyage,0.06813,0.470542,0.265583,100,0,10,91
11620,aftermath,voyage,0.070817,0.303125,0.243188,100,0,10,91
11630,aftermath,voyage,0.081727,0.023125,0.152279,100,0,10,91
11640,aftermath,voyage,0.092636,0,0.06137,100,0,10,91
11650,aftermath,voyage,0.1,0,0,100,0,10,91
11660,quiet,discovery,0.08,0,0,100,0,10,92
11670,quiet,discovery,0.08,0,0,100,0,10,92
11680,quiet,discovery,0.08,0,0,100,0,10,92
11690,quiet,discovery,0.08,0,0,100,0,10,92
11700,quiet,discovery,0.08,0,0,100,0,11,92
11710,quiet,discovery,0.08,0,0,100,0,11,92
11720,quiet,discovery,0.08,0,0,100,0,11,92
11730,quiet,discovery,0.08,0,0,100,0,11,92
11740,quiet,discovery,0.08,0,0,100,0,11,92
11750,opportunity,discovery,0.224,0,0,100,0,12,92
11760,opportunity,discovery,0.23,0,0,100,0,12,92
11770,opportunity,discovery,0.23,0,0,100,0,12,92
11780,opportunity,discovery,0.23,0,0,100,0,12,92
11790,opportunity,discovery,0.23,0,0,100,0,13,92
11800,opportunity,discovery,0.23,0,0,100,0,12,93
11810,opportunity,discovery,0.23,0,0,100,0,12,93
11820,opportunity,discovery,0.23,0,0,100,0,12,93
11830,peak,discovery,0.284,0.195,0.006,100,1,11,94
11840,peak,discovery,0.464,0.443417,0.027391,100,1,12,94
11850,peak,discovery,0.618924,0.480167,0.050637,100,1,12,94
11860,peak,discovery,0.615921,0.470542,0.075658,100,1,12,94
11870,peak,discovery,0.612907,0.480167,0.100779,100,1,12,94
11880,aftermath,discovery,0.212303,0.480167,0.126672,100,1,13,94
11890,aftermath,discovery,0.081692,0.470542,0.152567,100,1,13,94
11900,aftermath,discovery,0.078572,0.480167,0.178563,100,1,13,94
11910,aftermath,discovery,0.07536,0.480167,0.205331,100,1,13,94
11920,aftermath,discovery,0.072148,0.470542,0.232102,100,1,13,94
11930,aftermath,discovery,0.068923,0.480167,0.258973,100,1,14,94
11940,aftermath,discovery,0.066005,0.4055,0.283292,100,0,14,94
11950,aftermath,discovery,0.076914,0.1255,0.192383,100,0,14,94
11960,aftermath,discovery,0.087823,0,0.101474,100,0,14,94
11970,aftermath,discovery,0.098732,0,0.010565,100,0,15,94
11980,aftermath,discovery,0.1,0,0,100,0,14,95
11990,quiet,hunt,0.08,0,0,100,0,14,95
12000,quiet,hunt,0.08,0,0,100,0,14,95
12010,quiet,hunt,0.08,0,0,100,0,14,95
12020,quiet,hunt,0.08,0,0,100,0,15,95
12030,quiet,hunt,0.08,0,0,100,0,15,95
12040,opportunity,hunt,0.098,0,0,100,0,15,95
12050,opportunity,hunt,0.23,0,0,100,0,15,95
12060,opportunity,hunt,0.23,0,0,100,0,16,95
12070,opportunity,hunt,0.23,0,0,100,0,16,95
12080,opportunity,hunt,0.23,0,0,100,0,16,95
12090,opportunity,hunt,0.23,0,0,100,0,16,95
12100,opportunity,hunt,0.23,0,0,100,0,16,95
12110,peak,hunt,0.302,0.26,0.008348,100,1,16,96
12120,peak,hunt,0.482,0.461792,0.030435,100,1,16,96
12130,peak,hunt,0.618473,0.461792,0.054394,100,1,16,96
12140,peak,hunt,0.615479,0.480167,0.07934,100,1,16,96
12150,peak,hunt,0.612393,0.480167,0.105058,100,1,17,96
12160,peak,hunt,0.609307,0.470542,0.130778,100,1,17,96
12170,peak,hunt,0.606208,0.480167,0.156599,100,1,17,96
12180,peak,hunt,0.603017,0.480167,0.183193,100,1,17,96
12190,aftermath,hunt,0.152702,0.470542,0.209788,100,1,17,96
12200,aftermath,hunt,0.071622,0.480167,0.236484,100,1,18,96
12210,aftermath,hunt,0.068326,0.480167,0.263952,100,1,18,96
12220,aftermath,hunt,0.06542,0.4055,0.288164,100,0,18,96
12230,aftermath,hunt,0.073614,0.17275,0.219885,100,0,18,96
12240,aftermath,hunt,0.084523,0,0.128976,100,0,19,96
12250,aftermath,hunt,0.095432,0,0.038067,100,0,18,97
12260,aftermath,hunt,0.1,0,0,100,0,18,97
12270,aftermath,hunt,0.1,0,0,100,0,18,97
12280,aftermath,hunt,0.1,0,0,100,0,18,97
12290,aftermath,hunt,0.1,0,0,100,0,18,98
12300,recovery,discovery,0.03,0.065,0.003495,100,0,18,98
12310,recovery,discovery,0.025408,0.633,0.038266,100,0,18,98
12320,recovery,discovery,0.03,0.409,0,100,0,18,98
12330,recovery,discovery,0.03,0.245,0,100,0,19,98
12340,recovery,discovery,0.03,0,0,100,0,19,98
12350,recovery,discovery,0.03,0,0,100,0,19,98
12360,recovery,discovery,0.03,0,0,100,0,19,98
12370,recovery,discovery,0.03,0,0,100,0,19,98
12380,recovery,discovery,0.03,0,0,100,0,19,99
12390,aftermath,discovery,0.048,0,0,100,0,19,99
12400,aftermath,discovery,0.1,0,0,100,0,19,99
12410,aftermath,discovery,0.1,0,0,100,0,19,99
12420,aftermath,discovery,0.1,0,0,100,0,20,99
12430,aftermath,discovery,0.1,0,0,100,0,19,100
12440,aftermath,discovery,0.1,0,0,100,0,19,100
12450,aftermath,discovery,0.1,0,0,100,0,19,100
12460,aftermath,discovery,0.1,0,0,100,0,19,100
12470,aftermath,discovery,0.1,0,0,100,0,20,100
12480,aftermath,discovery,0.1,0,0,100,0,20,100
12490,aftermath,discovery,0.1,0,0,100,0,20,100
12500,suspended:docked,discovery,,0,0,100,0,20,100
12510,suspended:docked,discovery,,0,0,100,0,20,100
12520,suspended:docked,discovery,,0,0,100,0,20,100
12530,suspended:docked,discovery,,0,0,100,0,20,100
12540,aftermath,discovery,0.08,0,0,100,0,20,100
12550,aftermath,discovery,0.08,0,0,100,0,20,100
12560,quiet,voyage,0.08,0,0,100,0,20,100
12570,quiet,voyage,0.08,0,0,100,0,20,100
12580,quiet,voyage,0.08,0,0,100,0,20,100
12590,quiet,voyage,0.08,0,0,100,0,20,100
12600,quiet,voyage,0.08,0,0,100,0,20,100
12610,quiet,voyage,0.08,0,0,100,0,20,100
12620,opportunity,voyage,0.116,0,0,100,0,20,100
12630,opportunity,voyage,0.23,0,0,100,0,20,100
12640,opportunity,voyage,0.23,0,0,100,0,20,100
12650,opportunity,voyage,0.23,0,0,100,0,20,100
12660,opportunity,voyage,0.23,0,0,100,0,20,100
12670,opportunity,voyage,0.23,0,0,100,0,20,100
12680,opportunity,voyage,0.23,0,0,100,0,20,100
12690,opportunity,voyage,0.23,0,0,100,0,20,100
12700,opportunity,voyage,0.23,0,0,100,0,20,100
12710,opportunity,voyage,0.23,0,0,100,0,20,100
12720,opportunity,voyage,0.23,0,0,100,0,20,100
12730,opportunity,voyage,0.23,0,0,100,0,20,100
12740,build,voyage,0.356,0,0,100,0,20,100
12750,build,voyage,0.51,0,0,100,0,20,100
12760,build,voyage,0.51,0,0,100,0,20,100
12770,build,voyage,0.51,0,0,100,0,20,100
12780,build,voyage,0.51,0,0,100,1,19,101
12790,peak,voyage,0.64753,0.425042,0.02058,100,1,19,101
12800,peak,voyage,0.644824,0.461792,0.04313,100,1,19,101
12810,peak,voyage,0.641908,0.480167,0.067438,100,1,19,101
12820,peak,voyage,0.638884,0.470542,0.092633,100,1,19,101
12830,peak,voyage,0.635849,0.480167,0.117929,100,1,20,101
12840,peak,voyage,0.63272,0.480167,0.143997,100,1,20,101
12850,aftermath,voyage,0.13272,0.470542,0.170067,100,1,20,101
12860,aftermath,voyage,0.076451,0.480167,0.196238,100,1,20,101
12870,aftermath,voyage,0.073218,0.480167,0.223181,100,1,20,101
12880,aftermath,voyage,0.069985,0.470542,0.250127,100,1,20,101
12890,aftermath,voyage,0.066969,0.415125,0.275256,100,0,20,101
12900,aftermath,voyage,0.072403,0.247125,0.229972,100,0,20,101
12910,aftermath,voyage,0.083312,0,0.139063,100,0,20,101
12920,aftermath,voyage,0.094222,0,0.048154,100,0,20,101
12930,aftermath,voyage,0.1,0,0,100,0,20,101
12940,aftermath,voyage,0.1,0,0,100,0,20,101
12950,aftermath,voyage,0.1,0,0,100,0,20,101
12960,quiet,discovery,0.08,0,0,100,0,20,101
12970,quiet,discovery,0.08,0,0,100,0,20,101
12980,quiet,discovery,0.08,0,0,100,0,20,101
12990,quiet,discovery,0.08,0,0,100,0,20,101
13000,quiet,discovery,0.08,0,0,100,0,20,101
13010,quiet,discovery,0.08,0,0,100,0,20,101
13020,quiet,discovery,0.08,0,0,100,0,20,101
13030,quiet,discovery,0.08,0,0,100,0,20,101
13040,quiet,discovery,0.08,0,0,100,0,20,101
13050,peak,discovery,0.242,0.443417,0.014927,100,1,20,102
13060,peak,discovery,0.422,0.461792,0.037826,100,1,19,103
13070,peak,discovery,0.592488,0.480167,0.062597,100,1,19,103
13080,peak,discovery,0.589423,0.480167,0.08814,100,1,19,103
13090,aftermath,discovery,0.486966,0.470542,0.113685,100,1,19,103
13100,aftermath,discovery,0.08328,0.480167,0.139331,100,1,20,103
13110,aftermath,discovery,0.08011,0.480167,0.165749,100,1,20,103
13120,aftermath,discovery,0.07694,0.470542,0.19217,100,1,20,103
13130,aftermath,discovery,0.073757,0.480167,0.218691,100,1,20,103
13140,aftermath,discovery,0.070482,0.480167,0.245984,100,1,20,103
13150,aftermath,discovery,0.067299,0.423875,0.27251,100,0,20,103
13160,aftermath,discovery,0.067238,0.359125,0.273015,100,0,20,103
13170,aftermath,discovery,0.078147,0.079125,0.182106,100,0,20,103
13180,aftermath,discovery,0.089056,0,0.091197,100,0,20,103
13190,aftermath,discovery,0.099965,0,0.000288,100,0,20,103
13200,quiet,hunt,0.08,0,0,100,0,20,103
13210,quiet,hunt,0.08,0,0,100,0,20,103
13220,quiet,hunt,0.08,0,0,100,0,20,103
13230,quiet,hunt,0.08,0,0,100,0,20,103
13240,quiet,hunt,0.08,0,0,100,0,20,103
13250,peak,hunt,0.206,0.39,0.012348,100,1,19,104
13260,peak,hunt,0.386,0.461792,0.034435,100,1,19,104
13270,peak,hunt,0.566,0.461792,0.058394,100,1,19,104
13280,peak,hunt,0.589999,0.480167,0.08334,100,1,20,104
13290,peak,hunt,0.586913,0.480167,0.109058,100,1,19,105
13300,peak,hunt,0.583827,0.470542,0.134778,100,1,19,105
13310,peak,hunt,0.580728,0.480167,0.160599,100,1,19,105
13320,aftermath,hunt,0.527851,0.480167,0.187193,100,1,20,105
13330,aftermath,hunt,0.074345,0.470542,0.213788,100,1,19,106
13340,aftermath,hunt,0.071142,0.480167,0.240484,100,1,19,106
13350,aftermath,hunt,0.067921,0.442542,0.267326,100,0,19,106
13360,aftermath,hunt,0.070611,0.303125,0.244912,100,0,19,106
13370,aftermath,hunt,0.08152,0.023125,0.154003,100,0,20,106
13380,aftermath,hunt,0.092429,0,0.063094,100,0,20,106
13390,aftermath,hunt,0.1,0,0,100,0,20,106
13400,aftermath,hunt,0.1,0,0,100,0,20,106
13410,aftermath,hunt,0.1,0,0,100,0,20,106
13420,quiet,discovery,0.08,0,0,100,0,20,106
13430,quiet,discovery,0.08,0,0,100,0,20,106
13440,quiet,discovery,0.08,0,0,100,0,20,106
13450,quiet,discovery,0.08,0,0,100,0,20,106
13460,quiet,discovery,0.08,0,0,100,0,20,106
13470,quiet,discovery,0.08,0,0,100,0,20,106
13480,quiet,discovery,0.08,0,0,100,0,20,106
13490,quiet,discovery,0.08,0,0,100,0,20,106
13500,quiet,discovery,0.08,0,0,100,0,20,106
13510,opportunity,discovery,0.224,0,0,100,0,20,106
13520,opportunity,discovery,0.23,0,0,100,0,20,106
13530,opportunity,discovery,0.23,0,0,100,0,20,106
13540,opportunity,discovery,0.23,0,0,100,0,20,106
13550,opportunity,discovery,0.23,0,0,100,0,20,106
13560,opportunity,discovery,0.23,0,0,100,0,20,106
13570,opportunity,discovery,0.23,0,0,100,0,20,106
13580,opportunity,discovery,0.23,0,0,100,0,20,106
13590,opportunity,discovery,0.23,0,0,100,0,20,106
13600,opportunity,discovery,0.23,0,0,100,0,20,106
13610,opportunity,discovery,0.23,0,0,100,0,20,106
13620,opportunity,discovery,0.23,0,0,100,0,20,106
13630,opportunity,discovery,0.23,0,0,100,0,20,106
13640,opportunity,discovery,0.23,0,0,100,0,20,106
13650,peak,discovery,0.338,0.39,0.012116,100,1,19,107
13660,peak,discovery,0.518,0.443417,0.033855,100,1,19,107
13670,peak,discovery,0.618092,0.480167,0.057565,100,1,19,107
13680,peak,discovery,0.615048,0.480167,0.082933,100,1,20,107
13690,aftermath,discovery,0.562294,0.470542,0.108303,100,1,20,107
13700,aftermath,discovery,0.083947,0.480167,0.133774,100,1,20,107
13710,aftermath,discovery,0.080798,0.480167,0.160018,100,1,20,107
13720,aftermath,discovery,0.077648,0.470542,0.186263,100,1,20,107
13730,aftermath,discovery,0.074487,0.480167,0.212609,100,1,20,107
13740,aftermath,discovery,0.071233,0.480167,0.239727,100,1,20,107
13750,aftermath,discovery,0.06804,0.442542,0.266337,100,0,20,107
13760,aftermath,discovery,0.067993,0.359125,0.266729,100,0,20,107
13770,aftermath,discovery,0.078902,0.079125,0.17582,100,0,20,107
13780,aftermath,discovery,0.089811,0,0.084911,100,0,20,107
13790,aftermath,discovery,0.1,0,0,100,0,20,107
13800,aftermath,discovery,0.1,0,0,100,0,20,107
13810,quiet,voyage,0.08,0,0,100,0,20,107
13820,quiet,voyage,0.08,0,0,100,0,20,107
13830,quiet,voyage,0.08,0,0,100,0,20,107
13840,quiet,voyage,0.08,0,0,100,0,20,107
13850,quiet,voyage,0.08,0,0,100,0,20,107
13860,quiet,voyage,0.08,0,0,100,0,20,107
13870,quiet,voyage,0.08,0,0,100,0,20,107
13880,peak,voyage,0.242,0.425042,0.016348,100,1,19,108
13890,peak,voyage,0.422,0.461792,0.038435,100,1,19,108
13900,peak,voyage,0.602,0.461792,0.062394,100,1,19,108
13910,peak,voyage,0.614519,0.480167,0.08734,100,1,19,109
13920,peak,voyage,0.611433,0.480167,0.113058,100,1,19,109
13930,peak,voyage,0.608347,0.470542,0.138778,100,1,19,109
13940,aftermath,voyage,0.207744,0.480167,0.164599,100,1,19,109
13950,aftermath,voyage,0.077057,0.480167,0.191193,100,1,20,109
13960,aftermath,voyage,0.073865,0.470542,0.217788,100,1,19,110
13970,aftermath,voyage,0.070662,0.480167,0.244484,100,1,19,110
13980,aftermath,voyage,0.067504,0.423875,0.270803,100,0,19,110
13990,aftermath,voyage,0.070198,0.303125,0.24835,100,0,19,110
14000,aftermath,voyage,0.081107,0.023125,0.157441,100,0,20,110
14010,aftermath,voyage,0.092016,0,0.066532,100,0,20,110
14020,aftermath,voyage,0.1,0,0,100,0,20,110
14030,aftermath,voyage,0.1,0,0,100,0,20,110
14040,quiet,discovery,0.08,0,0,100,0,20,110
14050,quiet,discovery,0.08,0,0,100,0,20,110
14060,quiet,discovery,0.08,0,0,100,0,20,110
14070,quiet,discovery,0.08,0,0,100,0,20,110
14080,quiet,discovery,0.08,0,0,100,0,20,110
14090,quiet,discovery,0.08,0,0,100,0,20,110
14100,quiet,discovery,0.08,0,0,100,0,20,110
14110,quiet,discovery,0.08,0,0,100,0,20,110
14120,quiet,discovery,0.08,0,0,100,0,20,110
14130,opportunity,discovery,0.23,0,0,100,0,20,110
14140,opportunity,discovery,0.23,0,0,100,0,20,110
14150,opportunity,discovery,0.23,0,0,100,0,20,110
14160,opportunity,discovery,0.23,0,0,100,0,20,110
14170,opportunity,discovery,0.23,0,0,100,0,20,110
14180,opportunity,discovery,0.23,0,0,100,0,20,110
14190,opportunity,discovery,0.23,0,0,100,0,20,110
14200,opportunity,discovery,0.23,0,0,100,0,20,110
14210,opportunity,discovery,0.23,0,0,100,0,20,110
14220,opportunity,discovery,0.23,0,0,100,0,20,110
14230,opportunity,discovery,0.23,0,0,100,0,20,110
14240,opportunity,discovery,0.23,0,0,100,0,20,110
14250,peak,discovery,0.284,0.195,0.006116,100,1,19,111
14260,peak,discovery,0.464,0.443417,0.027855,100,1,19,111
14270,peak,discovery,0.643812,0.480167,0.051565,100,1,19,112
14280,peak,discovery,0.640768,0.480167,0.076933,100,1,19,112
14290,peak,discovery,0.637724,0.470542,0.102303,100,1,19,112
14300,suspended:docked,discovery,,0.498542,0.125223,100,1,19,112
14310,suspended:docked,discovery,,0.498542,0.125223,100,1,20,112
14320,suspended:docked,discovery,,0.498542,0.125223,100,1,20,112
14330,suspended:docked,discovery,,0.498542,0.125223,100,1,20,112
14340,aftermath,discovery,0.237129,0.470542,0.127503,100,1,20,112
14350,aftermath,discovery,0.08,0.425042,0.150883,100,1,20,112
14360,aftermath,discovery,0.081997,0.322375,0.150027,100,0,20,112
14370,aftermath,discovery,0.092906,0.042375,0.059118,100,0,20,112
14380,aftermath,discovery,0.1,0,0,100,0,20,112
14390,aftermath,discovery,0.1,0,0,100,0,20,112
14400,aftermath,discovery,0.1,0,0,100,0,20,112
14410,aftermath,discovery,0.1,0,0,100,0,20,112
14420,aftermath,discovery,0.1,0,0,100,0,20,112
14430,aftermath,discovery,0.1,0,0,100,0,20,112
14440,aftermath,discovery,0.1,0,0,100,0,20,112
14450,aftermath,discovery,0.1,0,0,100,0,20,112
14460,aftermath,discovery,0.1,0,0,100,0,20,112
14470,quiet,hunt,0.08,0,0,100,0,20,112
14480,quiet,hunt,0.08,0,0,100,0,20,112
14490,quiet,hunt,0.08,0,0,100,0,20,112
14500,quiet,hunt,0.08,0,0,100,0,20,112
14510,quiet,hunt,0.08,0,0,100,0,20,112
14520,peak,hunt,0.242,0.443417,0.014927,100,1,19,113
14530,peak,hunt,0.422,0.461792,0.037826,100,1,19,113
14540,peak,hunt,0.602,0.480167,0.062597,100,1,20,113
14550,peak,hunt,0.639423,0.480167,0.08814,100,1,20,113
14560,peak,hunt,0.636358,0.470542,0.113685,100,1,20,113
14570,peak,hunt,0.63328,0.480167,0.139331,100,1,20,113
14580,peak,hunt,0.63011,0.480167,0.165749,100,1,20,113
14590,aftermath,hunt,0.527569,0.470542,0.19217,100,1,20,113
14600,aftermath,hunt,0.073757,0.480167,0.218691,100,1,20,113
14610,aftermath,hunt,0.070482,0.480167,0.245984,100,1,20,113
14620,aftermath,hunt,0.067299,0.423875,0.27251,100,0,20,113
14630,aftermath,hunt,0.067238,0.359125,0.273015,100,0,20,113
14640,aftermath,hunt,0.078147,0.079125,0.182106,100,0,20,113
14650,aftermath,hunt,0.089056,0,0.091197,100,0,20,113
14660,aftermath,hunt,0.099965,0,0.000288,100,0,20,113
14670,aftermath,hunt,0.1,0,0,100,0,20,113
14680,aftermath,hunt,0.1,0,0,100,0,20,113
14690,aftermath,hunt,0.1,0,0,100,0,20,113
14700,aftermath,hunt,0.1,0,0,100,0,20,113
14710,aftermath,hunt,0.1,0,0,100,0,20,113
14720,quiet,discovery,0.08,0,0,100,0,20,113
14730,quiet,discovery,0.08,0,0,100,0,20,113
14740,quiet,discovery,0.08,0,0,100,0,20,113
14750,quiet,discovery,0.08,0,0,100,0,20,113
14760,quiet,discovery,0.08,0,0,100,0,20,113
14770,quiet,discovery,0.08,0,0,100,0,20,113
14780,quiet,discovery,0.08,0,0,100,0,20,113
14790,quiet,discovery,0.08,0,0,100,0,20,113
14800,opportunity,discovery,0.152,0,0,100,0,20,113
14810,opportunity,discovery,0.23,0,0,100,0,20,113
14820,opportunity,discovery,0.23,0,0,100,0,20,113
14830,opportunity,discovery,0.23,0,0,100,0,20,113
14840,opportunity,discovery,0.23,0,0,100,0,20,113
14850,opportunity,discovery,0.23,0,0,100,1,19,114
14860,peak,discovery,0.41,0.425042,0.02058,100,1,19,114
14870,peak,discovery,0.59,0.461792,0.04313,100,1,19,114
14880,peak,discovery,0.591908,0.480167,0.067438,100,1,19,114
14890,peak,discovery,0.588884,0.470542,0.092633,100,1,19,114
14900,aftermath,discovery,0.337388,0.480167,0.117929,100,1,20,114
14910,aftermath,discovery,0.08272,0.480167,0.143997,100,1,20,114
14920,aftermath,discovery,0.079592,0.470542,0.170067,100,1,20,114
14930,aftermath,discovery,0.076451,0.480167,0.196238,100,1,20,114
14940,aftermath,discovery,0.073218,0.480167,0.223181,100,1,20,114
14950,aftermath,discovery,0.069985,0.470542,0.250127,100,1,20,114
14960,aftermath,discovery,0.066969,0.415125,0.275256,100,0,20,114
14970,aftermath,discovery,0.072403,0.247125,0.229972,100,0,20,114
14980,aftermath,discovery,0.083312,0,0.139063,100,0,20,114
14990,aftermath,discovery,0.094222,0,0.048154,100,0,20,114
15000,aftermath,discovery,0.1,0,0,100,0,20,114
15010,quiet,voyage,0.08,0,0,100,0,20,114
15020,quiet,voyage,0.08,0,0,100,0,20,114
15030,quiet,voyage,0.08,0,0,100,0,20,114
15040,quiet,voyage,0.08,0,0,100,0,20,114
15050,quiet,voyage,0.08,0,0,100,0,20,114
15060,quiet,voyage,0.08,0,0,100,0,20,114
15070,opportunity,voyage,0.17,0,0,100,0,20,114
15080,opportunity,voyage,0.23,0,0,100,0,20,114
15090,opportunity,voyage,0.23,0,0,100,0,20,114
15100,opportunity,voyage,0.23,0,0,100,0,20,114
15110,opportunity,voyage,0.23,0,0,100,0,20,114
15120,opportunity,voyage,0.23,0,0,100,0,20,114
15130,opportunity,voyage,0.23,0,0,100,0,20,114
15140,opportunity,voyage,0.23,0,0,100,0,20,114
15150,opportunity,voyage,0.23,0,0,100,0,20,114
15160,opportunity,voyage,0.23,0,0,100,0,20,114
15170,opportunity,voyage,0.23,0,0,100,0,20,114
15180,opportunity,voyage,0.23,0,0,100,0,20,114
15190,peak,voyage,0.41,0.425042,0.01858,100,1,19,115
15200,peak,voyage,0.59,0.461792,0.04113,100,1,19,115
15210,peak,voyage,0.592147,0.480167,0.065437,100,1,20,115
15220,peak,voyage,0.589124,0.470542,0.090633,100,1,20,115
15230,peak,voyage,0.586089,0.480167,0.115929,100,1,20,115
15240,peak,voyage,0.58296,0.480167,0.141997,100,1,20,115
15250,aftermath,voyage,0.132652,0.470542,0.168067,100,1,20,115
15260,aftermath,voyage,0.076691,0.480167,0.194238,100,1,20,115
15270,aftermath,voyage,0.073458,0.480167,0.221181,100,1,20,115
15280,aftermath,voyage,0.070225,0.470542,0.248127,100,1,20,115
15290,aftermath,voyage,0.067177,0.415125,0.273526,100,0,20,115
15300,aftermath,voyage,0.072609,0.247125,0.228254,100,0,20,115
15310,aftermath,voyage,0.083519,0,0.137345,100,0,20,115
15320,aftermath,voyage,0.094428,0,0.046436,100,0,20,115
15330,aftermath,voyage,0.1,0,0,100,0,20,115
15340,quiet,discovery,0.08,0,0,100,0,20,115
15350,quiet,discovery,0.08,0,0,100,0,20,115
15360,quiet,discovery,0.08,0,0,100,0,20,115
15370,quiet,discovery,0.08,0,0,100,0,20,115
15380,quiet,discovery,0.08,0,0,100,0,20,115
15390,quiet,discovery,0.08,0,0,100,0,20,115
15400,quiet,discovery,0.08,0,0,100,0,20,115
15410,quiet,discovery,0.08,0,0,100,0,20,115
15420,opportunity,discovery,0.116,0,0,100,0,20,115
15430,opportunity,discovery,0.23,0,0,100,0,20,115
15440,opportunity,discovery,0.23,0,0,100,0,20,115
15450,opportunity,discovery,0.23,0,0,100,0,20,115
15460,peak,discovery,0.392,0.425042,0.01858,100,1,19,116
15470,peak,discovery,0.572,0.461792,0.04113,100,1,19,116
15480,peak,discovery,0.617148,0.480167,0.065437,100,1,20,116
15490,peak,discovery,0.614124,0.470542,0.090633,100,1,20,116
15500,aftermath,discovery,0.412326,0.480167,0.115929,100,1,20,116
15510,aftermath,discovery,0.08296,0.480167,0.141997,100,1,20,116
15520,aftermath,discovery,0.079832,0.470542,0.168067,100,1,20,116
15530,aftermath,discovery,0.076691,0.480167,0.194238,100,1,20,116
15540,aftermath,discovery,0.073458,0.480167,0.221181,100,1,20,116
15550,aftermath,discovery,0.070225,0.470542,0.248127,100,1,20,116
15560,aftermath,discovery,0.067177,0.415125,0.273526,100,0,20,116
15570,aftermath,discovery,0.072609,0.247125,0.228254,100,0,20,116
15580,aftermath,discovery,0.083519,0,0.137345,100,0,20,116
15590,aftermath,discovery,0.094428,0,0.046436,100,0,20,116
15600,aftermath,discovery,0.1,0,0,100,0,20,116
15610,aftermath,discovery,0.1,0,0,100,0,20,116
15620,quiet,hunt,0.08,0,0,100,0,20,116
15630,quiet,hunt,0.08,0,0,100,0,20,116
15640,quiet,hunt,0.08,0,0,100,0,20,116
15650,quiet,hunt,0.08,0,0,100,0,20,116
15660,quiet,hunt,0.08,0,0,100,0,20,116
15670,opportunity,hunt,0.206,0,0,100,0,20,116
15680,opportunity,hunt,0.23,0,0,100,0,20,116
15690,opportunity,hunt,0.23,0,0,100,0,20,116
15700,opportunity,hunt,0.23,0,0,100,0,20,116
15710,opportunity,hunt,0.23,0,0,100,0,20,116
15720,opportunity,hunt,0.23,0,0,100,0,20,116
15730,opportunity,hunt,0.23,0,0,100,0,20,116
15740,opportunity,hunt,0.23,0,0,100,0,20,116
15750,build,hunt,0.266,0,0,100,0,20,116
15760,peak,hunt,0.446,0.425042,0.01858,100,1,19,117
15770,peak,hunt,0.620064,0.461792,0.04113,100,1,19,117
15780,peak,hunt,0.617148,0.480167,0.065437,100,1,19,117
15790,peak,hunt,0.614124,0.470542,0.090633,100,1,19,117
15800,peak,hunt,0.611089,0.480167,0.115929,100,1,20,117
15810,peak,hunt,0.60796,0.480167,0.141997,100,1,20,117
15820,peak,hunt,0.604832,0.470542,0.168067,100,1,20,117
15830,aftermath,hunt,0.402971,0.480167,0.194238,100,1,20,117
15840,aftermath,hunt,0.073458,0.480167,0.221181,100,1,20,117
15850,aftermath,hunt,0.070225,0.470542,0.248127,100,1,20,117
15860,aftermath,hunt,0.067177,0.415125,0.273526,100,0,20,117
15870,aftermath,hunt,0.072609,0.247125,0.228254,100,0,20,117
15880,aftermath,hunt,0.083519,0,0.137345,100,0,20,117
15890,aftermath,hunt,0.094428,0,0.046436,100,0,20,117
15900,recovery,hunt,0.05,0.065,0.003624,100,0,20,117
15910,recovery,hunt,0.025238,0.633,0.039683,100,0,20,117
15920,recovery,hunt,0.03,0.409,0,100,0,20,117
15930,recovery,hunt,0.03,0.245,0,100,0,20,117
15940,recovery,hunt,0.03,0,0,100,0,20,117
15950,recovery,hunt,0.03,0,0,100,0,20,117
15960,recovery,hunt,0.03,0,0,100,0,20,117
15970,recovery,hunt,0.03,0,0,100,0,20,117
15980,recovery,hunt,0.03,0,0,100,0,20,117
15990,aftermath,hunt,0.048,0,0,100,0,20,117
16000,aftermath,hunt,0.1,0,0,100,0,20,117
16010,aftermath,hunt,0.1,0,0,100,0,20,117
16020,aftermath,hunt,0.1,0,0,100,0,20,117
16030,aftermath,hunt,0.1,0,0,100,0,20,117
16040,aftermath,hunt,0.1,0,0,100,0,20,117
16050,aftermath,hunt,0.1,0,0,100,0,20,117
16060,aftermath,hunt,0.1,0,0,100,0,20,117
16070,aftermath,hunt,0.1,0,0,100,0,20,117
16080,aftermath,hunt,0.1,0,0,100,0,20,117
16090,aftermath,hunt,0.1,0,0,100,0,20,117
16100,suspended:docked,hunt,,0,0,100,0,20,117
16110,suspended:docked,hunt,,0,0,100,0,20,117
16120,suspended:docked,hunt,,0,0,100,0,20,117
16130,suspended:docked,hunt,,0,0,100,0,20,117
16140,aftermath,hunt,0.08,0,0,100,0,20,117
16150,quiet,discovery,0.08,0,0,100,0,20,117
16160,quiet,discovery,0.08,0,0,100,0,20,117
16170,quiet,discovery,0.08,0,0,100,0,20,117
16180,quiet,discovery,0.08,0,0,100,0,20,117
16190,quiet,discovery,0.08,0,0,100,0,20,117
16200,quiet,discovery,0.08,0,0,100,0,20,117
16210,quiet,discovery,0.08,0,0,100,0,20,117
16220,quiet,discovery,0.08,0,0,100,0,20,117
16230,peak,discovery,0.116,0.065,0.002116,100,1,19,118
16240,peak,discovery,0.296,0.443417,0.023855,100,1,19,118
16250,peak,discovery,0.476,0.480167,0.047565,100,1,19,119
16260,peak,discovery,0.641248,0.480167,0.072933,100,1,19,119
16270,peak,discovery,0.638204,0.470542,0.098303,100,1,19,119
16280,aftermath,discovery,0.337001,0.480167,0.123774,100,1,19,119
16290,aftermath,discovery,0.081998,0.480167,0.150018,100,1,20,119
16300,aftermath,discovery,0.078848,0.470542,0.176263,100,1,19,120
16310,aftermath,discovery,0.075687,0.480167,0.202609,100,1,19,120
16320,aftermath,discovery,0.072433,0.480167,0.229727,100,1,19,120
16330,aftermath,discovery,0.069178,0.470542,0.256847,100,1,19,120
16340,aftermath,discovery,0.066174,0.415125,0.281879,100,0,19,121
16350,aftermath,discovery,0.071602,0.247125,0.236652,100,0,19,121
16360,aftermath,discovery,0.082511,0,0.145743,100,0,19,121
16370,aftermath,discovery,0.09342,0,0.054833,100,0,19,121
16380,aftermath,discovery,0.1,0,0,100,0,20,121
16390,aftermath,discovery,0.1,0,0,100,0,20,121
16400,aftermath,discovery,0.1,0,0,100,0,20,121
16410,quiet,voyage,0.08,0,0,100,0,20,121
16420,quiet,voyage,0.08,0,0,100,0,20,121
16430,quiet,voyage,0.08,0,0,100,0,20,121
16440,quiet,voyage,0.08,0,0,100,0,20,121
16450,quiet,voyage,0.08,0,0,100,0,20,121
16460,quiet,voyage,0.08,0,0,100,0,20,121
16470,opportunity,voyage,0.116,0,0,100,0,20,121
16480,peak,voyage,0.296,0.425042,0.01658,100,1,19,122
16490,peak,voyage,0.476,0.461792,0.03913,100,1,19,122
16500,peak,voyage,0.642388,0.480167,0.063437,100,1,19,122
16510,peak,voyage,0.639364,0.470542,0.088633,100,1,19,122
16520,peak,voyage,0.636329,0.480167,0.113929,100,1,20,122
16530,peak,voyage,0.6332,0.480167,0.139997,100,1,20,122
16540,aftermath,voyage,0.232584,0.470542,0.166067,100,1,20,122
16550,aftermath,voyage,0.076931,0.480167,0.192238,100,1,20,122
16560,aftermath,voyage,0.073698,0.480167,0.219181,100,1,20,122
16570,aftermath,voyage,0.070465,0.470542,0.246127,100,1,20,122
16580,aftermath,voyage,0.067385,0.415125,0.271792,100,0,20,122
16590,aftermath,voyage,0.072816,0.247125,0.226533,100,0,20,122
16600,aftermath,voyage,0.083725,0,0.135624,100,0,20,122
16610,aftermath,voyage,0.094634,0,0.044715,100,0,20,122
16620,aftermath,voyage,0.1,0,0,100,0,20,122
16630,aftermath,voyage,0.1,0,0,100,0,20,122
16640,aftermath,voyage,0.1,0,0,100,0,20,122
16650,quiet,discovery,0.08,0,0,100,0,20,122
16660,quiet,discovery,0.08,0,0,100,0,20,122
16670,quiet,discovery,0.08,0,0,100,0,20,122
16680,quiet,discovery,0.08,0,0,100,0,20,122
16690,quiet,discovery,0.08,0,0,100,0,20,122
16700,quiet,discovery,0.08,0,0,100,0,20,122
16710,quiet,discovery,0.08,0,0,100,0,20,122
16720,quiet,discovery,0.08,0,0,100,0,20,122
16730,quiet,discovery,0.08,0,0,100,0,20,122
16740,opportunity,discovery,0.206,0,0,100,0,20,122
16750,opportunity,discovery,0.23,0,0,100,0,20,122
16760,opportunity,discovery,0.23,0,0,100,0,20,122
16770,opportunity,discovery,0.23,0,0,100,0,20,122
16780,opportunity,discovery,0.23,0,0,100,0,20,122
16790,opportunity,discovery,0.23,0,0,100,0,20,122
16800,opportunity,discovery,0.23,0,0,100,0,20,122
16810,opportunity,discovery,0.23,0,0,100,0,20,122
16820,opportunity,discovery,0.23,0,0,100,0,20,122
16830,opportunity,discovery,0.23,0,0,100,0,20,122
16840,peak,discovery,0.392,0.425042,0.01858,100,1,19,123
16850,peak,discovery,0.572,0.461792,0.04113,100,1,19,123
16860,peak,discovery,0.592147,0.480167,0.065437,100,1,19,123
16870,peak,discovery,0.589124,0.470542,0.090633,100,1,19,123
16880,aftermath,discovery,0.387326,0.480167,0.115929,100,1,19,124
16890,aftermath,discovery,0.08296,0.480167,0.141997,100,1,19,124
16900,aftermath,discovery,0.079832,0.470542,0.168067,100,1,19,124
16910,aftermath,discovery,0.076691,0.480167,0.194238,100,1,19,124
16920,aftermath,discovery,0.073458,0.480167,0.221181,100,1,20,124
16930,aftermath,discovery,0.070225,0.470542,0.248127,100,1,19,125
16940,aftermath,discovery,0.067177,0.415125,0.273526,100,0,19,125
16950,aftermath,discovery,0.072609,0.247125,0.228254,100,0,19,125
16960,aftermath,discovery,0.083519,0,0.137345,100,0,19,125
16970,aftermath,discovery,0.094428,0,0.046436,100,0,20,125
16980,aftermath,discovery,0.1,0,0,100,0,20,125
16990,quiet,hunt,0.08,0,0,100,0,20,125
17000,quiet,hunt,0.08,0,0,100,0,20,125
17010,quiet,hunt,0.08,0,0,100,0,20,125
17020,quiet,hunt,0.08,0,0,100,0,20,125
17030,quiet,hunt,0.08,0,0,100,0,20,125
17040,opportunity,hunt,0.23,0,0,100,0,20,125
17050,opportunity,hunt,0.23,0,0,100,0,20,125
17060,opportunity,hunt,0.23,0,0,100,0,20,125
17070,opportunity,hunt,0.23,0,0,100,0,20,125
17080,peak,hunt,0.356,0.425042,0.01458,100,1,19,126
17090,peak,hunt,0.536,0.461792,0.03713,100,1,19,126
17100,peak,hunt,0.592628,0.480167,0.061437,100,1,20,126
17110,peak,hunt,0.589604,0.470542,0.086633,100,1,20,126
17120,peak,hunt,0.586569,0.480167,0.111929,100,1,20,126
17130,peak,hunt,0.58344,0.480167,0.137997,100,1,20,126
17140,peak,hunt,0.580312,0.470542,0.164067,100,1,20,126
17150,aftermath,hunt,0.477812,0.480167,0.190238,100,1,20,126
17160,aftermath,hunt,0.073938,0.480167,0.217181,100,1,20,126
17170,aftermath,hunt,0.070705,0.470542,0.244127,100,1,20,126
17180,aftermath,hunt,0.067593,0.415125,0.270055,100,0,20,126
17190,aftermath,hunt,0.073023,0.247125,0.224809,100,0,20,126
17200,aftermath,hunt,0.083932,0,0.1339,100,0,20,126
17210,aftermath,hunt,0.094841,0,0.042991,100,0,20,126
17220,aftermath,hunt,0.1,0,0,100,0,20,126
17230,aftermath,hunt,0.1,0,0,100,0,20,126
17240,aftermath,hunt,0.1,0,0,100,0,20,126
17250,quiet,discovery,0.08,0,0,100,0,20,126
17260,quiet,discovery,0.08,0,0,100,0,20,126
17270,quiet,discovery,0.08,0,0,100,0,20,126
17280,quiet,discovery,0.08,0,0,100,0,20,126
17290,quiet,discovery,0.08,0,0,100,0,20,126
17300,quiet,discovery,0.08,0,0,100,0,20,126
17310,quiet,discovery,0.08,0,0,100,0,20,126
17320,quiet,discovery,0.08,0,0,100,0,20,126
17330,quiet,discovery,0.08,0,0,100,0,20,126
17340,opportunity,discovery,0.23,0,0,100,0,20,126
17350,opportunity,discovery,0.23,0,0,100,0,20,126
17360,opportunity,discovery,0.23,0,0,100,0,20,126
17370,opportunity,discovery,0.23,0,0,100,0,20,126
17380,opportunity,discovery,0.23,0,0,100,0,20,126
17390,opportunity,discovery,0.23,0,0,100,0,20,126
17400,opportunity,discovery,0.23,0,0,100,0,0,126
17410,opportunity,discovery,0.23,0,0,100,0,0,126
17420,opportunity,discovery,0.23,0,0,100,0,0,126
17430,opportunity,discovery,0.23,0,0,100,0,0,126
17440,opportunity,discovery,0.23,0,0,100,0,0,126
17450,opportunity,discovery,0.23,0,0,100,0,0,126
17460,opportunity,discovery,0.23,0,0,100,0,0,126
17470,opportunity,discovery,0.23,0,0,100,0,0,126
17480,opportunity,discovery,0.23,0,0,100,0,0,126
17490,build,discovery,0.302,0,0,100,0,0,126
17500,build,discovery,0.482,0,0,100,0,0,126
17510,build,discovery,0.485,0,0,100,0,0,126
17520,build,discovery,0.485,0,0,100,0,0,126
17530,build,discovery,0.485,0,0,100,0,0,126
17540,build,discovery,0.485,0,0,100,0,0,126
17550,build,discovery,0.485,0,0,100,0,0,126
17560,build,discovery,0.485,0,0,100,0,0,126
17570,build,discovery,0.485,0,0,100,0,0,126
17580,build,discovery,0.485,0,0,100,0,0,126
17590,opportunity,discovery,0.23,0,0,100,0,0,126
17600,opportunity,discovery,0.23,0,0,100,0,0,126
17610,opportunity,discovery,0.23,0,0,100,0,0,126
17620,opportunity,discovery,0.23,0,0,100,0,0,126
17630,opportunity,discovery,0.23,0,0,100,0,0,126
17640,opportunity,discovery,0.23,0,0,100,0,0,126
17650,opportunity,discovery,0.23,0,0,100,0,0,126
17660,opportunity,discovery,0.23,0,0,100,0,0,126
17670,opportunity,discovery,0.23,0,0,100,0,0,126
17680,opportunity,discovery,0.23,0,0,100,0,0,126
17690,opportunity,discovery,0.23,0,0,100,0,0,126
17700,opportunity,discovery,0.23,0,0,100,0,0,126
17710,opportunity,discovery,0.23,0,0,100,0,0,126
17720,opportunity,discovery,0.23,0,0,100,0,0,126
17730,opportunity,discovery,0.23,0,0,100,0,0,126
17740,build,discovery,0.302,0,0,100,0,0,126
17750,build,discovery,0.482,0,0,100,0,0,126
17760,build,discovery,0.503,0,0,100,0,0,126
17770,build,discovery,0.51,0,0,100,0,0,126
17780,build,discovery,0.51,0,0,100,0,0,127
17790,build,discovery,0.51,0,0,100,0,0,127
17800,build,discovery,0.51,0,0,100,0,0,127
17810,build,discovery,0.51,0,0,100,0,0,127
17820,build,discovery,0.51,0,0,100,0,1,127
17830,peak,discovery,0.64801,0.425042,0.01658,100,1,0,128
17840,peak,discovery,0.645304,0.461792,0.03913,100,1,0,128
17850,peak,discovery,0.642388,0.480167,0.063437,100,1,0,128
17860,peak,discovery,0.639364,0.470542,0.088633,100,1,0,128
17870,aftermath,discovery,0.487264,0.480167,0.113929,100,1,0,129
17880,aftermath,discovery,0.0832,0.480167,0.139997,100,1,0,129
17890,aftermath,discovery,0.080072,0.470542,0.166067,100,1,0,129
17900,suspended:docked,discovery,,0.498542,0.189617,100,1,0,129
17910,suspended:docked,discovery,,0.498542,0.189617,100,1,1,129
17920,suspended:docked,discovery,,0.498542,0.189617,100,1,1,129
17930,suspended:docked,discovery,,0.498542,0.189617,100,0,1,129
17940,aftermath,discovery,0.078337,0.470542,0.180526,100,0,1,129
17950,aftermath,discovery,0.08,0.190542,0.089617,100,0,1,129
17960,aftermath,discovery,0.1,0,0,100,0,1,130
17970,aftermath,discovery,0.1,0,0,100,0,1,130
17980,aftermath,discovery,0.1,0,0,100,0,1,130
17990,aftermath,discovery,0.1,0,0,100,0,1,130
18000,aftermath,discovery,0.1,0,0,100,0,2,130
18010,aftermath,discovery,0.1,0,0,100,0,2,130
18020,aftermath,discovery,0.1,0,0,100,0,2,130
18030,aftermath,discovery,0.1,0,0,100,0,2,130
18040,quiet,voyage,0.08,0,0,100,0,2,130
18050,quiet,voyage,0.08,0,0,100,0,2,131
18060,quiet,voyage,0.08,0,0,100,0,2,131
18070,quiet,voyage,0.08,0,0,100,0,2,131
18080,quiet,voyage,0.08,0,0,100,0,2,131
18090,quiet,voyage,0.08,0,0,100,0,3,131
18100,quiet,voyage,0.08,0,0,100,0,3,131
18110,opportunity,voyage,0.23,0,0,100,0,3,131
18120,peak,voyage,0.356,0.443417,0.014927,100,1,2,132
18130,peak,voyage,0.536,0.461792,0.037826,100,1,2,132
18140,peak,voyage,0.642488,0.480167,0.062597,100,1,2,133
18150,peak,voyage,0.639423,0.480167,0.08814,100,1,2,133
18160,peak,voyage,0.636358,0.470542,0.113685,100,1,2,133
18170,peak,voyage,0.63328,0.480167,0.139331,100,1,2,133
18180,aftermath,voyage,0.282356,0.480167,0.165749,100,1,3,133
18190,aftermath,voyage,0.07694,0.470542,0.19217,100,1,3,133
18200,aftermath,voyage,0.073757,0.480167,0.218691,100,1,3,133
18210,aftermath,voyage,0.070482,0.480167,0.245984,100,1,3,133
18220,aftermath,voyage,0.067299,0.423875,0.27251,100,0,3,133
18230,aftermath,voyage,0.067238,0.359125,0.273015,100,0,4,133
18240,aftermath,voyage,0.078147,0.079125,0.182106,100,0,4,133
18250,aftermath,voyage,0.089056,0,0.091197,100,0,4,133
18260,aftermath,voyage,0.099965,0,0.000288,100,0,4,133
18270,aftermath,voyage,0.1,0,0,100,0,5,133
18280,aftermath,voyage,0.1,0,0,100,0,5,133
18290,quiet,discovery,0.08,0,0,100,0,5,133
18300,quiet,discovery,0.08,0,0,100,0,5,133
18310,quiet,discovery,0.08,0,0,100,0,5,133
18320,quiet,discovery,0.08,0,0,100,0,5,134
18330,quiet,discovery,0.08,0,0,100,0,5,134
18340,quiet,discovery,0.08,0,0,100,0,5,134
18350,quiet,discovery,0.08,0,0,100,0,5,134
18360,quiet,discovery,0.08,0,0,100,0,6,134
18370,quiet,discovery,0.08,0,0,100,0,5,135
18380,opportunity,discovery,0.188,0,0,100,0,5,135
18390,opportunity,discovery,0.23,0,0,100,0,5,135
18400,opportunity,discovery,0.23,0,0,100,0,5,135
18410,opportunity,discovery,0.23,0,0,100,0,6,135
18420,opportunity,discovery,0.23,0,0,100,0,6,135
18430,peak,discovery,0.266,0.13,0.004,100,1,5,136
18440,peak,discovery,0.446,0.443417,0.025391,100,1,5,136
18450,peak,discovery,0.594164,0.480167,0.048637,100,1,6,136
18460,peak,discovery,0.591161,0.470542,0.073658,100,1,5,137
18470,peak,discovery,0.588147,0.480167,0.098779,100,1,5,137
18480,aftermath,discovery,0.237241,0.480167,0.124672,100,1,5,137
18490,aftermath,discovery,0.081932,0.470542,0.150567,100,1,5,137
18500,aftermath,discovery,0.078812,0.480167,0.176563,100,1,6,137
18510,aftermath,discovery,0.0756,0.480167,0.203331,100,1,6,137
18520,aftermath,discovery,0.072388,0.470542,0.230102,100,1,6,137
18530,aftermath,discovery,0.069163,0.480167,0.256973,100,1,6,137
18540,aftermath,discovery,0.066211,0.4055,0.281571,100,0,7,137
18550,aftermath,discovery,0.077121,0.1255,0.190662,100,0,7,137
18560,aftermath,discovery,0.08803,0,0.099753,100,0,7,137
18570,aftermath,discovery,0.098939,0,0.008844,100,0,7,137
18580,quiet,hunt,0.08,0,0,100,0,7,137
18590,quiet,hunt,0.08,0,0,100,0,7,138
18600,quiet,hunt,0.08,0,0,100,0,7,138
18610,quiet,hunt,0.08,0,0,100,0,7,138
18620,quiet,hunt,0.08,0,0,100,0,7,138
18630,opportunity,hunt,0.116,0,0,100,0,8,138
18640,opportunity,hunt,0.23,0,0,100,0,8,138
18650,opportunity,hunt,0.23,0,0,100,0,8,138
18660,opportunity,hunt,0.23,0,0,100,0,8,138
18670,opportunity,hunt,0.23,0,0,100,0,8,138
18680,opportunity,hunt,0.23,0,0,100,0,8,139
18690,opportunity,hunt,0.23,0,0,100,0,8,139
18700,opportunity,hunt,0.23,0,0,100,0,8,139
18710,opportunity,hunt,0.23,0,0,100,0,8,139
18720,peak,hunt,0.356,0.39,0.012116,100,1,8,140
18730,peak,hunt,0.536,0.443417,0.033855,100,1,8,140
18740,peak,hunt,0.593092,0.480167,0.057565,100,1,8,140
18750,peak,hunt,0.590048,0.480167,0.082933,100,1,8,140
18760,peak,hunt,0.587004,0.470542,0.108303,100,1,8,140
18770,peak,hunt,0.583947,0.480167,0.133774,100,1,8,141
18780,peak,hunt,0.580798,0.480167,0.160018,100,1,8,141
18790,aftermath,hunt,0.527949,0.470542,0.186263,100,1,8,141
18800,aftermath,hunt,0.074487,0.480167,0.212609,100,1,8,141
18810,aftermath,hunt,0.071233,0.480167,0.239727,100,1,9,141
18820,aftermath,hunt,0.06804,0.442542,0.266337,100,0,9,141
18830,aftermath,hunt,0.067993,0.359125,0.266729,100,0,9,141
18840,aftermath,hunt,0.078902,0.079125,0.17582,100,0,9,141
18850,aftermath,hunt,0.089811,0,0.084911,100,0,9,141
18860,aftermath,hunt,0.1,0,0,100,0,10,141
18870,aftermath,hunt,0.1,0,0,100,0,10,141
18880,aftermath,hunt,0.1,0,0,100,0,10,141
18890,quiet,discovery,0.08,0,0,100,0,10,141
18900,quiet,discovery,0.08,0,0,100,0,11,141
18910,quiet,discovery,0.08,0,0,100,0,11,141
18920,quiet,discovery,0.08,0,0,100,0,11,141
18930,quiet,discovery,0.08,0,0,100,0,11,141
18940,quiet,discovery,0.08,0,0,100,0,11,141
18950,quiet,discovery,0.08,0,0,100,0,11,142
18960,quiet,discovery,0.08,0,0,100,0,11,142
18970,quiet,discovery,0.08,0,0,100,0,11,142
18980,opportunity,discovery,0.224,0,0,100,0,11,142
18990,opportunity,discovery,0.23,0,0,100,0,12,142
19000,opportunity,discovery,0.23,0,0,100,0,12,142
19010,opportunity,discovery,0.23,0,0,100,0,12,142
19020,opportunity,discovery,0.23,0,0,100,0,12,142
19030,opportunity,discovery,0.23,0,0,100,0,12,142
19040,peak,discovery,0.338,0.39,0.012348,100,1,12,143
19050,peak,discovery,0.518,0.461792,0.034435,100,1,12,143
19060,peak,discovery,0.617993,0.461792,0.058394,100,1,11,144
19070,peak,discovery,0.614999,0.480167,0.08334,100,1,11,144
19080,aftermath,discovery,0.562217,0.480167,0.109058,100,1,12,144
19090,aftermath,discovery,0.083827,0.470542,0.134778,100,1,12,144
19100,aftermath,discovery,0.080728,0.480167,0.160599,100,1,12,144
19110,aftermath,discovery,0.077537,0.480167,0.187193,100,1,12,144
19120,aftermath,discovery,0.074345,0.470542,0.213788,100,1,12,144
19130,aftermath,discovery,0.071142,0.480167,0.240484,100,1,12,145
19140,aftermath,discovery,0.067921,0.442542,0.267326,100,0,12,145
19150,aftermath,discovery,0.070611,0.303125,0.244912,100,0,12,145
19160,aftermath,discovery,0.08152,0.023125,0.154003,100,0,12,145
19170,aftermath,discovery,0.092429,0,0.063094,100,0,13,145
19180,aftermath,discovery,0.1,0,0,100,0,13,145
19190,aftermath,discovery,0.1,0,0,100,0,13,145
19200,quiet,voyage,0.08,0,0,100,0,13,145
19210,quiet,voyage,0.08,0,0,100,0,13,145
19220,quiet,voyage,0.08,0,0,100,0,13,146
19230,quiet,voyage,0.08,0,0,100,0,13,146
19240,quiet,voyage,0.08,0,0,100,0,13,146
19250,quiet,voyage,0.08,0,0,100,0,13,146
19260,quiet,voyage,0.08,0,0,100,0,14,146
19270,opportunity,voyage,0.23,0,0,100,0,14,146
19280,opportunity,voyage,0.23,0,0,100,0,14,146
19290,opportunity,voyage,0.23,0,0,100,0,14,146
19300,opportunity,voyage,0.23,0,0,100,0,14,146
19310,opportunity,voyage,0.23,0,0,100,0,14,147
19320,peak,voyage,0.284,0.195,0.006116,100,1,13,148
19330,peak,voyage,0.464,0.443417,0.027855,100,1,13,148
19340,peak,voyage,0.618812,0.480167,0.051565,100,1,13,148
19350,peak,voyage,0.615768,0.480167,0.076933,100,1,14,148
19360,peak,voyage,0.612724,0.470542,0.102303,100,1,14,148
19370,peak,voyage,0.609667,0.480167,0.127774,100,1,14,148
19380,aftermath,voyage,0.457468,0.480167,0.154018,100,1,14,148
19390,aftermath,voyage,0.078368,0.470542,0.180263,100,1,14,148
19400,aftermath,voyage,0.075207,0.480167,0.206609,100,1,15,148
19410,aftermath,voyage,0.071953,0.480167,0.233727,100,1,15,148
19420,aftermath,voyage,0.068698,0.470542,0.260847,100,1,15,148
19430,aftermath,voyage,0.068612,0.359125,0.261567,100,0,15,148
19440,aftermath,voyage,0.079521,0.079125,0.170658,100,0,16,148
19450,aftermath,voyage,0.09043,0,0.079749,100,0,16,148
19460,aftermath,voyage,0.1,0,0,100,0,16,148
19470,aftermath,voyage,0.1,0,0,100,0,16,148
19480,aftermath,voyage,0.1,0,0,100,0,16,148
19490,quiet,discovery,0.08,0,0,100,0,17,148
19500,recovery,discovery,0.03,0.065,0.003513,100,0,17,148
19510,recovery,discovery,0.025384,0.633,0.038467,100,0,17,148
19520,recovery,discovery,0.03,0.409,0,100,0,17,148
19530,recovery,discovery,0.03,0.245,0,100,0,18,148
19540,recovery,discovery,0.03,0,0,100,0,17,149
19550,recovery,discovery,0.03,0,0,100,0,17,149
19560,recovery,discovery,0.03,0,0,100,0,17,149
19570,recovery,discovery,0.03,0,0,100,0,17,149
19580,recovery,discovery,0.03,0,0,100,0,17,150
19590,aftermath,discovery,0.048,0,0,100,0,17,150
19600,aftermath,discovery,0.1,0,0,100,0,17,150
19610,aftermath,discovery,0.1,0,0,100,0,17,150
19620,aftermath,discovery,0.1,0,0,100,0,18,150
19630,aftermath,discovery,0.1,0,0,100,0,18,150
19640,aftermath,discovery,0.1,0,0,100,0,18,150
19650,aftermath,discovery,0.1,0,0,100,0,18,150
19660,aftermath,discovery,0.1,0,0,100,0,18,150
19670,aftermath,discovery,0.1,0,0,100,0,18,151
19680,aftermath,discovery,0.1,0,0,100,0,18,151
19690,aftermath,discovery,0.1,0,0,100,0,18,151
19700,suspended:docked,discovery,,0,0,100,0,18,151
19710,suspended:docked,discovery,,0,0,100,0,19,151
19720,suspended:docked,discovery,,0,0,100,0,19,151
19730,suspended:docked,discovery,,0,0,100,0,19,151
19740,aftermath,discovery,0.08,0,0,100,0,19,151
19750,quiet,hunt,0.08,0,0,100,0,19,151
19760,quiet,hunt,0.08,0,0,100,0,20,151
19770,quiet,hunt,0.08,0,0,100,0,20,151
19780,quiet,hunt,0.08,0,0,100,0,20,151
19790,quiet,hunt,0.08,0,0,100,0,20,151
19800,peak,hunt,0.242,0.325,0.010116,100,1,20,152
19810,peak,hunt,0.422,0.443417,0.031855,100,1,20,152
19820,peak,hunt,0.602,0.480167,0.055565,100,1,20,152
19830,peak,hunt,0.640288,0.480167,0.080933,100,1,20,152
19840,peak,hunt,0.637244,0.470542,0.106303,100,1,20,152
19850,peak,hunt,0.634187,0.480167,0.131774,100,1,20,152
19860,peak,hunt,0.631038,0.480167,0.158018,100,1,20,152
19870,peak,hunt,0.627888,0.470542,0.184263,100,1,20,152
19880,aftermath,hunt,0.127888,0.480167,0.210609,100,1,20,152
19890,aftermath,hunt,0.071473,0.480167,0.237727,100,1,20,152
19900,aftermath,hunt,0.068249,0.470542,0.264594,100,0,20,152
19910,aftermath,hunt,0.068199,0.359125,0.265012,100,0,20,152
19920,aftermath,hunt,0.079108,0.079125,0.174103,100,0,20,152
19930,aftermath,hunt,0.090017,0,0.083193,100,0,20,152
19940,aftermath,hunt,0.1,0,0,100,0,20,152
19950,aftermath,hunt,0.1,0,0,100,0,20,152
19960,aftermath,hunt,0.1,0,0,100,0,20,152
19970,aftermath,hunt,0.1,0,0,100,0,20,152
19980,aftermath,hunt,0.1,0,0,100,0,20,152
19990,aftermath,hunt,0.1,0,0,100,0,19,153
20000,quiet,discovery,0.08,0,0,100,0,19,153
20010,quiet,discovery,0.08,0,0,100,0,19,153
20020,quiet,discovery,0.08,0,0,100,0,19,153
20030,quiet,discovery,0.08,0,0,100,0,20,153
20040,quiet,discovery,0.08,0,0,100,0,20,153
20050,quiet,discovery,0.08,0,0,100,0,20,153
20060,quiet,discovery,0.08,0,0,100,0,20,153
20070,quiet,discovery,0.08,0,0,100,0,20,153
20080,peak,discovery,0.134,0.065,0.002,100,1,19,154
20090,peak,discovery,0.314,0.443417,0.023391,100,1,19,154
20100,peak,discovery,0.494,0.480167,0.046637,100,1,19,154
20110,peak,discovery,0.641401,0.470542,0.071658,100,1,19,154
20120,peak,discovery,0.638387,0.480167,0.096779,100,1,20,154
20130,aftermath,discovery,0.337165,0.480167,0.122672,100,1,20,154
20140,aftermath,discovery,0.082172,0.470542,0.148567,100,1,20,154
20150,aftermath,discovery,0.079052,0.480167,0.174563,100,1,20,154
20160,aftermath,discovery,0.07584,0.480167,0.201331,100,1,20,154
20170,aftermath,discovery,0.072628,0.470542,0.228102,100,1,20,154
20180,aftermath,discovery,0.069403,0.480167,0.254973,100,1,20,154
20190,aftermath,discovery,0.066418,0.4055,0.279847,100,0,20,154
20200,aftermath,discovery,0.077327,0.1255,0.188938,100,0,20,154
20210,aftermath,discovery,0.088237,0,0.098029,100,0,20,154
20220,aftermath,discovery,0.099146,0,0.00712,100,0,20,154
20230,aftermath,discovery,0.1,0,0,100,0,20,154
20240,aftermath,discovery,0.1,0,0,100,0,20,154
20250,aftermath,discovery,0.1,0,0,100,0,20,154
20260,quiet,voyage,0.08,0,0,100,0,20,154
20270,quiet,voyage,0.08,0,0,100,0,20,154
20280,quiet,voyage,0.08,0,0,100,0,20,154
20290,quiet,voyage,0.08,0,0,100,0,20,154
20300,quiet,voyage,0.08,0,0,100,0,20,154
20310,quiet,voyage,0.08,0,0,100,0,20,154
20320,opportunity,voyage,0.116,0,0,100,0,20,154
20330,opportunity,voyage,0.23,0,0,100,0,20,154
20340,opportunity,voyage,0.23,0,0,100,0,20,154
20350,opportunity,voyage,0.23,0,0,100,0,20,154
20360,opportunity,voyage,0.23,0,0,100,0,20,154
20370,opportunity,voyage,0.23,0,0,100,0,20,154
20380,opportunity,voyage,0.23,0,0,100,0,20,154
20390,opportunity,voyage,0.23,0,0,100,0,20,154
20400,peak,voyage,0.302,0.26,0.008116,100,1,19,155
20410,peak,voyage,0.482,0.443417,0.029855,100,1,19,155
20420,peak,voyage,0.593572,0.480167,0.053565,100,1,19,155
20430,peak,voyage,0.590528,0.480167,0.078933,100,1,20,155
20440,peak,voyage,0.587484,0.470542,0.104303,100,1,19,156
20450,peak,voyage,0.584427,0.480167,0.129774,100,1,19,156
20460,aftermath,voyage,0.382548,0.480167,0.156018,100,1,19,156
20470,aftermath,voyage,0.078128,0.470542,0.182263,100,1,19,156
20480,aftermath,voyage,0.074967,0.480167,0.208609,100,1,19,157
20490,aftermath,voyage,0.071713,0.480167,0.235727,100,1,19,157
20500,aftermath,voyage,0.068458,0.470542,0.262847,100,1,19,157
20510,aftermath,voyage,0.068405,0.359125,0.263291,100,0,19,157
20520,aftermath,voyage,0.079314,0.079125,0.172382,100,0,20,157
20530,aftermath,voyage,0.090223,0,0.081473,100,0,19,158
20540,aftermath,voyage,0.1,0,0,100,0,19,158
20550,quiet,discovery,0.08,0,0,100,0,19,158
20560,quiet,discovery,0.08,0,0,100,0,19,158
20570,quiet,discovery,0.08,0,0,100,0,20,158
20580,quiet,discovery,0.08,0,0,100,0,20,158
20590,quiet,discovery,0.08,0,0,100,0,20,158
20600,quiet,discovery,0.08,0,0,100,0,20,158
20610,quiet,discovery,0.08,0,0,100,0,20,158
20620,quiet,discovery,0.08,0,0,100,0,20,158
20630,quiet,discovery,0.08,0,0,100,0,20,158
20640,opportunity,discovery,0.206,0,0,100,0,20,158
20650,opportunity,discovery,0.23,0,0,100,0,20,158
20660,opportunity,discovery,0.23,0,0,100,0,20,158
20670,opportunity,discovery,0.23,0,0,100,0,20,158
20680,opportunity,discovery,0.23,0,0,100,1,19,159
20690,peak,discovery,0.41,0.443417,0.021391,100,1,19,159
20700,peak,discovery,0.59,0.480167,0.044638,100,1,20,159
20710,peak,discovery,0.591641,0.470542,0.069658,100,1,20,159
20720,peak,discovery,0.588627,0.480167,0.094779,100,1,20,159
20730,aftermath,discovery,0.337089,0.480167,0.120672,100,1,20,159
20740,aftermath,discovery,0.082412,0.470542,0.146567,100,1,20,159
20750,aftermath,discovery,0.079292,0.480167,0.172563,100,1,20,159
20760,aftermath,discovery,0.07608,0.480167,0.199331,100,1,20,159
20770,aftermath,discovery,0.072868,0.470542,0.226102,100,1,20,159
20780,aftermath,discovery,0.069643,0.480167,0.252973,100,1,20,159
20790,aftermath,discovery,0.066528,0.423875,0.278931,100,0,20,159
20800,aftermath,discovery,0.069215,0.303125,0.256544,100,0,20,159
20810,aftermath,discovery,0.080124,0.023125,0.165635,100,0,20,159
20820,aftermath,discovery,0.091033,0,0.074726,100,0,20,159
20830,aftermath,discovery,0.1,0,0,100,0,20,159
20840,quiet,hunt,0.08,0,0,100,0,20,159
20850,quiet,hunt,0.08,0,0,100,0,20,159
20860,quiet,hunt,0.08,0,0,100,0,20,159
20870,quiet,hunt,0.08,0,0,100,0,20,159
20880,quiet,hunt,0.08,0,0,100,0,20,159
20890,opportunity,hunt,0.23,0,0,100,0,20,159
20900,opportunity,hunt,0.23,0,0,100,0,20,159
20910,opportunity,hunt,0.23,0,0,100,0,20,159
20920,opportunity,hunt,0.23,0,0,100,0,20,159
20930,opportunity,hunt,0.23,0,0,100,0,20,159
20940,opportunity,hunt,0.23,0,0,100,0,20,159
20950,opportunity,hunt,0.23,0,0,100,0,20,159
20960,opportunity,hunt,0.23,0,0,100,0,20,159
20970,build,hunt,0.32,0,0,100,1,19,160
20980,peak,hunt,0.5,0.425042,0.02058,100,1,19,160
20990,peak,hunt,0.619824,0.461792,0.04313,100,1,19,160
21000,peak,hunt,0.616908,0.480167,0.067438,100,1,19,160
21010,peak,hunt,0.613884,0.470542,0.092633,100,1,19,160
21020,peak,hunt,0.610849,0.480167,0.117929,100,1,20,160
21030,peak,hunt,0.60772,0.480167,0.143997,100,1,20,160
21040,peak,hunt,0.604592,0.470542,0.170067,100,1,20,160
21050,aftermath,hunt,0.353044,0.480167,0.196238,100,1,20,160
21060,aftermath,hunt,0.073218,0.480167,0.223181,100,1,20,160
21070,aftermath,hunt,0.069985,0.470542,0.250127,100,1,20,160
21080,aftermath,hunt,0.066969,0.415125,0.275256,100,0,20,160
21090,aftermath,hunt,0.072403,0.247125,0.229972,100,0,20,160
21100,aftermath,hunt,0.083312,0,0.139063,100,0,20,160
21110,aftermath,hunt,0.094222,0,0.048154,100,0,20,160
21120,aftermath,hunt,0.1,0,0,100,0,20,160
21130,aftermath,hunt,0.1,0,0,100,0,20,160
21140,aftermath,hunt,0.1,0,0,100,0,20,160
21150,aftermath,hunt,0.1,0,0,100,0,20,160
21160,quiet,discovery,0.08,0,0,100,0,20,160
21170,quiet,discovery,0.08,0,0,100,0,20,160
21180,quiet,discovery,0.08,0,0,100,0,20,160
21190,quiet,discovery,0.08,0,0,100,0,20,160
21200,quiet,discovery,0.08,0,0,100,0,20,160
21210,quiet,discovery,0.08,0,0,100,0,20,160
21220,quiet,discovery,0.08,0,0,100,0,20,160
21230,quiet,discovery,0.08,0,0,100,0,20,160
21240,quiet,discovery,0.08,0,0,100,0,20,160
21250,peak,discovery,0.26,0.425042,0.01858,100,1,19,161
21260,peak,discovery,0.44,0.461792,0.04113,100,1,19,161
21270,peak,discovery,0.617148,0.480167,0.065437,100,1,19,161
21280,peak,discovery,0.614124,0.470542,0.090633,100,1,19,161
21290,aftermath,discovery,0.412326,0.480167,0.115929,100,1,20,161
21300,aftermath,discovery,0.08296,0.480167,0.141997,100,1,20,161
21310,aftermath,discovery,0.079832,0.470542,0.168067,100,1,20,161
21320,aftermath,discovery,0.076691,0.480167,0.194238,100,1,20,161
21330,aftermath,discovery,0.073458,0.480167,0.221181,100,1,20,161
21340,aftermath,discovery,0.070225,0.470542,0.248127,100,1,20,161
21350,aftermath,discovery,0.067177,0.415125,0.273526,100,0,20,161
21360,aftermath,discovery,0.072609,0.247125,0.228254,100,0,20,161
21370,aftermath,discovery,0.083519,0,0.137345,100,0,20,161
21380,aftermath,discovery,0.094428,0,0.046436,100,0,20,161
21390,aftermath,discovery,0.1,0,0,100,0,20,161
21400,aftermath,discovery,0.1,0,0,100,0,20,161
21410,quiet,voyage,0.08,0,0,100,0,20,161
21420,quiet,voyage,0.08,0,0,100,0,20,161
21430,quiet,voyage,0.08,0,0,100,0,20,161
21440,quiet,voyage,0.08,0,0,100,0,20,161
21450,quiet,voyage,0.08,0,0,100,0,20,161
21460,quiet,voyage,0.08,0,0,100,0,20,161
21470,opportunity,voyage,0.116,0,0,100,1,19,162
21480,peak,voyage,0.296,0.443417,0.020928,100,1,19,162
21490,peak,voyage,0.476,0.461792,0.043826,100,1,19,162
21500,suspended:docked,voyage,,0.498542,0.066116,100,1,19,162
21510,suspended:docked,voyage,,0.498542,0.066116,100,1,20,162
21520,suspended:docked,voyage,,0.498542,0.066116,100,1,20,162
21530,suspended:docked,voyage,,0.498542,0.066116,100,1,20,162
21540,peak,voyage,0.588,0.470542,0.068326,100,1,20,162
21550,peak,voyage,0.088,0.425042,0.091005,100,1,20,162
21560,peak,voyage,0.116,0.461792,0.115656,100,1,20,162
21570,peak,voyage,0.296,0.480167,0.142063,100,1,20,162
21580,aftermath,voyage,0.079935,0.4055,0.167211,100,0,20,162
21590,aftermath,voyage,0.088129,0.17275,0.098923,100,0,20,162
21600,aftermath,voyage,0.099038,0,0.008014,100,0,20,162
21610,aftermath,voyage,0.1,0,0,100,0,20,162
21620,aftermath,voyage,0.1,0,0,100,0,20,162
21630,aftermath,voyage,0.1,0,0,100,0,20,162
21640,aftermath,voyage,0.1,0,0,100,0,20,162
21650,aftermath,voyage,0.1,0,0,100,0,20,162
21660,aftermath,voyage,0.1,0,0,100,0,20,162
21670,aftermath,voyage,0.1,0,0,100,0,20,162
21680,aftermath,voyage,0.1,0,0,100,0,20,162
21690,quiet,discovery,0.08,0,0,100,0,20,162
21700,quiet,discovery,0.08,0,0,100,0,20,162
21710,quiet,discovery,0.08,0,0,100,0,20,162
21720,quiet,discovery,0.08,0,0,100,0,20,162
21730,quiet,discovery,0.08,0,0,100,0,20,162
21740,quiet,discovery,0.08,0,0,100,0,20,162
21750,quiet,discovery,0.08,0,0,100,0,20,162
21760,quiet,discovery,0.08,0,0,100,0,20,162
21770,quiet,discovery,0.08,0,0,100,0,20,162
21780,opportunity,discovery,0.23,0,0,100,0,20,162
21790,opportunity,discovery,0.23,0,0,100,0,20,162
21800,opportunity,discovery,0.23,0,0,100,0,20,162
21810,opportunity,discovery,0.23,0,0,100,0,20,162
21820,opportunity,discovery,0.23,0,0,100,0,20,162
21830,opportunity,discovery,0.23,0,0,100,0,20,162
21840,opportunity,discovery,0.23,0,0,100,0,20,162
21850,peak,discovery,0.374,0.425042,0.01658,100,1,19,163
21860,peak,discovery,0.554,0.461792,0.03913,100,1,19,163
21870,peak,discovery,0.642388,0.480167,0.063437,100,1,20,163
21880,peak,discovery,0.639364,0.470542,0.088633,100,1,20,163
21890,aftermath,discovery,0.487264,0.480167,0.113929,100,1,20,163
21900,aftermath,discovery,0.0832,0.480167,0.139997,100,1,20,163
21910,aftermath,discovery,0.080072,0.470542,0.166067,100,1,20,163
21920,aftermath,discovery,0.076931,0.480167,0.192238,100,1,20,163
21930,aftermath,discovery,0.073698,0.480167,0.219181,100,1,20,163
21940,aftermath,discovery,0.070465,0.470542,0.246127,100,1,20,163
21950,aftermath,discovery,0.067385,0.415125,0.271792,100,0,20,163
21960,aftermath,discovery,0.072816,0.247125,0.226533,100,0,20,163
21970,aftermath,discovery,0.083725,0,0.135624,100,0,20,163
21980,aftermath,discovery,0.094634,0,0.044715,100,0,20,163
21990,aftermath,discovery,0.1,0,0,100,0,20,163
22000,aftermath,discovery,0.1,0,0,100,0,20,163
22010,aftermath,discovery,0.1,0,0,100,0,20,163
22020,quiet,hunt,0.08,0,0,100,0,20,163
22030,quiet,hunt,0.08,0,0,100,0,20,163
22040,quiet,hunt,0.08,0,0,100,0,20,163
22050,quiet,hunt,0.08,0,0,100,0,20,163
22060,quiet,hunt,0.08,0,0,100,0,20,163
22070,opportunity,hunt,0.152,0,0,100,0,20,163
22080,peak,hunt,0.332,0.443417,0.016927,100,1,19,164
22090,peak,hunt,0.512,0.461792,0.039826,100,1,19,164
22100,peak,hunt,0.592248,0.480167,0.064597,100,1,20,164
22110,peak,hunt,0.589183,0.480167,0.09014,100,1,20,164
22120,peak,hunt,0.586118,0.470542,0.115685,100,1,20,164
22130,peak,hunt,0.58304,0.480167,0.141331,100,1,20,164
22140,peak,hunt,0.57987,0.480167,0.167749,100,1,20,164
22150,aftermath,hunt,0.427655,0.470542,0.19417,100,1,20,164
22160,aftermath,hunt,0.073517,0.480167,0.220691,100,1,20,164
22170,aftermath,hunt,0.070242,0.480167,0.247984,100,1,20,164
22180,aftermath,hunt,0.06709,0.423875,0.274247,100,0,20,164
22190,aftermath,hunt,0.067033,0.359125,0.274726,100,0,20,164
22200,aftermath,hunt,0.077942,0.079125,0.183817,100,0,20,164
22210,aftermath,hunt,0.088851,0,0.092908,100,0,20,164
22220,aftermath,hunt,0.09976,0,0.001999,100,0,20,164
22230,aftermath,hunt,0.1,0,0,100,0,20,164
22240,aftermath,hunt,0.1,0,0,100,0,20,164
22250,quiet,discovery,0.08,0,0,100,0,20,164
22260,quiet,discovery,0.08,0,0,100,0,20,164
22270,quiet,discovery,0.08,0,0,100,0,20,164
22280,quiet,discovery,0.08,0,0,100,0,20,164
22290,quiet,discovery,0.08,0,0,100,0,20,164
22300,quiet,discovery,0.08,0,0,100,0,20,164
22310,quiet,discovery,0.08,0,0,100,0,20,164
22320,quiet,discovery,0.08,0,0,100,0,20,164
22330,quiet,discovery,0.08,0,0,100,0,20,164
22340,opportunity,discovery,0.23,0,0,100,0,20,164
22350,opportunity,discovery,0.23,0,0,100,0,20,164
22360,opportunity,discovery,0.23,0,0,100,0,20,164
22370,opportunity,discovery,0.23,0,0,100,0,20,164
22380,opportunity,discovery,0.23,0,0,100,0,20,164
22390,opportunity,discovery,0.23,0,0,100,0,20,164
22400,opportunity,discovery,0.23,0,0,100,0,20,164
22410,opportunity,discovery,0.23,0,0,100,0,20,164
22420,opportunity,discovery,0.23,0,0,100,0,20,164
22430,opportunity,discovery,0.23,0,0,100,0,20,164
22440,opportunity,discovery,0.23,0,0,100,0,20,164
22450,peak,discovery,0.338,0.39,0.01258,100,1,19,165
22460,peak,discovery,0.518,0.461792,0.03513,100,1,20,165
22470,peak,discovery,0.592868,0.480167,0.059438,100,1,20,165
22480,peak,discovery,0.589844,0.470542,0.084633,100,1,20,165
22490,aftermath,discovery,0.537113,0.480167,0.109929,100,1,20,165
22500,aftermath,discovery,0.08368,0.480167,0.135997,100,1,20,165
22510,aftermath,discovery,0.080552,0.470542,0.162067,100,1,20,165
22520,aftermath,discovery,0.077411,0.480167,0.188238,100,1,20,165
22530,aftermath,discovery,0.074178,0.480167,0.215181,100,1,20,165
22540,aftermath,discovery,0.070945,0.470542,0.242127,100,1,20,165
22550,aftermath,discovery,0.06776,0.442542,0.268663,100,0,20,165
22560,aftermath,discovery,0.064863,0.4055,0.29281,100,0,20,165
22570,aftermath,discovery,0.075772,0.1255,0.201901,100,0,20,165
22580,aftermath,discovery,0.086681,0,0.110991,100,0,20,165
22590,aftermath,discovery,0.09759,0,0.020082,100,0,20,165
22600,quiet,voyage,0.08,0,0,100,0,20,165
22610,quiet,voyage,0.08,0,0,100,0,20,165
22620,quiet,voyage,0.08,0,0,100,0,20,165
22630,quiet,voyage,0.08,0,0,100,0,20,165
22640,quiet,voyage,0.08,0,0,100,0,20,165
22650,quiet,voyage,0.08,0,0,100,0,20,165
22660,opportunity,voyage,0.098,0,0,100,0,20,165
22670,opportunity,voyage,0.23,0,0,100,0,20,165
22680,peak,voyage,0.356,0.443417,0.014927,100,1,20,166
22690,peak,voyage,0.536,0.461792,0.037826,100,1,20,166
22700,peak,voyage,0.617488,0.480167,0.062597,100,1,20,166
22710,peak,voyage,0.614423,0.480167,0.08814,100,1,20,166
22720,peak,voyage,0.611358,0.470542,0.113685,100,1,20,166
22730,peak,voyage,0.60828,0.480167,0.139331,100,1,20,166
22740,aftermath,voyage,0.257356,0.480167,0.165749,100,1,20,166
22750,aftermath,voyage,0.07694,0.470542,0.19217,100,1,20,166
22760,aftermath,voyage,0.073757,0.480167,0.218691,100,1,20,166
22770,aftermath,voyage,0.070482,0.480167,0.245984,100,1,20,166
22780,aftermath,voyage,0.067299,0.423875,0.27251,100,0,20,166
22790,aftermath,voyage,0.067238,0.359125,0.273015,100,0,20,166
22800,aftermath,voyage,0.078147,0.079125,0.182106,100,0,20,166
22810,aftermath,voyage,0.089056,0,0.091197,100,0,20,166
22820,aftermath,voyage,0.099965,0,0.000288,100,0,20,166
22830,aftermath,voyage,0.1,0,0,100,0,20,166
22840,quiet,discovery,0.08,0,0,100,0,20,166
22850,quiet,discovery,0.08,0,0,100,0,20,166
22860,quiet,discovery,0.08,0,0,100,0,20,166
22870,quiet,discovery,0.08,0,0,100,0,20,166
22880,quiet,discovery,0.08,0,0,100,0,20,166
22890,quiet,discovery,0.08,0,0,100,0,20,166
22900,quiet,discovery,0.08,0,0,100,0,20,166
22910,quiet,discovery,0.08,0,0,100,0,20,166
22920,quiet,discovery,0.08,0,0,100,0,20,166
22930,opportunity,discovery,0.224,0,0,100,0,20,166
22940,opportunity,discovery,0.23,0,0,100,0,20,166
22950,opportunity,discovery,0.23,0,0,100,0,20,166
22960,opportunity,discovery,0.23,0,0,100,0,20,166
22970,opportunity,discovery,0.23,0,0,100,0,20,166
22980,opportunity,discovery,0.23,0,0,100,0,20,166
22990,opportunity,discovery,0.23,0,0,100,0,20,166
23000,opportunity,discovery,0.23,0,0,100,0,20,166
23010,opportunity,discovery,0.23,0,0,100,0,20,166
23020,opportunity,discovery,0.23,0,0,100,0,20,166
23030,opportunity,discovery,0.23,0,0,100,0,20,166
23040,opportunity,discovery,0.23,0,0,100,0,20,166
23050,peak,discovery,0.32,0.325,0.01058,100,1,19,167
23060,peak,discovery,0.5,0.461792,0.03313,100,1,19,167
23070,peak,discovery,0.618108,0.480167,0.057437,100,1,19,167
23080,peak,discovery,0.615084,0.470542,0.082633,100,1,19,167
23090,peak,discovery,0.612049,0.480167,0.107929,100,1,19,168
23100,recovery,discovery,0.112049,0.563542,0.135719,100,1,19,168
23110,recovery,discovery,0.02,0.743542,0.179015,100,1,19,168
23120,recovery,discovery,0.02,0.753167,0.222411,100,1,19,168
23130,recovery,discovery,0.02,0.744342,0.265221,95.5,1,20,168
23140,recovery,discovery,0.02,0.476942,0.295392,92,1,19,169
23150,recovery,discovery,0.02,0.482542,0.326002,85.12,0,19,169
23160,recovery,discovery,0.02,0.41654,0.354165,86.32,0,19,169
23170,recovery,discovery,0.02,0.13654,0.263256,87.52,0,19,169
23180,recovery,discovery,0.02,0.009024,0.172347,88.72,0,19,170
23190,aftermath,discovery,0.038,0.008064,0.081438,89.92,0,19,170
23200,aftermath,discovery,0.1,0.007104,0,91.12,0,19,170
23210,aftermath,discovery,0.1,0.006144,0,92.32,0,19,170
23220,aftermath,discovery,0.1,0.005184,0,93.52,0,20,170
23230,aftermath,discovery,0.1,0.004224,0,94.72,0,19,171
23240,aftermath,discovery,0.1,0.003264,0,95.92,0,19,171
23250,aftermath,discovery,0.1,0.002304,0,97.12,0,19,171
23260,aftermath,discovery,0.1,0.001344,0,98.32,0,19,171
23270,aftermath,discovery,0.1,0.000384,0,99.52,0,20,171
23280,aftermath,discovery,0.1,0,0,100,0,20,171
23290,aftermath,discovery,0.1,0,0,100,0,20,171
23300,suspended:docked,discovery,,0,0,100,0,20,171
23310,suspended:docked,discovery,,0,0,100,0,20,171
23320,suspended:docked,discovery,,0,0,100,0,20,171
23330,suspended:docked,discovery,,0,0,100,0,20,171
23340,aftermath,discovery,0.08,0,0,100,0,20,171
23350,quiet,hunt,0.08,0,0,100,0,20,171
23360,quiet,hunt,0.08,0,0,100,0,20,171
23370,quiet,hunt,0.08,0,0,100,0,20,171
23380,quiet,hunt,0.08,0,0,100,0,20,171
23390,quiet,hunt,0.08,0,0,100,0,20,171
23400,peak,hunt,0.17,0.26,0.008116,100,1,20,172
23410,peak,hunt,0.35,0.443417,0.029855,100,1,20,172
23420,peak,hunt,0.53,0.480167,0.053565,100,1,20,172
23430,peak,hunt,0.640528,0.480167,0.078933,100,1,20,172
23440,peak,hunt,0.637484,0.470542,0.104303,100,1,20,172
23450,peak,hunt,0.634427,0.480167,0.129774,100,1,20,172
23460,peak,hunt,0.631278,0.480167,0.156018,100,1,20,172
23470,peak,hunt,0.628128,0.470542,0.182263,100,1,20,172
23480,aftermath,hunt,0.177828,0.480167,0.208609,100,1,20,172
23490,aftermath,hunt,0.071713,0.480167,0.235727,100,1,20,172
23500,aftermath,hunt,0.068458,0.470542,0.262847,100,1,20,172
23510,aftermath,hunt,0.068405,0.359125,0.263291,100,0,20,172
23520,aftermath,hunt,0.079314,0.079125,0.172382,100,0,20,172
23530,aftermath,hunt,0.090223,0,0.081473,100,0,20,172
23540,aftermath,hunt,0.1,0,0,100,0,20,172
23550,aftermath,hunt,0.1,0,0,100,0,20,172
23560,aftermath,hunt,0.1,0,0,100,0,20,172
23570,aftermath,hunt,0.1,0,0,100,0,20,172
23580,aftermath,hunt,0.1,0,0,100,0,20,172
23590,aftermath,hunt,0.1,0,0,100,0,20,172
23600,quiet,discovery,0.08,0,0,100,0,20,172
23610,quiet,discovery,0.08,0,0,100,0,20,172
23620,quiet,discovery,0.08,0,0,100,0,20,172
23630,quiet,discovery,0.08,0,0,100,0,20,172
23640,quiet,discovery,0.08,0,0,100,0,20,172
23650,quiet,discovery,0.08,0,0,100,0,20,172
23660,quiet,discovery,0.08,0,0,100,0,20,172
23670,quiet,discovery,0.08,0,0,100,0,20,172
23680,opportunity,discovery,0.116,0,0,100,1,19,173
23690,peak,discovery,0.296,0.443417,0.021391,100,1,19,173
23700,peak,discovery,0.476,0.480167,0.044638,100,1,19,173
23710,peak,discovery,0.641641,0.470542,0.069658,100,1,19,173
23720,peak,discovery,0.638627,0.480167,0.094779,100,1,19,174
23730,aftermath,discovery,0.387089,0.480167,0.120672,100,1,19,174
23740,aftermath,discovery,0.082412,0.470542,0.146567,100,1,19,174
23750,aftermath,discovery,0.079292,0.480167,0.172563,100,1,19,174
23760,aftermath,discovery,0.07608,0.480167,0.199331,100,1,20,174
23770,aftermath,discovery,0.072868,0.470542,0.226102,100,1,19,175
23780,aftermath,discovery,0.069643,0.480167,0.252973,100,1,19,175
23790,aftermath,discovery,0.066528,0.423875,0.278931,100,0,19,175
23800,aftermath,discovery,0.069215,0.303125,0.256544,100,0,19,175
23810,aftermath,discovery,0.080124,0.023125,0.165635,100,0,19,176
23820,aftermath,discovery,0.091033,0,0.074726,100,0,19,176
23830,aftermath,discovery,0.1,0,0,100,0,19,176
23840,aftermath,discovery,0.1,0,0,100,0,19,176
23850,aftermath,discovery,0.1,0,0,100,0,20,176
23860,quiet,voyage,0.08,0,0,100,0,19,177
23870,quiet,voyage,0.08,0,0,100,0,19,177
23880,quiet,voyage,0.08,0,0,100,0,19,177
23890,quiet,voyage,0.08,0,0,100,0,19,177
23900,quiet,voyage,0.08,0,0,100,0,19,178
23910,quiet,voyage,0.08,0,0,100,0,19,178
23920,opportunity,voyage,0.098,0,0,100,0,19,178
23930,opportunity,voyage,0.23,0,0,100,0,19,178
23940,opportunity,voyage,0.23,0,0,100,0,20,178
23950,opportunity,voyage,0.23,0,0,100,0,20,178
23960,opportunity,voyage,0.23,0,0,100,0,20,178
23970,opportunity,voyage,0.23,0,0,100,0,20,178
23980,opportunity,voyage,0.23,0,0,100,0,20,178
23990,opportunity,voyage,0.23,0,0,100,0,20,178
24000,peak,voyage,0.266,0.13,0.004116,100,1,19,179
24010,peak,voyage,0.446,0.443417,0.025855,100,1,19,179
24020,peak,voyage,0.594052,0.480167,0.049565,100,1,19,179
24030,peak,voyage,0.591008,0.480167,0.074933,100,1,20,179
24040,peak,voyage,0.587964,0.470542,0.100303,100,1,20,179
24050,peak,voyage,0.584907,0.480167,0.125774,100,1,20,179
24060,aftermath,voyage,0.482388,0.480167,0.152018,100,1,20,179
24070,aftermath,voyage,0.078608,0.470542,0.178263,100,1,20,179
24080,aftermath,voyage,0.075447,0.480167,0.204609,100,1,20,179
24090,aftermath,voyage,0.072193,0.480167,0.231727,100,1,20,179
24100,aftermath,voyage,0.068938,0.470542,0.258847,100,1,20,179
24110,aftermath,voyage,0.065968,0.415125,0.283603,100,0,20,179
24120,aftermath,voyage,0.071396,0.247125,0.238363,100,0,20,179
24130,aftermath,voyage,0.082306,0,0.147454,100,0,20,179
24140,aftermath,voyage,0.093215,0,0.056544,100,0,20,179
24150,aftermath,voyage,0.1,0,0,100,0,20,179
24160,quiet,discovery,0.08,0,0,100,0,20,179
24170,quiet,discovery,0.08,0,0,100,0,20,179
24180,quiet,discovery,0.08,0,0,100,0,20,179
24190,quiet,discovery,0.08,0,0,100,0,20,179
24200,quiet,discovery,0.08,0,0,100,0,20,179
24210,quiet,discovery,0.08,0,0,100,0,20,179
24220,quiet,discovery,0.08,0,0,100,0,20,179
24230,quiet,discovery,0.08,0,0,100,0,20,179
24240,opportunity,discovery,0.17,0,0,100,0,20,179
24250,opportunity,discovery,0.23,0,0,100,0,20,179
24260,opportunity,discovery,0.23,0,0,100,0,20,179
24270,opportunity,discovery,0.23,0,0,100,0,20,179
24280,opportunity,discovery,0.23,0,0,100,0,20,179
24290,peak,discovery,0.32,0.325,0.010348,100,1,19,180
24300,peak,discovery,0.5,0.461792,0.032435,100,1,20,180
24310,peak,discovery,0.593233,0.461792,0.056394,100,1,20,180
24320,peak,discovery,0.590239,0.480167,0.08134,100,1,20,180
24330,peak,discovery,0.587153,0.480167,0.107058,100,1,20,180
24340,aftermath,discovery,0.087153,0.470542,0.132778,100,1,20,180
24350,aftermath,discovery,0.080968,0.480167,0.158599,100,1,20,180
24360,aftermath,discovery,0.077777,0.480167,0.185193,100,1,20,180
24370,aftermath,discovery,0.074585,0.470542,0.211788,100,1,20,180
24380,aftermath,discovery,0.071382,0.480167,0.238484,100,1,20,180
24390,aftermath,discovery,0.06813,0.470542,0.265583,100,0,20,180
24400,aftermath,discovery,0.070817,0.303125,0.243188,100,0,20,180
24410,aftermath,discovery,0.081727,0.023125,0.152279,100,0,20,180
24420,aftermath,discovery,0.092636,0,0.06137,100,0,20,180
24430,aftermath,discovery,0.1,0,0,100,0,20,180
24440,quiet,hunt,0.08,0,0,100,0,20,180
24450,quiet,hunt,0.08,0,0,100,0,20,180
24460,quiet,hunt,0.08,0,0,100,0,20,180
24470,quiet,hunt,0.08,0,0,100,0,20,180
24480,quiet,hunt,0.08,0,0,100,0,20,180
24490,opportunity,hunt,0.17,0,0,100,0,20,180
24500,opportunity,hunt,0.23,0,0,100,0,20,180
24510,opportunity,hunt,0.23,0,0,100,0,20,180
24520,opportunity,hunt,0.23,0,0,100,0,20,180
24530,opportunity,hunt,0.23,0,0,100,0,20,180
24540,opportunity,hunt,0.23,0,0,100,0,20,180
24550,opportunity,hunt,0.23,0,0,100,0,20,180
24560,opportunity,hunt,0.23,0,0,100,0,20,180
24570,opportunity,hunt,0.23,0,0,100,0,20,180
24580,peak,hunt,0.41,0.425042,0.01858,100,1,19,181
24590,peak,hunt,0.59,0.461792,0.04113,100,1,19,181
24600,peak,hunt,0.617148,0.480167,0.065437,100,1,0,181
24610,peak,hunt,0.614124,0.470542,0.090633,100,1,0,181
24620,peak,hunt,0.611089,0.480167,0.115929,100,1,0,181
24630,peak,hunt,0.60796,0.480167,0.141997,100,1,0,181
24640,peak,hunt,0.604832,0.470542,0.168067,100,1,0,181
24650,aftermath,hunt,0.402971,0.480167,0.194238,100,1,0,181
24660,aftermath,hunt,0.073458,0.480167,0.221181,100,1,0,181
24670,aftermath,hunt,0.070225,0.470542,0.248127,100,1,0,181
24680,aftermath,hunt,0.067177,0.415125,0.273526,100,0,0,181
24690,aftermath,hunt,0.072609,0.247125,0.228254,100,0,0,181
24700,aftermath,hunt,0.083519,0,0.137345,100,0,0,181
24710,aftermath,hunt,0.094428,0,0.046436,100,0,0,181
24720,aftermath,hunt,0.1,0,0,100,0,0,181
24730,aftermath,hunt,0.1,0,0,100,0,0,181
24740,aftermath,hunt,0.1,0,0,100,0,0,181
24750,aftermath,hunt,0.1,0,0,100,0,0,181
24760,quiet,discovery,0.08,0,0,100,0,0,181
24770,quiet,discovery,0.08,0,0,100,0,0,181
24780,quiet,discovery,0.08,0,0,100,0,0,181
24790,quiet,discovery,0.08,0,0,100,0,0,181
24800,quiet,discovery,0.08,0,0,100,0,0,181
24810,quiet,discovery,0.08,0,0,100,0,0,181
24820,quiet,discovery,0.08,0,0,100,0,0,181
24830,quiet,discovery,0.08,0,0,100,0,0,181
24840,quiet,discovery,0.08,0,0,100,0,0,181
24850,opportunity,discovery,0.23,0,0,100,0,0,181
24860,opportunity,discovery,0.23,0,0,100,0,0,181
24870,opportunity,discovery,0.23,0,0,100,0,0,181
24880,opportunity,discovery,0.23,0,0,100,0,0,181
24890,opportunity,discovery,0.23,0,0,100,0,0,181
24900,opportunity,discovery,0.23,0,0,100,0,0,181
24910,opportunity,discovery,0.23,0,0,100,0,0,181
24920,opportunity,discovery,0.23,0,0,100,0,0,181
24930,opportunity,discovery,0.23,0,0,100,0,0,181
24940,opportunity,discovery,0.23,0,0,100,0,0,181
24950,opportunity,discovery,0.23,0,0,100,0,0,181
24960,opportunity,discovery,0.23,0,0,100,0,0,181
24970,opportunity,discovery,0.23,0,0,100,0,0,181
24980,opportunity,discovery,0.23,0,0,100,0,0,182
24990,opportunity,discovery,0.23,0,0,100,0,0,182
25000,build,discovery,0.302,0,0,100,0,0,182
25010,build,discovery,0.482,0,0,100,0,0,182
25020,build,discovery,0.485,0,0,100,0,1,182
25030,build,discovery,0.485,0,0,100,0,1,182
25040,build,discovery,0.485,0,0,100,0,1,182
25050,build,discovery,0.485,0,0,100,0,1,182
25060,build,discovery,0.485,0,0,100,0,1,182
25070,build,discovery,0.485,0,0,100,0,1,183
25080,build,discovery,0.485,0,0,100,0,1,183
25090,build,discovery,0.485,0,0,100,0,1,183
25100,suspended:docked,discovery,,0,0,100,0,1,183
25110,suspended:docked,discovery,,0,0,100,0,2,183
25120,suspended:docked,discovery,,0,0,100,0,2,183
25130,suspended:docked,discovery,,0,0,100,0,2,183
25140,opportunity,discovery,0.18,0,0,100,0,2,183
25150,opportunity,discovery,0.08,0,0,100,0,2,183
25160,opportunity,discovery,0.116,0,0,100,0,3,183
25170,opportunity,discovery,0.23,0,0,100,0,3,183
25180,opportunity,discovery,0.23,0,0,100,0,3,183
25190,opportunity,discovery,0.23,0,0,100,0,3,183
25200,opportunity,discovery,0.23,0,0,100,0,4,183
25210,opportunity,discovery,0.23,0,0,100,0,3,184
25220,opportunity,discovery,0.23,0,0,100,0,3,184
25230,opportunity,discovery,0.23,0,0,100,0,3,184
25240,opportunity,discovery,0.23,0,0,100,0,3,184
25250,opportunity,discovery,0.23,0,0,100,0,3,185
25260,opportunity,discovery,0.23,0,0,100,0,3,185
25270,opportunity,discovery,0.23,0,0,100,0,3,185
25280,opportunity,discovery,0.23,0,0,100,0,3,185
25290,build,discovery,0.302,0,0,100,0,4,185
25300,build,discovery,0.482,0,0,100,0,3,186
25310,build,discovery,0.51,0,0,100,0,3,186
25320,build,discovery,0.51,0,0,100,0,3,186
25330,build,discovery,0.51,0,0,100,0,3,186
25340,peak,discovery,0.546,0.13,0.004,100,1,3,187
25350,peak,discovery,0.647009,0.443417,0.024928,100,1,3,187
25360,peak,discovery,0.644261,0.461792,0.047826,100,1,3,187
25370,peak,discovery,0.641288,0.480167,0.072597,100,1,3,187
25380,peak,discovery,0.638223,0.480167,0.09814,100,1,4,187
25390,aftermath,discovery,0.287317,0.470542,0.123685,100,1,4,187
25400,aftermath,discovery,0.08208,0.480167,0.149331,100,1,4,187
25410,aftermath,discovery,0.07891,0.480167,0.175749,100,1,4,187
25420,aftermath,discovery,0.07574,0.470542,0.20217,100,1,4,187
25430,aftermath,discovery,0.072557,0.480167,0.228691,100,1,4,188
25440,aftermath,discovery,0.069282,0.480167,0.255984,100,1,4,188
25450,aftermath,discovery,0.06633,0.4055,0.280582,100,0,4,188
25460,aftermath,discovery,0.074526,0.17275,0.212282,100,0,4,188
25470,aftermath,discovery,0.085435,0,0.121373,100,0,5,188
25480,aftermath,discovery,0.096344,0,0.030464,100,0,5,188
25490,aftermath,discovery,0.1,0,0,100,0,5,188
25500,aftermath,discovery,0.1,0,0,100,0,5,188
25510,aftermath,discovery,0.1,0,0,100,0,5,188
25520,quiet,voyage,0.08,0,0,100,0,6,188
25530,quiet,voyage,0.08,0,0,100,0,6,188
25540,quiet,voyage,0.08,0,0,100,0,6,188
25550,quiet,voyage,0.08,0,0,100,0,6,188
25560,quiet,voyage,0.08,0,0,100,0,7,188
25570,quiet,voyage,0.08,0,0,100,0,6,189
25580,opportunity,voyage,0.134,0,0,100,1,5,190
25590,peak,voyage,0.314,0.443417,0.020928,100,1,5,190
25600,peak,voyage,0.494,0.461792,0.043826,100,1,5,190
25610,peak,voyage,0.641768,0.480167,0.068597,100,1,6,190
25620,peak,voyage,0.638703,0.480167,0.09414,100,1,6,190
25630,peak,voyage,0.635638,0.470542,0.119685,100,1,6,190
25640,peak,voyage,0.63256,0.480167,0.145331,100,1,6,190
25650,aftermath,voyage,0.13256,0.480167,0.171749,100,1,7,190
25660,aftermath,voyage,0.07622,0.470542,0.19817,100,1,7,190
25670,aftermath,voyage,0.073037,0.480167,0.224691,100,1,7,190
25680,aftermath,voyage,0.069762,0.480167,0.251984,100,1,7,190
25690,aftermath,voyage,0.066744,0.4055,0.277131,100,0,7,190
25700,aftermath,voyage,0.074939,0.17275,0.208844,100,0,8,190
25710,aftermath,voyage,0.085848,0,0.117935,100,0,8,190
25720,aftermath,voyage,0.096757,0,0.027026,100,0,8,190
25730,aftermath,voyage,0.1,0,0,100,0,8,190
25740,aftermath,voyage,0.1,0,0,100,0,9,190
25750,aftermath,voyage,0.1,0,0,100,0,8,191
25760,quiet,discovery,0.08,0,0,100,0,8,191
25770,quiet,discovery,0.08,0,0,100,0,8,191
25780,quiet,discovery,0.08,0,0,100,0,8,191
25790,quiet,discovery,0.08,0,0,100,0,8,192
25800,quiet,discovery,0.08,0,0,100,0,8,192
25810,quiet,discovery,0.08,0,0,100,0,8,192
25820,quiet,discovery,0.08,0,0,100,0,8,192
25830,quiet,discovery,0.08,0,0,100,0,9,192
25840,quiet,discovery,0.08,0,0,100,0,9,192
25850,opportunity,discovery,0.23,0,0,100,0,9,192
25860,opportunity,discovery,0.23,0,0,100,0,9,192
25870,opportunity,discovery,0.23,0,0,100,0,9,192
25880,opportunity,discovery,0.23,0,0,100,0,9,193
25890,opportunity,discovery,0.23,0,0,100,0,9,193
25900,opportunity,discovery,0.23,0,0,100,0,9,193
25910,opportunity,discovery,0.23,0,0,100,0,9,193
25920,opportunity,discovery,0.23,0,0,100,0,10,193
25930,opportunity,discovery,0.23,0,0,100,0,9,194
25940,opportunity,discovery,0.23,0,0,100,0,9,194
25950,peak,discovery,0.338,0.39,0.012116,100,1,8,195
25960,peak,discovery,0.518,0.443417,0.033855,100,1,8,195
25970,peak,discovery,0.593092,0.480167,0.057565,100,1,9,195
25980,peak,discovery,0.590048,0.480167,0.082933,100,1,9,195
25990,aftermath,discovery,0.537294,0.470542,0.108303,100,1,9,195
26000,aftermath,discovery,0.083947,0.480167,0.133774,100,1,9,195
26010,aftermath,discovery,0.080798,0.480167,0.160018,100,1,10,195
26020,aftermath,discovery,0.077648,0.470542,0.186263,100,1,10,195
26030,aftermath,discovery,0.074487,0.480167,0.212609,100,1,10,195
26040,aftermath,discovery,0.071233,0.480167,0.239727,100,1,10,195
26050,aftermath,discovery,0.06804,0.442542,0.266337,100,0,10,195
26060,aftermath,discovery,0.067993,0.359125,0.266729,100,0,10,196
26070,aftermath,discovery,0.078902,0.079125,0.17582,100,0,10,196
26080,aftermath,discovery,0.089811,0,0.084911,100,0,10,196
26090,aftermath,discovery,0.1,0,0,100,0,10,196
26100,quiet,hunt,0.08,0,0,100,0,11,196
26110,quiet,hunt,0.08,0,0,100,0,10,197
26120,quiet,hunt,0.08,0,0,100,0,10,197
26130,quiet,hunt,0.08,0,0,100,0,10,197
26140,quiet,hunt,0.08,0,0,100,0,10,197
26150,opportunity,hunt,0.188,0,0,100,0,10,198
26160,opportunity,hunt,0.23,0,0,100,0,10,198
26170,opportunity,hunt,0.23,0,0,100,0,10,198
26180,opportunity,hunt,0.23,0,0,100,0,10,198
26190,peak,hunt,0.392,0.443417,0.018928,100,1,10,199
26200,peak,hunt,0.572,0.461792,0.041826,100,1,9,200
26210,peak,hunt,0.592008,0.480167,0.066597,100,1,9,200
26220,peak,hunt,0.588943,0.480167,0.09214,100,1,9,200
26230,peak,hunt,0.585878,0.470542,0.117685,100,1,9,200
26240,peak,hunt,0.5828,0.480167,0.143331,100,1,10,200
26250,peak,hunt,0.57963,0.480167,0.169749,100,1,10,200
26260,aftermath,hunt,0.377741,0.470542,0.19617,100,1,10,200
26270,aftermath,hunt,0.073277,0.480167,0.222691,100,1,10,200
26280,aftermath,hunt,0.070002,0.480167,0.249984,100,1,11,200
26290,aftermath,hunt,0.066952,0.4055,0.275401,100,0,10,201
26300,aftermath,hunt,0.075146,0.17275,0.20712,100,0,10,201
26310,aftermath,hunt,0.086055,0,0.116211,100,0,10,201
26320,aftermath,hunt,0.096964,0,0.025302,100,0,10,201
26330,aftermath,hunt,0.1,0,0,100,0,11,201
26340,aftermath,hunt,0.1,0,0,100,0,11,201
26350,aftermath,hunt,0.1,0,0,100,0,11,201
26360,quiet,discovery,0.08,0,0,100,0,11,201
26370,quiet,discovery,0.08,0,0,100,0,12,201
26380,quiet,discovery,0.08,0,0,100,0,11,202
26390,quiet,discovery,0.08,0,0,100,0,11,202
26400,quiet,discovery,0.08,0,0,100,0,11,202
26410,quiet,discovery,0.08,0,0,100,0,11,202
26420,quiet,discovery,0.08,0,0,100,0,11,203
26430,quiet,discovery,0.08,0,0,100,0,11,203
26440,opportunity,discovery,0.098,0,0,100,0,11,203
26450,opportunity,discovery,0.23,0,0,100,0,11,203
26460,opportunity,discovery,0.23,0,0,100,0,12,203
26470,opportunity,discovery,0.23,0,0,100,0,12,203
26480,opportunity,discovery,0.23,0,0,100,0,12,203
26490,opportunity,discovery,0.23,0,0,100,0,12,203
26500,opportunity,discovery,0.23,0,0,100,0,12,203
26510,opportunity,discovery,0.23,0,0,100,0,12,204
26520,opportunity,discovery,0.23,0,0,100,0,12,204
26530,opportunity,discovery,0.23,0,0,100,0,12,204
26540,opportunity,discovery,0.23,0,0,100,0,12,204
26550,peak,discovery,0.284,0.195,0.006116,100,1,12,205
26560,peak,discovery,0.464,0.443417,0.027855,100,1,12,205
26570,peak,discovery,0.618812,0.480167,0.051565,100,1,12,205
26580,peak,discovery,0.615768,0.480167,0.076933,100,1,12,205
26590,peak,discovery,0.612724,0.470542,0.102303,100,1,12,205
26600,aftermath,discovery,0.212129,0.480167,0.127774,100,1,13,205
26610,aftermath,discovery,0.081518,0.480167,0.154018,100,1,13,205
26620,aftermath,discovery,0.078368,0.470542,0.180263,100,1,13,205
26630,aftermath,discovery,0.075207,0.480167,0.206609,100,1,13,205
26640,aftermath,discovery,0.071953,0.480167,0.233727,100,1,14,205
26650,aftermath,discovery,0.068698,0.470542,0.260847,100,1,14,205
26660,aftermath,discovery,0.068612,0.359125,0.261567,100,0,14,205
26670,aftermath,discovery,0.079521,0.079125,0.170658,100,0,14,205
26680,aftermath,discovery,0.09043,0,0.079749,100,0,14,205
26690,aftermath,discovery,0.1,0,0,100,0,15,205
26700,recovery,discovery,0.05,0.065,0.003611,100,0,15,205
26710,recovery,discovery,0.025255,0.633,0.03954,100,0,15,205
26720,recovery,discovery,0.03,0.409,0,100,0,15,205
26730,recovery,discovery,0.03,0.245,0,100,0,16,205
26740,recovery,discovery,0.03,0,0,100,0,16,205
26750,recovery,discovery,0.03,0,0,100,0,16,205
26760,recovery,discovery,0.03,0,0,100,0,16,205
26770,recovery,discovery,0.03,0,0,100,0,16,205
26780,recovery,discovery,0.03,0,0,100,0,17,205
26790,aftermath,discovery,0.048,0,0,100,0,17,205
26800,aftermath,discovery,0.1,0,0,100,0,17,205
26810,aftermath,discovery,0.1,0,0,100,0,17,205
26820,aftermath,discovery,0.1,0,0,100,0,18,205
26830,aftermath,discovery,0.1,0,0,100,0,18,205
26840,aftermath,discovery,0.1,0,0,100,0,18,205
26850,aftermath,discovery,0.1,0,0,100,0,18,205
26860,aftermath,discovery,0.1,0,0,100,0,18,205
26870,aftermath,discovery,0.1,0,0,100,0,19,205
26880,aftermath,discovery,0.1,0,0,100,0,19,205
26890,aftermath,discovery,0.1,0,0,100,0,19,205
26900,suspended:docked,discovery,,0,0,100,0,19,205
26910,suspended:docked,discovery,,0,0,100,0,20,205
26920,suspended:docked,discovery,,0,0,100,0,20,205
26930,suspended:docked,discovery,,0,0,100,0,20,205
26940,aftermath,discovery,0.08,0,0,100,0,20,205
26950,quiet,voyage,0.08,0,0,100,0,20,205
26960,quiet,voyage,0.08,0,0,100,0,20,205
26970,quiet,voyage,0.08,0,0,100,0,20,205
26980,quiet,voyage,0.08,0,0,100,0,20,205
26990,quiet,voyage,0.08,0,0,100,0,20,205
27000,quiet,voyage,0.08,0,0,100,0,20,205
27010,opportunity,voyage,0.152,0,0,100,0,20,205
27020,opportunity,voyage,0.23,0,0,100,0,20,205
27030,opportunity,voyage,0.23,0,0,100,0,20,205
27040,opportunity,voyage,0.23,0,0,100,0,20,205
27050,opportunity,voyage,0.23,0,0,100,0,20,205
27060,opportunity,voyage,0.23,0,0,100,0,20,205
27070,opportunity,voyage,0.23,0,0,100,0,20,205
27080,opportunity,voyage,0.23,0,0,100,0,20,205
27090,opportunity,voyage,0.23,0,0,100,0,20,205
27100,opportunity,voyage,0.23,0,0,100,0,20,205
27110,opportunity,voyage,0.23,0,0,100,0,20,205
27120,opportunity,voyage,0.23,0,0,100,0,20,205
27130,build,voyage,0.392,0,0,100,0,20,205
27140,build,voyage,0.51,0,0,100,0,20,205
27150,build,voyage,0.51,0,0,100,0,20,205
27160,build,voyage,0.51,0,0,100,0,20,205
27170,build,voyage,0.51,0,0,100,0,20,205
27180,build,voyage,0.51,0,0,100,1,19,206
27190,peak,voyage,0.64753,0.425042,0.02058,100,1,19,206
27200,peak,voyage,0.644824,0.461792,0.04313,100,1,19,206
27210,peak,voyage,0.641908,0.480167,0.067438,100,1,19,206
27220,peak,voyage,0.638884,0.470542,0.092633,100,1,19,206
27230,peak,voyage,0.635849,0.480167,0.117929,100,1,20,206
27240,peak,voyage,0.63272,0.480167,0.143997,100,1,20,206
27250,aftermath,voyage,0.13272,0.470542,0.170067,100,1,20,206
27260,aftermath,voyage,0.076451,0.480167,0.196238,100,1,20,206
27270,aftermath,voyage,0.073218,0.480167,0.223181,100,1,20,206
27280,aftermath,voyage,0.069985,0.470542,0.250127,100,1,20,206
27290,aftermath,voyage,0.066969,0.415125,0.275256,100,0,20,206
27300,aftermath,voyage,0.072403,0.247125,0.229972,100,0,20,206
27310,aftermath,voyage,0.083312,0,0.139063,100,0,20,206
27320,aftermath,voyage,0.094222,0,0.048154,100,0,20,206
27330,aftermath,voyage,0.1,0,0,100,0,20,206
27340,aftermath,voyage,0.1,0,0,100,0,20,206
27350,aftermath,voyage,0.1,0,0,100,0,20,206
27360,quiet,discovery,0.08,0,0,100,0,20,206
27370,quiet,discovery,0.08,0,0,100,0,20,206
27380,quiet,discovery,0.08,0,0,100,0,20,206
27390,quiet,discovery,0.08,0,0,100,0,20,206
27400,quiet,discovery,0.08,0,0,100,0,20,206
27410,quiet,discovery,0.08,0,0,100,0,20,206
27420,quiet,discovery,0.08,0,0,100,0,20,206
27430,quiet,discovery,0.08,0,0,100,0,20,206
27440,quiet,discovery,0.08,0,0,100,0,20,206
27450,peak,discovery,0.242,0.325,0.010116,100,1,20,207
27460,peak,discovery,0.422,0.443417,0.031855,100,1,20,207
27470,peak,discovery,0.602,0.480167,0.055565,100,1,20,207
27480,peak,discovery,0.640288,0.480167,0.080933,100,1,20,207
27490,peak,discovery,0.637244,0.470542,0.106303,100,1,20,207
27500,aftermath,discovery,0.137244,0.480167,0.131774,100,1,20,207
27510,aftermath,discovery,0.081038,0.480167,0.158018,100,1,20,207
27520,aftermath,discovery,0.077888,0.470542,0.184263,100,1,20,207
27530,aftermath,discovery,0.074727,0.480167,0.210609,100,1,20,207
27540,aftermath,discovery,0.071473,0.480167,0.237727,100,1,20,207
27550,aftermath,discovery,0.068249,0.470542,0.264594,100,0,20,207
27560,aftermath,discovery,0.068199,0.359125,0.265012,100,0,20,207
27570,aftermath,discovery,0.079108,0.079125,0.174103,100,0,20,207
27580,aftermath,discovery,0.090017,0,0.083193,100,0,20,207
27590,aftermath,discovery,0.1,0,0,100,0,20,207
27600,aftermath,discovery,0.1,0,0,100,0,20,207
27610,aftermath,discovery,0.1,0,0,100,0,20,207
27620,quiet,hunt,0.08,0,0,100,0,20,207
27630,quiet,hunt,0.08,0,0,100,0,20,207
27640,quiet,hunt,0.08,0,0,100,0,20,207
27650,quiet,hunt,0.08,0,0,100,0,20,207
27660,quiet,hunt,0.08,0,0,100,0,20,207
27670,opportunity,hunt,0.098,0,0,100,1,19,208
27680,peak,hunt,0.278,0.443417,0.021391,100,1,20,208
27690,peak,hunt,0.458,0.480167,0.044638,100,1,20,208
27700,peak,hunt,0.591641,0.470542,0.069658,100,1,20,208
27710,peak,hunt,0.588627,0.480167,0.094779,100,1,20,208
27720,peak,hunt,0.585519,0.480167,0.120672,100,1,20,208
27730,peak,hunt,0.582412,0.470542,0.146567,100,1,20,208
27740,peak,hunt,0.579292,0.480167,0.172563,100,1,20,208
27750,aftermath,hunt,0.327702,0.480167,0.199331,100,1,20,208
27760,aftermath,hunt,0.072868,0.470542,0.226102,100,1,20,208
27770,aftermath,hunt,0.069643,0.480167,0.252973,100,1,20,208
27780,aftermath,hunt,0.066528,0.423875,0.278931,100,0,20,208
27790,aftermath,hunt,0.069215,0.303125,0.256544,100,0,20,208
27800,aftermath,hunt,0.080124,0.023125,0.165635,100,0,20,208
27810,aftermath,hunt,0.091033,0,0.074726,100,0,20,208
27820,aftermath,hunt,0.1,0,0,100,0,20,208
27830,aftermath,hunt,0.1,0,0,100,0,20,208
27840,aftermath,hunt,0.1,0,0,100,0,20,208
27850,quiet,discovery,0.08,0,0,100,0,20,208
27860,quiet,discovery,0.08,0,0,100,0,20,208
27870,quiet,discovery,0.08,0,0,100,0,20,208
27880,quiet,discovery,0.08,0,0,100,0,20,208
27890,quiet,discovery,0.08,0,0,100,0,20,208
27900,quiet,discovery,0.08,0,0,100,0,20,208
27910,quiet,discovery,0.08,0,0,100,0,20,208
27920,quiet,discovery,0.08,0,0,100,0,20,208
27930,opportunity,discovery,0.116,0,0,100,0,20,208
27940,opportunity,discovery,0.23,0,0,100,0,20,208
27950,opportunity,discovery,0.23,0,0,100,0,20,208
27960,opportunity,discovery,0.23,0,0,100,0,20,208
27970,opportunity,discovery,0.23,0,0,100,0,20,208
27980,opportunity,discovery,0.23,0,0,100,0,20,208
27990,opportunity,discovery,0.23,0,0,100,0,20,208
28000,opportunity,discovery,0.23,0,0,100,0,20,208
28010,opportunity,discovery,0.23,0,0,100,0,20,208
28020,opportunity,discovery,0.23,0,0,100,0,20,208
28030,opportunity,discovery,0.23,0,0,100,0,20,208
28040,opportunity,discovery,0.23,0,0,100,0,20,208
28050,peak,discovery,0.302,0.26,0.008116,100,1,19,209
28060,peak,discovery,0.482,0.443417,0.029855,100,1,19,209
28070,peak,discovery,0.593572,0.480167,0.053565,100,1,19,209
28080,peak,discovery,0.590528,0.480167,0.078933,100,1,20,209
28090,peak,discovery,0.587484,0.470542,0.104303,100,1,20,209
28100,aftermath,discovery,0.137193,0.480167,0.129774,100,1,20,209
28110,aftermath,discovery,0.081278,0.480167,0.156018,100,1,20,209
28120,aftermath,discovery,0.078128,0.470542,0.182263,100,1,20,209
28130,aftermath,discovery,0.074967,0.480167,0.208609,100,1,20,209
28140,aftermath,discovery,0.071713,0.480167,0.235727,100,1,20,209
28150,aftermath,discovery,0.068458,0.470542,0.262847,100,1,20,209
28160,aftermath,discovery,0.068405,0.359125,0.263291,100,0,20,209
28170,aftermath,discovery,0.079314,0.079125,0.172382,100,0,20,209
28180,aftermath,discovery,0.090223,0,0.081473,100,0,20,209
28190,aftermath,discovery,0.1,0,0,100,0,20,209
28200,quiet,voyage,0.08,0,0,100,0,20,209
28210,quiet,voyage,0.08,0,0,100,0,20,209
28220,quiet,voyage,0.08,0,0,100,0,20,209
28230,quiet,voyage,0.08,0,0,100,0,20,209
28240,quiet,voyage,0.08,0,0,100,0,20,209
28250,quiet,voyage,0.08,0,0,100,0,20,209
28260,quiet,voyage,0.08,0,0,100,0,20,209
28270,opportunity,voyage,0.23,0,0,100,0,20,209
28280,peak,voyage,0.356,0.425042,0.014348,100,1,19,210
28290,peak,voyage,0.536,0.461792,0.036435,100,1,19,210
28300,peak,voyage,0.617753,0.461792,0.060394,100,1,19,210
28310,peak,voyage,0.614759,0.480167,0.08534,100,1,19,211
28320,peak,voyage,0.611673,0.480167,0.111058,100,1,19,211
28330,peak,voyage,0.608587,0.470542,0.136778,100,1,19,211
28340,aftermath,voyage,0.257676,0.480167,0.162599,100,1,19,211
28350,aftermath,voyage,0.077297,0.480167,0.189193,100,1,20,211
28360,aftermath,voyage,0.074105,0.470542,0.215788,100,1,19,212
28370,aftermath,voyage,0.070902,0.480167,0.242484,100,1,19,212
28380,aftermath,voyage,0.067712,0.423875,0.269066,100,0,19,212
28390,aftermath,voyage,0.070404,0.303125,0.246633,100,0,19,212
28400,aftermath,voyage,0.081313,0.023125,0.155724,100,0,19,213
28410,aftermath,voyage,0.092222,0,0.064815,100,0,19,213
28420,aftermath,voyage,0.1,0,0,100,0,19,213
28430,aftermath,voyage,0.1,0,0,100,0,19,213
28440,quiet,discovery,0.08,0,0,100,0,20,213
28450,quiet,discovery,0.08,0,0,100,0,20,213
28460,quiet,discovery,0.08,0,0,100,0,20,213
28470,quiet,discovery,0.08,0,0,100,0,20,213
28480,quiet,discovery,0.08,0,0,100,0,20,213
28490,quiet,discovery,0.08,0,0,100,0,20,213
28500,quiet,discovery,0.08,0,0,100,0,20,213
28510,quiet,discovery,0.08,0,0,100,0,20,213
28520,quiet,discovery,0.08,0,0,100,0,20,213
28530,opportunity,discovery,0.224,0,0,100,0,20,213
28540,opportunity,discovery,0.23,0,0,100,0,20,213
28550,opportunity,discovery,0.23,0,0,100,0,20,213
28560,opportunity,discovery,0.23,0,0,100,0,20,213
28570,opportunity,discovery,0.23,0,0,100,0,20,213
28580,opportunity,discovery,0.23,0,0,100,0,20,213
28590,opportunity,discovery,0.23,0,0,100,0,20,213
28600,opportunity,discovery,0.23,0,0,100,0,20,213
28610,opportunity,discovery,0.23,0,0,100,0,20,213
28620,opportunity,discovery,0.23,0,0,100,0,20,213
28630,opportunity,discovery,0.23,0,0,100,0,20,213
28640,opportunity,discovery,0.23,0,0,100,0,20,213
28650,peak,discovery,0.284,0.195,0.006116,100,1,19,214
28660,peak,discovery,0.464,0.443417,0.027855,100,1,19,214
28670,peak,discovery,0.618812,0.480167,0.051565,100,1,20,214
28680,peak,discovery,0.615768,0.480167,0.076933,100,1,20,214
28690,peak,discovery,0.612724,0.470542,0.102303,100,1,20,214
28700,suspended:docked,discovery,,0.498542,0.125223,100,1,20,214
28710,suspended:docked,discovery,,0.498542,0.125223,100,1,20,214
28720,suspended:docked,discovery,,0.498542,0.125223,100,1,20,214
28730,suspended:docked,discovery,,0.498542,0.125223,100,1,20,214
28740,aftermath,discovery,0.212129,0.470542,0.127503,100,1,20,214
28750,aftermath,discovery,0.08,0.425042,0.150883,100,1,20,214
28760,aftermath,discovery,0.081997,0.322375,0.150027,100,0,20,214
28770,aftermath,discovery,0.092906,0.042375,0.059118,100,0,20,214
28780,aftermath,discovery,0.1,0,0,100,0,20,214
28790,aftermath,discovery,0.1,0,0,100,0,20,214
28800,aftermath,discovery,0.1,0,0,100,0,20,214
28810,aftermath,discovery,0.1,0,0,100,0,20,214
28820,aftermath,discovery,0.1,0,0,100,0,20,214
28830,aftermath,discovery,0.1,0,0,100,0,20,214
28840,aftermath,discovery,0.1,0,0,100,0,20,214
28850,quiet,hunt,0.08,0,0,100,0,20,214
28860,quiet,hunt,0.08,0,0,100,0,20,214
28870,quiet,hunt,0.08,0,0,100,0,20,214
28880,quiet,hunt,0.08,0,0,100,0,20,214
28890,quiet,hunt,0.08,0,0,100,0,20,214
28900,opportunity,hunt,0.098,0,0,100,0,20,214
28910,peak,hunt,0.278,0.325,0.010348,100,1,19,215
28920,peak,hunt,0.458,0.461792,0.032435,100,1,19,215
28930,peak,hunt,0.638,0.461792,0.056394,100,1,19,215
28940,peak,hunt,0.640239,0.480167,0.08134,100,1,20,215
28950,peak,hunt,0.637153,0.480167,0.107058,100,1,19,216
28960,peak,hunt,0.634067,0.470542,0.132778,100,1,19,216
28970,peak,hunt,0.630968,0.480167,0.158599,100,1,19,216
28980,peak,hunt,0.627777,0.480167,0.185193,100,1,20,216
28990,aftermath,hunt,0.127777,0.470542,0.211788,100,1,19,217
29000,aftermath,hunt,0.071382,0.480167,0.238484,100,1,19,217
29010,aftermath,hunt,0.06813,0.470542,0.265583,100,0,19,217
29020,aftermath,hunt,0.070817,0.303125,0.243188,100,0,19,217
29030,aftermath,hunt,0.081727,0.023125,0.152279,100,0,20,217
29040,aftermath,hunt,0.092636,0,0.06137,100,0,20,217
29050,aftermath,hunt,0.1,0,0,100,0,20,217
29060,aftermath,hunt,0.1,0,0,100,0,20,217
29070,aftermath,hunt,0.1,0,0,100,0,20,217
29080,aftermath,hunt,0.1,0,0,100,0,20,217
29090,aftermath,hunt,0.1,0,0,100,0,20,217
29100,aftermath,hunt,0.1,0,0,100,0,20,217
29110,quiet,discovery,0.08,0,0,100,0,20,217
29120,quiet,discovery,0.08,0,0,100,0,20,217
29130,quiet,discovery,0.08,0,0,100,0,20,217
29140,quiet,discovery,0.08,0,0,100,0,20,217
29150,quiet,discovery,0.08,0,0,100,0,20,217
29160,quiet,discovery,0.08,0,0,100,0,20,217
29170,quiet,discovery,0.08,0,0,100,0,20,217
29180,quiet,discovery,0.08,0,0,100,0,20,217
29190,opportunity,discovery,0.134,0,0,100,0,20,217
29200,opportunity,discovery,0.23,0,0,100,0,20,217
29210,opportunity,discovery,0.23,0,0,100,0,20,217
29220,opportunity,discovery,0.23,0,0,100,0,20,217
29230,opportunity,discovery,0.23,0,0,100,0,20,217
29240,opportunity,discovery,0.23,0,0,100,0,20,217
29250,peak,discovery,0.266,0.13,0.004116,100,1,20,218
29260,peak,discovery,0.446,0.443417,0.025855,100,1,20,218
29270,peak,discovery,0.626,0.480167,0.049565,100,1,20,218
29280,peak,discovery,0.641008,0.480167,0.074933,100,1,19,219
29290,peak,discovery,0.637964,0.470542,0.100303,100,1,19,219
29300,aftermath,discovery,0.287065,0.480167,0.125774,100,1,19,220
29310,aftermath,discovery,0.081758,0.480167,0.152018,100,1,19,220
29320,aftermath,discovery,0.078608,0.470542,0.178263,100,1,19,220
29330,aftermath,discovery,0.075447,0.480167,0.204609,100,1,19,220
29340,aftermath,discovery,0.072193,0.480167,0.231727,100,1,20,220
29350,aftermath,discovery,0.068938,0.470542,0.258847,100,1,19,221
29360,aftermath,discovery,0.065968,0.415125,0.283603,100,0,19,221
29370,aftermath,discovery,0.071396,0.247125,0.238363,100,0,19,221
29380,aftermath,discovery,0.082306,0,0.147454,100,0,19,221
29390,aftermath,discovery,0.093215,0,0.056544,100,0,19,222
29400,aftermath,discovery,0.1,0,0,100,0,19,222
29410,aftermath,discovery,0.1,0,0,100,0,19,222
29420,aftermath,discovery,0.1,0,0,100,0,19,222
29430,quiet,voyage,0.08,0,0,100,0,20,222
29440,quiet,voyage,0.08,0,0,100,0,20,222
29450,quiet,voyage,0.08,0,0,100,0,20,222
29460,quiet,voyage,0.08,0,0,100,0,20,222
29470,quiet,voyage,0.08,0,0,100,0,20,222
29480,quiet,voyage,0.08,0,0,100,0,20,222
29490,opportunity,voyage,0.134,0,0,100,0,20,222
29500,opportunity,voyage,0.23,0,0,100,0,20,222
29510,opportunity,voyage,0.23,0,0,100,0,20,222
29520,opportunity,voyage,0.23,0,0,100,0,20,222
29530,opportunity,voyage,0.23,0,0,100,0,20,222
29540,opportunity,voyage,0.23,0,0,100,0,20,222
29550,opportunity,voyage,0.23,0,0,100,0,20,222
29560,opportunity,voyage,0.23,0,0,100,0,20,222
29570,opportunity,voyage,0.23,0,0,100,0,20,222
29580,opportunity,voyage,0.23,0,0,100,0,20,222
29590,peak,voyage,0.356,0.425042,0.01458,100,1,19,223
29600,peak,voyage,0.536,0.461792,0.03713,100,1,19,223
29610,peak,voyage,0.592628,0.480167,0.061437,100,1,20,223
29620,peak,voyage,0.589604,0.470542,0.086633,100,1,20,223
29630,peak,voyage,0.586569,0.480167,0.111929,100,1,20,223
29640,peak,voyage,0.58344,0.480167,0.137997,100,1,20,223
29650,aftermath,voyage,0.232516,0.470542,0.164067,100,1,20,223
29660,aftermath,voyage,0.077171,0.480167,0.190238,100,1,20,223
29670,aftermath,voyage,0.073938,0.480167,0.217181,100,1,20,223
29680,aftermath,voyage,0.070705,0.470542,0.244127,100,1,20,223
29690,aftermath,voyage,0.067593,0.415125,0.270055,100,0,20,223
29700,aftermath,voyage,0.073023,0.247125,0.224809,100,0,20,223
29710,aftermath,voyage,0.083932,0,0.1339,100,0,20,223
29720,aftermath,voyage,0.094841,0,0.042991,100,0,20,223
29730,aftermath,voyage,0.1,0,0,100,0,20,223
29740,quiet,discovery,0.08,0,0,100,0,20,223
29750,quiet,discovery,0.08,0,0,100,0,20,223
29760,quiet,discovery,0.08,0,0,100,0,20,223
29770,quiet,discovery,0.08,0,0,100,0,20,223
29780,quiet,discovery,0.08,0,0,100,0,20,223
29790,quiet,discovery,0.08,0,0,100,0,20,223
29800,quiet,discovery,0.08,0,0,100,0,20,223
29810,quiet,discovery,0.08,0,0,100,0,20,223
29820,quiet,discovery,0.08,0,0,100,0,20,223
29830,opportunity,discovery,0.23,0,0,100,0,20,223
29840,opportunity,discovery,0.23,0,0,100,0,20,223
29850,peak,discovery,0.248,0.065,0.002116,100,1,19,224
29860,peak,discovery,0.428,0.443417,0.023855,100,1,19,224
29870,peak,discovery,0.594292,0.480167,0.047565,100,1,19,224
29880,peak,discovery,0.591248,0.480167,0.072933,100,1,20,224
29890,peak,discovery,0.588204,0.470542,0.098303,100,1,20,224
29900,aftermath,discovery,0.287001,0.480167,0.123774,100,1,20,224
29910,aftermath,discovery,0.081998,0.480167,0.150018,100,1,20,224
29920,aftermath,discovery,0.078848,0.470542,0.176263,100,1,20,224
29930,aftermath,discovery,0.075687,0.480167,0.202609,100,1,20,224
29940,aftermath,discovery,0.072433,0.480167,0.229727,100,1,20,224
29950,aftermath,discovery,0.069178,0.470542,0.256847,100,1,20,224
29960,aftermath,discovery,0.066174,0.415125,0.281879,100,0,20,224
29970,aftermath,discovery,0.071602,0.247125,0.236652,100,0,20,224
29980,aftermath,discovery,0.082511,0,0.145743,100,0,20,224
29990,aftermath,discovery,0.09342,0,0.054833,100,0,20,224
30000,quiet,hunt,0.08,0,0,100,0,20,224
30010,quiet,hunt,0.08,0,0,100,0,20,224
30020,quiet,hunt,0.08,0,0,100,0,20,224
30030,quiet,hunt,0.08,0,0,100,0,20,224
30040,quiet,hunt,0.08,0,0,100,0,20,224
30050,opportunity,hunt,0.098,0,0,100,0,20,224
30060,opportunity,hunt,0.23,0,0,100,0,20,224
30070,opportunity,hunt,0.23,0,0,100,0,20,224
30080,opportunity,hunt,0.23,0,0,100,0,20,224
30090,opportunity,hunt,0.23,0,0,100,0,20,224
30100,opportunity,hunt,0.23,0,0,100,0,20,224
30110,opportunity,hunt,0.23,0,0,100,0,20,224
30120,opportunity,hunt,0.23,0,0,100,0,20,224
30130,opportunity,hunt,0.23,0,0,100,0,20,224
30140,peak,hunt,0.338,0.26,0.008348,100,1,19,225
30150,peak,hunt,0.518,0.461792,0.030435,100,1,20,225
30160,peak,hunt,0.618473,0.461792,0.054394,100,1,20,225
30170,peak,hunt,0.615479,0.480167,0.07934,100,1,20,225
30180,peak,hunt,0.612393,0.480167,0.105058,100,1,20,225
30190,peak,hunt,0.609307,0.470542,0.130778,100,1,20,225
30200,peak,hunt,0.606208,0.480167,0.156599,100,1,20,225
30210,peak,hunt,0.603017,0.480167,0.183193,100,1,20,225
30220,aftermath,hunt,0.152702,0.470542,0.209788,100,1,20,225
30230,aftermath,hunt,0.071622,0.480167,0.236484,100,1,20,225
30240,aftermath,hunt,0.068326,0.480167,0.263952,100,1,20,225
30250,aftermath,hunt,0.06542,0.4055,0.288164,100,0,20,225
30260,aftermath,hunt,0.073614,0.17275,0.219885,100,0,20,225
30270,aftermath,hunt,0.084523,0,0.128976,100,0,20,225
30280,aftermath,hunt,0.095432,0,0.038067,100,0,20,225
30290,aftermath,hunt,0.1,0,0,100,0,20,225
30300,recovery,hunt,0.05,0.065,0.003593,100,0,20,225
30310,recovery,hunt,0.025279,0.633,0.039339,100,0,20,225
30320,recovery,hunt,0.03,0.409,0,100,0,20,225
30330,recovery,hunt,0.03,0.245,0,100,0,20,225
30340,recovery,hunt,0.03,0,0,100,0,20,225
30350,recovery,hunt,0.03,0,0,100,0,20,225
30360,recovery,hunt,0.03,0,0,100,0,20,225
30370,recovery,hunt,0.03,0,0,100,0,20,225
30380,recovery,hunt,0.03,0,0,100,0,20,225
30390,aftermath,hunt,0.048,0,0,100,0,20,225
30400,aftermath,hunt,0.1,0,0,100,0,20,225
30410,aftermath,hunt,0.1,0,0,100,0,20,225
30420,aftermath,hunt,0.1,0,0,100,0,20,225
30430,aftermath,hunt,0.1,0,0,100,0,20,225
30440,aftermath,hunt,0.1,0,0,100,0,20,225
30450,aftermath,hunt,0.1,0,0,100,0,20,225
30460,aftermath,hunt,0.1,0,0,100,0,20,225
30470,aftermath,hunt,0.1,0,0,100,0,20,225
30480,aftermath,hunt,0.1,0,0,100,0,20,225
30490,aftermath,hunt,0.1,0,0,100,0,20,225
30500,suspended:docked,discovery,,0,0,100,0,20,225
30510,suspended:docked,discovery,,0,0,100,0,20,225
30520,suspended:docked,discovery,,0,0,100,0,20,225
30530,suspended:docked,discovery,,0,0,100,0,20,225
30540,quiet,discovery,0.08,0,0,100,0,20,225
30550,quiet,discovery,0.08,0,0,100,0,20,225
30560,quiet,discovery,0.08,0,0,100,0,20,225
30570,quiet,discovery,0.08,0,0,100,0,20,225
30580,quiet,discovery,0.08,0,0,100,0,20,225
30590,quiet,discovery,0.08,0,0,100,0,20,225
30600,quiet,discovery,0.08,0,0,100,0,20,225
30610,quiet,discovery,0.08,0,0,100,0,20,225
30620,peak,discovery,0.152,0.13,0.004,100,1,19,226
30630,peak,discovery,0.332,0.443417,0.024928,100,1,19,226
30640,peak,discovery,0.512,0.461792,0.047826,100,1,19,226
30650,peak,discovery,0.616288,0.480167,0.072597,100,1,20,226
30660,peak,discovery,0.613223,0.480167,0.09814,100,1,20,226
30670,aftermath,discovery,0.262317,0.470542,0.123685,100,1,20,226
30680,aftermath,discovery,0.08208,0.480167,0.149331,100,1,20,226
30690,aftermath,discovery,0.07891,0.480167,0.175749,100,1,20,226
30700,aftermath,discovery,0.07574,0.470542,0.20217,100,1,20,226
30710,aftermath,discovery,0.072557,0.480167,0.228691,100,1,20,226
30720,aftermath,discovery,0.069282,0.480167,0.255984,100,1,20,226
30730,aftermath,discovery,0.06633,0.4055,0.280582,100,0,20,226
30740,aftermath,discovery,0.074526,0.17275,0.212282,100,0,20,226
30750,aftermath,discovery,0.085435,0,0.121373,100,0,20,226
30760,aftermath,discovery,0.096344,0,0.030464,100,0,20,226
30770,aftermath,discovery,0.1,0,0,100,0,20,226
30780,aftermath,discovery,0.1,0,0,100,0,20,226
30790,quiet,voyage,0.08,0,0,100,0,20,226
30800,quiet,voyage,0.08,0,0,100,0,20,226
30810,quiet,voyage,0.08,0,0,100,0,20,226
30820,quiet,voyage,0.08,0,0,100,0,20,226
30830,quiet,voyage,0.08,0,0,100,0,20,226
30840,quiet,voyage,0.08,0,0,100,0,20,226
30850,peak,voyage,0.17,0.26,0.008,100,1,19,227
30860,peak,voyage,0.35,0.443417,0.029391,100,1,19,227
30870,peak,voyage,0.53,0.480167,0.052637,100,1,20,227
30880,peak,voyage,0.640681,0.470542,0.077658,100,1,19,228
30890,peak,voyage,0.637667,0.480167,0.102779,100,1,19,228
30900,peak,voyage,0.634559,0.480167,0.128672,100,1,19,228
30910,aftermath,voyage,0.432709,0.470542,0.154567,100,1,19,228
30920,aftermath,voyage,0.078332,0.480167,0.180563,100,1,20,228
30930,aftermath,voyage,0.07512,0.480167,0.207331,100,1,20,228
30940,aftermath,voyage,0.071908,0.470542,0.234102,100,1,20,228
30950,aftermath,voyage,0.068683,0.480167,0.260973,100,1,20,228
30960,aftermath,voyage,0.065799,0.4055,0.285009,100,0,20,228
30970,aftermath,voyage,0.076708,0.1255,0.1941,100,0,20,228
30980,aftermath,voyage,0.087617,0,0.103191,100,0,20,228
30990,aftermath,voyage,0.098526,0,0.012282,100,0,20,228
31000,aftermath,voyage,0.1,0,0,100,0,20,228
31010,aftermath,voyage,0.1,0,0,100,0,20,228
31020,aftermath,voyage,0.1,0,0,100,0,20,228
31030,quiet,discovery,0.08,0,0,100,0,20,228
31040,quiet,discovery,0.08,0,0,100,0,20,228
31050,quiet,discovery,0.08,0,0,100,0,20,228
31060,quiet,discovery,0.08,0,0,100,0,20,228
31070,quiet,discovery,0.08,0,0,100,0,20,228
31080,quiet,discovery,0.08,0,0,100,0,20,228
31090,quiet,discovery,0.08,0,0,100,0,20,228
31100,quiet,discovery,0.08,0,0,100,0,20,228
31110,opportunity,discovery,0.134,0,0,100,0,20,228
31120,opportunity,discovery,0.23,0,0,100,0,20,228
31130,opportunity,discovery,0.23,0,0,100,0,20,228
31140,opportunity,discovery,0.23,0,0,100,0,20,228
31150,opportunity,discovery,0.23,0,0,100,0,20,228
31160,opportunity,discovery,0.23,0,0,100,0,20,228
31170,opportunity,discovery,0.23,0,0,100,0,20,228
31180,opportunity,discovery,0.23,0,0,100,0,20,228
31190,opportunity,discovery,0.23,0,0,100,0,20,228
31200,opportunity,discovery,0.23,0,0,100,0,20,228
31210,opportunity,discovery,0.23,0,0,100,0,20,228
31220,opportunity,discovery,0.23,0,0,100,0,20,228
31230,peak,discovery,0.32,0.325,0.010116,100,1,20,229
31240,peak,discovery,0.5,0.443417,0.031855,100,1,20,229
31250,peak,discovery,0.643332,0.480167,0.055565,100,1,20,229
31260,peak,discovery,0.640288,0.480167,0.080933,100,1,20,229
31270,peak,discovery,0.637244,0.470542,0.106303,100,1,20,229
31280,aftermath,discovery,0.137244,0.480167,0.131774,100,1,20,229
31290,aftermath,discovery,0.081038,0.480167,0.158018,100,1,20,229
31300,aftermath,discovery,0.077888,0.470542,0.184263,100,1,20,229
31310,aftermath,discovery,0.074727,0.480167,0.210609,100,1,20,229
31320,aftermath,discovery,0.071473,0.480167,0.237727,100,1,20,229
31330,aftermath,discovery,0.068249,0.470542,0.264594,100,0,20,229
31340,aftermath,discovery,0.068199,0.359125,0.265012,100,0,20,229
31350,aftermath,discovery,0.079108,0.079125,0.174103,100,0,20,229
31360,aftermath,discovery,0.090017,0,0.083193,100,0,20,229
31370,aftermath,discovery,0.1,0,0,100,0,20,229
31380,aftermath,discovery,0.1,0,0,100,0,20,229
31390,aftermath,discovery,0.1,0,0,100,0,20,229
31400,quiet,hunt,0.08,0,0,100,0,20,229
31410,quiet,hunt,0.08,0,0,100,0,20,229
31420,quiet,hunt,0.08,0,0,100,0,20,229
31430,quiet,hunt,0.08,0,0,100,0,20,229
31440,quiet,hunt,0.08,0,0,100,0,20,229
31450,opportunity,hunt,0.098,0,0,100,1,19,230
31460,peak,hunt,0.278,0.443417,0.021391,100,1,20,230
31470,peak,hunt,0.458,0.480167,0.044638,100,1,20,230
31480,peak,hunt,0.591641,0.470542,0.069658,100,1,20,230
31490,peak,hunt,0.588627,0.480167,0.094779,100,1,20,230
31500,peak,hunt,0.585519,0.480167,0.120672,100,1,20,230
31510,peak,hunt,0.582412,0.470542,0.146567,100,1,20,230
31520,peak,hunt,0.579292,0.480167,0.172563,100,1,20,230
31530,aftermath,hunt,0.327702,0.480167,0.199331,100,1,20,230
31540,aftermath,hunt,0.072868,0.470542,0.226102,100,1,20,230
31550,aftermath,hunt,0.069643,0.480167,0.252973,100,1,20,230
31560,aftermath,hunt,0.066528,0.423875,0.278931,100,0,20,230
31570,aftermath,hunt,0.069215,0.303125,0.256544,100,0,20,230
31580,aftermath,hunt,0.080124,0.023125,0.165635,100,0,20,230
31590,aftermath,hunt,0.091033,0,0.074726,100,0,20,230
31600,aftermath,hunt,0.1,0,0,100,0,20,230
31610,aftermath,hunt,0.1,0,0,100,0,20,230
31620,aftermath,hunt,0.1,0,0,100,0,20,230
31630,quiet,discovery,0.08,0,0,100,0,20,230
31640,quiet,discovery,0.08,0,0,100,0,20,230
31650,quiet,discovery,0.08,0,0,100,0,20,230
31660,quiet,discovery,0.08,0,0,100,0,20,230
31670,quiet,discovery,0.08,0,0,100,0,20,230
31680,quiet,discovery,0.08,0,0,100,0,20,230
31690,quiet,discovery,0.08,0,0,100,0,20,230
31700,quiet,discovery,0.08,0,0,100,0,20,230
31710,opportunity,discovery,0.116,0,0,100,0,20,230
31720,opportunity,discovery,0.23,0,0,100,0,20,230
31730,opportunity,discovery,0.23,0,0,100,0,20,230
31740,opportunity,discovery,0.23,0,0,100,0,20,230
31750,opportunity,discovery,0.23,0,0,100,0,20,230
31760,opportunity,discovery,0.23,0,0,100,0,20,230
31770,opportunity,discovery,0.23,0,0,100,0,20,230
31780,opportunity,discovery,0.23,0,0,100,0,20,230
31790,opportunity,discovery,0.23,0,0,100,0,20,230
31800,opportunity,discovery,0.23,0,0,100,0,0,230
31810,opportunity,discovery,0.23,0,0,100,0,0,230
31820,opportunity,discovery,0.23,0,0,100,0,0,230
31830,opportunity,discovery,0.23,0,0,100,0,0,230
31840,opportunity,discovery,0.23,0,0,100,0,0,230
31850,opportunity,discovery,0.23,0,0,100,0,0,230
31860,opportunity,discovery,0.23,0,0,100,0,0,230
31870,build,discovery,0.356,0,0,100,0,0,230
31880,build,discovery,0.478,0,0,100,0,0,230
31890,build,discovery,0.485,0,0,100,0,0,230
31900,build,discovery,0.485,0,0,100,0,0,230
31910,build,discovery,0.485,0,0,100,0,0,230
31920,build,discovery,0.485,0,0,100,0,0,230
31930,build,discovery,0.485,0,0,100,0,0,230
31940,build,discovery,0.485,0,0,100,0,0,230
31950,opportunity,discovery,0.385,0,0,100,0,0,230
31960,opportunity,discovery,0.23,0,0,100,0,0,230
31970,opportunity,discovery,0.23,0,0,100,0,0,230
31980,opportunity,discovery,0.23,0,0,100,0,0,230
31990,opportunity,discovery,0.23,0,0,100,0,0,230
32000,opportunity,discovery,0.23,0,0,100,0,0,230
32010,opportunity,discovery,0.23,0,0,100,0,0,230
32020,opportunity,discovery,0.23,0,0,100,0,0,230
32030,opportunity,discovery,0.23,0,0,100,0,0,230
32040,opportunity,discovery,0.23,0,0,100,0,0,230
32050,opportunity,discovery,0.23,0,0,100,0,0,230
32060,opportunity,discovery,0.23,0,0,100,0,0,230
32070,opportunity,discovery,0.23,0,0,100,0,0,230
32080,opportunity,discovery,0.23,0,0,100,0,0,230
32090,opportunity,discovery,0.23,0,0,100,0,0,230
32100,opportunity,discovery,0.23,0,0,100,0,0,230
32110,build,discovery,0.356,0,0,100,0,0,230
32120,build,discovery,0.485,0,0,100,0,0,230
32130,build,discovery,0.485,0,0,100,0,0,230
32140,build,discovery,0.485,0,0,100,0,0,230
32150,build,discovery,0.485,0,0,100,0,0,230
32160,build,discovery,0.485,0,0,100,0,0,230
32170,build,discovery,0.485,0,0,100,0,0,230
32180,peak,discovery,0.539,0.195,0.006348,100,1,0,231
32190,peak,discovery,0.621588,0.461792,0.028435,100,1,0,231
32200,peak,discovery,0.618713,0.461792,0.052394,100,1,0,231
32210,peak,discovery,0.615719,0.480167,0.07734,100,1,0,231
32220,peak,discovery,0.612633,0.480167,0.103058,100,1,1,231
32230,aftermath,discovery,0.212025,0.470542,0.128778,100,1,1,231
32240,aftermath,discovery,0.081448,0.480167,0.154599,100,1,1,231
32250,aftermath,discovery,0.078257,0.480167,0.181193,100,1,1,231
32260,aftermath,discovery,0.075065,0.470542,0.207788,100,1,1,231
32270,aftermath,discovery,0.071862,0.480167,0.234484,100,1,2,231
32280,aftermath,discovery,0.068566,0.480167,0.261952,100,1,2,231
32290,aftermath,discovery,0.065626,0.4055,0.286446,100,0,2,231
32300,suspended:docked,discovery,,0.20075,0.227265,100,0,2,231
32310,suspended:docked,discovery,,0.20075,0.227265,100,0,3,231
32320,suspended:docked,discovery,,0.20075,0.227265,100,0,3,231
32330,suspended:docked,discovery,,0.20075,0.227265,100,0,3,231
32340,aftermath,discovery,0.073819,0.17275,0.218174,100,0,3,231
32350,aftermath,discovery,0.08,0,0.127265,100,0,3,231
32360,aftermath,discovery,0.095637,0,0.036356,100,0,4,231
32370,aftermath,discovery,0.1,0,0,100,0,4,231
32380,quiet,voyage,0.08,0,0,100,0,4,231
32390,quiet,voyage,0.08,0,0,100,0,4,231
32400,quiet,voyage,0.08,0,0,100,0,5,231
32410,quiet,voyage,0.08,0,0,100,0,4,232
32420,quiet,voyage,0.08,0,0,100,0,4,232
32430,quiet,voyage,0.08,0,0,100,0,4,232
32440,quiet,voyage,0.08,0,0,100,0,4,232
32450,opportunity,voyage,0.188,0,0,100,0,4,233
32460,peak,voyage,0.356,0.443417,0.014927,100,1,3,234
32470,peak,voyage,0.536,0.461792,0.037826,100,1,3,234
32480,peak,voyage,0.617488,0.480167,0.062597,100,1,3,234
32490,peak,voyage,0.614423,0.480167,0.08814,100,1,4,234
32500,peak,voyage,0.611358,0.470542,0.113685,100,1,4,234
32510,peak,voyage,0.60828,0.480167,0.139331,100,1,4,234
32520,aftermath,voyage,0.257356,0.480167,0.165749,100,1,4,234
32530,aftermath,voyage,0.07694,0.470542,0.19217,100,1,4,234
32540,aftermath,voyage,0.073757,0.480167,0.218691,100,1,5,234
32550,aftermath,voyage,0.070482,0.480167,0.245984,100,1,5,234
32560,aftermath,voyage,0.067299,0.423875,0.27251,100,0,5,234
32570,aftermath,voyage,0.067238,0.359125,0.273015,100,0,5,234
32580,aftermath,voyage,0.078147,0.079125,0.182106,100,0,6,234
32590,aftermath,voyage,0.089056,0,0.091197,100,0,5,235
32600,aftermath,voyage,0.099965,0,0.000288,100,0,5,235
32610,aftermath,voyage,0.1,0,0,100,0,5,235
32620,quiet,discovery,0.08,0,0,100,0,5,235
32630,quiet,discovery,0.08,0,0,100,0,6,235
32640,quiet,discovery,0.08,0,0,100,0,6,235
32650,quiet,discovery,0.08,0,0,100,0,6,235
32660,quiet,discovery,0.08,0,0,100,0,6,235
32670,quiet,discovery,0.08,0,0,100,0,7,235
32680,quiet,discovery,0.08,0,0,100,0,7,235
32690,quiet,discovery,0.08,0,0,100,0,7,235
32700,quiet,discovery,0.08,0,0,100,0,7,235
32710,opportunity,discovery,0.224,0,0,100,0,7,235
32720,opportunity,discovery,0.23,0,0,100,0,8,235
32730,opportunity,discovery,0.23,0,0,100,0,8,235
32740,opportunity,discovery,0.23,0,0,100,0,8,235
32750,opportunity,discovery,0.23,0,0,100,0,8,235
32760,opportunity,discovery,0.23,0,0,100,0,9,235
32770,opportunity,discovery,0.23,0,0,100,0,9,235
32780,peak,discovery,0.266,0.13,0.004,100,1,8,236
32790,peak,discovery,0.446,0.443417,0.024928,100,1,8,236
32800,peak,discovery,0.626,0.461792,0.047826,100,1,8,236
32810,peak,discovery,0.641288,0.480167,0.072597,100,1,8,237
32820,peak,discovery,0.638223,0.480167,0.09814,100,1,8,237
32830,aftermath,discovery,0.287317,0.470542,0.123685,100,1,8,237
32840,aftermath,discovery,0.08208,0.480167,0.149331,100,1,8,237
32850,aftermath,discovery,0.07891,0.480167,0.175749,100,1,9,237
32860,aftermath,discovery,0.07574,0.470542,0.20217,100,1,8,238
32870,aftermath,discovery,0.072557,0.480167,0.228691,100,1,8,238
32880,aftermath,discovery,0.069282,0.480167,0.255984,100,1,8,238
32890,aftermath,discovery,0.06633,0.4055,0.280582,100,0,8,238
32900,aftermath,discovery,0.074526,0.17275,0.212282,100,0,8,239
32910,aftermath,discovery,0.085435,0,0.121373,100,0,8,239
32920,aftermath,discovery,0.096344,0,0.030464,100,0,8,239
32930,aftermath,discovery,0.1,0,0,100,0,8,239
32940,aftermath,discovery,0.1,0,0,100,0,9,239
32950,aftermath,discovery,0.1,0,0,100,0,8,240
32960,quiet,hunt,0.08,0,0,100,0,8,240
32970,quiet,hunt,0.08,0,0,100,0,8,240
32980,quiet,hunt,0.08,0,0,100,0,8,240
32990,quiet,hunt,0.08,0,0,100,0,9,240
33000,quiet,hunt,0.08,0,0,100,0,9,240
33010,opportunity,hunt,0.224,0,0,100,0,9,240
33020,opportunity,hunt,0.23,0,0,100,0,9,240
33030,opportunity,hunt,0.23,0,0,100,0,10,240
33040,opportunity,hunt,0.23,0,0,100,0,10,240
33050,opportunity,hunt,0.23,0,0,100,0,10,240
33060,peak,hunt,0.338,0.39,0.012116,100,1,9,241
33070,peak,hunt,0.518,0.443417,0.033855,100,1,9,241
33080,peak,hunt,0.643092,0.480167,0.057565,100,1,10,241
33090,peak,hunt,0.640048,0.480167,0.082933,100,1,10,241
33100,peak,hunt,0.637004,0.470542,0.108303,100,1,10,241
33110,peak,hunt,0.633947,0.480167,0.133774,100,1,10,241
33120,peak,hunt,0.581108,0.480167,0.160018,100,1,11,241
33130,aftermath,hunt,0.527949,0.470542,0.186263,100,1,11,241
33140,aftermath,hunt,0.074487,0.480167,0.212609,100,1,11,241
33150,aftermath,hunt,0.071233,0.480167,0.239727,100,1,11,241
33160,aftermath,hunt,0.06804,0.442542,0.266337,100,0,11,241
33170,aftermath,hunt,0.067993,0.359125,0.266729,100,0,12,241
33180,aftermath,hunt,0.078902,0.079125,0.17582,100,0,12,241
33190,aftermath,hunt,0.089811,0,0.084911,100,0,12,241
33200,aftermath,hunt,0.1,0,0,100,0,12,241
33210,aftermath,hunt,0.1,0,0,100,0,13,241
33220,aftermath,hunt,0.1,0,0,100,0,13,241
33230,quiet,discovery,0.08,0,0,100,0,13,241
33240,quiet,discovery,0.08,0,0,100,0,13,241
33250,quiet,discovery,0.08,0,0,100,0,13,241
33260,quiet,discovery,0.08,0,0,100,0,13,242
33270,quiet,discovery,0.08,0,0,100,0,13,242
33280,quiet,discovery,0.08,0,0,100,0,13,242
33290,quiet,discovery,0.08,0,0,100,0,13,242
33300,quiet,discovery,0.08,0,0,100,0,14,242
33310,quiet,discovery,0.08,0,0,100,0,14,242
33320,opportunity,discovery,0.224,0,0,100,0,14,242
33330,opportunity,discovery,0.23,0,0,100,0,14,242
33340,opportunity,discovery,0.23,0,0,100,0,14,242
33350,opportunity,discovery,0.23,0,0,100,0,15,242
33360,opportunity,discovery,0.23,0,0,100,0,15,242
33370,opportunity,discovery,0.23,0,0,100,0,15,242
33380,opportunity,discovery,0.23,0,0,100,1,14,243
33390,peak,discovery,0.41,0.443417,0.020928,100,1,15,243
33400,peak,discovery,0.59,0.461792,0.043826,100,1,14,244
33410,peak,discovery,0.591768,0.480167,0.068597,100,1,14,244
33420,peak,discovery,0.588703,0.480167,0.09414,100,1,14,244
33430,aftermath,discovery,0.337193,0.470542,0.119685,100,1,14,244
33440,aftermath,discovery,0.08256,0.480167,0.145331,100,1,15,244
33450,aftermath,discovery,0.07939,0.480167,0.171749,100,1,15,244
33460,aftermath,discovery,0.07622,0.470542,0.19817,100,1,15,244
33470,aftermath,discovery,0.073037,0.480167,0.224691,100,1,15,244
33480,aftermath,discovery,0.069762,0.480167,0.251984,100,1,16,244
33490,aftermath,discovery,0.066744,0.4055,0.277131,100,0,16,244
33500,aftermath,discovery,0.074939,0.17275,0.208844,100,0,16,244
33510,aftermath,discovery,0.085848,0,0.117935,100,0,16,244
33520,aftermath,discovery,0.096757,0,0.027026,100,0,16,244
33530,aftermath,discovery,0.1,0,0,100,0,17,244
33540,quiet,voyage,0.08,0,0,100,0,17,244
33550,quiet,voyage,0.08,0,0,100,0,17,244
33560,quiet,voyage,0.08,0,0,100,0,17,244
33570,quiet,voyage,0.08,0,0,100,0,18,244
33580,quiet,voyage,0.08,0,0,100,0,17,245
33590,quiet,voyage,0.08,0,0,100,0,17,245
33600,opportunity,voyage,0.17,0,0,100,0,17,245
33610,opportunity,voyage,0.23,0,0,100,0,17,245
33620,opportunity,voyage,0.23,0,0,100,0,18,245
33630,opportunity,voyage,0.23,0,0,100,0,18,245
33640,opportunity,voyage,0.23,0,0,100,0,18,245
33650,opportunity,voyage,0.23,0,0,100,0,18,245
33660,peak,voyage,0.284,0.195,0.006116,100,1,18,246
33670,peak,voyage,0.464,0.443417,0.027855,100,1,18,246
33680,peak,voyage,0.593812,0.480167,0.051565,100,1,18,246
33690,peak,voyage,0.590768,0.480167,0.076933,100,1,17,247
33700,peak,voyage,0.587724,0.470542,0.102303,100,1,17,247
33710,peak,voyage,0.584667,0.480167,0.127774,100,1,18,247
33720,aftermath,voyage,0.432468,0.480167,0.154018,100,1,18,247
33730,aftermath,voyage,0.078368,0.470542,0.180263,100,1,18,247
33740,aftermath,voyage,0.075207,0.480167,0.206609,100,1,18,247
33750,aftermath,voyage,0.071953,0.480167,0.233727,100,1,19,247
33760,aftermath,voyage,0.068698,0.470542,0.260847,100,1,19,247
33770,aftermath,voyage,0.068612,0.359125,0.261567,100,0,19,247
33780,aftermath,voyage,0.079521,0.079125,0.170658,100,0,19,247
33790,aftermath,voyage,0.09043,0,0.079749,100,0,19,247
33800,aftermath,voyage,0.1,0,0,100,0,20,247
33810,quiet,discovery,0.08,0,0,100,0,20,247
33820,quiet,discovery,0.08,0,0,100,0,20,247
33830,quiet,discovery,0.08,0,0,100,0,20,247
33840,quiet,discovery,0.08,0,0,100,0,20,247
33850,quiet,discovery,0.08,0,0,100,0,20,247
33860,quiet,discovery,0.08,0,0,100,0,20,247
33870,quiet,discovery,0.08,0,0,100,0,20,247
33880,quiet,discovery,0.08,0,0,100,0,20,247
33890,quiet,discovery,0.08,0,0,100,0,20,247
33900,recovery,discovery,0.12,0.065,0.003473,100,0,20,247
33910,recovery,discovery,0.025438,0.633,0.038019,100,0,20,247
33920,recovery,discovery,0.03,0.409,0,100,0,20,247
33930,recovery,discovery,0.03,0.245,0,100,0,20,247
33940,recovery,discovery,0.03,0,0,100,0,20,247
33950,recovery,discovery,0.03,0,0,100,0,20,247
33960,recovery,discovery,0.03,0,0,100,0,20,247
33970,recovery,discovery,0.03,0,0,100,0,20,247
33980,recovery,discovery,0.03,0,0,100,0,20,247
33990,aftermath,discovery,0.048,0,0,100,0,20,247
34000,aftermath,discovery,0.1,0,0,100,0,20,247
34010,aftermath,discovery,0.1,0,0,100,0,20,247
34020,aftermath,discovery,0.1,0,0,100,0,20,247
34030,aftermath,discovery,0.1,0,0,100,0,20,247
34040,aftermath,discovery,0.1,0,0,100,0,20,247
34050,aftermath,discovery,0.1,0,0,100,0,20,247
34060,aftermath,discovery,0.1,0,0,100,0,20,247
34070,aftermath,discovery,0.1,0,0,100,0,20,247
34080,aftermath,discovery,0.1,0,0,100,0,20,247
34090,aftermath,discovery,0.1,0,0,100,0,20,247
34100,suspended:docked,discovery,,0,0,100,0,20,247
34110,suspended:docked,discovery,,0,0,100,0,20,247
34120,suspended:docked,discovery,,0,0,100,0,20,247
34130,suspended:docked,discovery,,0,0,100,0,20,247
34140,aftermath,discovery,0.08,0,0,100,0,20,247
34150,quiet,hunt,0.08,0,0,100,0,20,247
34160,quiet,hunt,0.08,0,0,100,0,20,247
34170,quiet,hunt,0.08,0,0,100,0,20,247
34180,quiet,hunt,0.08,0,0,100,0,20,247
34190,quiet,hunt,0.08,0,0,100,0,20,247
34200,peak,hunt,0.242,0.443417,0.016927,100,1,20,248
34210,peak,hunt,0.422,0.461792,0.039826,100,1,20,248
34220,peak,hunt,0.602,0.480167,0.064597,100,1,20,248
34230,peak,hunt,0.614183,0.480167,0.09014,100,1,20,248
34240,peak,hunt,0.611118,0.470542,0.115685,100,1,20,248
34250,peak,hunt,0.60804,0.480167,0.141331,100,1,20,248
34260,peak,hunt,0.60487,0.480167,0.167749,100,1,20,248
34270,aftermath,hunt,0.452655,0.470542,0.19417,100,1,20,248
34280,aftermath,hunt,0.073517,0.480167,0.220691,100,1,20,248
34290,aftermath,hunt,0.070242,0.480167,0.247984,100,1,20,248
34300,aftermath,hunt,0.06709,0.423875,0.274247,100,0,20,248
34310,aftermath,hunt,0.067033,0.359125,0.274726,100,0,20,248
34320,aftermath,hunt,0.077942,0.079125,0.183817,100,0,20,248
34330,aftermath,hunt,0.088851,0,0.092908,100,0,20,248
34340,aftermath,hunt,0.09976,0,0.001999,100,0,20,248
34350,aftermath,hunt,0.1,0,0,100,0,20,248
34360,aftermath,hunt,0.1,0,0,100,0,20,248
34370,aftermath,hunt,0.1,0,0,100,0,20,248
34380,quiet,discovery,0.08,0,0,100,0,20,248
34390,quiet,discovery,0.08,0,0,100,0,20,248
34400,quiet,discovery,0.08,0,0,100,0,20,248
34410,quiet,discovery,0.08,0,0,100,0,20,248
34420,quiet,discovery,0.08,0,0,100,0,20,248
34430,quiet,discovery,0.08,0,0,100,0,20,248
34440,quiet,discovery,0.08,0,0,100,0,20,248
34450,quiet,discovery,0.08,0,0,100,0,20,248
34460,quiet,discovery,0.08,0,0,100,0,20,248
34470,peak,discovery,0.206,0.26,0.008116,100,1,20,249
34480,peak,discovery,0.386,0.443417,0.029855,100,1,20,249
34490,peak,discovery,0.566,0.480167,0.053565,100,1,20,249
34500,peak,discovery,0.640528,0.480167,0.078933,100,1,20,249
34510,peak,discovery,0.637484,0.470542,0.104303,100,1,20,249
34520,aftermath,discovery,0.187193,0.480167,0.129774,100,1,20,249
34530,aftermath,discovery,0.081278,0.480167,0.156018,100,1,20,249
34540,aftermath,discovery,0.078128,0.470542,0.182263,100,1,20,249
34550,aftermath,discovery,0.074967,0.480167,0.208609,100,1,20,249
34560,aftermath,discovery,0.071713,0.480167,0.235727,100,1,20,249
34570,aftermath,discovery,0.068458,0.470542,0.262847,100,1,20,249
34580,aftermath,discovery,0.068405,0.359125,0.263291,100,0,20,249
34590,aftermath,discovery,0.079314,0.079125,0.172382,100,0,20,249
34600,aftermath,discovery,0.090223,0,0.081473,100,0,20,249
34610,aftermath,discovery,0.1,0,0,100,0,20,249
34620,aftermath,discovery,0.1,0,0,100,0,20,249
34630,aftermath,discovery,0.1,0,0,100,0,20,249
34640,aftermath,discovery,0.1,0,0,100,0,20,249
34650,quiet,voyage,0.08,0,0,100,0,20,249
34660,quiet,voyage,0.08,0,0,100,0,20,249
34670,quiet,voyage,0.08,0,0,100,0,20,249
34680,quiet,voyage,0.08,0,0,100,0,20,249
34690,quiet,voyage,0.08,0,0,100,0,20,249
34700,quiet,voyage,0.08,0,0,100,0,20,249
34710,opportunity,voyage,0.17,0,0,100,0,20,249
34720,opportunity,voyage,0.23,0,0,100,0,20,249
34730,opportunity,voyage,0.23,0,0,100,0,20,249
34740,opportunity,voyage,0.23,0,0,100,0,20,249
34750,opportunity,voyage,0.23,0,0,100,0,20,249
34760,opportunity,voyage,0.23,0,0,100,0,20,249
34770,opportunity,voyage,0.23,0,0,100,0,20,249
34780,opportunity,voyage,0.23,0,0,100,0,20,249
34790,opportunity,voyage,0.23,0,0,100,0,20,249
34800,peak,voyage,0.338,0.39,0.012116,100,1,19,250
34810,peak,voyage,0.518,0.443417,0.033855,100,1,19,250
34820,peak,voyage,0.643092,0.480167,0.057565,100,1,19,250
34830,peak,voyage,0.640048,0.480167,0.082933,100,1,20,250
34840,peak,voyage,0.637004,0.470542,0.108303,100,1,19,251
34850,peak,voyage,0.633947,0.480167,0.133774,100,1,19,251
34860,aftermath,voyage,0.332709,0.480167,0.160018,100,1,19,251
34870,aftermath,voyage,0.077648,0.470542,0.186263,100,1,19,251
34880,aftermath,voyage,0.074487,0.480167,0.212609,100,1,20,251
34890,aftermath,voyage,0.071233,0.480167,0.239727,100,1,20,251
34900,aftermath,voyage,0.06804,0.442542,0.266337,100,0,20,251
34910,aftermath,voyage,0.067993,0.359125,0.266729,100,0,20,251
34920,aftermath,voyage,0.078902,0.079125,0.17582,100,0,20,251
34930,aftermath,voyage,0.089811,0,0.084911,100,0,20,251
34940,aftermath,voyage,0.1,0,0,100,0,20,251
34950,aftermath,voyage,0.1,0,0,100,0,20,251
34960,aftermath,voyage,0.1,0,0,100,0,20,251
34970,aftermath,voyage,0.1,0,0,100,0,20,251
34980,quiet,discovery,0.08,0,0,100,0,20,251
34990,quiet,discovery,0.08,0,0,100,0,20,251
35000,quiet,discovery,0.08,0,0,100,0,20,251
35010,quiet,discovery,0.08,0,0,100,0,20,251
35020,quiet,discovery,0.08,0,0,100,0,20,251
35030,quiet,discovery,0.08,0,0,100,0,20,251
35040,quiet,discovery,0.08,0,0,100,0,20,251
35050,quiet,discovery,0.08,0,0,100,0,20,251
35060,opportunity,discovery,0.17,0,0,100,0,20,251
35070,peak,discovery,0.284,0.195,0.006116,100,1,19,252
35080,peak,discovery,0.464,0.443417,0.027855,100,1,19,252
35090,peak,discovery,0.593812,0.480167,0.051565,100,1,19,252
35100,peak,discovery,0.590768,0.480167,0.076933,100,1,20,252
35110,peak,discovery,0.587724,0.470542,0.102303,100,1,19,253
35120,aftermath,discovery,0.187129,0.480167,0.127774,100,1,19,253
35130,aftermath,discovery,0.081518,0.480167,0.154018,100,1,19,253
35140,aftermath,discovery,0.078368,0.470542,0.180263,100,1,19,253
35150,aftermath,discovery,0.075207,0.480167,0.206609,100,1,19,254
35160,aftermath,discovery,0.071953,0.480167,0.233727,100,1,19,254
35170,aftermath,discovery,0.068698,0.470542,0.260847,100,1,19,254
35180,aftermath,discovery,0.068612,0.359125,0.261567,100,0,19,254
35190,aftermath,discovery,0.079521,0.079125,0.170658,100,0,20,254
35200,aftermath,discovery,0.09043,0,0.079749,100,0,19,255
35210,aftermath,discovery,0.1,0,0,100,0,19,255
35220,quiet,hunt,0.08,0,0,100,0,19,255
35230,quiet,hunt,0.08,0,0,100,0,19,255
35240,quiet,hunt,0.08,0,0,100,0,20,255
35250,quiet,hunt,0.08,0,0,100,0,20,255
35260,quiet,hunt,0.08,0,0,100,0,20,255
35270,opportunity,hunt,0.134,0,0,100,0,20,255
35280,opportunity,hunt,0.23,0,0,100,0,20,255
35290,opportunity,hunt,0.23,0,0,100,0,20,255
35300,opportunity,hunt,0.23,0,0,100,0,20,255
35310,opportunity,hunt,0.23,0,0,100,0,20,255
35320,opportunity,hunt,0.23,0,0,100,0,20,255
35330,opportunity,hunt,0.23,0,0,100,0,20,255
35340,opportunity,hunt,0.23,0,0,100,0,20,255
35350,opportunity,hunt,0.23,0,0,100,0,20,255
35360,build,hunt,0.374,0,0,100,0,20,255
35370,peak,hunt,0.554,0.443417,0.016927,100,1,20,256
35380,peak,hunt,0.595221,0.461792,0.039826,100,1,20,256
35390,peak,hunt,0.592248,0.480167,0.064597,100,1,20,256
35400,peak,hunt,0.589183,0.480167,0.09014,100,1,20,256
35410,peak,hunt,0.586118,0.470542,0.115685,100,1,20,256
35420,peak,hunt,0.58304,0.480167,0.141331,100,1,20,256
35430,peak,hunt,0.57987,0.480167,0.167749,100,1,20,256
35440,aftermath,hunt,0.427655,0.470542,0.19417,100,1,20,256
35450,aftermath,hunt,0.073517,0.480167,0.220691,100,1,20,256
35460,aftermath,hunt,0.070242,0.480167,0.247984,100,1,20,256
35470,aftermath,hunt,0.06709,0.423875,0.274247,100,0,20,256
35480,aftermath,hunt,0.067033,0.359125,0.274726,100,0,20,256
35490,aftermath,hunt,0.077942,0.079125,0.183817,100,0,20,256
35500,aftermath,hunt,0.088851,0,0.092908,100,0,20,256
35510,aftermath,hunt,0.09976,0,0.001999,100,0,20,256
35520,aftermath,hunt,0.1,0,0,100,0,20,256
35530,aftermath,hunt,0.1,0,0,100,0,20,256
35540,quiet,discovery,0.08,0,0,100,0,20,256
35550,quiet,discovery,0.08,0,0,100,0,20,256
35560,quiet,discovery,0.08,0,0,100,0,20,256
35570,quiet,discovery,0.08,0,0,100,0,20,256
35580,quiet,discovery,0.08,0,0,100,0,20,256
35590,quiet,discovery,0.08,0,0,100,0,20,256
35600,quiet,discovery,0.08,0,0,100,0,20,256
35610,quiet,discovery,0.08,0,0,100,0,20,256
35620,quiet,discovery,0.08,0,0,100,0,20,256
35630,peak,discovery,0.242,0.425042,0.016348,100,1,19,257
35640,peak,discovery,0.422,0.461792,0.038435,100,1,20,257
35650,peak,discovery,0.602,0.461792,0.062394,100,1,20,257
35660,peak,discovery,0.614519,0.480167,0.08734,100,1,20,257
35670,aftermath,discovery,0.462365,0.480167,0.113058,100,1,20,257
35680,aftermath,discovery,0.083347,0.470542,0.138778,100,1,20,257
35690,aftermath,discovery,0.080248,0.480167,0.164599,100,1,20,257
35700,aftermath,discovery,0.077057,0.480167,0.191193,100,1,20,257
35710,aftermath,discovery,0.073865,0.470542,0.217788,100,1,20,257
35720,aftermath,discovery,0.070662,0.480167,0.244484,100,1,20,257
35730,aftermath,discovery,0.067504,0.423875,0.270803,100,0,20,257
35740,aftermath,discovery,0.070198,0.303125,0.24835,100,0,20,257
35750,aftermath,discovery,0.081107,0.023125,0.157441,100,0,20,257
35760,aftermath,discovery,0.092016,0,0.066532,100,0,20,257
35770,aftermath,discovery,0.1,0,0,100,0,20,257
35780,aftermath,discovery,0.1,0,0,100,0,20,257
35790,quiet,voyage,0.08,0,0,100,0,20,257
35800,quiet,voyage,0.08,0,0,100,0,20,257
35810,quiet,voyage,0.08,0,0,100,0,20,257
35820,quiet,voyage,0.08,0,0,100,0,20,257
35830,quiet,voyage,0.08,0,0,100,0,20,257
35840,quiet,voyage,0.08,0,0,100,0,20,257
35850,opportunity,voyage,0.098,0,0,100,1,19,258
35860,peak,voyage,0.278,0.425042,0.02058,100,1,19,258
35870,peak,voyage,0.458,0.461792,0.04313,100,1,19,259
35880,peak,voyage,0.616908,0.480167,0.067438,100,1,19,259
35890,peak,voyage,0.613884,0.470542,0.092633,100,1,19,259
35900,suspended:docked,voyage,,0.498542,0.115395,100,1,19,259
35910,suspended:docked,voyage,,0.498542,0.115395,100,1,20,259
35920,suspended:docked,voyage,,0.498542,0.115395,100,1,20,259
35930,suspended:docked,voyage,,0.498542,0.115395,100,1,20,259
35940,peak,voyage,0.561153,0.470542,0.117658,100,1,20,259
35950,peak,voyage,0.08,0.425042,0.140862,100,1,20,259
35960,aftermath,voyage,0.080305,0.39675,0.164122,100,0,20,259
35970,aftermath,voyage,0.085787,0.22875,0.118443,100,0,20,259
35980,aftermath,voyage,0.096696,0,0.027534,100,0,20,259
35990,aftermath,voyage,0.1,0,0,100,0,20,259
