t,phase,motif,requested,observed,fatigue,hull,liveCombat,pending,totalSpawns
0,travel,,,,,100,0,1,0
10,travel,,,,,100,0,0,1
20,travel,,,,,100,0,0,1
30,travel,,,,,100,0,0,1
40,travel,,,,,100,0,0,1
50,travel,,,,,100,0,0,2
60,travel,,,,,100,0,0,2
70,travel,,,,,100,0,0,2
80,curiosity,,,,,100,0,0,2
90,curiosity,,,,,100,0,1,2
100,violence,,,,,100,1,0,3
110,violence,,,,,100,1,0,3
120,violence,,,,,100,1,0,3
130,violence,,,,,100,1,0,3
140,violence,,,,,100,1,0,4
150,violence,,,,,100,1,0,4
160,violence,,,,,100,1,0,4
170,violence,,,,,100,1,0,4
180,violence,,,,,100,1,1,4
190,violence,,,,,100,1,1,4
200,aftermath,,,,,100,0,1,4
210,aftermath,,,,,100,0,1,4
220,aftermath,,,,,100,0,1,4
230,aftermath,,,,,100,0,2,4
240,aftermath,,,,,100,0,2,4
250,aftermath,,,,,100,0,2,4
260,quiet,,,,,100,0,2,4
270,quiet,,,,,100,0,3,4
280,quiet,,,,,100,0,3,4
290,quiet,,,,,100,0,3,4
300,quiet,,,,,100,0,3,4
310,quiet,,,,,100,0,3,4
320,quiet,,,,,100,0,3,5
330,quiet,,,,,100,0,3,5
340,quiet,,,,,100,0,3,5
350,work,,,,,100,0,3,5
360,work,,,,,100,0,4,5
370,travel,,,,,100,0,3,6
380,violence,,,,,100,1,2,7
390,violence,,,,,100,1,2,7
400,violence,,,,,100,1,2,7
410,violence,,,,,100,1,3,7
420,violence,,,,,100,1,3,7
430,violence,,,,,100,1,3,7
440,violence,,,,,100,1,3,7
450,violence,,,,,100,1,4,7
460,violence,,,,,100,1,4,7
470,violence,,,,,100,1,4,7
480,aftermath,,,,,100,0,4,7
490,aftermath,,,,,100,0,4,7
500,aftermath,,,,,100,0,4,8
510,aftermath,,,,,100,0,4,8
520,aftermath,,,,,100,0,4,8
530,aftermath,,,,,100,0,4,8
540,quiet,,,,,100,0,5,8
550,quiet,,,,,100,0,5,8
560,quiet,,,,,100,0,5,8
570,quiet,,,,,100,0,5,8
580,quiet,,,,,100,0,5,8
590,quiet,,,,,100,0,6,8
600,quiet,,,,,100,0,6,8
610,quiet,,,,,100,0,6,8
620,quiet,,,,,100,0,6,8
630,work,,,,,100,0,7,8
640,work,,,,,100,0,7,8
650,travel,,,,,100,0,7,8
660,travel,,,,,100,0,7,8
670,travel,,,,,100,0,7,8
680,travel,,,,,100,0,8,8
690,travel,,,,,100,0,8,8
700,travel,,,,,100,0,8,8
710,travel,,,,,100,0,8,8
720,travel,,,,,100,0,9,8
730,curiosity,,,,,100,0,9,8
740,curiosity,,,,,100,0,9,8
750,curiosity,,,,,100,0,9,8
760,curiosity,,,,,100,0,9,8
770,curiosity,,,,,100,0,10,8
780,curiosity,,,,,100,0,10,8
790,violence,,,,,100,1,8,10
800,violence,,,,,100,1,7,11
810,violence,,,,,100,1,8,11
820,violence,,,,,100,1,8,11
830,violence,,,,,100,1,7,12
840,violence,,,,,100,1,7,12
850,violence,,,,,100,1,7,12
860,violence,,,,,100,1,7,13
870,violence,,,,,100,1,7,13
880,violence,,,,,100,1,7,13
890,aftermath,,,,,100,0,7,13
900,aftermath,,,,,100,0,8,13
910,aftermath,,,,,100,0,7,14
920,aftermath,,,,,100,0,7,14
930,aftermath,,,,,100,0,7,14
940,aftermath,,,,,100,0,7,14
950,quiet,,,,,100,0,7,15
960,quiet,,,,,100,0,7,15
970,quiet,,,,,100,0,7,15
980,quiet,,,,,100,0,7,15
990,quiet,,,,,100,0,8,15
1000,quiet,,,,,100,0,7,16
1010,quiet,,,,,100,0,7,16
1020,quiet,,,,,100,0,7,16
1030,quiet,,,,,100,0,7,16
1040,work,,,,,100,0,8,16
1050,work,,,,,100,0,8,16
1060,travel,,,,,100,0,8,16
1070,violence,,,,,100,1,7,17
1080,violence,,,,,100,1,8,17
1090,violence,,,,,100,1,8,17
1100,violence,,,,,100,1,8,17
1110,violence,,,,,100,1,8,17
1120,violence,,,,,100,1,8,17
1130,violence,,,,,100,1,8,18
1140,violence,,,,,100,1,8,18
1150,violence,,,,,100,1,8,18
1160,violence,,,,,100,1,8,18
1170,aftermath,,,,,100,0,9,18
1180,aftermath,,,,,100,0,9,18
1190,aftermath,,,,,100,0,9,18
1200,aftermath,,,,,100,0,9,18
1210,aftermath,,,,,100,0,9,18
1220,aftermath,,,,,100,0,10,18
1230,quiet,,,,,100,0,10,18
1240,quiet,,,,,100,0,10,18
1250,quiet,,,,,100,0,10,18
1260,quiet,,,,,100,0,11,18
1270,quiet,,,,,100,0,11,18
1280,quiet,,,,,100,0,11,18
1290,quiet,,,,,100,0,11,18
1300,quiet,,,,,100,0,11,18
1310,quiet,,,,,100,0,11,19
1320,work,,,,,100,0,11,19
1330,work,,,,,100,0,11,19
1340,travel,,,,,100,1,10,20
1350,violence,,,,,100,1,11,20
1360,violence,,,,,100,1,11,20
1370,violence,,,,,100,1,11,20
1380,violence,,,,,100,1,11,20
1390,violence,,,,,100,1,11,20
1400,violence,,,,,100,1,11,21
1410,violence,,,,,100,1,11,21
1420,violence,,,,,100,1,11,21
1430,violence,,,,,100,1,11,21
1440,violence,,,,,100,1,12,21
1450,aftermath,,,,,100,0,11,22
1460,aftermath,,,,,100,0,11,22
1470,aftermath,,,,,100,0,11,22
1480,aftermath,,,,,100,0,11,22
1490,aftermath,,,,,100,0,12,22
1500,aftermath,,,,,100,0,12,22
1510,quiet,,,,,100,0,12,22
1520,quiet,,,,,100,0,12,22
1530,quiet,,,,,100,0,13,22
1540,quiet,,,,,100,0,13,22
1550,quiet,,,,,100,0,13,22
1560,quiet,,,,,100,0,13,22
1570,quiet,,,,,100,0,13,22
1580,quiet,,,,,100,0,14,22
1590,quiet,,,,,100,0,14,22
1600,work,,,,,100,0,14,22
1610,work,,,,,100,0,14,22
1620,violence,,,,,100,1,14,23
1630,violence,,,,,100,1,14,23
1640,violence,,,,,100,1,14,23
1650,violence,,,,,100,1,13,24
1660,violence,,,,,100,1,13,24
1670,violence,,,,,100,1,13,25
1680,violence,,,,,100,1,13,25
1690,violence,,,,,100,1,13,25
1700,violence,,,,,100,1,13,25
1710,violence,,,,,100,1,14,25
1720,violence,,,,,100,1,14,25
1730,aftermath,,,,,100,0,14,25
1740,aftermath,,,,,100,0,14,25
1750,aftermath,,,,,100,0,14,25
1760,aftermath,,,,,100,0,14,26
1770,aftermath,,,,,100,0,14,26
1780,aftermath,,,,,100,0,14,26
1790,quiet,,,,,100,0,14,26
1800,quiet,,,,,100,0,15,26
1810,quiet,,,,,100,0,14,27
1820,quiet,,,,,100,0,14,27
1830,quiet,,,,,100,0,14,27
1840,quiet,,,,,100,0,14,27
1850,quiet,,,,,100,0,15,27
1860,quiet,,,,,100,0,15,27
1870,quiet,,,,,100,0,15,27
1880,work,,,,,100,0,15,27
1890,work,,,,,100,0,16,27
1900,violence,,,,,100,1,15,28
1910,violence,,,,,100,1,15,28
1920,violence,,,,,100,1,14,29
1930,violence,,,,,100,1,14,29
1940,violence,,,,,100,1,14,30
1950,violence,,,,,100,1,14,30
1960,violence,,,,,100,1,14,30
1970,violence,,,,,100,1,14,30
1980,violence,,,,,100,1,15,30
1990,violence,,,,,100,1,15,30
2000,aftermath,,,,,100,0,15,30
2010,aftermath,,,,,100,0,15,30
2020,aftermath,,,,,100,0,15,30
2030,aftermath,,,,,100,0,15,31
2040,aftermath,,,,,100,0,15,31
2050,aftermath,,,,,100,0,15,31
2060,quiet,,,,,100,0,15,31
2070,quiet,,,,,100,0,16,31
2080,quiet,,,,,100,0,15,32
2090,quiet,,,,,100,0,15,32
2100,quiet,,,,,100,0,15,32
2110,quiet,,,,,100,0,15,32
2120,quiet,,,,,100,0,15,33
2130,quiet,,,,,100,0,15,33
2140,quiet,,,,,100,0,15,33
2150,work,,,,,100,0,15,33
2160,work,,,,,100,0,16,33
2170,violence,,,,,100,1,15,34
2180,violence,,,,,100,1,15,34
2190,violence,,,,,100,1,15,34
2200,violence,,,,,100,1,15,34
2210,violence,,,,,100,1,15,35
2220,violence,,,,,100,1,15,35
2230,violence,,,,,100,1,15,35
2240,violence,,,,,100,1,15,35
2250,violence,,,,,100,1,16,35
2260,violence,,,,,100,1,16,35
2270,violence,,,,,100,1,16,35
2280,aftermath,,,,,100,0,16,35
2290,aftermath,,,,,100,0,16,35
2300,aftermath,,,,,100,0,17,35
2310,aftermath,,,,,100,0,17,35
2320,aftermath,,,,,100,0,17,35
2330,aftermath,,,,,100,0,17,35
2340,quiet,,,,,100,0,18,35
2350,quiet,,,,,100,0,18,35
2360,quiet,,,,,100,0,18,35
2370,quiet,,,,,100,0,18,35
2380,quiet,,,,,100,0,18,35
2390,quiet,,,,,100,0,18,36
2400,quiet,,,,,100,0,18,36
2410,quiet,,,,,100,0,18,36
2420,quiet,,,,,100,0,18,36
2430,work,,,,,100,0,19,36
2440,work,,,,,100,0,18,37
2450,violence,,,,,100,1,17,38
2460,violence,,,,,100,1,17,38
2470,violence,,,,,100,1,17,38
2480,violence,,,,,100,1,17,39
2490,violence,,,,,100,1,17,39
2500,violence,,,,,100,1,17,39
2510,violence,,,,,100,1,17,39
2520,violence,,,,,100,1,18,39
2530,violence,,,,,100,1,18,39
2540,violence,,,,,100,1,18,39
2550,aftermath,,,,,100,0,18,39
2560,aftermath,,,,,100,0,18,39
2570,aftermath,,,,,100,0,19,39
2580,aftermath,,,,,100,0,19,39
2590,aftermath,,,,,100,0,19,39
2600,aftermath,,,,,100,0,19,39
2610,quiet,,,,,100,0,20,39
2620,quiet,,,,,100,0,20,39
2630,quiet,,,,,100,0,20,39
2640,quiet,,,,,100,0,20,39
2650,quiet,,,,,100,0,20,39
2660,quiet,,,,,100,0,20,39
2670,quiet,,,,,100,0,20,39
2680,quiet,,,,,100,0,20,39
2690,quiet,,,,,100,0,20,39
2700,work,,,,,100,0,20,39
2710,work,,,,,100,0,20,39
2720,travel,,,,,100,1,19,40
2730,violence,,,,,100,1,19,40
2740,violence,,,,,100,1,19,40
2750,violence,,,,,100,1,20,40
2760,violence,,,,,100,1,20,40
2770,violence,,,,,100,1,20,40
2780,violence,,,,,100,1,20,40
2790,violence,,,,,100,1,20,40
2800,violence,,,,,100,1,20,40
2810,violence,,,,,100,1,20,40
2820,violence,,,,,100,1,20,40
2830,aftermath,,,,,100,0,20,40
2840,aftermath,,,,,100,0,20,40
2850,aftermath,,,,,100,0,20,40
2860,aftermath,,,,,100,0,20,40
2870,aftermath,,,,,100,0,20,40
2880,aftermath,,,,,100,0,20,40
2890,quiet,,,,,100,0,20,40
2900,quiet,,,,,100,0,20,40
2910,quiet,,,,,100,0,20,40
2920,quiet,,,,,100,0,20,40
2930,quiet,,,,,100,0,20,40
2940,quiet,,,,,100,0,20,40
2950,quiet,,,,,100,0,20,40
2960,quiet,,,,,100,0,20,40
2970,quiet,,,,,100,0,20,40
2980,work,,,,,100,0,20,40
2990,work,,,,,100,0,20,40
3000,violence,,,,,100,1,0,41
3010,violence,,,,,100,1,0,41
3020,violence,,,,,100,1,0,41
3030,violence,,,,,100,1,0,41
3040,violence,,,,,100,1,0,41
3050,violence,,,,,100,1,0,41
3060,violence,,,,,100,1,0,41
3070,violence,,,,,100,1,0,41
3080,violence,,,,,100,1,0,41
3090,violence,,,,,100,1,0,41
3100,violence,,,,,100,1,0,41
3110,aftermath,,,,,100,0,0,41
3120,aftermath,,,,,100,0,0,41
3130,aftermath,,,,,100,0,0,41
3140,aftermath,,,,,100,0,0,41
3150,aftermath,,,,,100,0,0,41
3160,aftermath,,,,,100,0,0,41
3170,quiet,,,,,100,0,0,41
3180,quiet,,,,,100,0,0,41
3190,quiet,,,,,100,0,0,41
3200,quiet,,,,,100,0,0,41
3210,quiet,,,,,100,0,0,41
3220,quiet,,,,,100,0,0,41
3230,quiet,,,,,100,0,0,41
3240,quiet,,,,,100,0,0,41
3250,quiet,,,,,100,0,0,41
3260,work,,,,,100,0,0,41
3270,work,,,,,100,0,0,41
3280,travel,,,,,100,0,0,41
3290,travel,,,,,100,0,0,41
3300,travel,,,,,100,0,0,41
3310,travel,,,,,100,0,0,41
3320,travel,,,,,100,0,0,41
3330,travel,,,,,100,0,0,41
3340,travel,,,,,100,0,0,41
3350,curiosity,,,,,100,0,0,41
3360,curiosity,,,,,100,0,0,41
3370,curiosity,,,,,100,0,0,41
3380,curiosity,,,,,100,0,0,42
3390,curiosity,,,,,100,0,0,42
3400,curiosity,,,,,100,0,0,42
3410,curiosity,,,,,100,0,0,42
3420,curiosity,,,,,100,0,1,42
3430,violence,,,,,100,1,0,43
3440,violence,,,,,100,1,0,43
3450,violence,,,,,100,1,0,43
3460,violence,,,,,100,1,0,43
3470,violence,,,,,100,1,0,44
3480,violence,,,,,100,1,0,44
3490,violence,,,,,100,1,0,44
3500,violence,,,,,100,1,0,44
3510,violence,,,,,100,1,1,44
3520,violence,,,,,100,1,1,44
3530,aftermath,,,,,100,0,1,44
3540,aftermath,,,,,100,0,1,44
3550,aftermath,,,,,100,0,1,44
3560,aftermath,,,,,100,0,2,44
3570,aftermath,,,,,100,0,2,44
3580,aftermath,,,,,100,0,2,44
3590,quiet,,,,,100,0,2,44
3600,quiet,,,,,100,0,3,44
3610,quiet,,,,,100,0,3,44
3620,quiet,,,,,100,0,3,44
3630,quiet,,,,,100,0,3,44
3640,quiet,,,,,100,0,3,44
3650,quiet,,,,,100,0,4,44
3660,quiet,,,,,100,0,4,44
3670,quiet,,,,,100,0,4,44
3680,work,,,,,100,0,4,44
3690,work,,,,,100,0,5,44
3700,travel,,,,,100,0,5,44
3710,violence,,,,,100,1,4,45
3720,violence,,,,,100,1,4,45
3730,violence,,,,,100,1,4,45
3740,violence,,,,,100,1,5,45
3750,violence,,,,,100,1,5,45
3760,violence,,,,,100,1,5,45
3770,violence,,,,,100,1,5,45
3780,violence,,,,,100,1,6,45
3790,violence,,,,,100,1,6,45
3800,violence,,,,,100,1,6,45
3810,aftermath,,,,,100,0,6,45
3820,aftermath,,,,,100,0,6,45
3830,aftermath,,,,,100,0,6,46
3840,aftermath,,,,,100,0,6,46
3850,aftermath,,,,,100,0,6,46
3860,aftermath,,,,,100,0,6,46
3870,quiet,,,,,100,0,7,46
3880,quiet,,,,,100,0,7,46
3890,quiet,,,,,100,0,7,46
3900,quiet,,,,,100,0,7,46
3910,quiet,,,,,100,0,7,46
3920,quiet,,,,,100,0,8,46
3930,quiet,,,,,100,0,8,46
3940,quiet,,,,,100,0,8,46
3950,quiet,,,,,100,0,8,46
3960,work,,,,,100,0,9,46
3970,work,,,,,100,0,9,46
3980,violence,,,,,100,1,8,47
3990,violence,,,,,100,1,8,47
4000,violence,,,,,100,1,8,47
4010,violence,,,,,100,1,8,48
4020,violence,,,,,100,1,8,48
4030,violence,,,,,100,1,8,48
4040,violence,,,,,100,1,8,48
4050,violence,,,,,100,1,9,48
4060,violence,,,,,100,1,8,49
4070,violence,,,,,100,1,8,49
4080,violence,,,,,100,1,8,49
4090,aftermath,,,,,100,0,8,49
4100,aftermath,,,,,100,0,9,49
4110,aftermath,,,,,100,0,9,49
4120,aftermath,,,,,100,0,9,49
4130,aftermath,,,,,100,0,9,49
4140,aftermath,,,,,100,0,10,49
4150,quiet,,,,,100,0,10,49
4160,quiet,,,,,100,0,10,49
4170,quiet,,,,,100,0,10,49
4180,quiet,,,,,100,0,10,49
4190,quiet,,,,,100,0,11,49
4200,quiet,,,,,100,0,11,49
4210,quiet,,,,,100,0,11,49
4220,quiet,,,,,100,0,11,49
4230,quiet,,,,,100,0,12,49
4240,work,,,,,100,0,12,49
4250,work,,,,,100,0,12,49
4260,violence,,,,,100,1,11,50
4270,violence,,,,,100,1,11,50
4280,violence,,,,,100,1,12,50
4290,violence,,,,,100,1,12,50
4300,violence,,,,,100,1,12,50
4310,violence,,,,,100,1,12,50
4320,violence,,,,,100,1,13,50
4330,violence,,,,,100,1,12,51
4340,violence,,,,,100,1,12,51
4350,violence,,,,,100,1,12,51
4360,aftermath,,,,,100,0,12,51
4370,aftermath,,,,,100,0,12,52
4380,aftermath,,,,,100,0,12,52
4390,aftermath,,,,,100,0,12,52
4400,aftermath,,,,,100,0,12,52
4410,aftermath,,,,,100,0,13,52
4420,quiet,,,,,100,0,13,52
4430,quiet,,,,,100,0,13,52
4440,quiet,,,,,100,0,13,52
4450,quiet,,,,,100,0,13,52
4460,quiet,,,,,100,0,14,52
4470,quiet,,,,,100,0,14,52
4480,quiet,,,,,100,0,14,52
4490,quiet,,,,,100,0,14,52
4500,quiet,,,,,100,0,15,52
4510,work,,,,,100,0,15,52
4520,work,,,,,100,0,15,52
4530,violence,,,,,100,1,14,53
4540,violence,,,,,100,1,14,53
4550,violence,,,,,100,1,14,54
4560,violence,,,,,100,1,14,54
4570,violence,,,,,100,1,14,54
4580,violence,,,,,100,1,14,54
4590,violence,,,,,100,1,15,54
4600,violence,,,,,100,1,15,54
4610,violence,,,,,100,1,15,54
4620,violence,,,,,100,1,15,54
4630,violence,,,,,100,1,15,54
4640,aftermath,,,,,100,0,16,54
4650,aftermath,,,,,100,0,16,54
4660,aftermath,,,,,100,0,16,54
4670,aftermath,,,,,100,0,16,54
4680,aftermath,,,,,100,0,17,54
4690,aftermath,,,,,100,0,16,55
4700,quiet,,,,,100,0,16,55
4710,quiet,,,,,100,0,16,55
4720,quiet,,,,,100,0,16,55
4730,quiet,,,,,100,0,17,55
4740,quiet,,,,,100,0,17,55
4750,quiet,,,,,100,0,17,55
4760,quiet,,,,,100,0,17,55
4770,quiet,,,,,100,0,18,55
4780,quiet,,,,,100,0,17,56
4790,work,,,,,100,0,17,56
4800,work,,,,,100,0,17,56
4810,violence,,,,,100,1,16,57
4820,violence,,,,,100,1,17,57
4830,violence,,,,,100,1,17,57
4840,violence,,,,,100,1,17,57
4850,violence,,,,,100,1,17,57
4860,violence,,,,,100,1,18,57
4870,violence,,,,,100,1,17,58
4880,violence,,,,,100,1,17,58
4890,violence,,,,,100,1,17,58
4900,violence,,,,,100,1,17,58
4910,aftermath,,,,,100,0,18,58
4920,aftermath,,,,,100,0,18,58
4930,aftermath,,,,,100,0,18,58
4940,aftermath,,,,,100,0,18,58
4950,aftermath,,,,,100,0,19,58
4960,aftermath,,,,,100,0,18,59
4970,quiet,,,,,100,0,18,59
4980,quiet,,,,,100,0,18,59
4990,quiet,,,,,100,0,18,59
5000,quiet,,,,,100,0,19,59
5010,quiet,,,,,100,0,19,59
5020,quiet,,,,,100,0,19,59
5030,quiet,,,,,100,0,19,59
5040,quiet,,,,,100,0,20,59
5050,quiet,,,,,100,0,20,59
5060,work,,,,,100,0,20,59
5070,work,,,,,100,0,20,59
5080,travel,,,,,100,1,19,60
5090,violence,,,,,100,1,20,60
5100,violence,,,,,100,1,20,60
5110,violence,,,,,100,1,20,60
5120,violence,,,,,100,1,20,60
5130,violence,,,,,100,1,20,60
5140,violence,,,,,100,1,20,60
5150,violence,,,,,100,1,20,60
5160,violence,,,,,99,1,20,60
5170,violence,,,,,95.5,1,20,60
5180,violence,,,,,88.5,1,20,60
5190,aftermath,,,,,85.72,0,20,60
5200,aftermath,,,,,86.92,0,20,60
5210,aftermath,,,,,88.12,0,20,60
5220,aftermath,,,,,89.32,0,20,60
5230,aftermath,,,,,90.52,0,20,60
5240,aftermath,,,,,91.72,0,20,60
5250,quiet,,,,,92.92,0,20,60
5260,quiet,,,,,94.12,0,20,60
5270,quiet,,,,,95.32,0,20,60
5280,quiet,,,,,96.52,0,20,60
5290,quiet,,,,,97.72,0,20,60
5300,quiet,,,,,98.92,0,20,60
5310,quiet,,,,,100,0,20,60
5320,quiet,,,,,100,0,20,60
5330,quiet,,,,,100,0,20,60
5340,work,,,,,100,0,20,60
5350,work,,,,,100,0,20,60
5360,violence,,,,,100,1,19,61
5370,violence,,,,,100,1,19,61
5380,violence,,,,,100,1,19,61
5390,violence,,,,,100,1,19,61
5400,violence,,,,,100,1,20,61
5410,violence,,,,,100,1,20,61
5420,violence,,,,,100,1,20,61
5430,violence,,,,,100,1,20,61
5440,violence,,,,,100,1,20,61
5450,violence,,,,,100,1,20,61
5460,violence,,,,,100,1,20,61
5470,aftermath,,,,,100,0,20,61
5480,aftermath,,,,,100,0,20,61
5490,aftermath,,,,,100,0,20,61
5500,aftermath,,,,,100,0,20,61
5510,aftermath,,,,,100,0,20,61
5520,aftermath,,,,,100,0,20,61
5530,quiet,,,,,100,0,20,61
5540,quiet,,,,,100,0,20,61
5550,quiet,,,,,100,0,20,61
5560,quiet,,,,,100,0,20,61
5570,quiet,,,,,100,0,20,61
5580,quiet,,,,,100,0,20,61
5590,quiet,,,,,100,0,20,61
5600,quiet,,,,,100,0,20,61
5610,quiet,,,,,100,0,20,61
5620,work,,,,,100,0,20,61
5630,work,,,,,100,0,20,61
5640,violence,,,,,100,1,19,62
5650,violence,,,,,100,1,19,62
5660,violence,,,,,100,1,19,62
5670,violence,,,,,100,1,20,62
5680,violence,,,,,100,1,19,63
5690,violence,,,,,100,1,19,63
5700,violence,,,,,100,1,19,63
5710,violence,,,,,100,1,19,63
5720,violence,,,,,100,1,20,63
5730,violence,,,,,100,1,20,63
5740,aftermath,,,,,100,0,20,63
5750,aftermath,,,,,100,0,20,63
5760,aftermath,,,,,100,0,20,63
5770,aftermath,,,,,100,0,20,63
5780,aftermath,,,,,100,0,20,63
5790,aftermath,,,,,100,0,20,63
5800,quiet,,,,,100,0,20,63
5810,quiet,,,,,100,0,20,63
5820,quiet,,,,,100,0,20,63
5830,quiet,,,,,100,0,20,63
5840,quiet,,,,,100,0,20,63
5850,quiet,,,,,100,0,20,63
5860,quiet,,,,,100,0,20,63
5870,quiet,,,,,100,0,20,63
5880,quiet,,,,,100,0,20,63
5890,work,,,,,100,0,20,63
5900,work,,,,,100,0,20,63
5910,violence,,,,,100,1,19,64
5920,violence,,,,,100,1,19,64
5930,violence,,,,,100,1,19,64
5940,violence,,,,,100,1,20,64
5950,violence,,,,,100,1,20,64
5960,violence,,,,,100,1,20,64
5970,violence,,,,,100,1,20,64
5980,violence,,,,,100,1,20,64
5990,violence,,,,,100,1,20,64
6000,violence,,,,,100,1,20,64
6010,violence,,,,,100,1,20,64
6020,aftermath,,,,,100,0,20,64
6030,aftermath,,,,,100,0,20,64
6040,aftermath,,,,,100,0,20,64
6050,aftermath,,,,,100,0,20,64
6060,aftermath,,,,,100,0,20,64
6070,aftermath,,,,,100,0,20,64
6080,quiet,,,,,100,0,20,64
6090,quiet,,,,,100,0,20,64
6100,quiet,,,,,100,0,20,64
6110,quiet,,,,,100,0,20,64
6120,quiet,,,,,100,0,20,64
6130,quiet,,,,,100,0,20,64
6140,quiet,,,,,100,0,20,64
6150,quiet,,,,,100,0,20,64
6160,quiet,,,,,100,0,20,64
6170,work,,,,,100,0,20,64
6180,work,,,,,100,0,20,64
6190,violence,,,,,100,1,19,65
6200,violence,,,,,100,1,19,65
6210,violence,,,,,100,1,20,65
6220,violence,,,,,100,1,19,66
6230,violence,,,,,100,1,19,66
6240,violence,,,,,100,1,19,66
6250,violence,,,,,100,1,19,66
6260,violence,,,,,100,1,20,66
6270,violence,,,,,100,1,20,66
6280,violence,,,,,100,1,20,66
6290,aftermath,,,,,100,0,20,66
6300,aftermath,,,,,100,0,20,66
6310,aftermath,,,,,100,0,20,66
6320,aftermath,,,,,100,0,20,66
6330,aftermath,,,,,100,0,20,66
6340,aftermath,,,,,100,0,20,66
6350,quiet,,,,,100,0,20,66
6360,quiet,,,,,100,0,20,66
6370,quiet,,,,,100,0,20,66
6380,quiet,,,,,100,0,20,66
6390,quiet,,,,,100,0,20,66
6400,quiet,,,,,100,0,20,66
6410,quiet,,,,,100,0,20,66
6420,quiet,,,,,100,0,20,66
6430,quiet,,,,,100,0,20,66
6440,work,,,,,100,0,20,66
6450,work,,,,,100,0,20,66
6460,violence,,,,,100,1,19,67
6470,violence,,,,,100,1,19,67
6480,violence,,,,,100,1,20,67
6490,violence,,,,,100,1,19,68
6500,violence,,,,,100,1,19,68
6510,violence,,,,,100,1,19,68
6520,violence,,,,,100,1,19,68
6530,violence,,,,,100,1,19,69
6540,violence,,,,,100,1,19,69
6550,violence,,,,,100,1,19,69
6560,violence,,,,,100,1,19,69
6570,aftermath,,,,,100,0,20,69
6580,aftermath,,,,,100,0,20,69
6590,aftermath,,,,,100,0,20,69
6600,aftermath,,,,,100,0,20,69
6610,aftermath,,,,,100,0,20,69
6620,aftermath,,,,,100,0,20,69
6630,quiet,,,,,100,0,20,69
6640,quiet,,,,,100,0,20,69
6650,quiet,,,,,100,0,20,69
6660,quiet,,,,,100,0,20,69
6670,quiet,,,,,100,0,20,69
6680,quiet,,,,,100,0,20,69
6690,quiet,,,,,100,0,20,69
6700,quiet,,,,,100,0,20,69
6710,quiet,,,,,100,0,20,69
6720,work,,,,,100,0,20,69
6730,work,,,,,100,0,20,69
6740,violence,,,,,100,1,19,70
6750,violence,,,,,100,1,20,70
6760,violence,,,,,100,1,20,70
6770,violence,,,,,100,1,20,70
6780,violence,,,,,100,1,20,70
6790,violence,,,,,100,1,20,70
6800,violence,,,,,100,1,20,70
6810,violence,,,,,100,1,20,70
6820,violence,,,,,100,1,20,70
6830,violence,,,,,100,1,20,70
6840,violence,,,,,100,1,20,70
6850,aftermath,,,,,100,0,20,70
6860,aftermath,,,,,100,0,20,70
6870,aftermath,,,,,100,0,20,70
6880,aftermath,,,,,100,0,20,70
6890,aftermath,,,,,100,0,20,70
6900,aftermath,,,,,100,0,20,70
6910,quiet,,,,,100,0,20,70
6920,quiet,,,,,100,0,20,70
6930,quiet,,,,,100,0,20,70
6940,quiet,,,,,100,0,20,70
6950,quiet,,,,,100,0,20,70
6960,quiet,,,,,100,0,20,70
6970,quiet,,,,,100,0,20,70
6980,quiet,,,,,100,0,20,70
6990,quiet,,,,,100,0,20,70
7000,work,,,,,100,0,20,70
7010,work,,,,,100,0,20,70
7020,violence,,,,,100,1,20,71
7030,violence,,,,,100,1,20,71
7040,violence,,,,,100,1,20,71
7050,violence,,,,,100,1,20,71
7060,violence,,,,,100,1,20,71
7070,violence,,,,,100,1,20,71
7080,violence,,,,,100,1,20,71
7090,violence,,,,,100,1,20,71
7100,violence,,,,,100,1,20,71
7110,violence,,,,,100,1,20,71
7120,aftermath,,,,,100,0,20,71
7130,aftermath,,,,,100,0,20,71
7140,aftermath,,,,,100,0,20,71
7150,aftermath,,,,,100,0,20,71
7160,aftermath,,,,,100,0,20,71
7170,aftermath,,,,,100,0,20,71
7180,quiet,,,,,100,0,20,71
7190,quiet,,,,,100,0,20,71
7200,quiet,,,,,100,0,20,71
7210,quiet,,,,,100,0,20,71
7220,quiet,,,,,100,0,20,71
7230,quiet,,,,,100,0,20,71
7240,quiet,,,,,100,0,20,71
7250,quiet,,,,,100,0,20,71
7260,quiet,,,,,100,0,20,71
7270,work,,,,,100,0,20,71
7280,work,,,,,100,0,20,71
7290,violence,,,,,100,1,20,72
7300,violence,,,,,100,1,20,72
7310,violence,,,,,100,1,20,72
7320,violence,,,,,100,1,20,72
7330,violence,,,,,100,1,20,72
7340,violence,,,,,100,1,20,72
7350,violence,,,,,100,1,20,72
7360,violence,,,,,100,1,20,72
7370,violence,,,,,100,1,20,72
7380,violence,,,,,100,1,20,72
7390,violence,,,,,100,1,20,72
7400,aftermath,,,,,100,0,20,72
7410,aftermath,,,,,100,0,20,72
7420,aftermath,,,,,100,0,20,72
7430,aftermath,,,,,100,0,20,72
7440,aftermath,,,,,100,0,20,72
7450,aftermath,,,,,100,0,20,72
7460,quiet,,,,,100,0,20,72
7470,quiet,,,,,100,0,20,72
7480,quiet,,,,,100,0,20,72
7490,quiet,,,,,100,0,20,72
7500,quiet,,,,,100,0,20,72
7510,quiet,,,,,100,0,20,72
7520,quiet,,,,,100,0,20,72
7530,quiet,,,,,100,0,20,72
7540,quiet,,,,,100,0,20,72
7550,work,,,,,100,0,20,72
7560,work,,,,,100,0,20,72
7570,violence,,,,,100,1,19,73
7580,violence,,,,,100,1,19,73
7590,violence,,,,,100,1,19,73
7600,violence,,,,,100,1,19,73
7610,violence,,,,,100,1,20,73
7620,violence,,,,,100,1,20,73
7630,violence,,,,,100,1,20,73
7640,violence,,,,,100,1,20,73
7650,violence,,,,,100,1,20,73
7660,violence,,,,,100,1,20,73
7670,aftermath,,,,,100,0,20,73
7680,aftermath,,,,,100,0,20,73
7690,aftermath,,,,,100,0,20,73
7700,aftermath,,,,,100,0,20,73
7710,aftermath,,,,,100,0,20,73
7720,aftermath,,,,,100,0,20,73
7730,quiet,,,,,100,0,20,73
7740,quiet,,,,,100,0,20,73
7750,quiet,,,,,100,0,20,73
7760,quiet,,,,,100,0,20,73
7770,quiet,,,,,100,0,20,73
7780,quiet,,,,,100,0,20,73
7790,quiet,,,,,100,0,20,73
7800,quiet,,,,,100,0,20,73
7810,quiet,,,,,100,0,20,73
7820,work,,,,,100,0,20,73
7830,work,,,,,100,0,20,73
7840,travel,,,,,100,0,20,73
7850,travel,,,,,100,0,20,73
7860,travel,,,,,100,0,20,73
7870,travel,,,,,100,0,20,73
7880,travel,,,,,100,0,20,73
7890,travel,,,,,100,0,20,73
7900,travel,,,,,100,0,20,73
7910,travel,,,,,100,0,20,73
7920,curiosity,,,,,100,0,20,73
7930,curiosity,,,,,100,0,20,73
7940,curiosity,,,,,100,0,20,73
7950,curiosity,,,,,100,0,20,73
7960,curiosity,,,,,100,0,20,73
7970,curiosity,,,,,100,0,20,73
7980,curiosity,,,,,100,0,20,73
7990,violence,,,,,100,1,19,74
8000,violence,,,,,100,1,19,74
8010,violence,,,,,100,1,20,74
8020,violence,,,,,100,1,20,74
8030,violence,,,,,100,1,20,74
8040,violence,,,,,100,1,20,74
8050,violence,,,,,100,1,20,74
8060,violence,,,,,100,1,20,74
8070,violence,,,,,100,1,20,74
8080,violence,,,,,100,1,20,74
8090,aftermath,,,,,100,0,20,74
8100,aftermath,,,,,100,0,20,74
8110,aftermath,,,,,100,0,20,74
8120,aftermath,,,,,100,0,20,74
8130,aftermath,,,,,100,0,20,74
8140,aftermath,,,,,100,0,20,74
8150,quiet,,,,,100,0,20,74
8160,quiet,,,,,100,0,20,74
8170,quiet,,,,,100,0,20,74
8180,quiet,,,,,100,0,20,74
8190,quiet,,,,,100,0,20,74
8200,quiet,,,,,100,0,20,74
8210,quiet,,,,,100,0,20,74
8220,quiet,,,,,100,0,20,74
8230,quiet,,,,,100,0,20,74
8240,work,,,,,100,0,20,74
8250,work,,,,,100,0,20,74
8260,violence,,,,,100,1,19,75
8270,violence,,,,,100,1,19,75
8280,violence,,,,,100,1,20,75
8290,violence,,,,,100,1,19,76
8300,violence,,,,,100,1,19,76
8310,violence,,,,,100,1,19,76
8320,violence,,,,,100,1,19,76
8330,violence,,,,,100,1,20,76
8340,violence,,,,,100,1,20,76
8350,violence,,,,,100,1,20,76
8360,violence,,,,,100,1,20,76
8370,aftermath,,,,,100,0,20,76
8380,aftermath,,,,,100,0,20,76
8390,aftermath,,,,,100,0,20,76
8400,aftermath,,,,,100,0,20,76
8410,aftermath,,,,,100,0,20,76
8420,aftermath,,,,,100,0,20,76
8430,quiet,,,,,100,0,20,76
8440,quiet,,,,,100,0,20,76
8450,quiet,,,,,100,0,20,76
8460,quiet,,,,,100,0,20,76
8470,quiet,,,,,100,0,20,76
8480,quiet,,,,,100,0,20,76
8490,quiet,,,,,100,0,20,76
8500,quiet,,,,,100,0,20,76
8510,quiet,,,,,100,0,20,76
8520,work,,,,,100,0,20,76
8530,work,,,,,100,0,20,76
8540,violence,,,,,100,1,19,77
8550,violence,,,,,100,1,20,77
8560,violence,,,,,100,1,20,77
8570,violence,,,,,100,1,20,77
8580,violence,,,,,100,1,20,77
8590,violence,,,,,100,1,20,77
8600,violence,,,,,100,1,20,77
8610,violence,,,,,100,1,20,77
8620,violence,,,,,100,1,20,77
8630,violence,,,,,100,1,20,77
8640,aftermath,,,,,100,0,20,77
8650,aftermath,,,,,100,0,20,77
8660,aftermath,,,,,100,0,20,77
8670,aftermath,,,,,100,0,20,77
8680,aftermath,,,,,100,0,20,77
8690,aftermath,,,,,100,0,20,77
8700,quiet,,,,,100,0,20,77
8710,quiet,,,,,100,0,20,77
8720,quiet,,,,,100,0,20,77
8730,quiet,,,,,100,0,20,77
8740,quiet,,,,,100,0,20,77
8750,quiet,,,,,100,0,20,77
8760,quiet,,,,,100,0,20,77
8770,quiet,,,,,100,0,20,77
8780,quiet,,,,,100,0,20,77
8790,work,,,,,100,0,20,77
8800,work,,,,,100,0,20,77
8810,violence,,,,,100,1,19,78
8820,violence,,,,,100,1,20,78
8830,violence,,,,,100,1,20,78
8840,violence,,,,,100,1,20,78
8850,violence,,,,,100,1,20,78
8860,violence,,,,,100,1,20,78
8870,violence,,,,,100,1,20,78
8880,violence,,,,,100,1,20,78
8890,violence,,,,,100,1,20,78
8900,violence,,,,,100,1,20,78
8910,violence,,,,,100,1,20,78
8920,aftermath,,,,,100,0,20,78
8930,aftermath,,,,,100,0,20,78
8940,aftermath,,,,,100,0,20,78
8950,aftermath,,,,,100,0,20,78
8960,aftermath,,,,,100,0,20,78
8970,aftermath,,,,,100,0,20,78
8980,quiet,,,,,100,0,20,78
8990,quiet,,,,,100,0,20,78
9000,quiet,,,,,100,0,20,78
9010,quiet,,,,,100,0,20,78
9020,quiet,,,,,100,0,20,78
9030,quiet,,,,,100,0,20,78
9040,quiet,,,,,100,0,20,78
9050,quiet,,,,,100,0,20,78
9060,quiet,,,,,100,0,20,78
9070,work,,,,,100,0,20,78
9080,work,,,,,100,0,20,78
9090,violence,,,,,100,1,20,79
9100,violence,,,,,100,1,20,79
9110,violence,,,,,100,1,20,79
9120,violence,,,,,100,1,20,79
9130,violence,,,,,100,1,20,79
9140,violence,,,,,100,1,20,79
9150,violence,,,,,100,1,20,79
9160,violence,,,,,100,1,20,79
9170,violence,,,,,100,1,20,79
9180,violence,,,,,100,1,20,79
9190,aftermath,,,,,100,0,20,79
9200,aftermath,,,,,100,0,20,79
9210,aftermath,,,,,100,0,20,79
9220,aftermath,,,,,100,0,20,79
9230,aftermath,,,,,100,0,20,79
9240,aftermath,,,,,100,0,20,79
9250,quiet,,,,,100,0,20,79
9260,quiet,,,,,100,0,20,79
9270,quiet,,,,,100,0,20,79
9280,quiet,,,,,100,0,20,79
9290,quiet,,,,,100,0,20,79
9300,quiet,,,,,100,0,20,79
9310,quiet,,,,,100,0,20,79
9320,quiet,,,,,100,0,20,79
9330,quiet,,,,,100,0,20,79
9340,work,,,,,100,0,20,79
9350,work,,,,,100,0,20,79
9360,travel,,,,,100,0,20,79
9370,violence,,,,,100,1,19,80
9380,violence,,,,,100,1,19,80
9390,violence,,,,,100,1,19,80
9400,violence,,,,,100,1,19,80
9410,violence,,,,,100,1,19,81
9420,violence,,,,,100,1,19,81
9430,violence,,,,,100,1,19,81
9440,violence,,,,,100,1,19,81
9450,violence,,,,,100,1,20,81
9460,violence,,,,,100,1,20,81
9470,aftermath,,,,,100,0,20,81
9480,aftermath,,,,,100,0,20,81
9490,aftermath,,,,,100,0,20,81
9500,aftermath,,,,,100,0,20,81
9510,aftermath,,,,,100,0,20,81
9520,aftermath,,,,,100,0,20,81
9530,quiet,,,,,100,0,20,81
9540,quiet,,,,,100,0,20,81
9550,quiet,,,,,100,0,20,81
9560,quiet,,,,,100,0,20,81
9570,quiet,,,,,100,0,20,81
9580,quiet,,,,,100,0,20,81
9590,quiet,,,,,100,0,20,81
9600,quiet,,,,,100,0,20,81
9610,quiet,,,,,100,0,20,81
9620,work,,,,,100,0,20,81
9630,work,,,,,100,0,20,81
9640,travel,,,,,100,0,20,81
9650,violence,,,,,100,1,19,82
9660,violence,,,,,100,1,19,82
9670,violence,,,,,100,1,19,82
9680,violence,,,,,100,1,19,83
9690,violence,,,,,100,1,19,83
9700,violence,,,,,100,1,19,83
9710,violence,,,,,100,1,19,83
9720,violence,,,,,100,1,20,83
9730,violence,,,,,100,1,20,83
9740,violence,,,,,100,1,20,83
9750,aftermath,,,,,100,0,20,83
9760,aftermath,,,,,100,0,20,83
9770,aftermath,,,,,100,0,20,83
9780,aftermath,,,,,100,0,20,83
9790,aftermath,,,,,100,0,20,83
9800,aftermath,,,,,100,0,20,83
9810,quiet,,,,,100,0,20,83
9820,quiet,,,,,100,0,20,83
9830,quiet,,,,,100,0,20,83
9840,quiet,,,,,100,0,20,83
9850,quiet,,,,,100,0,20,83
9860,quiet,,,,,100,0,20,83
9870,quiet,,,,,100,0,20,83
9880,quiet,,,,,100,0,20,83
9890,quiet,,,,,100,0,20,83
9900,work,,,,,100,0,20,83
9910,work,,,,,100,0,20,83
9920,violence,,,,,100,1,19,84
9930,violence,,,,,100,1,19,84
9940,violence,,,,,100,1,19,84
9950,violence,,,,,100,1,20,84
9960,violence,,,,,100,1,20,84
9970,violence,,,,,100,1,20,84
9980,violence,,,,,100,1,20,84
9990,violence,,,,,100,1,20,84
10000,violence,,,,,100,1,20,84
10010,violence,,,,,100,1,20,84
10020,violence,,,,,100,1,20,84
10030,aftermath,,,,,100,0,20,84
10040,aftermath,,,,,100,0,20,84
10050,aftermath,,,,,100,0,20,84
10060,aftermath,,,,,100,0,20,84
10070,aftermath,,,,,100,0,20,84
10080,aftermath,,,,,100,0,20,84
10090,quiet,,,,,100,0,20,84
10100,quiet,,,,,100,0,20,84
10110,quiet,,,,,100,0,20,84
10120,quiet,,,,,100,0,20,84
10130,quiet,,,,,100,0,20,84
10140,quiet,,,,,100,0,20,84
10150,quiet,,,,,100,0,20,84
10160,quiet,,,,,100,0,20,84
10170,quiet,,,,,100,0,20,84
10180,work,,,,,100,0,20,84
10190,work,,,,,100,0,20,84
10200,violence,,,,,100,1,0,85
10210,violence,,,,,100,1,0,85
10220,violence,,,,,100,1,0,85
10230,violence,,,,,100,1,0,85
10240,violence,,,,,100,1,0,85
10250,violence,,,,,100,1,0,85
10260,violence,,,,,100,1,0,85
10270,violence,,,,,100,1,0,85
10280,violence,,,,,100,1,0,85
10290,violence,,,,,100,1,0,85
10300,aftermath,,,,,100,0,0,85
10310,aftermath,,,,,100,0,0,85
10320,aftermath,,,,,100,0,0,85
10330,aftermath,,,,,100,0,0,85
10340,aftermath,,,,,100,0,0,85
10350,aftermath,,,,,100,0,0,85
10360,quiet,,,,,100,0,0,85
10370,quiet,,,,,100,0,0,85
10380,quiet,,,,,100,0,0,85
10390,quiet,,,,,100,0,0,85
10400,quiet,,,,,100,0,0,85
10410,quiet,,,,,100,0,0,85
10420,quiet,,,,,100,0,0,85
10430,quiet,,,,,100,0,0,85
10440,quiet,,,,,100,0,0,85
10450,work,,,,,100,0,0,85
10460,work,,,,,100,0,0,85
10470,travel,,,,,100,0,0,85
10480,travel,,,,,100,0,0,85
10490,travel,,,,,100,0,0,85
10500,travel,,,,,100,0,0,85
10510,travel,,,,,100,0,0,85
10520,travel,,,,,100,0,0,85
10530,travel,,,,,100,0,0,85
10540,travel,,,,,100,0,0,85
10550,curiosity,,,,,100,0,0,85
10560,curiosity,,,,,100,0,0,85
10570,curiosity,,,,,100,0,0,85
10580,curiosity,,,,,100,0,0,86
10590,curiosity,,,,,100,0,0,86
10600,curiosity,,,,,100,0,0,86
10610,curiosity,,,,,100,0,0,86
10620,opportunity,,,,,100,0,1,86
10630,violence,,,,,100,1,0,87
10640,violence,,,,,100,1,0,87
10650,violence,,,,,100,1,0,87
10660,violence,,,,,100,1,0,87
10670,violence,,,,,100,1,1,87
10680,violence,,,,,100,1,1,87
10690,violence,,,,,100,1,1,87
10700,violence,,,,,100,1,1,87
10710,violence,,,,,100,1,2,87
10720,violence,,,,,100,1,2,87
10730,aftermath,,,,,100,0,2,87
10740,aftermath,,,,,100,0,2,87
10750,aftermath,,,,,100,0,2,87
10760,aftermath,,,,,100,0,2,88
10770,aftermath,,,,,100,0,2,88
10780,aftermath,,,,,100,0,2,88
10790,quiet,,,,,100,0,2,88
10800,quiet,,,,,100,0,3,88
10810,quiet,,,,,100,0,2,89
10820,quiet,,,,,100,0,2,89
10830,quiet,,,,,100,0,2,89
10840,quiet,,,,,100,0,2,89
10850,quiet,,,,,100,0,2,90
10860,quiet,,,,,100,0,2,90
10870,quiet,,,,,100,0,2,90
10880,work,,,,,100,0,2,90
10890,work,,,,,100,0,3,90
10900,violence,,,,,100,1,2,91
10910,violence,,,,,100,1,2,91
10920,violence,,,,,100,1,2,91
10930,violence,,,,,100,1,2,91
10940,violence,,,,,100,1,3,91
10950,violence,,,,,100,1,3,91
10960,violence,,,,,100,1,3,91
10970,violence,,,,,100,1,3,91
10980,violence,,,,,100,1,4,91
10990,violence,,,,,100,1,4,91
11000,violence,,,,,100,1,4,91
11010,aftermath,,,,,100,0,4,91
11020,aftermath,,,,,100,0,4,91
11030,aftermath,,,,,100,0,5,91
11040,aftermath,,,,,100,0,5,91
11050,aftermath,,,,,100,0,5,91
11060,aftermath,,,,,100,0,5,91
11070,quiet,,,,,100,0,6,91
11080,quiet,,,,,100,0,6,91
11090,quiet,,,,,100,0,6,91
11100,quiet,,,,,100,0,6,91
11110,quiet,,,,,100,0,6,91
11120,quiet,,,,,100,0,6,92
11130,quiet,,,,,100,0,6,92
11140,quiet,,,,,100,0,6,92
11150,quiet,,,,,100,0,6,92
11160,work,,,,,100,0,7,92
11170,work,,,,,100,0,7,92
11180,violence,,,,,100,1,6,93
11190,violence,,,,,100,1,6,93
11200,violence,,,,,100,1,6,93
11210,violence,,,,,100,1,6,94
11220,violence,,,,,100,1,6,94
11230,violence,,,,,100,1,6,94
11240,violence,,,,,100,1,6,94
11250,violence,,,,,100,1,7,94
11260,violence,,,,,100,1,6,95
11270,violence,,,,,100,1,6,95
11280,aftermath,,,,,100,0,6,95
11290,aftermath,,,,,100,0,6,95
11300,aftermath,,,,,100,0,7,95
11310,aftermath,,,,,100,0,7,95
11320,aftermath,,,,,100,0,7,95
11330,aftermath,,,,,100,0,7,95
11340,quiet,,,,,100,0,8,95
11350,quiet,,,,,100,0,8,95
11360,quiet,,,,,100,0,8,95
11370,quiet,,,,,100,0,8,95
11380,quiet,,,,,100,0,8,95
11390,quiet,,,,,100,0,8,96
11400,quiet,,,,,100,0,8,96
11410,quiet,,,,,100,0,8,96
11420,quiet,,,,,100,0,8,96
11430,work,,,,,100,0,9,96
11440,work,,,,,100,0,9,96
11450,travel,,,,,100,0,9,96
11460,violence,,,,,100,1,8,97
11470,violence,,,,,100,1,8,97
11480,violence,,,,,100,1,8,98
11490,violence,,,,,100,1,8,98
11500,violence,,,,,100,1,8,98
11510,violence,,,,,100,1,8,98
11520,violence,,,,,100,1,9,98
11530,violence,,,,,100,1,8,99
11540,violence,,,,,100,1,8,99
11550,violence,,,,,100,1,8,99
11560,violence,,,,,100,1,8,99
11570,aftermath,,,,,100,0,9,99
11580,aftermath,,,,,100,0,9,99
11590,aftermath,,,,,100,0,9,99
11600,aftermath,,,,,100,0,9,99
11610,aftermath,,,,,100,0,10,99
11620,aftermath,,,,,100,0,10,99
11630,quiet,,,,,100,0,10,99
11640,quiet,,,,,100,0,10,99
11650,quiet,,,,,100,0,10,99
11660,quiet,,,,,100,0,10,100
11670,quiet,,,,,100,0,10,100
11680,quiet,,,,,100,0,10,100
11690,quiet,,,,,100,0,10,100
11700,quiet,,,,,100,0,11,100
11710,quiet,,,,,100,0,11,100
11720,work,,,,,100,0,11,100
11730,work,,,,,100,0,11,100
11740,violence,,,,,100,1,10,101
11750,violence,,,,,100,1,11,101
11760,violence,,,,,100,1,11,101
11770,violence,,,,,100,1,11,101
11780,violence,,,,,100,1,11,101
11790,violence,,,,,100,1,12,101
11800,violence,,,,,100,1,11,102
11810,violence,,,,,100,1,11,102
11820,violence,,,,,100,1,11,102
11830,violence,,,,,100,1,11,102
11840,aftermath,,,,,100,0,12,102
11850,aftermath,,,,,100,0,12,102
11860,aftermath,,,,,100,0,12,102
11870,aftermath,,,,,100,0,12,102
11880,aftermath,,,,,100,0,13,102
11890,aftermath,,,,,100,0,13,102
11900,quiet,,,,,100,0,13,102
11910,quiet,,,,,100,0,13,102
11920,quiet,,,,,100,0,13,102
11930,quiet,,,,,100,0,14,102
11940,quiet,,,,,100,0,14,102
11950,quiet,,,,,100,0,14,102
11960,quiet,,,,,100,0,14,102
11970,quiet,,,,,100,0,15,102
11980,quiet,,,,,100,0,14,103
11990,work,,,,,100,0,14,103
12000,work,,,,,100,0,14,103
12010,travel,,,,,100,0,14,103
12020,violence,,,,,100,1,14,104
12030,violence,,,,,100,1,14,104
12040,violence,,,,,100,1,14,104
12050,violence,,,,,100,1,14,104
12060,violence,,,,,100,1,15,104
12070,violence,,,,,100,1,15,104
12080,violence,,,,,100,1,15,104
12090,violence,,,,,100,1,15,104
12100,violence,,,,,100,1,15,104
12110,violence,,,,,100,1,16,104
12120,aftermath,,,,,100,0,16,104
12130,aftermath,,,,,100,0,16,104
12140,aftermath,,,,,100,0,16,104
12150,aftermath,,,,,100,0,17,104
12160,aftermath,,,,,100,0,17,104
12170,aftermath,,,,,100,0,17,104
12180,quiet,,,,,100,0,17,104
12190,quiet,,,,,100,0,17,104
12200,quiet,,,,,100,0,18,104
12210,quiet,,,,,100,0,18,104
12220,quiet,,,,,100,0,18,104
12230,quiet,,,,,100,0,18,104
12240,quiet,,,,,100,0,19,104
12250,quiet,,,,,100,0,18,105
12260,quiet,,,,,100,0,18,105
12270,work,,,,,100,0,18,105
12280,work,,,,,100,0,18,105
12290,violence,,,,,100,1,18,106
12300,violence,,,,,100,1,18,106
12310,violence,,,,,100,1,17,107
12320,violence,,,,,100,1,17,107
12330,violence,,,,,100,1,18,107
12340,violence,,,,,100,1,18,107
12350,violence,,,,,100,1,18,107
12360,violence,,,,,100,1,18,107
12370,violence,,,,,99,1,18,107
12380,violence,,,,,92,1,18,108
12390,violence,,,,,85,1,18,108
12400,aftermath,,,,,86.08,0,18,108
12410,aftermath,,,,,87.28,0,18,108
12420,aftermath,,,,,88.48,0,19,108
12430,aftermath,,,,,89.68,0,18,109
12440,aftermath,,,,,90.88,0,18,109
12450,aftermath,,,,,92.08,0,18,109
12460,quiet,,,,,93.28,0,18,109
12470,quiet,,,,,94.48,0,19,109
12480,quiet,,,,,95.68,0,19,109
12490,quiet,,,,,96.88,0,19,109
12500,quiet,,,,,98.08,0,19,109
12510,quiet,,,,,99.28,0,20,109
12520,quiet,,,,,100,0,20,109
12530,quiet,,,,,100,0,20,109
12540,quiet,,,,,100,0,20,109
12550,work,,,,,100,0,20,109
12560,work,,,,,100,0,20,109
12570,violence,,,,,100,1,19,110
12580,violence,,,,,100,1,19,110
12590,violence,,,,,100,1,19,110
12600,violence,,,,,100,1,20,110
12610,violence,,,,,100,1,20,110
12620,violence,,,,,100,1,20,110
12630,violence,,,,,100,1,20,110
12640,violence,,,,,100,1,20,110
12650,violence,,,,,100,1,20,110
12660,violence,,,,,100,1,20,110
12670,aftermath,,,,,100,0,20,110
12680,aftermath,,,,,100,0,20,110
12690,aftermath,,,,,100,0,20,110
12700,aftermath,,,,,100,0,20,110
12710,aftermath,,,,,100,0,20,110
12720,aftermath,,,,,100,0,20,110
12730,quiet,,,,,100,0,20,110
12740,quiet,,,,,100,0,20,110
12750,quiet,,,,,100,0,20,110
12760,quiet,,,,,100,0,20,110
12770,quiet,,,,,100,0,20,110
12780,quiet,,,,,100,0,20,110
12790,quiet,,,,,100,0,20,110
12800,quiet,,,,,100,0,20,110
12810,quiet,,,,,100,0,20,110
12820,work,,,,,100,0,20,110
12830,work,,,,,100,0,20,110
12840,violence,,,,,100,1,19,111
12850,violence,,,,,100,1,19,111
12860,violence,,,,,100,1,19,111
12870,violence,,,,,100,1,20,111
12880,violence,,,,,100,1,20,111
12890,violence,,,,,100,1,20,111
12900,violence,,,,,100,1,20,111
12910,violence,,,,,100,1,20,111
12920,violence,,,,,100,1,20,111
12930,violence,,,,,100,1,20,111
12940,violence,,,,,100,1,20,111
12950,aftermath,,,,,100,0,20,111
12960,aftermath,,,,,100,0,20,111
12970,aftermath,,,,,100,0,20,111
12980,aftermath,,,,,100,0,20,111
12990,aftermath,,,,,100,0,20,111
13000,aftermath,,,,,100,0,20,111
13010,quiet,,,,,100,0,20,111
13020,quiet,,,,,100,0,20,111
13030,quiet,,,,,100,0,20,111
13040,quiet,,,,,100,0,20,111
13050,quiet,,,,,100,0,20,111
13060,quiet,,,,,100,0,20,111
13070,quiet,,,,,100,0,20,111
13080,quiet,,,,,100,0,20,111
13090,quiet,,,,,100,0,20,111
13100,work,,,,,100,0,20,111
13110,work,,,,,100,0,20,111
13120,violence,,,,,100,1,19,112
13130,violence,,,,,100,1,19,112
13140,violence,,,,,100,1,20,112
13150,violence,,,,,100,1,20,112
13160,violence,,,,,100,1,20,112
13170,violence,,,,,100,1,20,112
13180,violence,,,,,100,1,20,112
13190,violence,,,,,100,1,20,112
13200,violence,,,,,100,1,20,112
13210,violence,,,,,100,1,20,112
13220,aftermath,,,,,100,0,20,112
13230,aftermath,,,,,100,0,20,112
13240,aftermath,,,,,100,0,20,112
13250,aftermath,,,,,100,0,20,112
13260,aftermath,,,,,100,0,20,112
13270,aftermath,,,,,100,0,20,112
13280,quiet,,,,,100,0,20,112
13290,quiet,,,,,100,0,20,112
13300,quiet,,,,,100,0,20,112
13310,quiet,,,,,100,0,20,112
13320,quiet,,,,,100,0,20,112
13330,quiet,,,,,100,0,20,112
13340,quiet,,,,,100,0,20,112
13350,quiet,,,,,100,0,20,112
13360,quiet,,,,,100,0,20,112
13370,work,,,,,100,0,20,112
13380,work,,,,,100,0,20,112
13390,travel,,,,,100,0,20,112
13400,violence,,,,,100,1,19,113
13410,violence,,,,,100,1,20,113
13420,violence,,,,,100,1,19,114
13430,violence,,,,,100,1,19,114
13440,violence,,,,,100,1,19,114
13450,violence,,,,,100,1,19,114
13460,violence,,,,,100,1,20,114
13470,violence,,,,,100,1,20,114
13480,violence,,,,,100,1,20,114
13490,violence,,,,,100,1,20,114
13500,aftermath,,,,,100,0,20,114
13510,aftermath,,,,,100,0,20,114
13520,aftermath,,,,,100,0,20,114
13530,aftermath,,,,,100,0,20,114
13540,aftermath,,,,,100,0,20,114
13550,aftermath,,,,,100,0,20,114
13560,quiet,,,,,100,0,20,114
13570,quiet,,,,,100,0,20,114
13580,quiet,,,,,100,0,20,114
13590,quiet,,,,,100,0,20,114
13600,quiet,,,,,100,0,20,114
13610,quiet,,,,,100,0,20,114
13620,quiet,,,,,100,0,20,114
13630,quiet,,,,,100,0,20,114
13640,quiet,,,,,100,0,20,114
13650,work,,,,,100,0,20,114
13660,work,,,,,100,0,20,114
13670,violence,,,,,100,1,19,115
13680,violence,,,,,100,1,20,115
13690,violence,,,,,100,1,20,115
13700,violence,,,,,100,1,20,115
13710,violence,,,,,100,1,20,115
13720,violence,,,,,100,1,20,115
13730,violence,,,,,100,1,20,115
13740,violence,,,,,100,1,20,115
13750,violence,,,,,100,1,20,115
13760,violence,,,,,100,1,20,115
13770,violence,,,,,100,1,20,115
13780,aftermath,,,,,100,0,20,115
13790,aftermath,,,,,100,0,20,115
13800,aftermath,,,,,100,0,20,115
13810,aftermath,,,,,100,0,20,115
13820,aftermath,,,,,100,0,20,115
13830,aftermath,,,,,100,0,20,115
13840,quiet,,,,,100,0,20,115
13850,quiet,,,,,100,0,20,115
13860,quiet,,,,,100,0,20,115
13870,quiet,,,,,100,0,20,115
13880,quiet,,,,,100,0,20,115
13890,quiet,,,,,100,0,20,115
13900,quiet,,,,,100,0,20,115
13910,quiet,,,,,100,0,20,115
13920,quiet,,,,,100,0,20,115
13930,work,,,,,100,0,20,115
13940,work,,,,,100,0,20,115
13950,violence,,,,,100,1,20,116
13960,violence,,,,,100,1,19,117
13970,violence,,,,,100,1,19,117
13980,violence,,,,,100,1,19,117
13990,violence,,,,,100,1,19,117
14000,violence,,,,,100,1,20,117
14010,violence,,,,,100,1,20,117
14020,violence,,,,,100,1,20,117
14030,violence,,,,,100,1,20,117
14040,violence,,,,,100,1,20,117
14050,aftermath,,,,,100,0,20,117
14060,aftermath,,,,,100,0,20,117
14070,aftermath,,,,,100,0,20,117
14080,aftermath,,,,,100,0,20,117
14090,aftermath,,,,,100,0,20,117
14100,aftermath,,,,,100,0,20,117
14110,quiet,,,,,100,0,20,117
14120,quiet,,,,,100,0,20,117
14130,quiet,,,,,100,0,20,117
14140,quiet,,,,,100,0,20,117
14150,quiet,,,,,100,0,20,117
14160,quiet,,,,,100,0,20,117
14170,quiet,,,,,100,0,20,117
14180,quiet,,,,,100,0,20,117
14190,quiet,,,,,100,0,20,117
14200,work,,,,,100,0,20,117
14210,work,,,,,100,0,20,117
14220,violence,,,,,100,1,20,118
14230,violence,,,,,100,1,20,118
14240,violence,,,,,100,1,20,118
14250,violence,,,,,100,1,20,118
14260,violence,,,,,100,1,20,118
14270,violence,,,,,100,1,20,118
14280,violence,,,,,100,1,20,118
14290,violence,,,,,100,1,20,118
14300,violence,,,,,100,1,20,118
14310,violence,,,,,100,1,20,118
14320,violence,,,,,100,1,20,118
14330,aftermath,,,,,100,0,20,118
14340,aftermath,,,,,100,0,20,118
14350,aftermath,,,,,100,0,20,118
14360,aftermath,,,,,100,0,20,118
14370,aftermath,,,,,100,0,20,118
14380,aftermath,,,,,100,0,20,118
14390,quiet,,,,,100,0,20,118
14400,quiet,,,,,100,0,20,118
14410,quiet,,,,,100,0,20,118
14420,quiet,,,,,100,0,20,118
14430,quiet,,,,,100,0,20,118
14440,quiet,,,,,100,0,20,118
14450,quiet,,,,,100,0,20,118
14460,quiet,,,,,100,0,20,118
14470,quiet,,,,,100,0,20,118
14480,work,,,,,100,0,20,118
14490,work,,,,,100,0,20,118
14500,violence,,,,,100,1,19,119
14510,violence,,,,,100,1,19,119
14520,violence,,,,,100,1,19,119
14530,violence,,,,,100,1,19,119
14540,violence,,,,,100,1,20,119
14550,violence,,,,,100,1,20,119
14560,violence,,,,,100,1,20,119
14570,violence,,,,,100,1,20,119
14580,violence,,,,,100,1,20,119
14590,violence,,,,,100,1,20,119
14600,aftermath,,,,,100,0,20,119
14610,aftermath,,,,,100,0,20,119
14620,aftermath,,,,,100,0,20,119
14630,aftermath,,,,,100,0,20,119
14640,aftermath,,,,,100,0,20,119
14650,aftermath,,,,,100,0,20,119
14660,quiet,,,,,100,0,20,119
14670,quiet,,,,,100,0,20,119
14680,quiet,,,,,100,0,20,119
14690,quiet,,,,,100,0,20,119
14700,quiet,,,,,100,0,20,119
14710,quiet,,,,,100,0,20,119
14720,quiet,,,,,100,0,20,119
14730,quiet,,,,,100,0,20,119
14740,quiet,,,,,100,0,20,119
14750,work,,,,,100,0,20,119
14760,work,,,,,100,0,20,119
14770,travel,,,,,100,1,19,120
14780,violence,,,,,100,1,19,120
14790,violence,,,,,100,1,19,120
14800,violence,,,,,100,1,19,120
14810,violence,,,,,100,1,20,120
14820,violence,,,,,100,1,20,120
14830,violence,,,,,100,1,20,120
14840,violence,,,,,100,1,20,120
14850,violence,,,,,100,1,20,120
14860,violence,,,,,100,1,20,120
14870,violence,,,,,100,1,20,120
14880,aftermath,,,,,100,0,20,120
14890,aftermath,,,,,100,0,20,120
14900,aftermath,,,,,100,0,20,120
14910,aftermath,,,,,100,0,20,120
14920,aftermath,,,,,100,0,20,120
14930,aftermath,,,,,100,0,20,120
14940,quiet,,,,,100,0,20,120
14950,quiet,,,,,100,0,20,120
14960,quiet,,,,,100,0,20,120
14970,quiet,,,,,100,0,20,120
14980,quiet,,,,,100,0,20,120
14990,quiet,,,,,100,0,20,120
15000,quiet,,,,,100,0,20,120
15010,quiet,,,,,100,0,20,120
15020,quiet,,,,,100,0,20,120
15030,work,,,,,100,0,20,120
15040,work,,,,,100,0,20,120
15050,travel,,,,,100,0,20,120
15060,travel,,,,,100,0,20,120
15070,travel,,,,,100,0,20,120
15080,travel,,,,,100,0,20,120
15090,travel,,,,,100,0,20,120
15100,travel,,,,,100,0,20,120
15110,travel,,,,,100,0,20,120
15120,curiosity,,,,,100,0,20,120
15130,curiosity,,,,,100,0,20,120
15140,curiosity,,,,,100,0,20,120
15150,curiosity,,,,,100,0,20,120
15160,curiosity,,,,,100,0,20,120
15170,curiosity,,,,,100,0,20,120
15180,curiosity,,,,,100,1,19,121
15190,violence,,,,,100,1,19,121
15200,violence,,,,,100,1,19,121
15210,violence,,,,,100,1,20,121
15220,violence,,,,,100,1,20,121
15230,violence,,,,,100,1,20,121
15240,violence,,,,,100,1,20,121
15250,violence,,,,,100,1,20,121
15260,violence,,,,,100,1,20,121
15270,violence,,,,,100,1,20,121
15280,violence,,,,,100,1,20,121
15290,aftermath,,,,,100,0,20,121
15300,aftermath,,,,,100,0,20,121
15310,aftermath,,,,,100,0,20,121
15320,aftermath,,,,,100,0,20,121
15330,aftermath,,,,,100,0,20,121
15340,aftermath,,,,,100,0,20,121
15350,quiet,,,,,100,0,20,121
15360,quiet,,,,,100,0,20,121
15370,quiet,,,,,100,0,20,121
15380,quiet,,,,,100,0,20,121
15390,quiet,,,,,100,0,20,121
15400,quiet,,,,,100,0,20,121
15410,quiet,,,,,100,0,20,121
15420,quiet,,,,,100,0,20,121
15430,quiet,,,,,100,0,20,121
15440,work,,,,,100,0,20,121
15450,work,,,,,100,0,20,121
15460,violence,,,,,100,1,19,122
15470,violence,,,,,100,1,19,122
15480,violence,,,,,100,1,20,122
15490,violence,,,,,100,1,20,122
15500,violence,,,,,100,1,20,122
15510,violence,,,,,100,1,20,122
15520,violence,,,,,100,1,20,122
15530,violence,,,,,100,1,20,122
15540,violence,,,,,100,1,20,122
15550,violence,,,,,100,1,20,122
15560,aftermath,,,,,100,0,20,122
15570,aftermath,,,,,100,0,20,122
15580,aftermath,,,,,100,0,20,122
15590,aftermath,,,,,100,0,20,122
15600,aftermath,,,,,100,0,20,122
15610,aftermath,,,,,100,0,20,122
15620,quiet,,,,,100,0,20,122
15630,quiet,,,,,100,0,20,122
15640,quiet,,,,,100,0,20,122
15650,quiet,,,,,100,0,20,122
15660,quiet,,,,,100,0,20,122
15670,quiet,,,,,100,0,20,122
15680,quiet,,,,,100,0,20,122
15690,quiet,,,,,100,0,20,122
15700,quiet,,,,,100,0,20,122
15710,work,,,,,100,0,20,122
15720,work,,,,,100,0,20,122
15730,travel,,,,,100,1,19,123
15740,violence,,,,,100,1,19,123
15750,violence,,,,,100,1,20,123
15760,violence,,,,,100,1,20,123
15770,violence,,,,,100,1,20,123
15780,violence,,,,,100,1,20,123
15790,violence,,,,,100,1,20,123
15800,violence,,,,,100,1,20,123
15810,violence,,,,,100,1,20,123
15820,violence,,,,,100,1,20,123
15830,violence,,,,,100,1,20,123
15840,aftermath,,,,,100,0,20,123
15850,aftermath,,,,,100,0,20,123
15860,aftermath,,,,,100,0,20,123
15870,aftermath,,,,,100,0,20,123
15880,aftermath,,,,,100,0,20,123
15890,aftermath,,,,,100,0,20,123
15900,quiet,,,,,100,0,20,123
15910,quiet,,,,,100,0,20,123
15920,quiet,,,,,100,0,20,123
15930,quiet,,,,,100,0,20,123
15940,quiet,,,,,100,0,20,123
15950,quiet,,,,,100,0,20,123
15960,quiet,,,,,100,0,20,123
15970,quiet,,,,,100,0,20,123
15980,quiet,,,,,100,0,20,123
15990,work,,,,,100,0,20,123
16000,work,,,,,100,0,20,123
16010,violence,,,,,100,1,19,124
16020,violence,,,,,100,1,20,124
16030,violence,,,,,100,1,20,124
16040,violence,,,,,100,1,20,124
16050,violence,,,,,100,1,20,124
16060,violence,,,,,100,1,20,124
16070,violence,,,,,100,1,20,124
16080,violence,,,,,100,1,20,124
16090,violence,,,,,100,1,20,124
16100,violence,,,,,100,1,20,124
16110,aftermath,,,,,100,0,20,124
16120,aftermath,,,,,100,0,20,124
16130,aftermath,,,,,100,0,20,124
16140,aftermath,,,,,100,0,20,124
16150,aftermath,,,,,100,0,20,124
16160,aftermath,,,,,100,0,20,124
16170,quiet,,,,,100,0,20,124
16180,quiet,,,,,100,0,20,124
16190,quiet,,,,,100,0,20,124
16200,quiet,,,,,100,0,20,124
16210,quiet,,,,,100,0,20,124
16220,quiet,,,,,100,0,20,124
16230,quiet,,,,,100,0,20,124
16240,quiet,,,,,100,0,20,124
16250,quiet,,,,,100,0,20,124
16260,work,,,,,100,0,20,124
16270,work,,,,,100,0,20,124
16280,travel,,,,,100,0,20,124
16290,violence,,,,,100,1,20,125
16300,violence,,,,,100,1,19,126
16310,violence,,,,,100,1,19,126
16320,violence,,,,,100,1,19,126
16330,violence,,,,,100,1,19,126
16340,violence,,,,,100,1,19,127
16350,violence,,,,,100,1,19,127
16360,violence,,,,,100,1,19,127
16370,violence,,,,,100,1,19,127
16380,violence,,,,,100,1,20,127
16390,aftermath,,,,,100,0,20,127
16400,aftermath,,,,,100,0,20,127
16410,aftermath,,,,,100,0,20,127
16420,aftermath,,,,,100,0,20,127
16430,aftermath,,,,,100,0,20,127
16440,aftermath,,,,,100,0,20,127
16450,quiet,,,,,100,0,20,127
16460,quiet,,,,,100,0,20,127
16470,quiet,,,,,100,0,20,127
16480,quiet,,,,,100,0,20,127
16490,quiet,,,,,100,0,20,127
16500,quiet,,,,,100,0,20,127
16510,quiet,,,,,100,0,20,127
16520,quiet,,,,,100,0,20,127
16530,quiet,,,,,100,0,20,127
16540,work,,,,,100,0,20,127
16550,work,,,,,100,0,20,127
16560,violence,,,,,100,1,20,128
16570,violence,,,,,100,1,20,128
16580,violence,,,,,100,1,20,128
16590,violence,,,,,100,1,19,129
16600,violence,,,,,100,1,19,129
16610,violence,,,,,100,1,19,130
16620,violence,,,,,100,1,19,130
16630,violence,,,,,100,1,19,130
16640,violence,,,,,100,1,19,130
16650,violence,,,,,100,1,20,130
16660,violence,,,,,100,1,20,130
16670,aftermath,,,,,100,0,20,130
16680,aftermath,,,,,100,0,20,130
16690,aftermath,,,,,100,0,20,130
16700,aftermath,,,,,100,0,20,130
16710,aftermath,,,,,100,0,20,130
16720,aftermath,,,,,100,0,20,130
16730,quiet,,,,,100,0,20,130
16740,quiet,,,,,100,0,20,130
16750,quiet,,,,,100,0,20,130
16760,quiet,,,,,100,0,20,130
16770,quiet,,,,,100,0,20,130
16780,quiet,,,,,100,0,20,130
16790,quiet,,,,,100,0,20,130
16800,quiet,,,,,100,0,20,130
16810,quiet,,,,,100,0,20,130
16820,work,,,,,100,0,20,130
16830,work,,,,,100,0,20,130
16840,violence,,,,,100,1,19,131
16850,violence,,,,,100,1,19,131
16860,violence,,,,,100,1,19,131
16870,violence,,,,,100,1,19,131
16880,violence,,,,,100,1,19,132
16890,violence,,,,,100,1,19,132
16900,violence,,,,,100,1,19,132
16910,violence,,,,,100,1,19,132
16920,violence,,,,,100,1,20,132
16930,violence,,,,,100,1,19,133
16940,aftermath,,,,,100,0,19,133
16950,aftermath,,,,,100,0,19,133
16960,aftermath,,,,,100,0,19,133
16970,aftermath,,,,,100,0,20,133
16980,aftermath,,,,,100,0,20,133
16990,aftermath,,,,,100,0,20,133
17000,quiet,,,,,100,0,20,133
17010,quiet,,,,,100,0,20,133
17020,quiet,,,,,100,0,20,133
17030,quiet,,,,,100,0,20,133
17040,quiet,,,,,100,0,20,133
17050,quiet,,,,,100,0,20,133
17060,quiet,,,,,100,0,20,133
17070,quiet,,,,,100,0,20,133
17080,quiet,,,,,100,0,20,133
17090,work,,,,,100,0,20,133
17100,work,,,,,100,0,20,133
17110,travel,,,,,100,0,20,133
17120,violence,,,,,100,1,19,134
17130,violence,,,,,100,1,19,134
17140,violence,,,,,100,1,19,134
17150,violence,,,,,100,1,20,134
17160,violence,,,,,100,1,20,134
17170,violence,,,,,100,1,20,134
17180,violence,,,,,100,1,20,134
17190,violence,,,,,100,1,20,134
17200,violence,,,,,100,1,20,134
17210,violence,,,,,100,1,20,134
17220,aftermath,,,,,100,0,20,134
17230,aftermath,,,,,100,0,20,134
17240,aftermath,,,,,100,0,20,134
17250,aftermath,,,,,100,0,20,134
17260,aftermath,,,,,100,0,20,134
17270,aftermath,,,,,100,0,20,134
17280,quiet,,,,,100,0,20,134
17290,quiet,,,,,100,0,20,134
17300,quiet,,,,,100,0,20,134
17310,quiet,,,,,100,0,20,134
17320,quiet,,,,,100,0,20,134
17330,quiet,,,,,100,0,20,134
17340,quiet,,,,,100,0,20,134
17350,quiet,,,,,100,0,20,134
17360,quiet,,,,,100,0,20,134
17370,work,,,,,100,0,20,134
17380,work,,,,,100,0,20,134
17390,violence,,,,,100,1,19,135
17400,violence,,,,,100,1,0,135
17410,violence,,,,,100,1,0,135
17420,violence,,,,,100,1,0,135
17430,violence,,,,,100,1,0,135
17440,violence,,,,,100,1,0,135
17450,violence,,,,,100,1,0,135
17460,violence,,,,,100,1,0,135
17470,violence,,,,,100,1,0,135
17480,violence,,,,,100,1,0,135
17490,violence,,,,,100,1,0,135
17500,aftermath,,,,,100,0,0,135
17510,aftermath,,,,,100,0,0,135
17520,aftermath,,,,,100,0,0,135
17530,aftermath,,,,,100,0,0,135
17540,aftermath,,,,,100,0,0,135
17550,aftermath,,,,,100,0,0,135
17560,quiet,,,,,100,0,0,135
17570,quiet,,,,,100,0,0,135
17580,quiet,,,,,100,0,0,135
17590,quiet,,,,,100,0,0,135
17600,quiet,,,,,100,0,0,135
17610,quiet,,,,,100,0,0,135
17620,quiet,,,,,100,0,0,135
17630,quiet,,,,,100,0,0,135
17640,quiet,,,,,100,0,0,135
17650,work,,,,,100,0,0,135
17660,work,,,,,100,0,0,135
17670,travel,,,,,100,0,0,135
17680,travel,,,,,100,0,0,135
17690,travel,,,,,100,0,0,135
17700,travel,,,,,100,0,0,135
17710,travel,,,,,100,0,0,135
17720,travel,,,,,100,0,0,135
17730,travel,,,,,100,0,0,135
17740,curiosity,,,,,100,0,0,135
17750,curiosity,,,,,100,0,0,135
17760,curiosity,,,,,100,0,0,135
17770,curiosity,,,,,100,0,0,135
17780,curiosity,,,,,100,0,0,136
17790,curiosity,,,,,100,0,0,136
17800,curiosity,,,,,100,0,0,136
17810,curiosity,,,,,100,0,0,136
17820,opportunity,,,,,100,0,1,136
17830,violence,,,,,100,1,0,137
17840,violence,,,,,100,1,0,137
17850,violence,,,,,100,1,0,137
17860,violence,,,,,100,1,0,137
17870,violence,,,,,100,1,0,138
17880,violence,,,,,100,1,0,138
17890,violence,,,,,100,1,0,138
17900,violence,,,,,100,1,0,138
17910,violence,,,,,100,1,1,138
17920,violence,,,,,100,1,1,138
17930,aftermath,,,,,100,0,1,138
17940,aftermath,,,,,100,0,1,138
17950,aftermath,,,,,100,0,1,138
17960,aftermath,,,,,100,0,1,139
17970,aftermath,,,,,100,0,1,139
17980,aftermath,,,,,100,0,1,139
17990,quiet,,,,,100,0,1,139
18000,quiet,,,,,100,0,2,139
18010,quiet,,,,,100,0,2,139
18020,quiet,,,,,100,0,2,139
18030,quiet,,,,,100,0,2,139
18040,quiet,,,,,100,0,2,139
18050,quiet,,,,,100,0,2,140
18060,quiet,,,,,100,0,2,140
18070,quiet,,,,,100,0,2,140
18080,work,,,,,100,0,2,140
18090,work,,,,,100,0,3,140
18100,travel,,,,,100,0,3,140
18110,violence,,,,,100,1,2,141
18120,violence,,,,,100,1,2,141
18130,violence,,,,,100,1,2,141
18140,violence,,,,,100,1,2,142
18150,violence,,,,,100,1,2,142
18160,violence,,,,,100,1,2,142
18170,violence,,,,,100,1,2,142
18180,violence,,,,,100,1,3,142
18190,violence,,,,,100,1,3,142
18200,violence,,,,,100,1,3,142
18210,aftermath,,,,,100,0,3,142
18220,aftermath,,,,,100,0,3,142
18230,aftermath,,,,,100,0,4,142
18240,aftermath,,,,,100,0,4,142
18250,aftermath,,,,,100,0,4,142
18260,aftermath,,,,,100,0,4,142
18270,quiet,,,,,100,0,5,142
18280,quiet,,,,,100,0,5,142
18290,quiet,,,,,100,0,5,142
18300,quiet,,,,,100,0,5,142
18310,quiet,,,,,100,0,5,142
18320,quiet,,,,,100,0,5,143
18330,quiet,,,,,100,0,5,143
18340,quiet,,,,,100,0,5,143
18350,quiet,,,,,100,0,5,143
18360,work,,,,,100,0,6,143
18370,work,,,,,100,0,5,144
18380,travel,,,,,100,1,4,145
18390,violence,,,,,100,1,4,145
18400,violence,,,,,100,1,4,145
18410,violence,,,,,100,1,5,145
18420,violence,,,,,100,1,5,145
18430,violence,,,,,100,1,5,145
18440,violence,,,,,100,1,5,145
18450,violence,,,,,100,1,6,145
18460,violence,,,,,100,1,5,146
18470,violence,,,,,100,1,5,146
18480,violence,,,,,100,1,5,146
18490,aftermath,,,,,100,0,5,146
18500,aftermath,,,,,100,0,6,146
18510,aftermath,,,,,100,0,6,146
18520,aftermath,,,,,100,0,6,146
18530,aftermath,,,,,100,0,6,146
18540,aftermath,,,,,100,0,7,146
18550,quiet,,,,,100,0,7,146
18560,quiet,,,,,100,0,7,146
18570,quiet,,,,,100,0,7,146
18580,quiet,,,,,100,0,7,146
18590,quiet,,,,,100,0,7,147
18600,quiet,,,,,100,0,7,147
18610,quiet,,,,,100,0,7,147
18620,quiet,,,,,100,0,7,147
18630,quiet,,,,,100,0,8,147
18640,work,,,,,100,0,8,147
18650,work,,,,,100,0,8,147
18660,violence,,,,,100,1,7,148
18670,violence,,,,,100,1,7,148
18680,violence,,,,,100,1,7,149
18690,violence,,,,,100,1,7,149
18700,violence,,,,,100,1,7,149
18710,violence,,,,,100,1,7,149
18720,violence,,,,,100,1,8,149
18730,violence,,,,,100,1,8,149
18740,violence,,,,,100,1,8,149
18750,violence,,,,,100,1,8,149
18760,violence,,,,,100,1,8,149
18770,aftermath,,,,,100,0,8,150
18780,aftermath,,,,,100,0,8,150
18790,aftermath,,,,,100,0,8,150
18800,aftermath,,,,,100,0,8,150
18810,aftermath,,,,,100,0,9,150
18820,aftermath,,,,,100,0,9,150
18830,quiet,,,,,100,0,9,150
18840,quiet,,,,,100,0,9,150
18850,quiet,,,,,100,0,9,150
18860,quiet,,,,,100,0,10,150
18870,quiet,,,,,100,0,10,150
18880,quiet,,,,,100,0,10,150
18890,quiet,,,,,100,0,10,150
18900,quiet,,,,,100,0,11,150
18910,quiet,,,,,100,0,11,150
18920,work,,,,,100,0,11,150
18930,work,,,,,100,0,11,150
18940,violence,,,,,100,1,10,151
18950,violence,,,,,100,1,10,152
18960,violence,,,,,100,1,10,152
18970,violence,,,,,100,1,10,152
18980,violence,,,,,100,1,10,152
18990,violence,,,,,100,1,11,152
19000,violence,,,,,100,1,11,152
19010,violence,,,,,100,1,11,152
19020,violence,,,,,100,1,11,152
19030,violence,,,,,100,1,11,152
19040,violence,,,,,100,1,11,153
19050,aftermath,,,,,100,0,11,153
19060,aftermath,,,,,100,0,11,153
19070,aftermath,,,,,100,0,11,153
19080,aftermath,,,,,100,0,12,153
19090,aftermath,,,,,100,0,12,153
19100,aftermath,,,,,100,0,12,153
19110,quiet,,,,,100,0,12,153
19120,quiet,,,,,100,0,12,153
19130,quiet,,,,,100,0,12,154
19140,quiet,,,,,100,0,12,154
19150,quiet,,,,,100,0,12,154
19160,quiet,,,,,100,0,12,154
19170,quiet,,,,,100,0,13,154
19180,quiet,,,,,100,0,13,154
19190,quiet,,,,,100,0,13,154
19200,work,,,,,100,0,13,154
19210,work,,,,,100,0,13,154
19220,violence,,,,,100,1,13,155
19230,violence,,,,,100,1,13,155
19240,violence,,,,,100,1,12,156
19250,violence,,,,,100,1,12,156
19260,violence,,,,,100,1,13,156
19270,violence,,,,,100,1,13,156
19280,violence,,,,,100,1,13,156
19290,violence,,,,,100,1,13,156
19300,violence,,,,,100,1,13,156
19310,violence,,,,,100,1,13,157
19320,violence,,,,,100,1,13,157
19330,aftermath,,,,,100,0,13,157
19340,aftermath,,,,,100,0,13,157
19350,aftermath,,,,,100,0,14,157
19360,aftermath,,,,,100,0,14,157
19370,aftermath,,,,,100,0,14,157
19380,aftermath,,,,,100,0,14,157
19390,quiet,,,,,100,0,14,157
19400,quiet,,,,,100,0,15,157
19410,quiet,,,,,100,0,15,157
19420,quiet,,,,,100,0,15,157
19430,quiet,,,,,100,0,15,157
19440,quiet,,,,,100,0,16,157
19450,quiet,,,,,100,0,16,157
19460,quiet,,,,,100,0,16,157
19470,quiet,,,,,100,0,16,157
19480,work,,,,,100,0,16,157
19490,work,,,,,100,0,17,157
19500,violence,,,,,100,1,16,158
19510,violence,,,,,100,1,16,158
19520,violence,,,,,100,1,16,158
19530,violence,,,,,100,1,17,158
19540,violence,,,,,100,1,16,159
19550,violence,,,,,100,1,16,159
19560,violence,,,,,100,1,16,159
19570,violence,,,,,100,1,16,159
19580,violence,,,,,95.5,1,16,160
19590,violence,,,,,88.5,1,16,160
19600,aftermath,,,,,85.48,0,16,160
19610,aftermath,,,,,86.68,0,16,160
19620,aftermath,,,,,87.88,0,17,160
19630,aftermath,,,,,89.08,0,17,160
19640,aftermath,,,,,90.28,0,17,160
19650,aftermath,,,,,91.48,0,17,160
19660,quiet,,,,,92.68,0,17,160
19670,quiet,,,,,93.88,0,17,161
19680,quiet,,,,,95.08,0,17,161
19690,quiet,,,,,96.28,0,17,161
19700,quiet,,,,,97.48,0,17,161
19710,quiet,,,,,98.68,0,18,161
19720,quiet,,,,,99.88,0,18,161
19730,quiet,,,,,100,0,18,161
19740,quiet,,,,,100,0,18,161
19750,work,,,,,100,0,18,161
19760,work,,,,,100,0,19,161
19770,violence,,,,,100,1,18,162
19780,violence,,,,,100,1,18,162
19790,violence,,,,,100,1,18,162
19800,violence,,,,,100,1,19,162
19810,violence,,,,,100,1,19,162
19820,violence,,,,,100,1,19,162
19830,violence,,,,,100,1,19,162
19840,violence,,,,,100,1,19,162
19850,violence,,,,,100,1,20,162
19860,violence,,,,,100,1,20,162
19870,violence,,,,,100,1,20,162
19880,aftermath,,,,,100,0,20,162
19890,aftermath,,,,,100,0,20,162
19900,aftermath,,,,,100,0,20,162
19910,aftermath,,,,,100,0,20,162
19920,aftermath,,,,,100,0,20,162
19930,aftermath,,,,,100,0,20,162
19940,quiet,,,,,100,0,20,162
19950,quiet,,,,,100,0,20,162
19960,quiet,,,,,100,0,20,162
19970,quiet,,,,,100,0,20,162
19980,quiet,,,,,100,0,20,162
19990,quiet,,,,,100,0,20,162
20000,quiet,,,,,100,0,19,163
20010,quiet,,,,,100,0,19,163
20020,quiet,,,,,100,0,19,163
20030,work,,,,,100,0,20,163
20040,work,,,,,100,0,20,163
20050,violence,,,,,100,1,19,164
20060,violence,,,,,100,1,19,164
20070,violence,,,,,100,1,20,164
20080,violence,,,,,100,1,20,164
20090,violence,,,,,100,1,20,164
20100,violence,,,,,100,1,20,164
20110,violence,,,,,100,1,20,164
20120,violence,,,,,100,1,20,164
20130,violence,,,,,100,1,20,164
20140,violence,,,,,100,1,20,164
20150,aftermath,,,,,100,0,20,164
20160,aftermath,,,,,100,0,20,164
20170,aftermath,,,,,100,0,20,164
20180,aftermath,,,,,100,0,20,164
20190,aftermath,,,,,100,0,20,164
20200,aftermath,,,,,100,0,20,164
20210,quiet,,,,,100,0,20,164
20220,quiet,,,,,100,0,20,164
20230,quiet,,,,,100,0,20,164
20240,quiet,,,,,100,0,20,164
20250,quiet,,,,,100,0,20,164
20260,quiet,,,,,100,0,20,164
20270,quiet,,,,,100,0,20,164
20280,quiet,,,,,100,0,20,164
20290,quiet,,,,,100,0,20,164
20300,work,,,,,100,0,20,164
20310,work,,,,,100,0,20,164
20320,travel,,,,,100,1,19,165
20330,violence,,,,,100,1,19,165
20340,violence,,,,,100,1,20,165
20350,violence,,,,,100,1,20,165
20360,violence,,,,,100,1,20,165
20370,violence,,,,,100,1,20,165
20380,violence,,,,,100,1,20,165
20390,violence,,,,,100,1,20,165
20400,violence,,,,,100,1,20,165
20410,violence,,,,,100,1,20,165
20420,violence,,,,,100,1,20,165
20430,aftermath,,,,,100,0,20,165
20440,aftermath,,,,,100,0,20,165
20450,aftermath,,,,,100,0,20,165
20460,aftermath,,,,,100,0,20,165
20470,aftermath,,,,,100,0,20,165
20480,aftermath,,,,,100,0,20,165
20490,quiet,,,,,100,0,20,165
20500,quiet,,,,,100,0,20,165
20510,quiet,,,,,100,0,20,165
20520,quiet,,,,,100,0,20,165
20530,quiet,,,,,100,0,20,165
20540,quiet,,,,,100,0,20,165
20550,quiet,,,,,100,0,20,165
20560,quiet,,,,,100,0,20,165
20570,quiet,,,,,100,0,20,165
20580,work,,,,,100,0,20,165
20590,work,,,,,100,0,20,165
20600,violence,,,,,100,1,19,166
20610,violence,,,,,100,1,20,166
20620,violence,,,,,100,1,20,166
20630,violence,,,,,100,1,20,166
20640,violence,,,,,100,1,20,166
20650,violence,,,,,100,1,20,166
20660,violence,,,,,100,1,20,166
20670,violence,,,,,100,1,20,166
20680,violence,,,,,100,1,20,166
20690,violence,,,,,100,1,20,166
20700,violence,,,,,100,1,20,166
20710,aftermath,,,,,100,0,20,166
20720,aftermath,,,,,100,0,20,166
20730,aftermath,,,,,100,0,20,166
20740,aftermath,,,,,100,0,20,166
20750,aftermath,,,,,100,0,20,166
20760,aftermath,,,,,100,0,20,166
20770,quiet,,,,,100,0,20,166
20780,quiet,,,,,100,0,20,166
20790,quiet,,,,,100,0,20,166
20800,quiet,,,,,100,0,20,166
20810,quiet,,,,,100,0,20,166
20820,quiet,,,,,100,0,20,166
20830,quiet,,,,,100,0,20,166
20840,quiet,,,,,100,0,20,166
20850,quiet,,,,,100,0,20,166
20860,work,,,,,100,0,20,166
20870,work,,,,,100,0,20,166
20880,violence,,,,,100,1,20,167
20890,violence,,,,,100,1,19,168
20900,violence,,,,,100,1,19,168
20910,violence,,,,,100,1,19,168
20920,violence,,,,,100,1,19,168
20930,violence,,,,,100,1,19,169
20940,violence,,,,,100,1,19,169
20950,violence,,,,,100,1,19,169
20960,violence,,,,,100,1,19,169
20970,violence,,,,,100,1,20,169
20980,aftermath,,,,,100,0,20,169
20990,aftermath,,,,,100,0,20,169
21000,aftermath,,,,,100,0,20,169
21010,aftermath,,,,,100,0,20,169
21020,aftermath,,,,,100,0,20,169
21030,aftermath,,,,,100,0,20,169
21040,quiet,,,,,100,0,20,169
21050,quiet,,,,,100,0,20,169
21060,quiet,,,,,100,0,20,169
21070,quiet,,,,,100,0,20,169
21080,quiet,,,,,100,0,20,169
21090,quiet,,,,,100,0,20,169
21100,quiet,,,,,100,0,20,169
21110,quiet,,,,,100,0,20,169
21120,quiet,,,,,100,0,20,169
21130,work,,,,,100,0,20,169
21140,work,,,,,100,0,20,169
21150,violence,,,,,100,1,20,170
21160,violence,,,,,100,1,20,170
21170,violence,,,,,100,1,20,170
21180,violence,,,,,100,1,20,170
21190,violence,,,,,100,1,20,170
21200,violence,,,,,100,1,20,170
21210,violence,,,,,100,1,20,170
21220,violence,,,,,100,1,20,170
21230,violence,,,,,100,1,20,170
21240,violence,,,,,100,1,20,170
21250,violence,,,,,100,1,20,170
21260,aftermath,,,,,100,0,20,170
21270,aftermath,,,,,100,0,20,170
21280,aftermath,,,,,100,0,20,170
21290,aftermath,,,,,100,0,20,170
21300,aftermath,,,,,100,0,20,170
21310,aftermath,,,,,100,0,20,170
21320,quiet,,,,,100,0,20,170
21330,quiet,,,,,100,0,20,170
21340,quiet,,,,,100,0,20,170
21350,quiet,,,,,100,0,20,170
21360,quiet,,,,,100,0,20,170
21370,quiet,,,,,100,0,20,170
21380,quiet,,,,,100,0,20,170
21390,quiet,,,,,100,0,20,170
21400,quiet,,,,,100,0,20,170
21410,work,,,,,100,0,20,170
21420,work,,,,,100,0,20,170
21430,violence,,,,,100,1,19,171
21440,violence,,,,,100,1,19,171
21450,violence,,,,,100,1,19,171
21460,violence,,,,,100,1,19,171
21470,violence,,,,,100,1,20,171
21480,violence,,,,,100,1,20,171
21490,violence,,,,,100,1,20,171
21500,violence,,,,,100,1,20,171
21510,violence,,,,,100,1,20,171
21520,violence,,,,,100,1,20,171
21530,aftermath,,,,,100,0,20,171
21540,aftermath,,,,,100,0,20,171
21550,aftermath,,,,,100,0,20,171
21560,aftermath,,,,,100,0,20,171
21570,aftermath,,,,,100,0,20,171
21580,aftermath,,,,,100,0,20,171
21590,quiet,,,,,100,0,20,171
21600,quiet,,,,,100,0,20,171
21610,quiet,,,,,100,0,20,171
21620,quiet,,,,,100,0,20,171
21630,quiet,,,,,100,0,20,171
21640,quiet,,,,,100,0,20,171
21650,quiet,,,,,100,0,20,171
21660,quiet,,,,,100,0,20,171
21670,quiet,,,,,100,0,20,171
21680,work,,,,,100,0,20,171
21690,work,,,,,100,0,20,171
21700,travel,,,,,100,0,20,171
21710,violence,,,,,100,1,19,172
21720,violence,,,,,100,1,19,172
21730,violence,,,,,100,1,19,172
21740,violence,,,,,100,1,19,173
21750,violence,,,,,100,1,19,173
21760,violence,,,,,100,1,19,173
21770,violence,,,,,100,1,19,173
21780,violence,,,,,100,1,20,173
21790,violence,,,,,100,1,20,173
21800,violence,,,,,100,1,20,173
21810,aftermath,,,,,100,0,20,173
21820,aftermath,,,,,100,0,20,173
21830,aftermath,,,,,100,0,20,173
21840,aftermath,,,,,100,0,20,173
21850,aftermath,,,,,100,0,20,173
21860,aftermath,,,,,100,0,20,173
21870,quiet,,,,,100,0,20,173
21880,quiet,,,,,100,0,20,173
21890,quiet,,,,,100,0,20,173
21900,quiet,,,,,100,0,20,173
21910,quiet,,,,,100,0,20,173
21920,quiet,,,,,100,0,20,173
21930,quiet,,,,,100,0,20,173
21940,quiet,,,,,100,0,20,173
21950,quiet,,,,,100,0,20,173
21960,work,,,,,100,0,20,173
21970,work,,,,,100,0,20,173
21980,violence,,,,,100,1,19,174
21990,violence,,,,,100,1,19,174
22000,violence,,,,,100,1,19,174
22010,violence,,,,,100,1,20,174
22020,violence,,,,,100,1,20,174
22030,violence,,,,,100,1,20,174
22040,violence,,,,,100,1,20,174
22050,violence,,,,,100,1,20,174
22060,violence,,,,,100,1,20,174
22070,violence,,,,,100,1,20,174
22080,violence,,,,,100,1,20,174
22090,aftermath,,,,,100,0,20,174
22100,aftermath,,,,,100,0,20,174
22110,aftermath,,,,,100,0,20,174
22120,aftermath,,,,,100,0,20,174
22130,aftermath,,,,,100,0,20,174
22140,aftermath,,,,,100,0,20,174
22150,quiet,,,,,100,0,20,174
22160,quiet,,,,,100,0,20,174
22170,quiet,,,,,100,0,20,174
22180,quiet,,,,,100,0,20,174
22190,quiet,,,,,100,0,20,174
22200,quiet,,,,,100,0,20,174
22210,quiet,,,,,100,0,20,174
22220,quiet,,,,,100,0,20,174
22230,quiet,,,,,100,0,20,174
22240,work,,,,,100,0,20,174
22250,work,,,,,100,0,20,174
22260,travel,,,,,100,0,20,174
22270,travel,,,,,100,0,20,174
22280,travel,,,,,100,0,20,174
22290,travel,,,,,100,0,20,174
22300,travel,,,,,100,0,20,174
22310,travel,,,,,100,0,20,174
22320,travel,,,,,100,0,20,174
22330,curiosity,,,,,100,0,20,174
22340,curiosity,,,,,100,0,20,174
22350,curiosity,,,,,100,0,20,174
22360,curiosity,,,,,100,0,20,174
22370,curiosity,,,,,100,0,20,174
22380,curiosity,,,,,100,1,19,175
22390,violence,,,,,100,1,19,175
22400,violence,,,,,100,1,19,175
22410,violence,,,,,100,1,20,175
22420,violence,,,,,100,1,19,176
22430,violence,,,,,100,1,19,176
22440,violence,,,,,100,1,19,176
22450,violence,,,,,100,1,19,176
22460,violence,,,,,100,1,20,176
22470,violence,,,,,100,1,20,176
22480,violence,,,,,100,1,20,176
22490,aftermath,,,,,100,0,20,176
22500,aftermath,,,,,100,0,20,176
22510,aftermath,,,,,100,0,20,176
22520,aftermath,,,,,100,0,20,176
22530,aftermath,,,,,100,0,20,176
22540,aftermath,,,,,100,0,20,176
22550,quiet,,,,,100,0,20,176
22560,quiet,,,,,100,0,20,176
22570,quiet,,,,,100,0,20,176
22580,quiet,,,,,100,0,20,176
22590,quiet,,,,,100,0,20,176
22600,quiet,,,,,100,0,20,176
22610,quiet,,,,,100,0,20,176
22620,quiet,,,,,100,0,20,176
22630,quiet,,,,,100,0,20,176
22640,work,,,,,100,0,20,176
22650,work,,,,,100,0,20,176
22660,violence,,,,,100,1,19,177
22670,violence,,,,,100,1,19,177
22680,violence,,,,,100,1,20,177
22690,violence,,,,,100,1,20,177
22700,violence,,,,,100,1,20,177
22710,violence,,,,,100,1,20,177
22720,violence,,,,,100,1,20,177
22730,violence,,,,,100,1,20,177
22740,violence,,,,,100,1,20,177
22750,violence,,,,,100,1,20,177
22760,aftermath,,,,,100,0,20,177
22770,aftermath,,,,,100,0,20,177
22780,aftermath,,,,,100,0,20,177
22790,aftermath,,,,,100,0,20,177
22800,aftermath,,,,,100,0,20,177
22810,aftermath,,,,,100,0,20,177
22820,quiet,,,,,100,0,20,177
22830,quiet,,,,,100,0,20,177
22840,quiet,,,,,100,0,20,177
22850,quiet,,,,,100,0,20,177
22860,quiet,,,,,100,0,20,177
22870,quiet,,,,,100,0,20,177
22880,quiet,,,,,100,0,20,177
22890,quiet,,,,,100,0,20,177
22900,quiet,,,,,100,0,20,177
22910,work,,,,,100,0,20,177
22920,work,,,,,100,0,20,177
22930,travel,,,,,100,0,20,177
22940,violence,,,,,100,1,19,178
22950,violence,,,,,100,1,20,178
22960,violence,,,,,100,1,19,179
22970,violence,,,,,100,1,19,179
22980,violence,,,,,100,1,19,179
22990,violence,,,,,100,1,19,179
23000,violence,,,,,100,1,19,180
23010,violence,,,,,100,1,19,180
23020,violence,,,,,100,1,19,180
23030,violence,,,,,100,1,19,180
23040,aftermath,,,,,100,0,20,180
23050,aftermath,,,,,100,0,20,180
23060,aftermath,,,,,100,0,20,180
23070,aftermath,,,,,100,0,20,180
23080,aftermath,,,,,100,0,20,180
23090,aftermath,,,,,100,0,20,180
23100,quiet,,,,,100,0,20,180
23110,quiet,,,,,100,0,20,180
23120,quiet,,,,,100,0,20,180
23130,quiet,,,,,100,0,20,180
23140,quiet,,,,,100,0,20,180
23150,quiet,,,,,100,0,20,180
23160,quiet,,,,,100,0,20,180
23170,quiet,,,,,100,0,20,180
23180,quiet,,,,,100,0,20,180
23190,work,,,,,100,0,20,180
23200,work,,,,,100,0,20,180
23210,violence,,,,,100,1,19,181
23220,violence,,,,,100,1,20,181
23230,violence,,,,,100,1,19,182
23240,violence,,,,,100,1,19,182
23250,violence,,,,,100,1,19,182
23260,violence,,,,,100,1,19,182
23270,violence,,,,,100,1,20,182
23280,violence,,,,,100,1,20,182
23290,violence,,,,,100,1,20,182
23300,violence,,,,,100,1,20,182
23310,violence,,,,,100,1,20,182
23320,aftermath,,,,,100,0,20,182
23330,aftermath,,,,,100,0,20,182
23340,aftermath,,,,,100,0,20,182
23350,aftermath,,,,,100,0,20,182
23360,aftermath,,,,,100,0,20,182
23370,aftermath,,,,,100,0,20,182
23380,quiet,,,,,100,0,20,182
23390,quiet,,,,,100,0,20,182
23400,quiet,,,,,100,0,20,182
23410,quiet,,,,,100,0,20,182
23420,quiet,,,,,100,0,20,182
23430,quiet,,,,,100,0,20,182
23440,quiet,,,,,100,0,20,182
23450,quiet,,,,,100,0,20,182
23460,quiet,,,,,100,0,20,182
23470,work,,,,,100,0,20,182
23480,work,,,,,100,0,20,182
23490,travel,,,,,100,0,20,182
23500,violence,,,,,100,1,19,183
23510,violence,,,,,100,1,19,183
23520,violence,,,,,100,1,19,183
23530,violence,,,,,100,1,19,183
23540,violence,,,,,100,1,19,184
23550,violence,,,,,100,1,19,184
23560,violence,,,,,100,1,19,184
23570,violence,,,,,100,1,19,184
23580,violence,,,,,100,1,20,184
23590,violence,,,,,100,1,20,184
23600,aftermath,,,,,100,0,20,184
23610,aftermath,,,,,100,0,20,184
23620,aftermath,,,,,100,0,20,184
23630,aftermath,,,,,100,0,20,184
23640,aftermath,,,,,100,0,20,184
23650,aftermath,,,,,100,0,20,184
23660,quiet,,,,,100,0,20,184
23670,quiet,,,,,100,0,20,184
23680,quiet,,,,,100,0,20,184
23690,quiet,,,,,100,0,20,184
23700,quiet,,,,,100,0,20,184
23710,quiet,,,,,100,0,20,184
23720,quiet,,,,,100,0,20,184
23730,quiet,,,,,100,0,20,184
23740,quiet,,,,,100,0,20,184
23750,work,,,,,100,0,20,184
23760,work,,,,,100,0,20,184
23770,violence,,,,,100,1,19,185
23780,violence,,,,,100,1,19,185
23790,violence,,,,,100,1,19,185
23800,violence,,,,,100,1,19,185
23810,violence,,,,,100,1,19,186
23820,violence,,,,,100,1,19,186
23830,violence,,,,,100,1,19,186
23840,violence,,,,,100,1,19,186
23850,violence,,,,,100,1,20,186
23860,violence,,,,,100,1,19,187
23870,violence,,,,,100,1,19,187
23880,aftermath,,,,,100,0,19,187
23890,aftermath,,,,,100,0,19,187
23900,aftermath,,,,,100,0,19,188
23910,aftermath,,,,,100,0,19,188
23920,aftermath,,,,,100,0,19,188
23930,aftermath,,,,,100,0,19,188
23940,quiet,,,,,100,0,20,188
23950,quiet,,,,,100,0,20,188
23960,quiet,,,,,100,0,20,188
23970,quiet,,,,,100,0,20,188
23980,quiet,,,,,100,0,20,188
23990,quiet,,,,,100,0,20,188
24000,quiet,,,,,100,0,20,188
24010,quiet,,,,,100,0,20,188
24020,quiet,,,,,100,0,20,188
24030,work,,,,,100,0,20,188
24040,work,,,,,100,0,20,188
24050,violence,,,,,100,1,19,189
24060,violence,,,,,100,1,19,189
24070,violence,,,,,100,1,19,189
24080,violence,,,,,100,1,20,189
24090,violence,,,,,100,1,20,189
24100,violence,,,,,100,1,20,189
24110,violence,,,,,100,1,20,189
24120,violence,,,,,100,1,20,189
24130,violence,,,,,100,1,20,189
24140,violence,,,,,100,1,20,189
24150,aftermath,,,,,100,0,20,189
24160,aftermath,,,,,100,0,20,189
24170,aftermath,,,,,100,0,20,189
24180,aftermath,,,,,100,0,20,189
24190,aftermath,,,,,100,0,20,189
24200,aftermath,,,,,100,0,20,189
24210,quiet,,,,,100,0,20,189
24220,quiet,,,,,100,0,20,189
24230,quiet,,,,,100,0,20,189
24240,quiet,,,,,100,0,20,189
24250,quiet,,,,,100,0,20,189
24260,quiet,,,,,100,0,20,189
24270,quiet,,,,,100,0,20,189
24280,quiet,,,,,100,0,20,189
24290,quiet,,,,,100,0,20,189
24300,work,,,,,100,0,20,189
24310,work,,,,,100,0,20,189
24320,violence,,,,,100,1,19,190
24330,violence,,,,,100,1,19,190
24340,violence,,,,,100,1,19,190
24350,violence,,,,,100,1,20,190
24360,violence,,,,,100,1,20,190
24370,violence,,,,,100,1,20,190
24380,violence,,,,,100,1,20,190
24390,violence,,,,,100,1,20,190
24400,violence,,,,,100,1,20,190
24410,violence,,,,,100,1,20,190
24420,violence,,,,,100,1,20,190
24430,aftermath,,,,,100,0,20,190
24440,aftermath,,,,,100,0,20,190
24450,aftermath,,,,,100,0,20,190
24460,aftermath,,,,,100,0,20,190
24470,aftermath,,,,,100,0,20,190
24480,aftermath,,,,,100,0,20,190
24490,quiet,,,,,100,0,20,190
24500,quiet,,,,,100,0,20,190
24510,quiet,,,,,100,0,20,190
24520,quiet,,,,,100,0,20,190
24530,quiet,,,,,100,0,20,190
24540,quiet,,,,,100,0,20,190
24550,quiet,,,,,100,0,20,190
24560,quiet,,,,,100,0,20,190
24570,quiet,,,,,100,0,20,190
24580,work,,,,,100,0,20,190
24590,work,,,,,100,0,20,190
24600,violence,,,,,100,1,0,191
24610,violence,,,,,100,1,0,191
24620,violence,,,,,100,1,0,191
24630,violence,,,,,100,1,0,191
24640,violence,,,,,100,1,0,191
24650,violence,,,,,100,1,0,191
24660,violence,,,,,100,1,0,191
24670,violence,,,,,100,1,0,191
24680,violence,,,,,100,1,0,191
24690,violence,,,,,100,1,0,191
24700,aftermath,,,,,100,0,0,191
24710,aftermath,,,,,100,0,0,191
24720,aftermath,,,,,100,0,0,191
24730,aftermath,,,,,100,0,0,191
24740,aftermath,,,,,100,0,0,191
24750,aftermath,,,,,100,0,0,191
24760,quiet,,,,,100,0,0,191
24770,quiet,,,,,100,0,0,191
24780,quiet,,,,,100,0,0,191
24790,quiet,,,,,100,0,0,191
24800,quiet,,,,,100,0,0,191
24810,quiet,,,,,100,0,0,191
24820,quiet,,,,,100,0,0,191
24830,quiet,,,,,100,0,0,191
24840,quiet,,,,,100,0,0,191
24850,work,,,,,100,0,0,191
24860,work,,,,,100,0,0,191
24870,travel,,,,,100,0,0,191
24880,travel,,,,,100,0,0,191
24890,travel,,,,,100,0,0,191
24900,travel,,,,,100,0,0,191
24910,travel,,,,,100,0,0,191
24920,travel,,,,,100,0,0,191
24930,travel,,,,,100,0,0,191
24940,travel,,,,,100,0,0,191
24950,curiosity,,,,,100,0,0,191
24960,curiosity,,,,,100,0,0,191
24970,curiosity,,,,,100,0,0,191
24980,curiosity,,,,,100,0,0,192
24990,curiosity,,,,,100,0,0,192
25000,curiosity,,,,,100,0,0,192
25010,curiosity,,,,,100,0,0,192
25020,opportunity,,,,,100,0,1,192
25030,violence,,,,,100,1,0,193
25040,violence,,,,,100,1,0,193
25050,violence,,,,,100,1,0,193
25060,violence,,,,,100,1,0,193
25070,violence,,,,,100,1,0,194
25080,violence,,,,,100,1,0,194
25090,violence,,,,,100,1,0,194
25100,violence,,,,,100,1,0,194
25110,violence,,,,,100,1,1,194
25120,violence,,,,,100,1,1,194
25130,aftermath,,,,,100,0,1,194
25140,aftermath,,,,,100,0,1,194
25150,aftermath,,,,,100,0,1,194
25160,aftermath,,,,,100,0,2,194
25170,aftermath,,,,,100,0,2,194
25180,aftermath,,,,,100,0,2,194
25190,quiet,,,,,100,0,2,194
25200,quiet,,,,,100,0,3,194
25210,quiet,,,,,100,0,2,195
25220,quiet,,,,,100,0,2,195
25230,quiet,,,,,100,0,2,195
25240,quiet,,,,,100,0,2,195
25250,quiet,,,,,100,0,2,196
25260,quiet,,,,,100,0,2,196
25270,quiet,,,,,100,0,2,196
25280,work,,,,,100,0,2,196
25290,work,,,,,100,0,3,196
25300,travel,,,,,100,0,2,197
25310,travel,,,,,100,0,2,197
25320,travel,,,,,100,0,2,197
25330,travel,,,,,100,0,2,197
25340,violence,,,,,100,1,2,198
25350,violence,,,,,100,1,2,198
25360,violence,,,,,100,1,2,198
25370,violence,,,,,100,1,2,198
25380,violence,,,,,100,1,3,198
25390,violence,,,,,100,1,3,198
25400,violence,,,,,100,1,3,198
25410,violence,,,,,100,1,3,198
25420,violence,,,,,100,1,3,198
25430,violence,,,,,100,1,3,199
25440,violence,,,,,100,1,3,199
25450,aftermath,,,,,100,0,3,199
25460,aftermath,,,,,100,0,3,199
25470,aftermath,,,,,100,0,4,199
25480,aftermath,,,,,100,0,4,199
25490,aftermath,,,,,100,0,4,199
25500,aftermath,,,,,100,0,4,199
25510,quiet,,,,,100,0,4,199
25520,quiet,,,,,100,0,5,199
25530,quiet,,,,,100,0,5,199
25540,quiet,,,,,100,0,5,199
25550,quiet,,,,,100,0,5,199
25560,quiet,,,,,100,0,6,199
25570,quiet,,,,,100,0,5,200
25580,quiet,,,,,100,0,5,200
25590,quiet,,,,,100,0,5,200
25600,work,,,,,100,0,5,200
25610,work,,,,,100,0,6,200
25620,travel,,,,,100,0,6,200
25630,violence,,,,,100,1,5,201
25640,violence,,,,,100,1,5,201
25650,violence,,,,,100,1,6,201
25660,violence,,,,,100,1,6,201
25670,violence,,,,,100,1,6,201
25680,violence,,,,,100,1,6,201
25690,violence,,,,,100,1,6,201
25700,violence,,,,,100,1,7,201
25710,violence,,,,,100,1,7,201
25720,violence,,,,,100,1,7,201
25730,aftermath,,,,,100,0,7,201
25740,aftermath,,,,,100,0,8,201
25750,aftermath,,,,,100,0,7,202
25760,aftermath,,,,,100,0,7,202
25770,aftermath,,,,,100,0,7,202
25780,aftermath,,,,,100,0,7,202
25790,quiet,,,,,100,0,7,203
25800,quiet,,,,,100,0,7,203
25810,quiet,,,,,100,0,7,203
25820,quiet,,,,,100,0,7,203
25830,quiet,,,,,100,0,8,203
25840,quiet,,,,,100,0,8,203
25850,quiet,,,,,100,0,8,203
25860,quiet,,,,,100,0,8,203
25870,quiet,,,,,100,0,8,203
25880,work,,,,,100,0,8,204
25890,work,,,,,100,0,8,204
25900,travel,,,,,100,0,8,204
25910,violence,,,,,100,1,7,205
25920,violence,,,,,100,1,8,205
25930,violence,,,,,100,1,7,206
25940,violence,,,,,100,1,7,206
25950,violence,,,,,100,1,7,206
25960,violence,,,,,100,1,7,206
25970,violence,,,,,100,1,8,206
25980,violence,,,,,100,1,8,206
25990,violence,,,,,100,1,8,206
26000,violence,,,,,100,1,8,206
26010,violence,,,,,100,1,9,206
26020,aftermath,,,,,100,0,9,206
26030,aftermath,,,,,100,0,9,206
26040,aftermath,,,,,100,0,9,206
26050,aftermath,,,,,100,0,9,206
26060,aftermath,,,,,100,0,9,207
26070,aftermath,,,,,100,0,9,207
26080,quiet,,,,,100,0,9,207
26090,quiet,,,,,100,0,9,207
26100,quiet,,,,,100,0,10,207
26110,quiet,,,,,100,0,9,208
26120,quiet,,,,,100,0,9,208
26130,quiet,,,,,100,0,9,208
26140,quiet,,,,,100,0,9,208
26150,quiet,,,,,100,0,9,209
26160,quiet,,,,,100,0,9,209
26170,work,,,,,100,0,9,209
26180,work,,,,,100,0,9,209
26190,travel,,,,,100,0,10,209
26200,violence,,,,,100,1,8,211
26210,violence,,,,,100,1,8,211
26220,violence,,,,,100,1,8,211
26230,violence,,,,,100,1,8,211
26240,violence,,,,,100,1,9,211
26250,violence,,,,,100,1,9,211
26260,violence,,,,,100,1,9,211
26270,violence,,,,,100,1,9,211
26280,violence,,,,,100,1,10,211
26290,violence,,,,,100,1,9,212
26300,aftermath,,,,,100,0,9,212
26310,aftermath,,,,,100,0,9,212
26320,aftermath,,,,,100,0,9,212
26330,aftermath,,,,,100,0,10,212
26340,aftermath,,,,,100,0,10,212
26350,aftermath,,,,,100,0,10,212
26360,quiet,,,,,100,0,10,212
26370,quiet,,,,,100,0,11,212
26380,quiet,,,,,100,0,10,213
26390,quiet,,,,,100,0,10,213
26400,quiet,,,,,100,0,10,213
26410,quiet,,,,,100,0,10,213
26420,quiet,,,,,100,0,10,214
26430,quiet,,,,,100,0,10,214
26440,quiet,,,,,100,0,10,214
26450,work,,,,,100,0,10,214
26460,work,,,,,100,0,11,214
26470,travel,,,,,100,0,11,214
26480,violence,,,,,100,1,10,215
26490,violence,,,,,100,1,10,215
26500,violence,,,,,100,1,10,215
26510,violence,,,,,100,1,10,216
26520,violence,,,,,100,1,10,216
26530,violence,,,,,100,1,10,216
26540,violence,,,,,100,1,10,216
26550,violence,,,,,100,1,11,216
26560,violence,,,,,100,1,11,216
26570,violence,,,,,100,1,11,216
26580,aftermath,,,,,100,0,11,216
26590,aftermath,,,,,100,0,11,216
26600,aftermath,,,,,100,0,12,216
26610,aftermath,,,,,100,0,12,216
26620,aftermath,,,,,100,0,12,216
26630,aftermath,,,,,100,0,12,216
26640,quiet,,,,,100,0,13,216
26650,quiet,,,,,100,0,13,216
26660,quiet,,,,,100,0,13,216
26670,quiet,,,,,100,0,13,216
26680,quiet,,,,,100,0,13,216
26690,quiet,,,,,100,0,14,216
26700,quiet,,,,,100,0,14,216
26710,quiet,,,,,100,0,14,216
26720,quiet,,,,,100,0,14,216
26730,work,,,,,100,0,15,216
26740,work,,,,,100,0,15,216
26750,violence,,,,,100,1,14,217
26760,violence,,,,,100,1,14,217
26770,violence,,,,,100,1,14,217
26780,violence,,,,,100,1,15,217
26790,violence,,,,,100,1,15,217
26800,violence,,,,,100,1,15,217
26810,violence,,,,,100,1,15,217
26820,violence,,,,,100,1,16,217
26830,violence,,,,,100,1,16,217
26840,violence,,,,,100,1,16,217
26850,violence,,,,,100,1,16,217
26860,aftermath,,,,,100,0,16,217
26870,aftermath,,,,,100,0,17,217
26880,aftermath,,,,,100,0,17,217
26890,aftermath,,,,,100,0,17,217
26900,aftermath,,,,,100,0,17,217
26910,aftermath,,,,,100,0,18,217
26920,quiet,,,,,100,0,18,217
26930,quiet,,,,,100,0,18,217
26940,quiet,,,,,100,0,18,217
26950,quiet,,,,,100,0,18,217
26960,quiet,,,,,100,0,18,218
26970,quiet,,,,,100,0,18,218
26980,quiet,,,,,100,0,18,218
26990,quiet,,,,,100,0,18,218
27000,quiet,,,,,100,0,19,218
27010,work,,,,,100,0,19,218
27020,work,,,,,100,0,19,218
27030,travel,,,,,100,0,19,218
27040,travel,,,,,100,0,19,218
27050,travel,,,,,100,0,20,218
27060,travel,,,,,100,0,20,218
27070,travel,,,,,100,0,20,218
27080,travel,,,,,100,0,20,218
27090,travel,,,,,100,0,20,218
27100,curiosity,,,,,100,0,20,218
27110,curiosity,,,,,100,0,20,218
27120,curiosity,,,,,100,0,20,218
27130,curiosity,,,,,100,0,20,218
27140,curiosity,,,,,100,0,20,218
27150,curiosity,,,,,100,0,20,218
27160,curiosity,,,,,100,0,20,218
27170,curiosity,,,,,100,0,20,218
27180,opportunity,,,,,100,1,19,219
27190,violence,,,,,100,1,19,219
27200,violence,,,,,100,1,19,219
27210,violence,,,,,100,1,19,219
27220,violence,,,,,100,1,19,219
27230,violence,,,,,100,1,20,219
27240,violence,,,,,100,1,20,219
27250,violence,,,,,100,1,20,219
27260,violence,,,,,100,1,20,219
27270,violence,,,,,100,1,20,219
27280,violence,,,,,100,1,20,219
27290,aftermath,,,,,100,0,20,219
27300,aftermath,,,,,100,0,20,219
27310,aftermath,,,,,100,0,20,219
27320,aftermath,,,,,100,0,20,219
27330,aftermath,,,,,100,0,20,219
27340,aftermath,,,,,100,0,20,219
27350,quiet,,,,,100,0,20,219
27360,quiet,,,,,100,0,20,219
27370,quiet,,,,,100,0,20,219
27380,quiet,,,,,100,0,20,219
27390,quiet,,,,,100,0,20,219
27400,quiet,,,,,100,0,20,219
27410,quiet,,,,,100,0,20,219
27420,quiet,,,,,100,0,20,219
27430,quiet,,,,,100,0,20,219
27440,work,,,,,100,0,20,219
27450,work,,,,,100,0,20,219
27460,violence,,,,,100,1,19,220
27470,violence,,,,,100,1,19,220
27480,violence,,,,,100,1,19,220
27490,violence,,,,,100,1,19,220
27500,violence,,,,,100,1,19,221
27510,violence,,,,,100,1,19,221
27520,violence,,,,,100,1,19,221
27530,violence,,,,,100,1,19,221
27540,violence,,,,,100,1,20,221
27550,violence,,,,,100,1,19,222
27560,aftermath,,,,,100,0,19,222
27570,aftermath,,,,,100,0,19,222
27580,aftermath,,,,,100,0,19,222
27590,aftermath,,,,,100,0,20,222
27600,aftermath,,,,,100,0,20,222
27610,aftermath,,,,,100,0,20,222
27620,quiet,,,,,100,0,20,222
27630,quiet,,,,,100,0,20,222
27640,quiet,,,,,100,0,20,222
27650,quiet,,,,,100,0,20,222
27660,quiet,,,,,100,0,20,222
27670,quiet,,,,,100,0,20,222
27680,quiet,,,,,100,0,20,222
27690,quiet,,,,,100,0,20,222
27700,quiet,,,,,100,0,20,222
27710,work,,,,,100,0,20,222
27720,work,,,,,100,0,20,222
27730,travel,,,,,100,0,20,222
27740,violence,,,,,100,1,19,223
27750,violence,,,,,100,1,19,223
27760,violence,,,,,100,1,19,223
27770,violence,,,,,100,1,19,224
27780,violence,,,,,100,1,19,224
27790,violence,,,,,100,1,19,224
27800,violence,,,,,100,1,19,224
27810,violence,,,,,100,1,20,224
27820,violence,,,,,100,1,20,224
27830,violence,,,,,100,1,20,224
27840,violence,,,,,100,1,20,224
27850,aftermath,,,,,100,0,20,224
27860,aftermath,,,,,100,0,20,224
27870,aftermath,,,,,100,0,20,224
27880,aftermath,,,,,100,0,20,224
27890,aftermath,,,,,100,0,20,224
27900,aftermath,,,,,100,0,20,224
27910,quiet,,,,,100,0,20,224
27920,quiet,,,,,100,0,20,224
27930,quiet,,,,,100,0,20,224
27940,quiet,,,,,100,0,20,224
27950,quiet,,,,,100,0,20,224
27960,quiet,,,,,100,0,20,224
27970,quiet,,,,,100,0,20,224
27980,quiet,,,,,100,0,20,224
27990,quiet,,,,,100,0,20,224
28000,work,,,,,100,0,20,224
28010,work,,,,,100,0,20,224
28020,violence,,,,,100,1,19,225
28030,violence,,,,,100,1,19,225
28040,violence,,,,,100,1,19,226
28050,violence,,,,,100,1,19,226
28060,violence,,,,,100,1,19,226
28070,violence,,,,,100,1,19,226
28080,violence,,,,,100,1,20,226
28090,violence,,,,,100,1,20,226
28100,violence,,,,,100,1,20,226
28110,violence,,,,,100,1,20,226
28120,aftermath,,,,,100,0,20,226
28130,aftermath,,,,,100,0,20,226
28140,aftermath,,,,,100,0,20,226
28150,aftermath,,,,,100,0,20,226
28160,aftermath,,,,,100,0,20,226
28170,aftermath,,,,,100,0,20,226
28180,quiet,,,,,100,0,20,226
28190,quiet,,,,,100,0,20,226
28200,quiet,,,,,100,0,20,226
28210,quiet,,,,,100,0,20,226
28220,quiet,,,,,100,0,20,226
28230,quiet,,,,,100,0,20,226
28240,quiet,,,,,100,0,20,226
28250,quiet,,,,,100,0,20,226
28260,quiet,,,,,100,0,20,226
28270,work,,,,,100,0,20,226
28280,work,,,,,100,0,20,226
28290,travel,,,,,100,0,20,226
28300,violence,,,,,100,1,19,227
28310,violence,,,,,100,1,19,228
28320,violence,,,,,100,1,19,228
28330,violence,,,,,100,1,19,228
28340,violence,,,,,100,1,19,228
28350,violence,,,,,100,1,20,228
28360,violence,,,,,100,1,19,229
28370,violence,,,,,100,1,19,229
28380,violence,,,,,100,1,19,229
28390,violence,,,,,100,1,19,229
28400,violence,,,,,100,1,19,230
28410,aftermath,,,,,100,0,19,230
28420,aftermath,,,,,100,0,19,230
28430,aftermath,,,,,100,0,19,230
28440,aftermath,,,,,100,0,20,230
28450,aftermath,,,,,100,0,20,230
28460,aftermath,,,,,100,0,20,230
28470,quiet,,,,,100,0,20,230
28480,quiet,,,,,100,0,20,230
28490,quiet,,,,,100,0,20,230
28500,quiet,,,,,100,0,20,230
28510,quiet,,,,,100,0,20,230
28520,quiet,,,,,100,0,20,230
28530,quiet,,,,,100,0,20,230
28540,quiet,,,,,100,0,20,230
28550,quiet,,,,,100,0,20,230
28560,work,,,,,100,0,20,230
28570,work,,,,,100,0,20,230
28580,violence,,,,,100,1,20,231
28590,violence,,,,,100,1,20,231
28600,violence,,,,,100,1,19,232
28610,violence,,,,,100,1,19,232
28620,violence,,,,,100,1,20,232
28630,violence,,,,,100,1,20,232
28640,violence,,,,,100,1,20,232
28650,violence,,,,,100,1,20,232
28660,violence,,,,,100,1,20,232
28670,violence,,,,,100,1,20,232
28680,aftermath,,,,,100,0,20,232
28690,aftermath,,,,,100,0,20,232
28700,aftermath,,,,,100,0,20,232
28710,aftermath,,,,,100,0,20,232
28720,aftermath,,,,,100,0,20,232
28730,aftermath,,,,,100,0,20,232
28740,quiet,,,,,100,0,20,232
28750,quiet,,,,,100,0,20,232
28760,quiet,,,,,100,0,20,232
28770,quiet,,,,,100,0,20,232
28780,quiet,,,,,100,0,20,232
28790,quiet,,,,,100,0,20,232
28800,quiet,,,,,100,0,20,232
28810,quiet,,,,,100,0,20,232
28820,quiet,,,,,100,0,20,232
28830,work,,,,,100,0,20,232
28840,work,,,,,100,0,20,232
28850,violence,,,,,100,1,19,233
28860,violence,,,,,100,1,19,233
28870,violence,,,,,100,1,19,233
28880,violence,,,,,100,1,19,233
28890,violence,,,,,100,1,20,233
28900,violence,,,,,100,1,20,233
28910,violence,,,,,100,1,20,233
28920,violence,,,,,100,1,20,233
28930,violence,,,,,100,1,20,233
28940,violence,,,,,100,1,20,233
28950,violence,,,,,100,1,20,233
28960,aftermath,,,,,100,0,20,233
28970,aftermath,,,,,100,0,20,233
28980,aftermath,,,,,100,0,20,233
28990,aftermath,,,,,100,0,20,233
29000,aftermath,,,,,100,0,20,233
29010,aftermath,,,,,100,0,20,233
29020,quiet,,,,,100,0,20,233
29030,quiet,,,,,100,0,20,233
29040,quiet,,,,,100,0,20,233
29050,quiet,,,,,100,0,20,233
29060,quiet,,,,,100,0,20,233
29070,quiet,,,,,100,0,20,233
29080,quiet,,,,,100,0,20,233
29090,quiet,,,,,100,0,20,233
29100,quiet,,,,,100,0,20,233
29110,work,,,,,100,0,20,233
29120,work,,,,,100,0,20,233
29130,violence,,,,,100,1,19,234
29140,violence,,,,,100,1,19,234
29150,violence,,,,,100,1,19,234
29160,violence,,,,,100,1,20,234
29170,violence,,,,,100,1,19,235
29180,violence,,,,,100,1,19,235
29190,violence,,,,,100,1,19,235
29200,violence,,,,,100,1,19,235
29210,violence,,,,,100,1,19,236
29220,violence,,,,,100,1,19,236
29230,aftermath,,,,,100,0,19,236
29240,aftermath,,,,,100,0,19,236
29250,aftermath,,,,,100,0,20,236
29260,aftermath,,,,,100,0,19,237
29270,aftermath,,,,,100,0,19,237
29280,aftermath,,,,,100,0,19,237
29290,quiet,,,,,100,0,19,237
29300,quiet,,,,,100,0,19,238
29310,quiet,,,,,100,0,19,238
29320,quiet,,,,,100,0,19,238
29330,quiet,,,,,100,0,19,238
29340,quiet,,,,,100,0,20,238
29350,quiet,,,,,100,0,19,239
29360,quiet,,,,,100,0,19,239
29370,quiet,,,,,100,0,19,239
29380,work,,,,,100,0,19,239
29390,work,,,,,100,0,19,240
29400,violence,,,,,100,1,18,241
29410,violence,,,,,100,1,18,241
29420,violence,,,,,100,1,18,241
29430,violence,,,,,100,1,19,241
29440,violence,,,,,100,1,19,241
29450,violence,,,,,100,1,19,241
29460,violence,,,,,100,1,19,241
29470,violence,,,,,100,1,19,241
29480,violence,,,,,100,1,20,241
29490,violence,,,,,100,1,20,241
29500,violence,,,,,100,1,20,241
29510,aftermath,,,,,100,0,20,241
29520,aftermath,,,,,100,0,20,241
29530,aftermath,,,,,100,0,20,241
29540,aftermath,,,,,100,0,20,241
29550,aftermath,,,,,100,0,20,241
29560,aftermath,,,,,100,0,20,241
29570,quiet,,,,,100,0,20,241
29580,quiet,,,,,100,0,20,241
29590,quiet,,,,,100,0,19,242
29600,quiet,,,,,100,0,19,242
29610,quiet,,,,,100,0,20,242
29620,quiet,,,,,100,0,20,242
29630,quiet,,,,,100,0,20,242
29640,quiet,,,,,100,0,20,242
29650,quiet,,,,,100,0,20,242
29660,work,,,,,100,0,20,242
29670,work,,,,,100,0,20,242
29680,violence,,,,,100,1,19,243
29690,violence,,,,,100,1,19,243
29700,violence,,,,,100,1,20,243
29710,violence,,,,,100,1,20,243
29720,violence,,,,,100,1,20,243
29730,violence,,,,,100,1,20,243
29740,violence,,,,,100,1,20,243
29750,violence,,,,,100,1,20,243
29760,violence,,,,,100,1,20,243
29770,violence,,,,,100,1,20,243
29780,aftermath,,,,,100,0,20,243
29790,aftermath,,,,,100,0,20,243
29800,aftermath,,,,,100,0,20,243
29810,aftermath,,,,,100,0,20,243
29820,aftermath,,,,,100,0,20,243
29830,aftermath,,,,,100,0,20,243
29840,quiet,,,,,100,0,20,243
29850,quiet,,,,,100,0,20,243
29860,quiet,,,,,100,0,20,243
29870,quiet,,,,,100,0,20,243
29880,quiet,,,,,100,0,20,243
29890,quiet,,,,,100,0,20,243
29900,quiet,,,,,100,0,20,243
29910,quiet,,,,,100,0,20,243
29920,quiet,,,,,100,0,20,243
29930,work,,,,,100,0,20,243
29940,work,,,,,100,0,20,243
29950,violence,,,,,100,1,19,244
29960,violence,,,,,100,1,19,244
29970,violence,,,,,100,1,20,244
29980,violence,,,,,100,1,19,245
29990,violence,,,,,100,1,19,245
30000,violence,,,,,100,1,19,245
30010,violence,,,,,100,1,19,245
30020,violence,,,,,100,1,19,246
30030,violence,,,,,100,1,19,246
30040,violence,,,,,100,1,19,246
30050,violence,,,,,100,1,19,246
30060,aftermath,,,,,100,0,20,246
30070,aftermath,,,,,100,0,20,246
30080,aftermath,,,,,100,0,20,246
30090,aftermath,,,,,100,0,20,246
30100,aftermath,,,,,100,0,20,246
30110,aftermath,,,,,100,0,20,246
30120,quiet,,,,,100,0,20,246
30130,quiet,,,,,100,0,20,246
30140,quiet,,,,,100,0,20,246
30150,quiet,,,,,100,0,20,246
30160,quiet,,,,,100,0,20,246
30170,quiet,,,,,100,0,20,246
30180,quiet,,,,,100,0,20,246
30190,quiet,,,,,100,0,20,246
30200,quiet,,,,,100,0,20,246
30210,work,,,,,100,0,20,246
30220,work,,,,,100,0,20,246
30230,travel,,,,,100,0,20,246
30240,violence,,,,,100,1,20,247
30250,violence,,,,,100,1,20,247
30260,violence,,,,,100,1,20,247
30270,violence,,,,,100,1,20,247
30280,violence,,,,,100,1,20,247
30290,violence,,,,,100,1,20,247
30300,violence,,,,,100,1,20,247
30310,violence,,,,,100,1,20,247
30320,violence,,,,,95.5,1,20,247
30330,violence,,,,,88.5,1,20,247
30340,aftermath,,,,,85.36,0,20,247
30350,aftermath,,,,,86.56,0,20,247
30360,aftermath,,,,,87.76,0,20,247
30370,aftermath,,,,,88.96,0,20,247
30380,aftermath,,,,,90.16,0,20,247
30390,aftermath,,,,,91.36,0,20,247
30400,quiet,,,,,92.56,0,20,247
30410,quiet,,,,,93.76,0,20,247
30420,quiet,,,,,94.96,0,20,247
30430,quiet,,,,,96.16,0,20,247
30440,quiet,,,,,97.36,0,20,247
30450,quiet,,,,,98.56,0,20,247
30460,quiet,,,,,99.76,0,20,247
30470,quiet,,,,,100,0,20,247
30480,quiet,,,,,100,0,20,247
30490,work,,,,,100,0,20,247
30500,work,,,,,100,0,20,247
30510,work,,,,,100,0,20,247
30520,work,,,,,100,0,20,247
30530,work,,,,,100,0,20,247
30540,travel,,,,,100,1,19,248
30550,violence,,,,,100,1,19,248
30560,violence,,,,,100,1,20,248
30570,violence,,,,,100,1,20,248
30580,violence,,,,,100,1,20,248
30590,violence,,,,,100,1,20,248
30600,violence,,,,,100,1,20,248
30610,violence,,,,,100,1,20,248
30620,violence,,,,,100,1,20,248
30630,violence,,,,,100,1,20,248
30640,violence,,,,,100,1,20,248
30650,aftermath,,,,,100,0,20,248
30660,aftermath,,,,,100,0,20,248
30670,aftermath,,,,,100,0,20,248
30680,aftermath,,,,,100,0,20,248
30690,aftermath,,,,,100,0,20,248
30700,aftermath,,,,,100,0,20,248
30710,quiet,,,,,100,0,20,248
30720,quiet,,,,,100,0,20,248
30730,quiet,,,,,100,0,20,248
30740,quiet,,,,,100,0,20,248
30750,quiet,,,,,100,0,20,248
30760,quiet,,,,,100,0,20,248
30770,quiet,,,,,100,0,20,248
30780,quiet,,,,,100,0,20,248
30790,quiet,,,,,100,0,20,248
30800,work,,,,,100,0,20,248
30810,work,,,,,100,0,20,248
30820,violence,,,,,100,1,19,249
30830,violence,,,,,100,1,20,249
30840,violence,,,,,100,1,20,249
30850,violence,,,,,100,1,20,249
30860,violence,,,,,100,1,20,249
30870,violence,,,,,100,1,20,249
30880,violence,,,,,100,1,20,249
30890,violence,,,,,100,1,20,249
30900,violence,,,,,100,1,20,249
30910,violence,,,,,100,1,20,249
30920,aftermath,,,,,100,0,20,249
30930,aftermath,,,,,100,0,20,249
30940,aftermath,,,,,100,0,20,249
30950,aftermath,,,,,100,0,20,249
30960,aftermath,,,,,100,0,20,249
30970,aftermath,,,,,100,0,20,249
30980,quiet,,,,,100,0,20,249
30990,quiet,,,,,100,0,20,249
31000,quiet,,,,,100,0,20,249
31010,quiet,,,,,100,0,20,249
31020,quiet,,,,,100,0,20,249
31030,quiet,,,,,100,0,20,249
31040,quiet,,,,,100,0,20,249
31050,quiet,,,,,100,0,20,249
31060,quiet,,,,,100,0,20,249
31070,work,,,,,100,0,20,249
31080,work,,,,,100,0,20,249
31090,travel,,,,,100,0,20,249
31100,violence,,,,,100,1,19,250
31110,violence,,,,,100,1,19,250
31120,violence,,,,,100,1,19,250
31130,violence,,,,,100,1,19,250
31140,violence,,,,,100,1,20,250
31150,violence,,,,,100,1,19,251
31160,violence,,,,,100,1,19,251
31170,violence,,,,,100,1,19,251
31180,violence,,,,,100,1,19,251
31190,violence,,,,,100,1,20,251
31200,aftermath,,,,,100,0,20,251
31210,aftermath,,,,,100,0,20,251
31220,aftermath,,,,,100,0,20,251
31230,aftermath,,,,,100,0,20,251
31240,aftermath,,,,,100,0,20,251
31250,aftermath,,,,,100,0,20,251
31260,quiet,,,,,100,0,20,251
31270,quiet,,,,,100,0,20,251
31280,quiet,,,,,100,0,20,251
31290,quiet,,,,,100,0,20,251
31300,quiet,,,,,100,0,20,251
31310,quiet,,,,,100,0,20,251
31320,quiet,,,,,100,0,20,251
31330,quiet,,,,,100,0,20,251
31340,quiet,,,,,100,0,20,251
31350,work,,,,,100,0,20,251
31360,work,,,,,100,0,20,251
31370,travel,,,,,100,0,20,251
31380,violence,,,,,100,1,19,252
31390,violence,,,,,100,1,19,252
31400,violence,,,,,100,1,19,252
31410,violence,,,,,100,1,20,252
31420,violence,,,,,100,1,19,253
31430,violence,,,,,100,1,19,253
31440,violence,,,,,100,1,19,253
31450,violence,,,,,100,1,19,253
31460,violence,,,,,100,1,20,253
31470,violence,,,,,100,1,20,253
31480,aftermath,,,,,100,0,20,253
31490,aftermath,,,,,100,0,20,253
31500,aftermath,,,,,100,0,20,253
31510,aftermath,,,,,100,0,20,253
31520,aftermath,,,,,100,0,20,253
31530,aftermath,,,,,100,0,20,253
31540,quiet,,,,,100,0,20,253
31550,quiet,,,,,100,0,20,253
31560,quiet,,,,,100,0,20,253
31570,quiet,,,,,100,0,20,253
31580,quiet,,,,,100,0,20,253
31590,quiet,,,,,100,0,20,253
31600,quiet,,,,,100,0,20,253
31610,quiet,,,,,100,0,20,253
31620,quiet,,,,,100,0,20,253
31630,work,,,,,100,0,20,253
31640,work,,,,,100,0,20,253
31650,violence,,,,,100,1,19,254
31660,violence,,,,,100,1,19,254
31670,violence,,,,,100,1,19,254
31680,violence,,,,,100,1,20,254
31690,violence,,,,,100,1,19,255
31700,violence,,,,,100,1,19,255
31710,violence,,,,,100,1,19,255
31720,violence,,,,,100,1,19,255
31730,violence,,,,,100,1,20,255
31740,violence,,,,,100,1,20,255
31750,violence,,,,,100,1,20,255
31760,aftermath,,,,,100,0,20,255
31770,aftermath,,,,,100,0,20,255
31780,aftermath,,,,,100,0,20,255
31790,aftermath,,,,,100,0,20,255
31800,aftermath,,,,,100,0,0,255
31810,aftermath,,,,,100,0,0,255
31820,quiet,,,,,100,0,0,255
31830,quiet,,,,,100,0,0,255
31840,quiet,,,,,100,0,0,255
31850,quiet,,,,,100,0,0,255
31860,quiet,,,,,100,0,0,255
31870,quiet,,,,,100,0,0,255
31880,quiet,,,,,100,0,0,255
31890,quiet,,,,,100,0,0,255
31900,quiet,,,,,100,0,0,255
31910,work,,,,,100,0,0,255
31920,work,,,,,100,0,0,255
31930,travel,,,,,100,0,0,255
31940,travel,,,,,100,0,0,255
31950,travel,,,,,100,0,0,255
31960,travel,,,,,100,0,0,255
31970,travel,,,,,100,0,0,255
31980,travel,,,,,100,0,0,255
31990,travel,,,,,100,0,0,255
32000,curiosity,,,,,100,0,0,255
32010,curiosity,,,,,100,0,0,255
32020,curiosity,,,,,100,0,0,255
32030,curiosity,,,,,100,0,0,255
32040,curiosity,,,,,100,0,0,255
32050,curiosity,,,,,100,0,0,255
32060,curiosity,,,,,100,0,0,255
32070,curiosity,,,,,100,0,0,255
32080,opportunity,,,,,100,0,0,255
32090,opportunity,,,,,100,0,0,255
32100,opportunity,,,,,100,0,0,255
32110,opportunity,,,,,100,0,0,255
32120,opportunity,,,,,100,0,0,255
32130,opportunity,,,,,100,0,0,255
32140,opportunity,,,,,100,0,0,255
32150,tension,,,,,100,0,0,255
32160,tension,,,,,100,0,0,255
32170,tension,,,,,100,0,0,255
32180,violence,,,,,100,1,0,256
32190,violence,,,,,100,1,0,256
32200,violence,,,,,100,1,0,256
32210,violence,,,,,100,1,0,256
32220,violence,,,,,100,1,1,256
32230,violence,,,,,100,1,1,256
32240,violence,,,,,100,1,1,256
32250,violence,,,,,100,1,1,256
32260,violence,,,,,100,1,1,256
32270,violence,,,,,100,1,2,256
32280,violence,,,,,100,1,2,256
32290,aftermath,,,,,100,0,2,256
32300,aftermath,,,,,100,0,2,256
32310,aftermath,,,,,100,0,3,256
32320,aftermath,,,,,100,0,3,256
32330,aftermath,,,,,100,0,3,256
32340,aftermath,,,,,100,0,3,256
32350,quiet,,,,,100,0,3,256
32360,quiet,,,,,100,0,4,256
32370,quiet,,,,,100,0,4,256
32380,quiet,,,,,100,0,4,256
32390,quiet,,,,,100,0,4,256
32400,quiet,,,,,100,0,5,256
32410,quiet,,,,,100,0,4,257
32420,quiet,,,,,100,0,4,257
32430,quiet,,,,,100,0,4,257
32440,work,,,,,100,0,4,257
32450,work,,,,,100,0,4,258
32460,violence,,,,,100,1,3,259
32470,violence,,,,,100,1,3,259
32480,violence,,,,,100,1,3,259
32490,violence,,,,,100,1,4,259
32500,violence,,,,,100,1,4,259
32510,violence,,,,,100,1,4,259
32520,violence,,,,,100,1,4,259
32530,violence,,,,,100,1,4,259
32540,violence,,,,,100,1,5,259
32550,violence,,,,,100,1,5,259
32560,aftermath,,,,,100,0,5,259
32570,aftermath,,,,,100,0,5,259
32580,aftermath,,,,,100,0,6,259
32590,aftermath,,,,,100,0,5,260
32600,aftermath,,,,,100,0,5,260
32610,aftermath,,,,,100,0,5,260
32620,quiet,,,,,100,0,5,260
32630,quiet,,,,,100,0,6,260
32640,quiet,,,,,100,0,6,260
32650,quiet,,,,,100,0,6,260
32660,quiet,,,,,100,0,6,260
32670,quiet,,,,,100,0,7,260
32680,quiet,,,,,100,0,7,260
32690,quiet,,,,,100,0,7,260
32700,quiet,,,,,100,0,7,260
32710,work,,,,,100,0,7,260
32720,work,,,,,100,0,8,260
32730,travel,,,,,100,0,8,260
32740,violence,,,,,100,1,7,261
32750,violence,,,,,100,1,7,261
32760,violence,,,,,100,1,8,261
32770,violence,,,,,100,1,8,261
32780,violence,,,,,100,1,8,261
32790,violence,,,,,100,1,8,261
32800,violence,,,,,100,1,8,261
32810,violence,,,,,100,1,8,262
32820,violence,,,,,100,1,8,262
32830,violence,,,,,100,1,8,262
32840,aftermath,,,,,100,0,8,262
32850,aftermath,,,,,100,0,9,262
32860,aftermath,,,,,100,0,8,263
32870,aftermath,,,,,100,0,8,263
32880,aftermath,,,,,100,0,8,263
32890,aftermath,,,,,100,0,8,263
32900,quiet,,,,,100,0,8,264
32910,quiet,,,,,100,0,8,264
32920,quiet,,,,,100,0,8,264
32930,quiet,,,,,100,0,8,264
32940,quiet,,,,,100,0,9,264
32950,quiet,,,,,100,0,8,265
32960,quiet,,,,,100,0,8,265
32970,quiet,,,,,100,0,8,265
32980,quiet,,,,,100,0,8,265
32990,work,,,,,100,0,9,265
33000,work,,,,,100,0,9,265
33010,travel,,,,,100,0,9,265
33020,violence,,,,,100,1,8,266
33030,violence,,,,,100,1,9,266
33040,violence,,,,,100,1,9,266
33050,violence,,,,,100,1,9,266
33060,violence,,,,,100,1,9,266
33070,violence,,,,,100,1,9,266
33080,violence,,,,,100,1,10,266
33090,violence,,,,,100,1,10,266
33100,violence,,,,,100,1,10,266
33110,violence,,,,,100,1,10,266
33120,aftermath,,,,,100,0,11,266
33130,aftermath,,,,,100,0,11,266
33140,aftermath,,,,,100,0,11,266
33150,aftermath,,,,,100,0,11,266
33160,aftermath,,,,,100,0,11,266
33170,aftermath,,,,,100,0,12,266
33180,quiet,,,,,100,0,12,266
33190,quiet,,,,,100,0,12,266
33200,quiet,,,,,100,0,12,266
33210,quiet,,,,,100,0,13,266
33220,quiet,,,,,100,0,13,266
33230,quiet,,,,,100,0,13,266
33240,quiet,,,,,100,0,13,266
33250,quiet,,,,,100,0,13,266
33260,quiet,,,,,100,0,13,267
33270,work,,,,,100,0,13,267
33280,work,,,,,100,0,13,267
33290,violence,,,,,100,1,12,268
33300,violence,,,,,100,1,13,268
33310,violence,,,,,100,1,13,268
33320,violence,,,,,100,1,13,268
33330,violence,,,,,100,1,13,268
33340,violence,,,,,100,1,13,268
33350,violence,,,,,100,1,14,268
33360,violence,,,,,100,1,14,268
33370,violence,,,,,100,1,14,268
33380,violence,,,,,100,1,14,268
33390,violence,,,,,100,1,15,268
33400,aftermath,,,,,100,0,14,269
33410,aftermath,,,,,100,0,14,269
33420,aftermath,,,,,100,0,14,269
33430,aftermath,,,,,100,0,14,269
33440,aftermath,,,,,100,0,15,269
33450,aftermath,,,,,100,0,15,269
33460,quiet,,,,,100,0,15,269
33470,quiet,,,,,100,0,15,269
33480,quiet,,,,,100,0,16,269
33490,quiet,,,,,100,0,16,269
33500,quiet,,,,,100,0,16,269
33510,quiet,,,,,100,0,16,269
33520,quiet,,,,,100,0,16,269
33530,quiet,,,,,100,0,17,269
33540,quiet,,,,,100,0,17,269
33550,work,,,,,100,0,17,269
33560,work,,,,,100,0,17,269
33570,violence,,,,,100,1,17,270
33580,violence,,,,,100,1,16,271
33590,violence,,,,,100,1,16,271
33600,violence,,,,,100,1,16,271
33610,violence,,,,,100,1,16,271
33620,violence,,,,,100,1,17,271
33630,violence,,,,,100,1,17,271
33640,violence,,,,,100,1,17,271
33650,violence,,,,,100,1,17,271
33660,violence,,,,,100,1,18,271
33670,aftermath,,,,,100,0,17,272
33680,aftermath,,,,,100,0,17,272
33690,aftermath,,,,,100,0,17,272
33700,aftermath,,,,,100,0,17,272
33710,aftermath,,,,,100,0,18,272
33720,aftermath,,,,,100,0,18,272
33730,quiet,,,,,100,0,18,272
33740,quiet,,,,,100,0,18,272
33750,quiet,,,,,100,0,19,272
33760,quiet,,,,,100,0,19,272
33770,quiet,,,,,100,0,19,272
33780,quiet,,,,,100,0,19,272
33790,quiet,,,,,100,0,19,272
33800,quiet,,,,,100,0,20,272
33810,quiet,,,,,100,0,20,272
33820,work,,,,,100,0,20,272
33830,work,,,,,100,0,20,272
33840,violence,,,,,100,1,20,273
33850,violence,,,,,100,1,20,273
33860,violence,,,,,100,1,20,273
33870,violence,,,,,100,1,19,274
33880,violence,,,,,100,1,19,274
33890,violence,,,,,100,1,20,274
33900,violence,,,,,100,1,20,274
33910,violence,,,,,100,1,20,274
33920,violence,,,,,99,1,20,274
33930,violence,,,,,92,1,20,274
33940,violence,,,,,88.5,1,20,274
33950,aftermath,,,,,85.96,0,20,274
33960,aftermath,,,,,87.16,0,20,274
33970,aftermath,,,,,88.36,0,20,274
33980,aftermath,,,,,89.56,0,20,274
33990,aftermath,,,,,90.76,0,20,274
34000,aftermath,,,,,91.96,0,20,274
34010,quiet,,,,,93.16,0,20,274
34020,quiet,,,,,94.36,0,20,274
34030,quiet,,,,,95.56,0,20,274
34040,quiet,,,,,96.76,0,20,274
34050,quiet,,,,,97.96,0,20,274
34060,quiet,,,,,99.16,0,20,274
34070,quiet,,,,,100,0,20,274
34080,quiet,,,,,100,0,20,274
34090,quiet,,,,,100,0,20,274
34100,work,,,,,100,0,20,274
34110,work,,,,,100,0,20,274
34120,work,,,,,100,0,20,274
34130,work,,,,,100,0,20,274
34140,travel,,,,,100,1,19,275
34150,violence,,,,,100,1,19,275
34160,violence,,,,,100,1,20,275
34170,violence,,,,,100,1,20,275
34180,violence,,,,,100,1,20,275
34190,violence,,,,,100,1,20,275
34200,violence,,,,,100,1,20,275
34210,violence,,,,,100,1,20,275
34220,violence,,,,,100,1,20,275
34230,violence,,,,,100,1,20,275
34240,violence,,,,,100,1,20,275
34250,aftermath,,,,,100,0,20,275
34260,aftermath,,,,,100,0,20,275
34270,aftermath,,,,,100,0,20,275
34280,aftermath,,,,,100,0,20,275
34290,aftermath,,,,,100,0,20,275
34300,aftermath,,,,,100,0,20,275
34310,quiet,,,,,100,0,20,275
34320,quiet,,,,,100,0,20,275
34330,quiet,,,,,100,0,20,275
34340,quiet,,,,,100,0,20,275
34350,quiet,,,,,100,0,20,275
34360,quiet,,,,,100,0,20,275
34370,quiet,,,,,100,0,20,275
34380,quiet,,,,,100,0,20,275
34390,quiet,,,,,100,0,20,275
34400,work,,,,,100,0,20,275
34410,work,,,,,100,0,20,275
34420,violence,,,,,100,1,19,276
34430,violence,,,,,100,1,20,276
34440,violence,,,,,100,1,20,276
34450,violence,,,,,100,1,20,276
34460,violence,,,,,100,1,20,276
34470,violence,,,,,100,1,20,276
34480,violence,,,,,100,1,20,276
34490,violence,,,,,100,1,20,276
34500,violence,,,,,100,1,20,276
34510,violence,,,,,100,1,20,276
34520,violence,,,,,100,1,20,276
34530,aftermath,,,,,100,0,20,276
34540,aftermath,,,,,100,0,20,276
34550,aftermath,,,,,100,0,20,276
34560,aftermath,,,,,100,0,20,276
34570,aftermath,,,,,100,0,20,276
34580,aftermath,,,,,100,0,20,276
34590,quiet,,,,,100,0,20,276
34600,quiet,,,,,100,0,20,276
34610,quiet,,,,,100,0,20,276
34620,quiet,,,,,100,0,20,276
34630,quiet,,,,,100,0,20,276
34640,quiet,,,,,100,0,20,276
34650,quiet,,,,,100,0,20,276
34660,quiet,,,,,100,0,20,276
34670,quiet,,,,,100,0,20,276
34680,work,,,,,100,0,20,276
34690,work,,,,,100,0,20,276
34700,violence,,,,,100,1,20,277
34710,violence,,,,,100,1,20,277
34720,violence,,,,,100,1,20,277
34730,violence,,,,,100,1,20,277
34740,violence,,,,,100,1,20,277
34750,violence,,,,,100,1,20,277
34760,violence,,,,,100,1,20,277
34770,violence,,,,,100,1,20,277
34780,violence,,,,,100,1,20,277
34790,violence,,,,,100,1,20,277
34800,aftermath,,,,,100,0,20,277
34810,aftermath,,,,,100,0,20,277
34820,aftermath,,,,,100,0,20,277
34830,aftermath,,,,,100,0,20,277
34840,aftermath,,,,,100,0,20,277
34850,aftermath,,,,,100,0,20,277
34860,quiet,,,,,100,0,20,277
34870,quiet,,,,,100,0,20,277
34880,quiet,,,,,100,0,20,277
34890,quiet,,,,,100,0,20,277
34900,quiet,,,,,100,0,20,277
34910,quiet,,,,,100,0,20,277
34920,quiet,,,,,100,0,20,277
34930,quiet,,,,,100,0,20,277
34940,quiet,,,,,100,0,20,277
34950,work,,,,,100,0,20,277
34960,work,,,,,100,0,20,277
34970,violence,,,,,100,1,19,278
34980,violence,,,,,100,1,19,278
34990,violence,,,,,100,1,19,278
35000,violence,,,,,100,1,19,278
35010,violence,,,,,100,1,20,278
35020,violence,,,,,100,1,20,278
35030,violence,,,,,100,1,20,278
35040,violence,,,,,100,1,20,278
35050,violence,,,,,100,1,20,278
35060,violence,,,,,100,1,20,278
35070,violence,,,,,100,1,20,278
35080,aftermath,,,,,100,0,20,278
35090,aftermath,,,,,100,0,20,278
35100,aftermath,,,,,100,0,20,278
35110,aftermath,,,,,100,0,20,278
35120,aftermath,,,,,100,0,20,278
35130,aftermath,,,,,100,0,20,278
35140,quiet,,,,,100,0,20,278
35150,quiet,,,,,100,0,20,278
35160,quiet,,,,,100,0,20,278
35170,quiet,,,,,100,0,20,278
35180,quiet,,,,,100,0,20,278
35190,quiet,,,,,100,0,20,278
35200,quiet,,,,,100,0,20,278
35210,quiet,,,,,100,0,20,278
35220,quiet,,,,,100,0,20,278
35230,work,,,,,100,0,20,278
35240,work,,,,,100,0,20,278
35250,violence,,,,,100,1,19,279
35260,violence,,,,,100,1,19,279
35270,violence,,,,,100,1,19,279
35280,violence,,,,,100,1,20,279
35290,violence,,,,,100,1,19,280
35300,violence,,,,,100,1,19,280
35310,violence,,,,,100,1,19,280
35320,violence,,,,,100,1,19,280
35330,violence,,,,,100,1,20,280
35340,violence,,,,,100,1,20,280
35350,aftermath,,,,,100,0,20,280
35360,aftermath,,,,,100,0,20,280
35370,aftermath,,,,,100,0,20,280
35380,aftermath,,,,,100,0,20,280
35390,aftermath,,,,,100,0,20,280
35400,aftermath,,,,,100,0,20,280
35410,quiet,,,,,100,0,20,280
35420,quiet,,,,,100,0,20,280
35430,quiet,,,,,100,0,20,280
35440,quiet,,,,,100,0,20,280
35450,quiet,,,,,100,0,20,280
35460,quiet,,,,,100,0,20,280
35470,quiet,,,,,100,0,20,280
35480,quiet,,,,,100,0,20,280
35490,quiet,,,,,100,0,20,280
35500,work,,,,,100,0,20,280
35510,work,,,,,100,0,20,280
35520,violence,,,,,100,1,19,281
35530,violence,,,,,100,1,19,281
35540,violence,,,,,100,1,19,281
35550,violence,,,,,100,1,20,281
35560,violence,,,,,100,1,19,282
35570,violence,,,,,100,1,19,282
35580,violence,,,,,100,1,19,282
35590,violence,,,,,100,1,19,282
35600,violence,,,,,100,1,20,282
35610,violence,,,,,100,1,20,282
35620,violence,,,,,100,1,20,282
35630,aftermath,,,,,100,0,20,282
35640,aftermath,,,,,100,0,20,282
35650,aftermath,,,,,100,0,20,282
35660,aftermath,,,,,100,0,20,282
35670,aftermath,,,,,100,0,20,282
35680,aftermath,,,,,100,0,20,282
35690,quiet,,,,,100,0,20,282
35700,quiet,,,,,100,0,20,282
35710,quiet,,,,,100,0,20,282
35720,quiet,,,,,100,0,20,282
35730,quiet,,,,,100,0,20,282
35740,quiet,,,,,100,0,20,282
35750,quiet,,,,,100,0,20,282
35760,quiet,,,,,100,0,20,282
35770,quiet,,,,,100,0,20,282
35780,work,,,,,100,0,20,282
35790,work,,,,,100,0,20,282
35800,violence,,,,,100,1,19,283
35810,violence,,,,,100,1,19,283
35820,violence,,,,,100,1,20,283
35830,violence,,,,,100,1,20,283
35840,violence,,,,,100,1,20,283
35850,violence,,,,,100,1,20,283
35860,violence,,,,,100,1,20,283
35870,violence,,,,,100,1,20,283
35880,violence,,,,,100,1,20,283
35890,violence,,,,,100,1,20,283
35900,aftermath,,,,,100,0,20,283
35910,aftermath,,,,,100,0,20,283
35920,aftermath,,,,,100,0,20,283
35930,aftermath,,,,,100,0,20,283
35940,aftermath,,,,,100,0,20,283
35950,aftermath,,,,,100,0,20,283
35960,quiet,,,,,100,0,20,283
35970,quiet,,,,,100,0,20,283
35980,quiet,,,,,100,0,20,283
35990,quiet,,,,,100,0,20,283
